# 3D point list with one line of data per point:
#   POINT3D_ID, X, Y, Z, R, G, B, ERROR, TRACK[] as (IMAGE_ID, POINT2D_IDX)
# Number of points: 4488, mean track length: 2.8551693404634579
1 -17.843952914906566 -28.522155116581676 230.75808095419072 195 175 166 0.13887573350134891 50 342 40 298
2 -13.816411135274439 -27.955342785604735 229.19035725022979 154 134 135 0.20419646258586469 50 355 40 307 41 333
3 -19.15885519429003 -26.606809881342002 225.35538951075731 46 26 19 0.22166142816545401 50 397 40 334 41 355
4 -19.958610400252642 -26.452712682255825 225.9467511889832 40 23 17 0.19374251323302485 50 411 40 342
5 -17.592208471498722 -26.496507961997324 225.90931757239045 207 190 180 0.15522436102208623 50 406 40 343 41 363
6 -14.019669191315396 -26.682684874907142 227.90109743306482 71 65 70 0.090456167837522417 50 408 40 344 41 364
7 -21.461243856405758 -25.104763775870161 227.53852531355565 147 120 97 0.091827680352454033 50 468 40 414 41 429
8 -21.461243856405758 -25.104763775870161 227.53852531355565 147 120 97 0.091827680352454033 50 467 40 415 41 430
9 -21.082356396880051 -25.041279695985892 227.46465424490697 176 148 125 0.3115438483308316 50 473 40 420
10 -18.863329053127309 -24.234858868419291 225.25923078091449 152 123 101 0.065855163287600757 50 494 40 435 41 458
11 -18.863329053127309 -24.234858868419291 225.25923078091449 152 123 101 0.065855163287600757 50 493 40 436 41 457
12 -18.795492377087186 -23.758715482250611 225.62927018149333 222 197 178 0.010683388614641217 50 512 40 462
13 -17.540286941985787 -23.928056349202297 227.38616650460628 40 30 29 0.28377057618457485 50 513 40 463 41 479
14 -16.733438952441741 -23.734007547800736 227.90465164608693 40 37 40 0.15407599924157966 50 526 40 475 41 491
15 -19.337148894442333 -22.263702683471788 228.93865954436126 172 152 132 0.15779128116598592 50 583 40 535 41 544
16 -17.93482891036453 -21.19839551075129 227.33042826397164 107 89 78 0.20491036424558559 50 611 40 573 41 583
17 -18.366750017140916 -19.016549315209883 226.99139974343353 153 127 106 0.051355802996331003 50 711 40 640 41 652
18 -16.604852667922685 -14.402867307177587 224.75852755332605 108 68 72 0.10469832052800376 50 864 40 803 41 818
19 -12.70196915308391 -13.649392755853341 221.98538802896863 228 183 180 0.12975914956917847 50 882 40 818 41 833
20 -28.597519151341142 -13.940944335310697 229.61055985370109 55 31 9 0.11569060501581412 50 893 40 832 41 848
21 -10.686956448654433 -12.679276873190005 220.05508280152677 51 21 24 0.17807860687352683 50 909 40 842 41 853
22 -12.854916319972046 -12.713058678579564 223.70395052773912 250 226 223 0.18378228664688931 50 920 40 849 41 862
23 -8.947434403482859 -11.74926603799592 220.04519486823381 245 215 205 0.2138619337135659 50 954 40 873 41 890
24 16.091795050846855 -9.849954173327454 219.97956944910908 156 141 130 0.10800106987112222 50 962 40 884 41 909
25 -26.800751029019036 -11.785533925146408 226.90302606778414 153 127 106 0.1836520969785376 50 975 40 900 41 929
26 -9.5875478261629414 -10.979166084122667 219.49825854160022 245 230 221 0.09613504706305491 50 984 40 901 41 930
27 -7.1836826048250222 -10.148631549749837 216.66079094357323 215 180 183 0.18436614311092567 50 1004 40 925 41 3902
28 -3.7528376618698953 -10.255371657060209 222.92751821169375 52 42 30 0.098221639566843336 50 1002 40 931 41 959
29 -24.670964017122561 -10.717414141322914 226.80189404467956 128 108 78 0.21547074690439572 50 1007 40 953 41 969
30 15.227459822325919 -8.3105617690322635 218.38674335079176 253 228 209 0.20280978771354621 50 1017 40 956 41 971
31 15.227459822325919 -8.3105617690322635 218.38674335079176 253 228 209 0.20280978771354621 50 1018 40 957 41 972
32 -1.9199441148001821 -9.1674661457723889 219.95413036234703 201 183 178 0.057744323315166414 50 1029 40 972 41 993
33 -21.378210472573137 -10.099869856224105 225.11141203898393 200 171 149 0.09671024051401915 50 3973 40 977 41 992
34 2.0523673944930474 -8.621852496805003 215.70485727572756 47 29 26 0.12856500794429915 50 1043 40 978 41 1002
35 2.0523673944930474 -8.621852496805003 215.70485727572756 47 29 26 0.12856500794429915 50 1042 40 979 41 1001
36 17.99353701034617 -7.4423310751763045 215.58092045577072 152 124 115 0.086521886820679503 50 1038 40 980 41 997
37 -1.1442115499040706 -9.0410953542423389 220.6363237130837 200 172 157 0.054581156292655898 50 3981 40 983 41 999
38 -1.1442115499040706 -9.0410953542423389 220.6363237130837 200 172 157 0.054581156292655898 50 3982 40 984 41 1000
39 19.600816979962026 -7.0828829717342616 215.44481594613734 164 141 126 0.13560643968139716 50 1047 40 986 41 1006
40 -27.322019643837464 -9.9393580549187686 227.3594155848206 204 180 157 0.11658700387242693 50 1031 40 996 41 1008
41 -17.805926010039169 -9.394525806173128 223.50292924486291 192 158 133 0.1102774044338964 50 1052 40 1002 41 1014
42 -16.170588738512112 -9.3551021856024938 223.81553162263577 183 150 125 0.41943817918788601 50 1053 40 1004 41 1016
43 -4.5200886401038014 -7.7057352479421324 210.78327298301431 231 190 190 0.038022413589397813 50 1083 40 1019 41 1038
44 -16.528755754501912 -8.4361856557828414 223.40796261723182 172 137 112 0.25407415303777597 50 1076 40 1037 41 1057
45 18.909018995990476 -5.4729581596716983 215.40261054193292 210 191 179 0.39835853150744277 50 1106 40 1059 41 1075
46 -10.392628598251294 -7.5060815688911848 220.14117260823761 235 206 183 0.18509403349734968 50 1101 40 1062 41 1077
47 -14.663792792477066 -7.7576044160561217 225.04593763828839 235 202 177 0.077630664146437087 50 1092 40 1065 41 1078
48 -17.794878585364174 -7.7731973606288483 224.94879629622409 162 127 102 0.25379739588855899 50 1099 40 1067 41 1082
49 -14.216425956602807 -7.7159624957950523 225.74960438439754 177 142 117 0.061131252913368767 50 1100 40 1068 41 1083
50 -2.3203486875143975 -6.4053694487943345 207.86765587210112 225 170 177 0.061704442384095635 50 1127 40 1069 41 1084
51 -2.3203486875143975 -6.4053694487943345 207.86765587210112 225 170 177 0.061704442384095635 50 1126 40 1070 41 1085
52 16.626548779776805 -5.2319679031012276 212.62938802763085 194 178 176 0.54452811551042168 50 4026 40 1071 41 1086
53 20.548760146883623 -4.9816719344227502 214.30155308468306 96 94 103 0.51490729626324894 50 1113 40 1072 41 1087
54 -22.416919549684383 -7.8654267161873896 226.63992313953867 145 121 99 0.26725809075003126 50 1098 40 1074 41 1081
55 17.050766694595048 -5.0224967573041264 212.79059900134962 59 45 45 0.081082322237154947 50 1128 40 1078 41 1091
56 -9.2368575301714628 -6.7774167223817932 219.21759953130038 240 211 191 0.20928451859348832 50 1124 40 1080 41 1098
57 -5.9007998572988978 -6.4625129155580048 214.40937472661918 218 198 180 0.1784513605186476 50 1130 40 1081
58 -3.9500192563567755 -6.1591544140878147 210.67448987086067 251 234 226 0.11265056291328042 50 1138 40 1084 41 1101
59 -14.230274638245024 -7.0661689205784537 224.35936252262471 233 198 176 0.12211225111837271 50 1116 40 1089 41 1100
60 14.901481764443126 -4.4683631251063547 211.78676918860657 41 34 41 0.38159991944240712 50 1154 40 1096 41 4012
61 -14.510959434431033 -6.5884209260247477 222.99523869998092 214 180 158 0.31345613006875872 50 1137 40 1098 41 1112
62 3.3090190025694413 -5.4287233627647682 215.12024856560785 47 28 30 0.36693676502668254 50 4044 40 1099 41 1113
63 3.9878236299435739 -5.3362947987186589 214.19834309947709 62 45 46 0.10487448150894858 50 1147 40 1100 41 1114
64 21.909178959125132 -3.8546048871977892 215.66811999615524 59 59 71 0.2899413035888167 50 1148 40 1102 41 1115
65 -18.821310001006058 -6.6079351707873792 226.1310558099139 229 203 178 0.22754101837048971 50 1140 40 1105 41 1116
66 -7.5328625471712547 -5.895202295516496 216.87647885170392 248 219 199 0.088922804361404539 50 1153 40 1106 41 1117
67 12.944663910690577 -4.2039181850737064 209.97096427943896 201 193 204 0.18063438146313118 50 1163 40 1109 41 1121
68 -19.876014673048466 -6.3897309852513846 226.09816925122965 226 200 176 0.15384073430924616 50 1145 40 1113 41 1123
69 -9.6857397828758458 -5.7557165103011227 219.53758430959201 225 195 169 0.10697154592894886 50 1155 40 1115 41 1126
70 -17.554525600488411 -6.1336623455206052 224.57220749275908 235 206 199 0.21941247437662395 50 1152 40 1118 41 4019
71 7.1655672048059635 -3.9875891407067185 209.8201531721503 51 35 31 0.078490918501920345 50 1180 40 1134 41 1146
72 7.1655672048059635 -3.9875891407067185 209.8201531721503 51 35 31 0.078490918501920345 50 1181 40 1135 41 1147
73 -9.3243900336176235 -4.8938193348199066 218.52419820587741 251 220 197 0.13553423796937053 50 1177 40 1146 41 1156
74 -8.0574282569028028 -4.7947220012044003 217.66886398843295 208 179 155 0.062449918214168787 50 1178 40 1147 41 1157
75 -16.101837066670338 -4.9041435568416709 224.96699362935084 219 191 178 0.094686860027323017 50 1182 40 1153 41 1159
76 19.237342228917655 -2.3865899994667732 215.19370059571088 48 46 56 0.079835108642043864 50 1194 40 1155 41 1160
77 19.63561637128187 -2.1580196373271026 214.23113722937399 92 90 100 0.28435100487024884 50 1199 40 1157 41 1163
78 -58.469375737766953 -3.7723098612761601 225.11814634021206 45 31 4 0.12869837252563038 50 1200 40 1170 41 1172
79 -2.2622914244809276 -3.0319411980402631 208.65733213115195 249 225 210 0.1426031208239705 50 1223 40 1172 41 1173
80 -0.74213791030542786 -3.0740730873772191 209.85300721316585 250 215 195 0.35571063854069918 50 4090 40 1174 41 1175
81 9.4868204424835696 -2.1909284358060375 207.19348383047969 45 29 27 0.10123590578195475 50 1226 40 1176 41 1177
82 9.0605767130196586 -2.1381264368505843 207.67089344010157 235 212 210 0.038626214655274854 50 1227 40 1177 41 1179
83 -10.186266715128751 -3.4452318388493066 220.48796642200253 227 204 181 0.14518974022057574 50 1217 40 1178 41 1183
84 -10.186266715128751 -3.4452318388493066 220.48796642200253 227 204 181 0.14518974022057574 50 1218 40 1179 41 1184
85 -5.7746758928782329 -3.1001900661168529 213.80775096117077 145 109 85 0.18760092338498172 50 1222 40 1180 41 1185
86 -21.133174955232604 -3.489131606737998 227.48666712115997 162 137 109 0.14949911101533409 50 1219 40 1189 41 1188
87 9.7298629699165478 -1.3177371954050554 207.70032638281063 72 76 80 0.092201321793446464 50 1241 40 1192 41 1191
88 -27.518962430709927 -3.1866284532419469 228.6538465500511 230 200 174 0.34672620123441944 50 1229 40 1197 41 1194
89 19.965428534375707 -0.46981062674527813 214.53921206256999 52 50 58 0.24738000276238561 50 1237 40 1199 41 1197
90 -16.715197554471963 -2.5163481645193402 221.76582275482781 150 110 84 0.11996041732776408 50 1235 40 1205 41 1208
91 -11.224348289231239 -2.2024999880073097 221.60615018817353 250 226 202 0.26150855210161306 50 1240 40 1209 41 1212
92 1.4496572967748236 -1.1190758478374387 203.62930145790685 199 165 150 0.12213944055896379 50 1262 40 1210 41 1217
93 35.148911979654045 1.8947092163924788 209.62533351651177 81 70 69 0.16145785216211511 50 4125 40 1212 41 1214
94 14.346610532829727 -0.10694295468179303 209.70581220716662 38 38 48 0.23542434304136317 50 1260 40 1218 41 1218
95 18.07950351251479 0.27394284673608482 212.739367335048 16 14 22 0.19189710797008264 50 4129 40 1219 41 1221
96 -11.535609965876011 -1.7528516636890623 223.82130450622188 199 174 148 0.44724762191969814 50 1250 40 1221 41 1223
97 13.630072131283695 0.076823959526031771 212.05010363461312 35 35 45 0.22556577524433044 50 1264 40 1222 41 1226
98 -25.987879609367734 -1.9183828565799126 231.04748802315748 217 156 139 0.36062198076408514 50 1249 40 1228 41 1228
99 -16.389704606861905 -1.6413378781492198 228.76964265531893 141 97 73 0.49030644754827918 50 4124 40 1229 41 1230
100 -6.5611302953183408 -1.0972732565714292 216.47562279135391 243 217 196 0.081129048493083708 50 1263 40 1232 41 1233
101 12.925016948798483 0.31981118829179939 210.30890114772097 30 30 40 0.21945522657685226 50 1273 40 1233
102 32.692388195562195 2.4517179093089911 206.78382401894845 121 89 93 0.38715328824846823 50 1280 40 1236 41 1237
103 9.4905279419369002 0.44299184512645262 202.98132738707915 17 0 0 0.62795095069860718 50 5812 40 1241
104 21.062018833772164 1.1605189888948393 217.02638837633268 49 49 57 0.095596650954538218 50 1268 40 1242 41 1246
105 6.721624524248103 0.56435083160267563 199.84618522648952 203 166 165 0.45689940424424941 50 1301 40 1249
106 -15.506522112771092 -0.77667500948859725 226.88512298465983 167 119 87 0.16843665878135794 50 1270 40 1257 41 1253
107 3.4273421081458393 0.48214460466090309 202.27598469852393 237 195 171 0.089297919336416579 50 1300 40 1258 41 1254
108 4.7270040807039662 0.65359822391789979 200.92150886809969 230 186 165 0.18069737330789556 50 1315 40 1259 41 1256
109 -38.91645438453974 -0.92857688146864703 228.11793554028517 172 175 140 0.89717134131148624 50 1275 40 1260 41 1252
110 -26.458219335468272 -0.58693738142755469 228.95380569913033 169 99 91 0.27396372325508933 50 4149 40 1272 41 4117
111 -13.943204707013901 -0.20022828425468531 226.83510422150431 158 117 86 0.071473087786839529 50 1283 40 1273
112 5.5470629881636961 1.1610797034032312 201.336364897225 231 189 166 0.10924194237579526 50 1325 40 1279 41 1273
113 -36.10527625165529 -0.38474698116564837 227.95489100792932 79 15 27 0.20819399011952036 50 4153 40 1282 41 1271
114 8.1016565331881623 1.5176639514272794 198.3279775172735 217 170 154 0.42057991028109704 50 1333 40 1283 41 1278
115 -40.205069547961436 0.063611796834052714 229.14015490988237 46 43 28 0.22659036492594806 50 1297 40 1285 41 1280
116 3.3546741183587026 1.5510763173296906 200.48557415584349 178 136 114 0.35082939320726292 50 1345 40 1286
117 33.949886137713463 4.4027868832538459 205.60488842013302 121 97 89 0.11960090430367172 50 1339 40 1287 41 1290
118 33.949886137713463 4.4027868832538459 205.60488842013302 121 97 89 0.11960090430367172 50 1338 40 1288 41 1291
119 -15.359779080840051 0.51918357539034621 225.13621581417146 140 96 69 0.29995215061176389 50 1314 40 1290 41 1286
120 -38.056529305683441 0.26295092595588543 229.45645950945101 66 55 48 0.27026803982753189 50 1308 40 1298 41 1285
121 14.178450856157294 2.4459569513496464 214.56512771603028 62 64 78 0.19948251448195087 50 1330 40 1303 41 1297
122 -28.531110597031532 0.44959629728455841 230.99446212052629 141 87 69 0.1224131493411401 50 1313 40 1307 41 1295
123 -20.91388578920342 0.59421840878081189 227.84518555184422 173 145 118 0.37844914339059343 50 4169 40 1308
124 12.993161233306294 2.5200391112433858 211.08721920009165 24 27 39 0.15391833476464081 50 1341 40 1310 41 1301
125 22.106145316126828 3.2494566770303397 217.72668448550843 46 46 56 0.3434471194282 50 1328 40 1311 41 1302
126 -59.85120712998868 1.1969430727269699 226.78256892705693 41 33 17 0.093756125882272251 50 1324 40 1313
127 -25.845482597660375 0.63489838611313931 229.89950154493633 119 76 57 0.12357442966288679 50 1317 40 1314 41 1306
128 30.283347298669877 4.4316018760662388 208.68743820219524 39 25 26 0.38914125065392002 50 4186 40 1318 41 1310
129 30.990432687919391 4.5787738123429733 209.73233614422585 82 65 65 0.39265025035759732 50 1358 40 1323 41 1312
130 -9.5897348520542227 1.3974528887706421 221.48135518178324 56 18 3 0.061723188031328896 50 1336 40 1324 41 1313
131 -1.7510224532902667 1.9841816059172885 206.18215323535651 252 223 203 0.17284323252078893 50 1368 40 1325 41 1317
132 -19.470451852936876 1.1787601191220451 226.91139835595249 105 75 49 0.13647594332249147 50 1331 40 1326 41 1316
133 14.330598509768098 3.088371698514103 212.52587951664205 76 78 92 0.053382235489199202 50 1360 40 1327 41 1320
134 3.8202094022095054 2.4764961026837349 200.88222664281182 182 142 119 0.13420964968264582 50 1376 40 1332
135 6.0571054433462228 2.5797734033848032 199.78525635098507 220 186 168 0.37948035521642515 50 1372 40 1333 41 1318
136 6.0571054433462228 2.5797734033848032 199.78525635098507 220 186 168 0.37948035521642515 50 1373 40 1334 41 1319
137 22.100231216836896 3.8921527678969956 218.94175685975367 46 46 56 0.16370428099004533 50 1354 40 1335 41 1325
138 23.280529255643692 4.1282470593739848 220.06938133961302 92 92 102 0.44716359500854974 50 1357 40 1336 41 1327
139 -10.903742336375174 1.730330168569211 222.86426294406846 222 186 159 0.013483583783968517 50 4185 40 1340
140 -2.0458422919173831 2.4974573596206406 208.87968620438798 223 194 174 0.16044779880175131 50 1375 40 1343 41 1336
141 9.2789300501386318 3.2212154843079119 198.47098409495618 188 158 141 0.22570229934903482 50 1396 40 1344 41 1337
142 9.2789300501386318 3.2212154843079119 198.47098409495618 188 158 141 0.22570229934903482 50 1395 40 1345 41 1338
143 18.047863759524152 3.9485236234488057 212.73831460565179 98 94 103 0.15093473244625488 50 4194 40 1346 41 1339
144 -1.4561120211990293 2.8976081823653987 208.40377578949682 252 223 203 0.53616714594633463 50 1392 40 1357 41 1348
145 -18.695886416967419 2.4502299363399422 226.19808981412953 70 44 23 0.23773471200120447 50 1371 40 1363 41 1352
146 -41.652142648697719 2.393139679547347 227.60428206118411 15 16 8 0.46073520189013695 50 1374 40 1366
147 2.9727226279134031 3.6578064312058998 202.91392291051315 182 141 121 0.1577513463276142 50 1418 40 1370 41 1356
148 -20.407268568448579 2.7356924779187439 227.4280048890638 64 38 17 0.28366691433790842 50 1384 40 1371 41 4176
149 42.159230556818031 7.7236298805040642 205.72677315074259 44 26 12 0.18393851235824696 50 1412 40 1372 41 1362
150 4.8236606025741189 3.9030794069300954 199.66829123772237 234 195 178 0.17848227279563 50 1423 40 1375 41 1364
151 43.580598184714496 8.0819494097484128 205.36882099041262 156 138 122 0.073266076517817344 50 1420 40 1377 41 1368
152 -8.8950628798021327 3.8679020694549888 220.23916044502872 146 105 78 0.070975203737079759 50 1416 40 1386 41 1377
153 -31.068692056897365 3.5390920152231136 228.36175474928291 209 187 185 0.1908254822540516 50 4208 40 1391 41 4185
154 -27.004709785334651 3.5830433112130158 229.74234691870728 73 34 23 0.2281426054572899 50 1400 40 1392 41 1383
155 -28.40548411580707 3.7702866012355609 229.41483031013257 148 110 104 0.061410624167035743 50 1415 40 1397 41 1391
156 35.182147762677118 7.8223642144720369 207.56791539948003 76 53 40 0.58435222896368322 50 1432 40 1400 41 1395
157 -11.29512670580657 4.2319154629593454 221.64146359299983 217 188 160 0.40056557108456731 50 1424 40 1402 41 1396
158 2.6299007390881552 5.2270902316174768 204.66781044788584 184 141 124 0.035307657158329252 50 1457 40 1405
159 -11.841198477268518 4.6245420790731835 225.02851138187168 162 137 104 0.28088310647414855 50 1428 40 1410 41 1397
160 -6.9606258876089555 5.0023177648168433 218.33023690671573 221 185 156 0.26580262444617087 50 1442 40 1413 41 1401
161 4.8690445934018234 5.6758320064570436 199.78602376438926 235 194 174 0.2617887766568075 50 1477 40 1417 41 1408
162 -41.247639602 4.7096671756543858 226.70173885572075 114 114 81 0.35485731867009007 50 1435 40 1418 41 1406
163 17.831666201481756 6.8693721242401313 214.7187480946979 76 75 85 0.22900153979856422 50 1454 40 1420 41 1409
164 30.566533992438302 8.3509205469801877 210.50399238299423 124 97 90 0.18005178200666316 50 1467 40 1423
165 -31.054932908259335 5.0279304436047338 228.28348227853198 58 48 50 0.21489784962329406 50 1443 40 1425 41 1418
166 -16.779025389249696 5.2229787757089321 226.7936496874915 46 24 16 0.16876784706675188 50 1444 40 1427 41 1419
167 -7.8383348102733157 5.4399989063404792 217.77073039544027 175 134 105 0.19103723624176186 50 1461 40 1428
168 14.540109724559141 6.9368290069215348 213.36858107028809 87 88 99 0.076944388092602525 50 1466 40 1429 41 1421
169 -17.229848664702601 5.3980914484726519 226.5616167973316 149 127 119 0.07969050010840395 50 1452 40 1432 41 1422
170 -24.047436832877249 5.3439387849768867 228.60934458201896 135 108 102 0.23863258547067745 50 4231 40 1436 41 1424
171 -5.2406444471268152 6.0647655026796929 214.55550245899298 246 214 200 0.16858957164588539 50 4259 40 1441 41 1435
172 17.570725964503342 7.5748266222851921 215.22333713924172 27 27 35 0.54938473361061935 50 1478 40 1442 41 1432
173 48.630855033299582 11.252060065481881 225.84716018515172 93 86 89 0.75456404874639516 50 1462 40 1443 41 1426
174 41.305488895373408 10.306338933596331 204.92248993127404 142 120 75 0.10917858371242591 50 1494 40 1446 41 1438
175 -27.212404547138902 5.7472691934946605 229.36126624875982 16 6 6 0.49798063052717767 50 4238 40 1452 41 1440
176 20.036743109543501 8.0052643111408042 215.77658747018566 66 63 67 0.14502400252579023 50 1483 40 1454 41 1437
177 32.484888619129464 9.628107991812902 208.28982452853936 153 128 109 0.19896058169747385 50 1504 40 1464 41 1461
178 41.433241073336696 10.702338679941372 204.02825775479673 82 60 23 0.10647966554879297 50 1507 40 1468 41 1462
179 -22.565697206717427 6.2723202703111358 226.31540491777537 25 15 14 0.19493196884786088 50 1486 40 1473 41 1468
180 -39.566621408078689 6.3950450852478173 225.95793757263129 140 130 92 0.34085997077946867 50 1493 40 1478 41 1471
181 -30.250565011680411 6.2965756709905056 223.19097653128534 59 39 43 0.48770154761402096 50 4267 40 1479 41 1469
182 39.497160453629036 10.851517042399765 201.04230775044863 152 122 76 0.41613134452391659 50 1524 40 1484
183 -8.6757009490107109 7.138426992898026 221.3051293831324 223 194 163 0.059293899880187746 50 1501 40 1486 41 1474
184 7.6206550346037476 7.6052751087791686 199.86752888044916 231 191 175 0.14050257442621891 50 1529 40 1487 41 4248
185 30.682251338406886 10.094149125108467 211.07199027660727 27 11 5 0.30249922180348338 50 1516 40 1492 41 1477
186 -4.8776162814073425 7.3697827604463315 213.97130158363964 196 162 142 0.12094050363483666 50 1514 40 1496 41 1486
187 32.201978454347746 10.385911988289001 206.47733161265779 147 125 105 0.19467198922513895 50 1530 40 1497
188 -51.648684636574117 7.2205199008384024 223.07272977994145 79 49 52 0.27435228332678591 50 1509 40 1500 41 1488
189 14.497557231736495 8.8709510954066442 212.07473868299496 51 51 61 0.13357005942908298 50 1526 40 1501 41 1490
190 -31.535047932480552 7.1141223371404569 221.40375456499456 125 80 86 0.24695374433259612 50 4291 40 1509 41 1497
191 5.5295199011838738 8.0556611462530086 199.94930270284109 163 118 96 0.10370572052625913 50 1554 40 1511 41 1498
192 4.8396273541679031 8.1799538078375136 201.4574702621222 210 163 143 0.10437630999933505 50 1564 40 1515 41 1504
193 -57.233741605511781 8.0065717873274149 226.32143094480244 54 46 14 0.13249063157650315 50 1525 40 1524 41 1511
194 -36.241785561335973 7.5901634488253586 222.79767575621813 76 58 31 0.071157489503466315 50 1527 40 1525 41 1512
195 -36.241785561335973 7.5901634488253586 222.79767575621813 76 58 31 0.071157489503466315 50 1528 40 1526 41 1513
196 -65.489046812974522 8.4010782931023869 215.50014549604057 96 81 68 0.41912771806644428 50 1547 40 1528 41 1517
197 -30.997829026324911 7.8477300710640403 220.96749188099085 130 77 78 0.18306260714337089 50 1540 40 1535 41 1520
198 -5.1071389031888099 8.454597456554044 214.34982845238588 196 163 138 0.17332415585539071 50 1552 40 1536 41 1526
199 -0.1076261084746168 8.5581963900486198 208.20739735653478 216 185 173 0.10086278860527009 50 1570 40 1537 41 1528
200 -14.513381148530605 8.3310356343072218 221.98258322995102 139 115 79 0.37528938960738412 50 4297 40 1539 41 1525
201 -12.664377475994389 8.4346146548499732 222.69268208493645 48 34 4 0.051339484284178422 50 1541 40 1540
202 -42.054415903080461 8.2050078935779442 225.36225404747086 129 106 75 0.10982197688339997 50 1550 40 1541 41 1533
203 -3.5951266742075512 8.7379877818980329 212.97968726471703 235 204 185 0.054019208426246579 50 1569 40 1542 41 1535
204 -43.815386184907219 8.3136466205534827 226.09838586441015 93 74 58 0.3362968015433852 50 1548 40 1544 41 1537
205 -53.71729049964771 8.6082909878886564 224.80501171730157 42 25 26 0.024586592030168327 50 1557 40 1549
206 -51.636924730211931 8.4868637960973441 223.74712964477726 56 47 41 0.018097278681153225 50 1558 40 1550
207 -28.353017102624047 8.3069077113237775 221.35487098912245 113 76 72 0.19362727443522476 50 1561 40 1551 41 1543
208 -37.354691229859526 8.4524376340015763 223.20176879231849 68 60 24 0.089310575013558699 50 1566 40 1555 41 1545
209 -9.3596091358101781 9.1371875201875383 222.99105657465336 198 170 142 0.15811000182357182 50 1576 40 1558 41 1549
210 4.152786738631228 9.2353423683028595 202.29859137039347 199 157 160 0.097801375692569872 50 1587 40 1559 41 1550
211 55.200427175609462 15.427435257853746 214.71176943535849 174 160 141 0.023396237506461592 50 1585 40 1563
212 -20.418421256985653 9.1645582583332867 224.04508157033879 75 73 71 0.22171193618020238 50 1581 40 1569 41 1562
213 -56.880964595256714 9.4462510793980847 224.9385688964403 79 70 66 0.72424510657606123 50 1582 40 1572 41 4291
214 9.5432078357645374 10.062643141182829 199.98541409646649 116 88 69 0.16570254908723245 50 1608 40 1574 41 1570
215 -30.187055934733245 9.2321286900247799 218.67907091550077 147 97 84 0.17866953441661348 50 1588 40 1578
216 -7.5428142846379966 10.093516987525863 219.06254476728569 223 195 166 0.22146165952946853 50 1597 40 1581 41 1577
217 -35.228748355221597 9.6645259551076315 221.57929381392239 124 88 68 0.11424413073923449 50 1600 40 1585 41 1582
218 -8.0346706141952478 10.401302827942663 220.63879241980942 123 99 71 0.072003195623175267 50 1601 40 1588 41 1586
219 3.4260903524291892 10.654874646417099 206.93475709888494 201 158 144 0.21004558066243262 50 1626 40 1589 41 1591
220 23.515079083570782 12.540738007106011 210.46994055645538 98 52 68 0.41949905232253015 50 1628 40 1591
221 -39.315561432897312 10.101749974009971 223.26331226490484 104 81 63 0.21750791801166722 50 1606 40 1592 41 1595
222 -65.052982231493132 10.754112040699846 218.18634705439038 71 62 54 0.081268579145238398 50 1620 40 1597 41 1594
223 -23.433856921814428 10.146788654717813 216.94673463036895 64 26 9 0.24150201990180081 50 1623 40 1598
224 -2.1646869540515907 10.921700855176541 211.13453712104831 181 155 130 0.20898668715681815 50 4345 40 1601 41 1603
225 -28.388321018289147 10.83351616819605 221.03728999411052 155 127 100 0.18737110417287828 50 1638 40 1613 41 1611
226 -59.397566046029496 11.517507184254253 226.67349994925337 30 24 15 0.12389988285408626 50 1637 40 1615 41 1617
227 -28.486011045583421 10.906525493051987 218.61503213275651 61 31 5 0.070129259952836864 50 1644 40 1617 41 1618
228 -16.267494966224262 11.170218011157665 218.42347426892655 10 6 1 0.29534398328951356 50 1645 40 1618 41 1619
229 14.629460270730599 12.622027664012634 209.0521255032649 46 50 63 0.1183433032868717 50 4357 40 1621 41 1622
230 36.979032936587622 14.964528391478453 206.21253359282485 44 22 3 0.58898321086129968 50 1665 40 1626 41 1629
231 -40.682646917770867 11.126013264486099 221.67699730416302 143 128 103 0.2731633415669949 50 1643 40 1629 41 1626
232 -43.941874825629249 11.100375198034939 216.08497569391989 69 53 8 0.29468151147806199 50 1656 40 1631 41 1631
233 -60.129736545073136 12.036873639673127 226.27732440100493 26 19 1 0.11707045923008459 50 1647 40 1641 41 1642
234 31.957450660561051 14.583625613133576 203.46926337875703 91 74 39 0.36662468444319646 50 1679 40 1644 41 1648
235 -30.778519596933332 11.490754992555249 219.75904070836162 100 59 27 0.20635777247012199 50 1657 40 1645 41 1643
236 38.754033417225678 15.732936287224957 206.50803671829289 70 49 16 0.23779862591647474 50 1682 40 1647 41 1659
237 38.754033417225678 15.732936287224957 206.50803671829289 70 49 16 0.23779862591647474 50 1683 40 1648 41 1660
238 -29.117965696084916 11.6995428233549 220.34139770618174 78 40 16 0.078022690942936054 50 1661 40 1649 41 1655
239 -29.117965696084916 11.6995428233549 220.34139770618174 78 40 16 0.078022690942936054 50 1662 40 1650 41 1656
240 -36.121413287630439 11.977841908740491 221.74493725768616 30 22 11 0.066974143950194354 50 1669 40 1657
241 -21.445916136042335 12.06635567922457 215.60546554803977 161 100 90 0.23710786580401133 50 4375 40 1659 41 1667
242 3.280612160278408 12.604926297200327 203.6547587619128 217 170 161 0.112311339625284 50 1700 40 1660 41 1668
243 -34.928734957093617 12.105219860758279 219.38510756134002 53 24 9 0.10121906651856355 50 4373 40 1661 41 1670
244 18.909472915792975 14.227146593737725 207.67381389320539 14 17 24 0.40802872041721866 50 4381 40 1665 41 1672
245 12.771174185009961 13.698525980226416 203.11291137537066 113 106 104 0.21117001851411704 50 1720 40 1669
246 13.738081826840004 13.80660764253515 203.3784418306729 44 37 45 0.46634980566855949 50 1721 40 1670 41 1678
247 4.507894901937604 13.209457086658709 202.15211887823449 159 111 93 0.031773971185635776 50 1728 40 1675 41 1683
248 -56.890005477140257 13.38386633984217 226.91212426946228 107 93 77 0.10706224505585865 50 1690 40 1679 41 1684
249 -6.9578593628567962 13.414538777845962 216.71998317795067 180 159 138 0.1778460774757599 50 1708 40 1680 41 1685
250 -28.78824045783745 12.894185586164765 217.25678667918211 74 37 12 0.32969859408310004 50 4386 40 1682 41 4359
251 -22.608707667371974 13.036744900011913 216.99996060933631 146 106 83 0.38579324351558369 50 1717 40 1684
252 -20.574107088353333 12.835530531105972 210.85478449568063 132 96 104 0.1910869602890839 50 1727 40 1685 41 1691
253 4.1594204731014832 13.567635424849779 202.70988014758743 231 185 178 0.033377257518545166 50 1738 40 1686 41 1697
254 19.209235771025476 14.907121000530191 205.85111213775124 58 51 51 0.10791022103531515 50 1731 40 1687 41 1693
255 -64.152892187421941 13.647789716331305 217.63724738408735 40 30 18 0.64688080712366336 50 4390 40 1689 41 1695
256 -56.205086982137871 13.483348632578377 222.65507611211376 58 46 34 0.1789470099435585 50 1711 40 1690
257 12.518927950610003 14.226785152923886 202.6058320719979 50 39 32 0.13133707749435769 50 1745 40 1691
258 -45.501786819838379 13.264353174223917 221.40495425435574 146 128 70 0.28131619825421383 50 1715 40 1694
259 -45.501786819838379 13.264353174223917 221.40495425435574 146 128 70 0.28131619825421383 50 1716 40 1695
260 24.032378129706657 15.797935118902219 209.04877936413996 55 17 11 0.039399674735631801 50 1733 40 1701
261 -61.043157832239523 14.098631481280316 225.33005026719346 98 83 72 0.13196339388414313 50 1719 40 1705
262 -34.43742345207945 13.531059186208559 219.36247164969225 72 39 17 0.18911873093401646 50 1730 40 1714 41 1714
263 -25.967856011207207 13.53608337775905 215.64052490722599 147 117 73 0.23227482448805517 50 1743 40 1717 41 1718
264 -3.4610354814801592 14.287413776341582 213.4327880928989 222 198 165 0.12926737189226103 50 1752 40 1718 41 1719
265 51.307663922869196 19.315531137488009 200.04093238166118 185 154 92 0.3292344730223406 50 1780 40 1721 41 4378
266 -30.217169230859277 13.951082256701355 219.57945824487049 102 78 45 0.11317633271991903 50 1741 40 1722
267 -30.284773061230101 13.998243846193573 220.07329712040311 102 78 45 0.1997906057092993 50 1742 40 1723 41 4380
268 25.151409669363865 16.461763050030161 208.66757998800173 40 0 0 0.31774367456983182 50 1767 40 1724 41 1721
269 54.368139051011212 20.094061269330133 203.91176164505316 78 51 19 0.2695182473948905 50 4408 40 1726 41 1722
270 24.001810044125627 16.429417022928579 208.89481598423546 127 89 81 0.13846407048809792 50 1772 40 1730 41 1727
271 24.001810044125627 16.429417022928579 208.89481598423546 127 89 81 0.13846407048809792 50 1771 40 1731 41 1726
272 -65.494227295368503 14.641227400913685 217.53079450237436 87 78 63 0.24903341492653097 50 1764 40 1734 41 1730
273 -34.966338186470637 13.943678360970663 217.57157610893424 164 128 95 0.39260990438604776 50 1758 40 1736 41 1733
274 3.2933172180524277 14.564060810444232 203.72639733206464 201 158 150 0.19179657197427522 50 1786 40 1739 41 1736
275 -5.0625819147332631 14.68351832118352 214.03578719077768 159 140 113 0.1991211044739587 50 1770 40 1742 41 1739
276 -58.435356522099511 14.990554683193112 228.01686661730091 86 87 66 0.41233584198495016 50 4400 40 1744 41 1741
277 -0.93875675888073162 14.857129811951918 209.26229909407385 244 215 193 0.12680415600152742 50 1785 40 1749 41 1745
278 23.333075314576622 16.805450354613733 208.38202757918577 86 50 52 0.32498783140071974 50 1787 40 1750 41 1751
279 -35.586712913191626 14.466817394153383 219.06255358104849 67 35 1 0.076651296913138101 50 1774 40 1753 41 1748
280 -3.8455072100730039 15.023984734249284 212.67442317457702 201 177 142 0.18659677795563265 50 1781 40 1755 41 1750
281 -52.599761518420109 14.804255311425834 221.17628158338982 40 29 14 0.1337568176528757 50 1769 40 1757
282 6.5639171847956748 15.258837460130733 202.80800693171651 100 50 35 0.10960862291823288 50 1798 40 1759 41 1762
283 47.344211059841996 19.652945380523406 202.29099664652904 73 49 0 0.044054347603594328 50 1800 40 1761 41 1763
284 52.097692238915151 20.282240239386145 199.37469818763537 193 170 111 0.14403153670550259 50 1807 40 1765 41 1764
285 -59.100345015253851 15.505341042878211 226.74934773629943 28 25 10 0.31601401068482832 50 1773 40 1767 41 4390
286 -42.757602947690863 14.873718838840468 218.65430589157518 110 101 70 0.5186274838409114 50 4413 40 1769 41 1768
287 -16.033458045426414 14.8115510815355 208.95459553183662 38 2 1 0.16624192193633006 50 1802 40 1770 41 1771
288 7.8183790514515401 15.610917823909464 201.44410100481642 176 147 127 0.40234489805102086 50 1814 40 1771 41 1772
289 3.478688981369757 15.524890578912107 203.1710830619154 189 136 127 0.11770580609285487 50 1813 40 1773 41 1776
290 43.059095513178328 19.554115392918913 203.32442913803408 198 164 94 0.20035900715080715 50 1815 40 1774 41 1777
291 35.70957775885546 18.600081066086116 201.23094471318828 78 54 16 0.20307263747235554 50 1826 40 1777
292 -26.446231914719601 15.298867679726781 215.07874551478776 65 37 7 0.16471431066068684 50 1804 40 1779 41 4399
293 -4.7527174726110823 16.090553257636998 213.95414004874524 170 152 132 0.087727962040001217 50 1812 40 1782 41 1789
294 -44.439275943253215 15.742674898759544 218.59629736624299 91 77 18 0.46345315240974855 50 4425 40 1785 41 4408
295 -5.280395664165038 16.250985289004937 214.94516686135901 45 30 16 0.11478966310867815 50 1811 40 1786 41 1796
296 1.08936338707632 16.136365601747542 207.25862133257411 149 103 89 0.12080850363898965 50 1824 40 1787 41 1797
297 -38.807700015936817 15.992678510025003 219.22175761492244 126 111 91 0.15144986510681355 50 1818 40 1800 41 4413
298 11.720809895565012 16.946023540688447 203.5223560682528 155 137 134 0.27585485631172951 50 1843 40 1801 41 1803
299 12.372914874501651 16.926897503191434 203.68761057883728 141 127 128 0.22551196480209923 50 1838 40 1802 41 1801
300 40.641982949776995 20.12303144145579 204.93696445171454 26 10 4 0.10868545558816473 50 1840 40 1804 41 1805
301 10.637656704160438 16.999979288704324 202.46642656200444 72 48 40 0.081760304980660628 50 1847 40 1811 41 1811
302 4.2023941075434079 16.692260920102566 202.56473901017003 168 127 111 0.1360519927097594 50 1852 40 1814 41 1817
303 14.926848893972926 17.876140192129732 203.51558287929439 42 26 22 0.24413622686375483 50 4455 40 1825 41 4425
304 6.1739793332175141 17.269850316878756 203.67619412746402 223 177 156 0.098265434470843058 50 4459 40 1829 41 1827
305 26.947441431764734 19.595852201064091 208.92657967844366 114 49 30 0.28411774727632338 50 1856 40 1831 41 1833
306 58.653527188822459 23.389943614251003 199.91557668636435 107 66 20 0.59978114362038548 50 1871 40 1833 41 1835
307 55.180284872224433 23.189408527518356 205.12990896346409 71 43 4 0.75247639696310242 50 1866 40 1836 41 1839
308 -47.800557442864175 17.241150172646137 220.99985579170209 77 88 46 0.1985060381790387 50 4452 40 1837 41 4428
309 1.6345735186434942 17.428800407978454 206.59802579100014 141 81 71 0.17433931862098559 50 4463 40 1839 41 1842
310 -2.394645764935504 17.798536258149024 210.79398646648141 85 51 31 0.098240045436873258 50 1868 40 1846 41 1850
311 42.777594674288835 21.703338412005429 204.49940403431546 36 10 0 0.29751264264580146 50 1879 40 1848 41 1852
312 0.0083780127706560778 17.959207564808676 208.40328407317133 221 199 191 0.072868111293225665 50 1878 40 1849 41 1853
313 -22.25357933231335 16.754797711032708 203.8956675244066 139 96 91 0.040464716335485672 50 1884 40 1851
314 4.7833708368523205 18.004972129040826 203.28633239880679 137 94 79 0.058193577522651259 50 1885 40 1853 41 1856
315 5.1180633272820666 17.87341950644312 201.75547203336291 185 130 119 0.17251988293206155 50 1887 40 1854 41 1857
316 12.783705310915622 18.65500373577061 204.02842841785287 96 81 72 0.044731636122259291 50 1888 40 1855
317 6.2350103909767443 18.178704842139663 202.14506193097083 248 184 172 0.087125502378772146 50 1892 40 1863 41 1862
318 57.893834455259082 24.303554707373923 203.07836953881707 82 44 0 0.55941470155311568 50 4485 40 1865 41 1865
319 10.053752492563767 18.654373680935993 203.38230516330646 97 74 62 0.075966468605549523 50 1895 40 1869 41 1868
320 10.053752492563767 18.654373680935993 203.38230516330646 97 74 62 0.075966468605549523 50 1894 40 1870 41 1869
321 11.753464373431118 19.160349907125095 203.17465212943981 96 82 86 0.063091663953329283 50 1905 40 1882
322 35.797005314691461 21.707583231049643 205.22928016722898 83 70 68 0.24780707137472521 50 1902 40 1883 41 1880
323 -28.483749883186679 17.718802795768045 206.92923112724267 39 33 0 0.17578143017063916 50 4496 40 1887 41 4466
324 -55.104422728474816 18.913113710081298 221.10296796046592 162 148 119 0.075447444612944073 50 1891 40 1892
325 -15.133006823647905 18.013564689467007 204.65232916125072 91 71 51 0.85318567513881716 50 4501 40 1895
326 -52.721924216867684 18.754009928831159 215.90366483784442 94 75 18 0.13451902098667309 50 1903 40 1896 41 1886
327 -22.500659420449672 17.84634988393357 203.45265489638177 148 125 95 0.18653863454032962 50 1919 40 1898 41 1887
328 2.7617512271357594 19.188562976525038 206.51591538643694 193 140 126 0.5258986609201991 50 4502 40 1899 41 1888
329 47.515507443907907 23.572877880687361 202.29604468687074 180 165 77 0.015618496345654705 50 1920 40 1901
330 1.0694613553661962 19.187855312012982 206.091639887539 53 34 32 0.7450814278524458 50 4507 40 1903 41 1892
331 26.066204583227012 21.601646017971277 209.4636324846669 130 88 78 0.2971646762154686 50 1918 40 1906 41 4480
332 -57.393075513137589 19.756912219056666 222.84650018278523 53 55 38 0.23776652682955937 50 1908 40 1909 41 1897
333 -34.32666876313094 18.962898800488432 214.69376035546355 62 64 5 0.14185103008762884 50 1916 40 1910 41 1898
334 11.479104141153917 20.078711369033339 204.14477382248307 135 124 121 0.11446598135718371 50 1929 40 1911 41 1899
335 23.46367738134639 21.59142381075052 208.88925333306969 39 36 40 0.17330431579939617 50 1926 40 1912 41 1902
336 23.46367738134639 21.59142381075052 208.88925333306969 39 36 40 0.17330431579939617 50 1925 40 1913 41 1903
337 -13.133517813722211 18.590709748514644 201.51712471943395 146 142 135 0.099390127067568099 50 1944 40 1914 41 1906
338 25.273053036630301 21.886189072483067 208.30575117573568 105 73 58 0.21405044784979813 50 4518 40 1915 41 1907
339 37.763756317281285 23.207179791341591 205.50732713604933 72 53 23 0.10652937156882085 50 1948 40 1920 41 1908
340 -55.519483183465255 19.939152024716535 220.04695761731375 74 67 24 0.1994596631831915 50 1923 40 1922 41 1910
341 4.8599568669744189 20.201719645932315 206.5304023822975 175 144 125 0.38312850322320074 50 1946 40 1924 41 1912
342 43.454423301644951 24.000045945740549 205.82261967844954 178 155 110 0.10936193780161937 50 1950 40 1925
343 43.454423301644951 24.000045945740549 205.82261967844954 178 155 110 0.10936193780161937 50 1951 40 1926
344 5.6875163420805146 20.049191544733546 202.71851093282024 143 84 67 0.087368962065829073 50 1962 40 1929 41 1915
345 48.8560599981206 24.538154596161295 200.67234593365993 121 101 11 0.059035584239711503 50 1963 40 1932 41 1918
346 -63.335937669735721 20.378300509639956 218.89048203538411 14 9 7 0.59760511745518707 50 1933 40 1934 41 1921
347 -37.439193070764183 19.774827642617524 215.9474610006607 35 32 12 0.89224061533492149 50 4523 40 1937
348 5.1232996745033921 20.460608153045804 204.42487845103517 155 112 95 0.075046222246072811 50 1970 40 1944 41 1928
349 -21.350651915590738 18.963138127641884 200.60108423807102 36 33 9 0.095624792246937249 50 1981 40 1946 41 1930
350 -64.468035754220082 20.874636729833934 219.59683556368267 54 49 48 0.073519563275576266 50 1956 40 1950
351 -44.113364906670569 19.850319912719446 210.89104598296862 64 54 20 0.31137221447250624 50 1972 40 1955 41 1937
352 10.211445141026683 21.252147018409648 205.55155833403941 177 154 142 0.31588297239167745 50 1983 40 1956 41 1938
353 -15.611153839782066 19.467956901701729 200.65217524888388 119 115 94 0.80929408048617724 50 4546 40 1958 41 1939
354 23.659912034235965 22.466853069552283 204.80762245245964 21 18 3 0.3573054100128219 50 1985 40 1959 41 1943
355 23.659912034235965 22.466853069552283 204.80762245245964 21 18 3 0.3573054100128219 50 1986 40 1960 41 1944
356 27.786709795893831 23.139820841293563 208.00453712964946 124 59 36 0.18834000376945126 50 1978 40 1961 41 1945
357 -3.494048891002949 19.13734948555582 189.14063212124864 121 99 91 0.21622888926866166 50 2017 40 1963 41 1946
358 -46.816529700886221 20.446334474235844 214.75968064690366 103 84 59 0.22350414860905823 50 1974 40 1965 41 4515
359 -12.147957562973597 19.725363425954018 200.1350649608525 16 4 0 0.12243280244107352 50 1998 40 1966 41 1949
360 6.0599416118490517 21.012683365244694 202.34279058682384 124 70 61 0.1336580479245392 50 1995 40 1967 41 4519
361 16.975087885852076 21.814027894981038 202.47484752300181 50 50 58 0.20638263572192406 50 1993 40 1968 41 1950
362 36.758097784068383 23.995524938692583 203.19314616830258 14 9 0 0.26002639509676873 50 1994 40 1971 41 1954
363 40.010073299332504 24.699795336433063 206.06836948101727 25 8 0 0.16020225353776074 50 1992 40 1972
364 49.249048873726039 25.823687007286598 201.79511171733694 74 49 0 0.17642874296340008 50 2003 40 1978 41 1958
365 -9.1379263667706585 20.09221054458969 199.39150425299295 186 137 128 0.60758455855702787 50 2011 40 1983
366 46.415299257890624 25.642247585674582 203.51576857320023 148 148 66 0.18679357662521304 50 2002 40 1987 41 1964
367 4.2767774652302943 21.38291735262521 203.92083448917464 180 152 151 0.10529676407613008 50 2005 40 1989 41 1967
368 45.439889555676984 25.603102791477053 203.18989411072528 33 21 0 0.23597799809921058 50 2007 40 1990 41 1968
369 23.503977374829049 23.265394307223577 205.48199833614532 68 67 42 0.45930032662331705 50 4559 40 1991 41 4528
370 43.697533975132878 25.726805031097619 205.6549947166562 39 19 0 0.38819244562111366 50 2014 40 1996 41 1975
371 27.8402891669555 23.965736121020232 205.82809510535151 183 129 93 0.13531997308141938 50 2019 40 1997 41 1976
372 -13.397203596916439 20.516499374115046 199.55380664948598 36 21 10 0.47469289648303031 50 2026 40 1999 41 1979
373 22.291452833899442 23.666196590235749 205.43931874226567 75 78 43 0.1393220571993827 50 2023 40 2001 41 1983
374 -7.7481450829640837 20.981466786218103 198.81695593640345 210 172 159 0.16516116701520644 50 2040 40 2002 41 1987
375 7.1682610636633095 22.241254620066641 202.21682470881743 179 161 148 0.082126588663411729 50 2038 40 2004 41 1989
376 11.991220115587611 22.889999924730756 205.00295724327481 159 129 114 0.076702113627493254 50 2029 40 2005 41 1990
377 15.145302737190407 22.659816541856756 199.72165821697735 199 187 175 0.1089131348679923 50 2042 40 2006 41 1991
378 25.703216629540233 24.165881578468383 204.64236846049297 85 82 48 0.63864262426871377 50 2030 40 2007 41 1992
379 -37.757261435451454 21.376054543917935 208.73611211968003 41 24 0 0.10659798322780945 50 2034 40 2010 41 1996
380 -56.059666778268841 22.743026982602302 220.03802022205289 146 140 71 0.10259838059044106 50 2022 40 2013 41 2000
381 -40.289279522564016 21.798342473486471 211.61784075337891 143 131 90 0.21234938513051393 50 2033 40 2014 41 2001
382 20.608857849235438 24.128816986096631 205.54131357199557 71 76 44 0.21681797048690257 50 2047 40 2016 41 2004
383 -10.794905854495251 21.572898856078339 199.50780659118254 103 59 37 0.13334989430448776 50 2055 40 2022 41 2011
384 -2.8574789436692365 20.908111973327973 188.55533047520927 44 16 5 0.10734818450886296 50 2084 40 2023 41 2012
385 -14.294667140865437 21.465734357800944 197.79044346940455 75 42 11 0.23610581032283207 50 2070 40 2028
386 -31.312203816472604 21.782822484639055 204.30235439111803 118 102 74 0.057888013019462885 50 2062 40 2034 41 2018
387 -13.94641458539493 21.805355427741848 198.69654797507204 164 119 87 0.59330406145509751 50 2082 40 2035
388 33.481463127736134 25.589274395115911 198.98158515420704 40 2 8 0.39745774366419706 50 2088 40 2040 41 2024
389 14.507519117279044 24.232860237318484 203.67721817641737 195 174 164 0.31420173416068337 50 2079 40 2042 41 2027
390 29.045685327002818 25.622279498851182 202.96656419525397 183 127 89 0.10049774812020727 50 2087 40 2043 41 2028
391 -44.233253854374802 23.133964932480755 214.69099875474893 37 44 10 0.24977774849415199 50 2057 40 2044 41 2030
392 -36.218649329451466 22.660562547384359 210.10243827184567 59 44 6 0.30141855092025288 50 2067 40 2045 41 2032
393 -43.219525938187886 23.281752136574209 215.37613245565822 73 81 40 0.29674175392879582 50 2061 40 2050 41 2036
394 18.929261528496728 25.042943713405478 204.8920983592337 52 61 33 0.11869354048712971 50 4600 40 2057 41 2043
395 51.604635500597873 28.965521612163638 201.5175878111682 42 17 0 0.13081816010585803 50 2104 40 2064 41 2049
396 51.604635500597873 28.965521612163638 201.5175878111682 42 17 0 0.13081816010585803 50 2103 40 2065 41 2050
397 56.384580520690498 29.939512937622595 204.608449411593 181 159 85 0.25378790933873141 50 2097 40 2066 41 2051
398 -59.053348568742429 24.576858021837413 220.85527618540621 101 93 30 0.1035725960655635 50 2075 40 2069 41 2052
399 50.289280144661333 28.834969778553958 201.06415510361649 179 155 104 0.2354552380547846 50 2112 40 2074 41 2059
400 -27.954751619499962 22.300138133430842 198.98389390680177 145 133 74 0.051948744752260669 50 4610 40 2076
401 -40.399819136122616 23.649536641948472 211.77935876643096 74 58 16 0.14305033331030068 50 2101 40 2079 41 2062
402 -20.432413853419011 22.491715790734673 196.51896087563441 90 59 45 0.29942308526638012 50 2127 40 2080 41 2073
403 16.513978690645043 25.139033616689563 201.82496391133864 50 54 37 0.46547108628507478 50 2118 40 2081 41 2069
404 -11.670343615187864 23.011654878714126 198.51000895468832 48 27 4 0.045608491379396592 50 2124 40 2084 41 2068
405 -9.1744811018475527 23.101508912369873 198.06736389289446 76 53 50 0.12964185555226745 50 2125 40 2085 41 2074
406 -43.465495255864433 23.997144242525106 213.65208784870788 27 32 1 0.31281154560403829 50 2100 40 2088 41 2071
407 29.749722433363051 26.643721321214084 201.73734566558224 193 132 98 0.14238669946858848 50 4620 40 2091 41 2075
408 -18.57828086716335 22.469528263518132 192.67806252219475 116 77 72 0.34008029478162244 50 2137 40 2098 41 2088
409 -54.123424504600017 24.914122078503624 218.28341052592697 59 48 2 0.26494096550035978 50 2111 40 2102 41 2087
410 -12.682015206836127 23.519408016971589 199.32731470333059 77 31 3 0.22358743000660589 50 2132 40 2103 41 2090
411 17.864154332462412 25.913513167750025 203.07083860045111 19 27 4 0.37604974317740697 50 4625 40 2104 41 2091
412 -51.891281405333849 25.073870281235287 216.67518324337286 81 75 27 0.035820376090471701 50 2120 40 2110
413 -13.700140486822878 23.674504307846874 198.68625368029947 222 175 100 0.46206410445166796 50 4636 40 2112 41 4608
414 51.086294454070043 30.167050431851735 201.6400437033119 71 46 1 0.033568506131204184 50 2139 40 2115
415 20.31859945079993 26.801520969730159 204.99219359370412 68 81 33 0.095446269222579441 50 2136 40 2116
416 -20.826741675021861 23.624522548187997 196.2353989482975 186 149 125 0.4799086416269247 50 2158 40 2122
417 -13.26373226355663 23.99042240723108 197.40333562197208 94 42 0 0.1398608680430441 50 2159 40 2123
418 9.0011419718940733 23.658840563250251 181.75543947392765 55 5 1 0.070162783847693047 50 2187 40 2126 41 2111
419 -45.888017519671379 25.21897507532373 213.43160385711349 150 143 101 0.045292869837208038 50 2135 40 2127 41 2107
420 29.060011621134123 27.770349162410952 201.91634805791571 106 80 39 0.083158095114138006 50 2154 40 2132 41 2112
421 -38.088483163526739 25.081531517723739 210.5437644417857 53 38 2 0.081525577722796505 50 4637 40 2136
422 -10.740860321884373 24.245768542845052 195.90904165911766 82 59 24 0.30459231156511524 50 2170 40 2137
423 45.283468945290132 29.957445660363373 201.69911917305251 27 25 5 0.21319736706596629 50 4649 40 2138 41 2126
424 -61.243752471273979 26.627243681859831 220.29234914595224 66 67 17 0.082508052092778075 50 2141 40 2144 41 2124
425 -61.158342781254007 26.81135769740564 221.439762179723 143 140 84 0.23222198787372775 50 2142 40 2145 41 2127
426 -43.713060879279503 25.682917206330767 211.92364884857577 35 6 2 0.11968981978820692 50 2157 40 2153
427 -9.531109247405416 25.203202524396882 200.03564973444711 83 64 58 0.19295470844440446 50 2182 40 2155 41 4633
428 36.267715021228028 28.320362988623007 193.89632347575176 133 72 77 0.22480999749286654 50 2189 40 2158 41 2133
429 -41.770000111755714 26.013983019638179 210.67479536699872 34 22 0 0.12342390182157614 50 2181 40 2167 41 2140
430 37.801642316421294 29.119734349803615 195.9657892692737 44 10 6 0.54627564613054047 50 2198 40 2169
431 51.1554025018294 31.475082732741807 200.65834408695841 58 39 4 0.17747808614674976 50 2193 40 2171 41 2144
432 7.9021039995616098 24.690526756240459 181.55767834637123 76 60 54 0.72506106320531283 50 2237 40 2175 41 2147
433 53.284592319251843 32.209758999076115 200.15993356075484 179 152 108 0.25341713297798812 50 2208 40 2181 41 4647
434 58.001867443561395 32.140290680844309 190.81452350972589 65 50 1 0.33901197003736533 50 2225 40 2183 41 2154
435 -44.412473317591108 26.830733562925332 213.11753089180795 128 109 97 0.26190079673415595 50 2190 40 2185 41 2157
436 -10.319285800627933 25.821976671807079 198.06690156301991 124 105 71 0.0959731020456875 50 2216 40 2186 41 2159
437 -50.510500244413521 27.412861692459462 213.92527772546131 135 133 75 0.093755733137962968 50 2201 40 2200 41 2171
438 34.821869243398581 29.88845301264244 197.57461105242291 160 100 86 0.0815311039198654 50 2234 40 2203
439 -57.034069358778979 27.925281662805485 216.34892120655115 125 118 75 0.36243889896051562 50 2200 40 2204 41 2176
440 -33.078280650887478 25.838444008308514 199.08102626041622 107 71 4 0.063535675121079091 50 4688 40 2205
441 -55.641711078738737 27.971522410009118 215.62278197679211 122 118 69 0.043534809689197811 50 2213 40 2210 41 2180
442 -43.06549354264753 27.118033961652259 210.09837762881875 125 117 80 0.11734156220038224 50 2221 40 2211 41 2181
443 -0.60901126245729365 25.453627484799316 184.60804698848392 84 65 39 0.10245448978892524 50 2260 40 2214
444 7.7155714930417023 25.901195628289351 182.38044013926742 39 2 5 0.25285244870968421 50 2266 40 2217 41 2186
445 -24.254564369215828 26.371052013581952 197.68140724877512 181 130 91 0.070526947945017668 50 2253 40 2220 41 2190
446 56.996906273648349 33.340427792265892 190.97656442779351 153 136 85 0.28852387170408372 50 2267 40 2226 41 2199
447 -46.8003664265376 28.16978113900527 212.23726099589362 38 33 0 0.15793674094646151 50 2246 40 2229 41 4667
448 9.3662968646366949 26.796904097768305 184.39834026626565 58 16 11 0.14625470759514447 50 2282 40 2231 41 2202
449 -59.691689943092264 29.261365613484035 217.59962791189878 112 117 70 0.22405659368271505 50 2245 40 2233 41 2205
450 -1.0690044967846857 26.036163282041084 182.92380414780129 133 116 92 0.41857595292206673 50 2291 40 2237 41 2210
451 -2.9237545250422095 26.643939531736766 188.20341423759271 57 42 4 0.18011585550575374 50 2286 40 2242 41 2209
452 -18.004076748716848 26.247693533863309 186.60785179473893 79 25 18 0.15758661794669937 50 2305 40 2252 41 2223
453 -50.80240329980834 29.436523968029388 212.34095811610979 28 26 0 0.37153787488376683 50 4710 40 2260 41 2231
454 -10.2316533603242 28.047323174437356 196.0307080501828 68 49 12 0.19294526110941623 50 2297 40 2261 41 2229
455 -1.7683494875567303 27.52169065588912 186.59439632994938 139 119 89 0.058731767104399181 50 2328 40 2265 41 2239
456 14.486303404754278 29.201901565677829 190.2927321159535 102 55 58 0.2366412076251804 50 2320 40 2266 41 2240
457 -28.850013740426505 28.265514665603479 200.09404038992892 21 23 0 0.19316543418891033 50 2304 40 2267 41 2237
458 -9.1256319053396204 28.245125195146638 194.13762877426819 36 18 1 0.15249771961208797 50 4731 40 2269
459 42.289955305734537 32.635811035965283 192.54835374839942 30 13 11 0.68803206920680804 50 4733 40 2270 41 2241
460 -40.96890165421641 29.602734529249393 209.28237333526172 142 134 88 0.09333621667021956 50 2302 40 2277 41 2248
461 -51.345368649859282 30.097057280115326 210.60886821101414 42 40 7 0.48094858705138049 50 2309 40 2281 41 2251
462 -8.170685457843641 28.489963306357804 191.21437279131803 56 36 4 0.40856387235914299 50 2339 40 2293 41 2258
463 41.671719137442103 32.757063886919241 189.37705310976207 81 51 55 0.21747430378131358 50 2342 40 2295 41 2260
464 41.671719137442103 32.757063886919241 189.37705310976207 81 51 55 0.21747430378131358 50 2341 40 2296 41 2261
465 -58.639004066450234 30.417276197263774 209.00103744629646 71 17 17 0.50342849963338587 50 2321 40 2297 41 2262
466 29.934894996488843 31.553712778924396 189.87654950311554 104 71 73 0.15357468571253527 50 4750 40 2300 41 2268
467 30.9403762834533 31.539674896394825 188.91494586993096 112 64 67 0.4681857553357176 50 2350 40 2301 41 2269
468 -64.482286992658729 31.72345760500011 216.60691534521212 117 99 67 0.30783650574179694 50 2312 40 2302 41 2265
469 -11.432217587985946 29.483123940315597 195.93950686113831 34 21 0 0.28175636325942832 50 2348 40 2309 41 2273
470 41.50076629261266 33.188885887379158 188.39014982429944 44 0 4 0.18686972934414933 50 2365 40 2312 41 2276
471 37.414490908833621 32.676835044333266 187.36173151168538 116 57 66 0.22162546328676769 50 2371 40 2321 41 2291
472 -4.013725759046932 28.694213136350161 184.83450609296827 147 129 89 0.44003330498749171 50 2384 40 2328
473 29.554185627239939 31.93420113773605 188.62169848244315 56 9 14 0.72723597812686835 50 2370 40 2331 41 2290
474 -27.377573436390254 29.9415967418546 200.6280677086788 26 25 16 0.58879164119266703 50 2357 40 2332 41 2292
475 -8.6824030724095476 30.09937436147737 193.20503074136809 34 22 1 0.21650481838292193 50 2389 40 2348 41 2312
476 -25.440159869987241 29.7947249155952 194.41289331447902 125 112 77 0.53527638468442573 50 2390 40 2358 41 2319
477 41.30277313723407 33.940682303658946 186.73385443946265 106 37 40 0.43103714377962554 50 2403 40 2360
478 47.242847749222896 35.559574544818588 189.63956249613855 39 14 12 0.49909330123437012 50 4791 40 2370 41 2331
479 52.756350372483126 35.964750858530877 184.14052801512284 55 40 16 0.082288829783845843 50 4801 40 2371 41 2337
480 -1.0083552581273152 30.778982753447131 188.45874919091463 129 115 95 0.21749269865607077 50 4797 40 2377 41 4739
481 46.222613356136328 35.468165982086148 186.6409039818237 79 41 47 0.1318876312262344 50 2420 40 2385 41 2347
482 43.182831814839439 34.655243066967799 183.72974889752106 117 32 45 0.19847319981764225 50 2432 40 2391 41 2346
483 -53.534623909092936 32.097238916984722 203.0826672720263 77 2 8 0.27174476763870198 50 2408 40 2393 41 2348
484 -27.891102964907606 31.553088101589484 199.19552822068243 29 27 23 0.10800679061266442 50 2411 40 2396 41 4747
485 -27.891889718828079 31.550523975683664 199.17968233517314 29 27 23 0.1198266563920999 50 2412 40 2397
486 -59.473152698164199 33.089587251995738 207.14889606616023 161 83 82 0.13709706421838727 50 4792 40 2399 41 4749
487 -11.407820047402149 31.581762423588444 194.02883521750687 29 8 0 0.14919687588045194 50 2427 40 2400 41 2357
488 19.088030179820223 33.269060170169816 191.6285661851187 60 34 24 0.17655426883702985 50 2429 40 2402 41 2356
489 1.6444519899709715 31.686746438469292 188.5348947871031 96 73 60 0.20714886145735498 50 2442 40 2410 41 2366
490 20.859594089329853 33.329951608745333 188.06370876185173 48 27 23 1.2148189232941387 50 2446 40 2414
491 32.571305655276404 34.718958208334236 189.25333933093663 159 106 91 0.1576718725385193 50 2444 40 2415 41 2371
492 -41.060435501884989 32.141143177515154 199.3214103747197 56 52 46 0.36080660990395896 50 2437 40 2416
493 22.570863319332528 34.165733140477919 191.99150388907375 112 91 91 0.27031946017011971 50 2443 40 2417 41 2372
494 -33.228611187545326 31.660874467514247 192.99888124691597 106 68 11 0.27724056556117721 50 2450 40 2424
495 -4.7813366541065871 31.651298639037876 186.4261454909074 38 33 0 0.1523029621195697 50 4836 40 2426 41 2384
496 48.488165147082597 36.629482617264536 182.17138460620757 236 192 191 0.28794607615286627 50 2465 40 2430 41 4779
497 18.992565860163189 34.287267757462033 190.9625782187793 160 141 129 0.2757039982991632 50 2453 40 2434 41 2388
498 48.739794553591217 36.593386080264168 180.90721048059314 120 73 72 0.47618886056571413 50 4848 40 2436 41 2394
499 29.766150086134999 35.432388051394433 190.46559314296823 89 64 64 0.67065029685070388 50 2460 40 2439 41 2392
500 16.909425733191132 34.220870618936878 190.50088631634884 75 50 35 0.098289357743241143 50 4840 40 2442 41 2396
501 52.417469072925847 37.769222762543961 182.48320405216694 54 31 40 0.037266553929165711 50 2484 40 2447
502 -59.466607620286581 34.942687002609723 208.38790791284472 138 65 64 0.091193549409695152 50 2449 40 2448 41 2401
503 -59.466607620286581 34.942687002609723 208.38790791284472 138 65 64 0.091193549409695152 50 2448 40 2449 41 2400
504 -4.6422818720507344 32.119262096284622 185.32923669014031 127 123 83 0.15023248348993942 50 2476 40 2450 41 2404
505 -33.259442498023049 32.591951514005039 194.44007164510012 167 129 81 0.11018919352294425 50 2464 40 2451 41 2408
506 18.748370501330296 34.744717464458461 190.84170851327343 40 26 13 0.26675465719508284 50 2469 40 2454
507 18.748370501330296 34.744717464458461 190.84170851327343 40 26 13 0.26675465719508284 50 2470 40 2455
508 -31.2439628087361 32.638540671575065 193.43471690897283 120 91 63 0.012024019229017186 50 2473 40 2458 41 2414
509 -28.59628581005191 33.910373903296325 201.414190683404 60 60 45 0.16368203413681728 50 4838 40 2459 41 2411
510 -11.826731470161951 33.270596300623197 193.48936875546235 116 87 66 0.14848149744104985 50 2474 40 2460 41 2416
511 0.38972688850523313 33.209011408631774 189.22782980013159 64 27 26 0.2445122034241895 50 2478 40 2462
512 48.309534611026777 37.199787650830721 181.37966035813574 95 46 37 0.19259886866403778 50 2496 40 2469 41 2422
513 -7.0780178249550767 32.966531480505537 190.19777764649399 59 57 11 0.39992284989035154 50 2475 40 2470 41 2417
514 26.20737500050625 35.490880577785298 188.90557732761928 113 89 81 0.21462829317794507 50 4852 40 2474 41 2426
515 45.585741407616993 36.94472892841862 182.41113158545468 192 132 127 0.23356882812067084 50 2495 40 2476 41 2421
516 -51.267698809572437 33.784751619209381 198.90503252491467 65 5 14 0.09755690791294222 50 2472 40 2478
517 31.019563697675306 36.479893607055686 190.83256737447854 41 22 24 0.10754394686910268 50 2488 40 2481
518 -7.636095845515845 34.120675240212691 195.01487339528728 102 91 58 0.23466995151068307 50 2487 40 2486 41 2437
519 18.317990705659277 35.244239153100175 190.87761265845722 188 174 160 0.091663040151660824 50 2493 40 2489 41 2430
520 18.317990705659277 35.244239153100175 190.87761265845722 188 174 160 0.091663040151660824 50 2492 40 2490 41 2431
521 -33.155629674290033 33.205483600459267 194.19288987552429 76 31 0 0.15311625902097734 50 2489 40 2491 41 2433
522 -33.155629674290033 33.205483600459267 194.19288987552429 76 31 0 0.15311625902097734 50 2490 40 2492 41 2432
523 41.890415377404345 37.509021570558254 187.44187651145575 119 62 38 0.024825699112410945 50 2503 40 2498 41 2440
524 47.850084354202913 37.548204017031949 180.45316611016952 180 130 117 0.02843847089389746 50 2515 40 2500
525 -8.9119124125282383 33.779678944613984 190.66508342485821 28 22 0 0.19094300848507739 50 2506 40 2503 41 2448
526 16.4472186268572 35.560706357806708 190.0009122048873 73 51 36 0.19910998545454978 50 4867 40 2507
527 46.692731920169834 37.807003560366098 181.48673594409487 231 173 171 0.13725816858697884 50 2520 40 2508 41 2455
528 48.770635708626358 37.854697869285175 178.92175335467189 126 78 74 0.24631634700563756 50 2526 40 2509 41 2459
529 24.382569472724537 36.531063315484879 191.12695970298543 55 33 31 0.30285578725565848 50 2509 40 2514 41 2457
530 49.928227411074594 38.123148371528131 178.99277841554064 146 102 102 0.42534916395191358 50 2527 40 2515 41 2460
531 -2.311837817152619 34.012619123199009 187.76402533024435 31 22 3 0.054838912674084327 50 4875 40 2518 41 2464
532 39.82629557827233 37.605748661998739 185.08644123746745 165 103 84 0.3459261106573765 50 2523 40 2521 41 2465
533 42.135024202473772 38.428042859614592 186.73023919043402 202 180 143 0.24717172860633152 50 2525 40 2526 41 2473
534 26.56072077865015 37.141144714332896 190.16052011208211 120 96 83 0.25817179724363243 50 4879 40 2527 41 2475
535 43.054567707383129 38.517701428763253 185.8926638877831 213 187 150 0.040842514907991151 50 2537 40 2528
536 -3.4834037011176719 34.532965480738291 188.05973216575057 129 122 78 0.055732749679025084 50 2544 40 2531 41 2479
537 36.060636310190198 38.144646151381075 188.50272336120113 218 175 152 0.1725757093499368 50 2545 40 2535 41 2481
538 27.720198452127626 37.591131278773076 189.55612961358926 30 22 9 0.22346215030085953 50 2553 40 2538
539 -37.09321495024291 34.863189960095319 194.58763956979575 166 120 82 0.2704543181216934 50 2549 40 2541
540 -37.09321495024291 34.863189960095319 194.58763956979575 166 120 82 0.2704543181216934 50 2550 40 2542
541 41.576594571893487 39.008180432026229 186.92413372743567 198 177 146 0.14459323704037996 50 2560 40 2545 41 2495
542 -56.349173547642906 36.033914470910453 199.59625094419513 222 138 138 0.48089428176017013 50 2539 40 2546
543 52.212659535287862 39.598473079497893 178.83377811231594 136 82 91 0.27045414694417985 50 2578 40 2550 41 2496
544 45.61661851432401 38.748755523203812 179.36506639451281 244 209 182 0.63059244592084462 50 2583 40 2557 41 2505
545 -3.0407035118652868 35.158288850874051 187.37942886318851 112 101 66 0.2012579812571792 50 4902 40 2558 41 4836
546 -63.039604554511712 35.999196006343404 193.41402432273571 94 75 59 0.10538887307173143 50 2567 40 2560 41 2506
547 -35.522291770740736 35.500140896929857 194.80707268950997 165 139 87 0.73818426455992858 50 4894 40 2566 41 2508
548 34.628137435848437 39.017520131797852 189.30110881763423 61 42 17 0.27368283284769107 50 2576 40 2569 41 2510
549 51.553815515484416 39.686930115746598 176.82772034498137 112 56 59 0.40381466094990248 50 4917 40 2570
550 -10.128711859263657 35.857908154769426 191.80254528357821 39 21 2 0.27634395772796472 50 2572 40 2572
551 12.341144118788216 34.433941990058152 174.73545975216518 154 150 103 0.14260560952393311 50 2613 40 2573 41 2518
552 38.611872177933591 39.753860243513444 189.16111889068944 147 117 91 0.15877850194567913 50 2589 40 2578 41 2519
553 -3.364513254538156 35.743120318251805 187.6345121940586 12 2 0 0.10443574721994409 50 2594 40 2579 41 4850
554 -36.296621565632798 36.2304259531901 196.08719205124791 172 141 85 0.46144240288258737 50 2579 40 2586
555 -24.993742611459254 35.587468934216751 190.12504050412295 133 128 83 0.78347904150348047 50 2601 40 2589 41 2541
556 -47.303145676000895 37.999836244038661 205.08261815786628 37 26 41 0.45526760724313803 50 2577 40 2591 41 2532
557 53.571373155834912 40.757013378913364 176.84802946089926 63 46 45 0.3307748876647173 50 2622 40 2598 41 2539
558 -33.449279743709759 36.459608259218996 195.34953981908424 84 63 11 0.16131099421567691 50 4915 40 2600 41 4861
559 -8.4352716223156694 36.767001001460855 191.42029963349651 37 17 0 0.24341676808349921 50 4920 40 2602 41 2548
560 -41.129614940722021 37.564560145279728 199.72087749967881 112 101 94 0.11953083759456939 50 2604 40 2608 41 2551
561 41.97543423294119 41.041763711905375 187.5256533318252 122 120 75 0.29879876424930579 50 4930 40 2611 41 2561
562 12.074655841734423 35.215930561675378 172.66760417063762 63 64 14 0.28155370962912196 50 2655 40 2614 41 2567
563 43.492117371901337 41.263292774173244 187.11756441325082 219 198 175 0.14201146827526989 50 2628 40 2615 41 2562
564 -52.799557294738989 37.54293005204584 197.16073087075785 124 39 48 0.14522457226582869 50 2616 40 2616
565 -6.3433872745932831 37.065717456222437 189.86062923493401 18 10 0 0.32683596796861697 50 2627 40 2617 41 2566
566 10.618202794222865 35.275376441823795 173.31760787383362 124 121 78 0.27675043172180663 50 2654 40 2619 41 2572
567 -36.31012996530233 38.064939847319856 199.02747223296888 48 25 0 0.26988466690315421 50 2619 40 2627 41 2576
568 -48.031654863126292 38.37116735003265 200.05637461634169 73 59 72 0.21484271002367247 50 2624 40 2629 41 2577
569 -50.104099737965797 37.967521911265784 196.93800224647765 72 66 78 0.36121358540752491 50 2633 40 2632 41 2581
570 -36.192019874761655 37.743675984854058 196.14148727841717 104 86 64 0.22356820161968596 50 2634 40 2634 41 2582
571 11.189112227376798 35.886578764344613 173.73318044221082 101 104 55 0.22076214842033354 50 2664 40 2636
572 48.98348834787484 41.389308761812885 178.44319795109317 220 196 163 0.17669954412839303 50 2662 40 2637 41 2588
573 -2.6944925988250659 37.435418013052093 186.9728434214006 24 14 2 0.15130743010937964 50 2650 40 2646 41 2591
574 -38.275604335950653 38.683485252307982 198.87367338455243 10 10 0 0.055399067469147932 50 2640 40 2653 41 2600
575 -38.275604335950653 38.683485252307982 198.87367338455243 10 10 0 0.055399067469147932 50 2641 40 2654 41 2601
576 41.293956903960975 41.437397570980188 183.41077297567389 119 121 89 0.24844494413029219 50 2666 40 2657 41 2603
577 48.274684714525009 41.912980230781535 179.77444020018314 162 139 110 0.32168055102075827 50 2671 40 2659 41 4893
578 30.108124045622187 40.581190531137871 186.27279704233217 97 81 68 0.15750735595223833 50 2665 40 2668 41 2610
579 49.18711274010014 42.218651048143542 179.47110832889697 161 139 106 0.308687739322485 50 2675 40 2670 41 2612
580 12.268750011515671 36.286277224023763 171.72144715432017 134 136 83 0.31388834839284335 50 2692 40 2671 41 2621
581 26.276101096243401 39.513242989176959 181.11557436282001 168 125 117 0.045398963303329758 50 2680 40 2675 41 2625
582 -3.9418462273177912 38.185073105591677 185.93850795675036 43 40 25 0.19069937616204105 50 2677 40 2685 41 2629
583 26.968664779575825 40.508708343237657 183.65226851187282 54 4 0 0.19013564624959756 50 2693 40 2694 41 2641
584 11.321463649540036 36.81264857524112 171.26821103277501 55 60 0 0.24959563759716788 50 2725 40 2697 41 2642
585 11.321463649540036 36.81264857524112 171.26821103277501 55 60 0 0.24959563759716788 50 2726 40 2698 41 2643
586 11.698237635455037 36.934508557772155 171.22582981988984 124 124 64 0.22806816497505222 50 2737 40 2699 41 2649
587 11.698237635455037 36.934508557772155 171.22582981988984 124 124 64 0.22806816497505222 50 2736 40 2700 41 2648
588 35.57187989052612 42.248348796189958 186.14866715501358 39 30 6 0.22702066937198431 50 2703 40 2701 41 2644
589 48.151917245082522 43.058609717388329 178.73012498337104 227 201 176 0.36263850549130366 50 2729 40 2708 41 2659
590 -55.268347766548359 40.53506867414098 198.86872974398557 98 23 28 0.14514790398711444 50 2683 40 2710 41 2656
591 -59.172808242777073 39.055546686612182 187.9181170435339 107 91 55 0.10647301407253258 50 2719 40 2714 41 2664
592 -6.8947950918333811 39.256285699100403 186.96365699886317 61 51 21 0.18715134159888222 50 2721 40 2716 41 2667
593 -6.0834933965092333 38.89243882720389 184.92441688043633 61 49 38 0.2921123154721707 50 2724 40 2722 41 2668
594 21.7054116265986 41.29495268676402 185.95534759500578 111 100 82 0.14140410461495398 50 2727 40 2725 41 2674
595 49.609669589800198 43.670572293748606 178.19501387991113 178 150 119 0.47428601536210557 50 2750 40 2727 41 2680
596 49.609669589800198 43.670572293748606 178.19501387991113 178 150 119 0.47428601536210557 50 2751 40 2728 41 2679
597 -52.908924157588963 40.825592813603699 198.18706880622887 42 13 35 0.71315640450734064 50 2707 40 2736 41 2682
598 -52.908924157588963 40.825592813603699 198.18706880622887 42 13 35 0.71315640450734064 50 2708 40 2737 41 2683
599 -51.279558619078465 40.74957803092142 197.82104077963018 32 29 44 0.29225786721225955 50 2711 40 2738 41 2684
600 -51.279558619078465 40.74957803092142 197.82104077963018 32 29 44 0.29225786721225955 50 2712 40 2739 41 2685
601 -42.980213841728428 41.121232681054792 200.22408810255774 33 9 10 0.46117322213196515 50 2714 40 2743 41 2693
602 -1.5870015275320779 40.206732428103585 187.20662051815896 38 17 6 0.091990004399450889 50 2749 40 2749 41 2701
603 49.513009237291008 44.146621989038373 177.93936790827999 225 196 165 0.41577943859997069 50 2765 40 2759 41 2702
604 -60.040137909379233 40.144645973563769 187.72807657230936 74 58 13 0.035552400554563289 50 2763 40 2766
605 -55.208330395533174 41.856663384920822 198.47510239331854 102 32 51 0.27411221129010938 50 2747 40 2770 41 2713
606 -57.412544068095187 40.336950338314537 188.39426597219196 38 28 3 0.56261846799471993 50 2766 40 2775 41 4960
607 37.358922767111387 44.281009934199822 185.31335262093143 23 27 0 0.24988196858661485 50 2776 40 2786 41 2735
608 -6.3346451463538651 41.037326048800388 187.92748300365105 33 13 0 0.15336584494802605 50 2779 40 2788 41 2742
609 32.268071907728832 43.432913712890191 183.75512512459414 22 14 1 0.56348155536281719 50 2783 40 2789 41 2740
610 20.098114802079106 43.085818259015362 187.00154822704502 78 68 67 0.11018300267215771 50 2784 40 2803 41 2756
611 -5.4483291124241182 41.683534233081787 188.31175852333521 31 11 0 0.26332500595878189 50 2792 40 2811 41 2764
612 1.8898896040507556 38.531969944441336 171.00646976941658 198 117 87 0.21053680337296243 50 2827 40 2813 41 2771
613 37.185362989342977 44.785591927473725 184.29767273973312 90 97 63 0.20326955922839232 50 2800 40 2816 41 2767
614 39.429288682584726 44.455632431912228 181.2580138375053 55 47 32 0.35729645972494262 50 2808 40 2817
615 35.584907843648615 44.635347070401259 184.14125961792178 35 31 12 0.24540131933374751 50 2807 40 2821 41 2777
616 23.610028308171579 42.734668163020565 180.9215811041361 174 141 91 0.20239277204275929 50 2816 40 2827 41 4982
617 53.367109150354686 46.746897482319554 178.29882328955034 140 114 102 0.19561924937071926 50 2830 40 2829 41 2789
618 -8.6324953321609428 42.253870465130504 190.12460078600469 25 9 0 0.016358661119262277 50 2803 40 2833
619 40.596228086098634 45.870797924309613 185.10169317557012 20 12 1 0.26589152193679977 50 2819 40 2842 41 2792
620 52.884539837318798 46.858355855299251 178.0701359616622 87 59 48 0.1684231414245527 50 2837 40 2844 41 2800
621 -57.648163303243734 42.414000850561322 191.50252730744913 39 32 3 0.375737623772949 50 5034 40 2845 41 2794
622 23.090947667047931 44.097339379802825 183.2682397102034 120 100 68 0.94722980680536339 50 2854 40 2870 41 5001
623 36.78741113664487 45.681989020561161 182.78544803007782 87 93 52 0.36650973689835947 50 2855 40 2871 41 2819
624 36.78741113664487 45.681989020561161 182.78544803007782 87 93 52 0.36650973689835947 50 2856 40 2872 41 2820
625 -57.231484512540035 45.288503190481116 198.90081859736586 29 6 5 0.10998705964657833 50 2857 40 2896 41 2846
626 -5.2624504278755015 43.585992026029132 187.66833526821452 34 17 7 0.052103601761380153 50 2881 40 2900
627 9.4659590208245579 41.335302294191266 172.36737216893982 127 132 69 0.13953970257650897 50 2909 40 2901 41 2860
628 -7.5823624536164811 43.405858225323655 185.42260127668203 30 9 0 0.26380673597750559 50 2895 40 2918 41 2872
629 20.159761442820368 45.502687606387433 184.69547468089516 26 14 4 0.15300400116344462 50 2905 40 2926 41 2879
630 -58.682927219709647 45.168776741865521 192.45151453024835 169 154 134 0.10722206841381816 50 2902 40 2936 41 2894
631 -6.2746112014972439 43.803247572231435 184.40733669666247 28 17 2 0.21357758946025962 50 2916 40 2942 41 2899
632 -63.372306489336566 45.203040147018257 188.68411432246916 127 110 73 0.061672581329076867 50 2919 40 2949
633 -62.33236924480078 45.297873492500671 189.91587440924857 82 73 46 0.25233940442401109 50 2917 40 2950 41 2908
634 -11.272742668642733 42.405607376447307 175.03944039733307 30 13 0 0.25669661094798102 50 2958 40 2973 41 2941
635 -4.5491002544483896 45.503835518897255 187.12667655023841 61 53 42 0.97570989699231347 50 2939 40 2979 41 2928
636 -57.598718160250279 47.408452923371712 197.21470233996908 139 116 113 0.089156954827487797 50 2933 40 2981 41 2949
637 20.253072991874681 46.730767099206929 182.71002461153574 65 56 37 0.20889832539245359 50 5140 40 2985 41 5078
638 10.857626216653648 44.169721843953944 174.74345085116448 77 75 53 0.10425375159914685 50 2971 40 2987
639 10.857626216653648 44.169721843953944 174.74345085116448 77 75 53 0.10425375159914685 50 2970 40 2988
640 16.251624979322582 46.957900059461132 183.70994510476029 20 4 0 0.19549544149713816 50 2967 40 2996 41 2960
641 -27.52649246443432 41.300840080631424 168.79286942423931 37 32 0 0.88394995105422769 50 2997 40 3002 41 2966
642 16.412319368872694 47.323705593868858 183.18804945097787 68 50 47 0.16294892167557457 50 2978 40 3014
643 0.57881777212656227 44.846195748044231 175.20542450717835 87 12 1 0.10600819061608228 50 3022 40 3034 41 2997
644 -20.570009621438274 43.726754035404284 174.808500042822 201 146 103 0.28425046013865291 50 3021 40 3041 41 2995
645 -4.4817552271084935 46.772681605497368 184.11025809371057 97 86 69 0.046475133083741925 50 5190 40 3043 41 3003
646 2.9878893764091088 44.380341197742823 172.22561680985726 171 115 77 0.067583813483775193 50 3041 40 3045 41 5106
647 -60.020683244083891 47.868964491697724 189.15980975376593 117 107 66 0.24601718032890343 50 3003 40 3047 41 2999
648 -7.3604641663854151 47.177364849865008 186.21151536124526 25 10 0 0.097277665933856103 50 3006 40 3048 41 3002
649 2.5219879933981217 44.807072645645832 173.57009865116063 82 28 0 0.27124341015741682 50 3039 40 3049 41 3011
650 14.996837130427977 48.347421766360604 182.88371782673704 23 7 1 0.31734435566651192 50 3033 40 3069 41 3031
651 0.39207319308517696 44.5881180230786 171.65835291346636 215 144 99 0.24476497758744684 50 3063 40 3074
652 13.540317930136352 48.151450981885233 182.28844064794956 32 12 5 0.33939544126344595 50 3043 40 3075 41 3030
653 -3.6268418772100981 47.592830403867694 183.99866687101064 37 14 1 0.11889001279841094 50 3050 40 3083 41 3040
654 -3.6268418772100981 47.592830403867694 183.99866687101064 37 14 1 0.11889001279841094 50 3049 40 3084 41 3041
655 0.56153368203919729 45.541992009975644 172.33675822436152 218 153 89 0.53637327515380373 50 3105 40 3102 41 3058
656 -64.050039750838479 50.311375706271711 190.35370282470601 65 48 11 0.24622068408994036 50 3077 40 3106
657 -64.116794240992803 49.917966490656475 187.8065668823491 65 47 3 0.19402185179951717 50 3087 40 3110 41 3069
658 18.823881341827086 49.891910338857471 181.10385973102336 33 12 3 0.45211585268660953 50 5223 40 3127 41 3094
659 -39.948766604362909 49.925691716185526 192.75664985212296 66 53 21 0.24762981032943865 50 3088 40 3133 41 3089
660 18.443960570892603 50.551291077027642 183.27698328555292 96 72 61 0.11566132351698037 50 5221 40 3138 41 3099
661 -30.419409738410106 44.730295859152037 169.92460042210146 55 48 7 0.37136103026345013 50 3142 40 3141
662 -4.729868012772636 49.534787889711517 184.56457909354901 41 18 3 0.10489313545755063 50 3123 40 3149 41 3114
663 -4.1547032375955748 48.823599219818142 181.46325310983238 90 64 39 0.23853769959015947 50 3128 40 3150 41 3115
664 9.8891913983459592 46.310950581312454 167.66738416710157 116 96 89 0.18795502434125164 50 3155 40 3152 41 3118
665 19.087315908627051 50.2728581146987 179.47273914196856 44 32 20 0.13612464168020288 50 3135 40 3154 41 3120
666 -60.290255946711326 51.886564113749984 190.32676819002603 27 17 6 0.14155990635690982 50 5237 40 3171 41 3138
667 -60.290255946711326 51.886564113749984 190.32676819002603 27 17 6 0.14155990635690982 50 5236 40 3172 41 3139
668 21.903921401701375 51.06871984129409 178.20536318670682 159 146 98 0.19985117341761466 50 3168 40 3176
669 21.903921401701375 51.06871984129409 178.20536318670682 159 146 98 0.19985117341761466 50 3169 40 3177
670 -10.58233625947981 47.272934736875222 171.93024469878375 43 23 9 0.36664043121786022 50 3193 40 3187 41 3154
671 -10.58233625947981 47.272934736875222 171.93024469878375 43 23 9 0.36664043121786022 50 3192 40 3188 41 3155
672 50.982534366508673 53.447542516493868 165.40835477788082 182 163 115 0.82260480715957163 50 3208 40 3189 41 5181
673 -21.81994439606942 46.894791170277529 171.86323354222822 201 144 110 0.60707002142461286 50 3189 40 3191 41 3159
674 -52.970243116635544 52.621694447095038 190.88976787848725 148 130 100 0.15866697197000504 50 3181 40 3216 41 3175
675 -55.033976483486207 52.760317210942191 189.82452339433581 69 53 10 0.4255687262985412 50 3186 40 3224 41 3183
676 -61.435567891677429 53.567184186988207 190.0494187664483 56 54 36 0.5522097368436385 50 3197 40 3227 41 3186
677 -51.287470629724872 53.431918600068762 189.04261881602054 26 9 1 0.33237447610877502 50 3220 40 3248 41 3213
678 -52.34789692139536 53.873444347302353 189.67183003435673 39 25 4 0.18420306688381949 50 3232 40 3255 41 3222
679 -54.538491654491352 53.833983866104241 188.13738673749381 45 15 3 0.19847602366641026 50 3238 40 3260 41 3230
680 -41.934175539022469 54.182921036682202 191.7682184303977 64 25 4 0.25017081816555503 50 3233 40 3261 41 3231
681 -50.70258660548113 54.256569810948001 189.57357362346352 31 1 0 0.14227556893265003 50 3248 40 3268 41 3238
682 -50.395953349772718 54.382566481457886 189.95468848219005 137 106 103 0.13969747649538 50 3249 40 3275 41 3242
683 -58.758450011400875 56.139423519690347 189.48184453907101 5 0 1 0.28010255579966237 50 5313 40 3298 41 5243
684 -53.551841645761982 55.035261747912244 187.29127270006674 13 1 0 0.31382773293713628 50 3280 40 3300 41 3266
685 -17.415976500026407 -27.17326616565262 228.72994334375684 23 13 2 0.2095930630783438 50 5500 40 3539 41 3500
686 -20.646052656257478 -26.864686998138215 226.90432032290832 206 184 176 0.28341977183492467 50 3575 40 3541 41 3503
687 -20.646052656257478 -26.864686998138215 226.90432032290832 206 184 176 0.28341977183492467 50 3576 40 3542 41 3504
688 -22.501014050309113 -26.897985883640789 229.31808098233964 34 23 20 0.28614343544933019 50 404 40 3552
689 -18.094311136274342 -26.266890460927971 226.00952977957405 133 109 101 0.12697541328782405 50 3584 40 3557 41 3520
690 -17.35365431828717 -25.238596029157467 225.459453848403 51 38 38 0.062216185400717862 50 3606 40 3584 41 3543
691 -14.644489277144535 -25.223741512214247 226.40504794819032 66 69 76 0.31600982300777652 50 3607 40 3587 41 3547
692 -16.674606582435615 -24.769719198783132 226.32972587845524 48 43 42 0.17086729044370688 50 3618 40 3600 41 3568
693 -19.72962372757484 -23.448852706295565 227.09910454789491 206 182 160 0.070037464095058247 50 3653 40 3627 41 3596
694 -18.601397525437044 -22.858480356589105 225.46446116026908 169 147 129 0.22301763993597198 50 3666 40 3642 41 3610
695 -17.044198261701638 -22.357812922466621 226.43885891127127 119 107 107 0.11748000595762688 50 3682 40 3658
696 -17.474489396836223 -20.900254512814477 227.17279362614838 137 124 118 0.22269452383110533 50 3721 40 3701 41 3672
697 -17.078319696820845 -20.075473157483948 225.92030339622218 79 68 62 0.22820081272308759 50 3737 40 3715 41 3684
698 -17.078319696820845 -20.075473157483948 225.92030339622218 79 68 62 0.22820081272308759 50 3738 40 3716 41 3685
699 -16.017938222836417 -18.871893564534641 228.82305412419493 70 70 78 0.31789242317701016 50 3773 40 3753 41 3720
700 -16.000039599042296 -14.623026036158855 224.26056822962326 206 173 175 0.22050459139696246 50 3869 40 3843 41 3814
701 -15.845124670827367 -14.780775424792861 228.14033214536343 42 21 24 0.12048094823188321 50 854 40 3846 41 814
702 -13.730972568839285 -14.112643574175616 223.19574583488594 207 171 170 0.073187896923095894 50 3875 40 3855 41 3828
703 -17.996601764769188 -13.373607755650079 224.67198966348587 242 221 196 0.11428422212325194 50 3889 40 3874 41 3840
704 -17.862064816737824 -12.187873954979311 220.5184174054063 176 147 125 0.12948851103044401 50 3926 40 3893 41 3859
705 -12.066159876345932 -12.244326045932388 222.31828326535106 253 237 222 0.051545480651643112 50 937 40 3895 41 3860
706 -27.550399529560284 -12.760173916934866 228.5254183665252 214 181 171 0.28320232391602379 50 3919 40 3898 41 5613
707 -26.630271157863845 -12.486778968120289 227.0851484979888 216 192 184 0.094614738389999856 50 5685 40 3900 41 5616
708 -4.3494086370904892 -11.32768642367534 220.93184091446261 80 64 49 0.21520990953454197 50 3933 40 3906 41 3872
709 -6.3258036244206828 -11.593510999764204 224.72802255374847 55 39 32 0.13341658036921691 50 3930 40 3908 41 3877
710 -26.679648772209848 -10.801666121369497 227.30567640213357 226 200 179 0.30429849777597529 50 3961 40 3948 41 3921
711 -15.126229798120345 -10.34173463774022 224.36381446499118 183 153 125 0.020410475951009335 50 3963 40 3954 41 3924
712 -25.339584815745148 -10.527440588370448 227.39626877197472 221 195 172 0.075218067063068092 50 3965 40 3957 41 3928
713 -24.380735502396821 -10.37389526644076 228.09139201420973 189 166 137 0.30763555151064947 50 3968 40 3958 41 3935
714 -0.68693657357238946 -9.1902324218186138 219.96246827738526 65 38 28 0.11883190042947948 50 3976 40 3960 41 3933
715 -0.68693657357238946 -9.1902324218186138 219.96246827738526 65 38 28 0.11883190042947948 50 3977 40 3961 41 3934
716 -16.738417301182057 -9.9044130316598409 223.40431203705347 234 201 176 0.19789106000463033 50 3975 40 3966 41 3937
717 -1.5708547866405735 -8.7102703640512047 219.12494471602403 57 37 30 0.067814798964376533 50 3985 40 3970 41 3945
718 0.12417132175702932 -8.5147203836301166 218.54529722154717 61 44 45 0.028070974146029565 50 3988 40 3971 41 3946
719 -8.692393581882099 -8.6197439307237644 215.29308717878652 197 170 154 0.63117186537949233 50 1064 40 3975 41 3951
720 -24.933109956377798 -9.4391994943415991 227.11104345354298 236 205 186 0.22743330791319136 50 3986 40 3976 41 3955
721 -24.933109956377798 -9.4391994943415991 227.11104345354298 236 205 186 0.22743330791319136 50 3987 40 3977 41 3956
722 1.7944224749387085 -7.4472548380034542 216.18100194263195 87 63 55 0.019824524400408852 50 3999 40 3984 41 3964
723 1.7944224749387085 -7.4472548380034542 216.18100194263195 87 63 55 0.019824524400408852 50 3998 40 3985 41 3963
724 2.622621600764397 -6.9847615544395243 215.21863347769278 76 61 50 0.039144837137384071 50 4009 40 3991 41 3970
725 2.622621600764397 -6.9847615544395243 215.21863347769278 76 61 50 0.039144837137384071 50 4010 40 3992 41 3971
726 18.024795075641492 -5.8394638671035848 215.35013946809531 160 137 122 0.17593397009424505 50 4004 40 3993 41 3972
727 22.410792114028464 -5.4456587711892182 215.46096985939732 112 110 122 0.20607661843830502 50 4005 40 3994 41 3973
728 -12.458428224151469 -7.9221192575722643 222.06412885342002 140 108 85 0.2708366131406344 50 4003 40 3996 41 3977
729 -3.2859137654825465 -6.9915673769816618 210.09829375606566 239 198 196 0.18210626766514645 50 4017 40 3998 41 3979
730 1.2574506042972899 -7.0030919539207588 216.75414093631252 202 191 180 0.053150193391482581 50 4013 40 4003 41 3980
731 5.8048052973684374 -6.2587861306949373 211.16944659811952 42 33 30 0.018484344149540369 50 4023 40 4007 41 3988
732 22.652609970661523 -4.8696106223839051 214.14256335980173 62 60 72 0.3735296523996357 50 1110 40 4008 41 3989
733 22.652609970661523 -4.8696106223839051 214.14256335980173 62 60 72 0.3735296523996357 50 1111 40 4009 41 3990
734 -16.80525827305372 -7.7889267178507264 224.75427652674611 206 170 146 0.22302055952963931 50 4011 40 4013 41 3994
735 -1.3462658409493982 -6.2130897261093203 209.22455987524629 234 223 208 0.049950944321705527 50 4034 40 4020 41 3996
736 6.6756562452364587 -5.6780806258838394 211.96666311560517 45 36 26 0.034317076595010605 50 4035 40 4023 41 4000
737 -21.638174364681955 -7.4162384903204446 225.81398513868885 206 182 158 0.17563689590012674 50 4022 40 4024 41 3999
738 -24.820329819638228 -7.2342809595558606 224.25237605720673 228 195 170 0.63583571032775132 50 5750 40 4025 41 5677
739 5.0303645170831182 -5.6076778067104067 212.77005905197271 62 39 38 0.11052022896888099 50 4038 40 4026 41 4005
740 22.616480656066468 -4.0634201711185227 217.09046617953911 109 109 121 0.069252286188839218 50 4039 40 4029 41 4006
741 -28.926248863241021 -7.1610302144166811 230.85173930143898 48 23 7 0.062494511977429591 50 4031 40 4032 41 4011
742 -0.76945278293507424 -5.2023452185061547 205.90164561645233 214 158 152 0.1857365097133731 50 4054 40 4033 41 4013
743 8.5215402201234554 -4.3160177535003514 208.79007908356121 29 18 19 0.15262805942402297 50 1172 40 4037 41 1133
744 20.203099825212309 -3.5751204358212689 214.56980905295939 98 101 112 0.059997682936250157 50 1164 40 4038 41 4018
745 -15.344687499880667 -6.0891583744441773 224.39406735283779 238 210 197 0.061337623945879861 50 4047 40 4039 41 4020
746 6.280127459230342 -4.5304551447678394 210.75517614490789 64 40 38 0.16624758592546954 50 1168 40 4040 41 4021
747 6.280127459230342 -4.5304551447678394 210.75517614490789 64 40 38 0.16624758592546954 50 1169 40 4041 41 4022
748 9.5791086428962124 -3.9342537416199019 209.1147958203986 35 15 6 0.66121851953710786 50 5769 40 4042 41 4023
749 -16.789929286542414 -5.6150556585197426 223.894773861402 29 13 9 0.1170072989568831 50 4055 40 4044 41 4027
750 -15.886950178988014 -5.5562406822144714 224.71232755448349 39 13 8 0.19295102978731551 50 5764 40 4049 41 5693
751 1.6061999226970645 -3.6471169714959788 205.16045149573847 224 180 179 0.11086764781564253 50 1197 40 4053 41 4035
752 -16.52132648254743 -4.9728518162134216 223.80898489266733 212 193 182 0.30488337807700416 50 4072 40 4054 41 4036
753 -6.3818157342484421 -4.3181702114782938 215.34976902060788 248 218 198 0.20082158650317936 50 4077 40 4055 41 4037
754 10.087122808952849 -3.0016078089472233 207.17035653414203 31 24 34 0.073698589299350678 50 4079 40 4056 41 4042
755 -17.828880599489686 -4.9320241397064857 224.87762014814271 182 148 126 0.18296455914700083 50 4071 40 4059 41 4043
756 -11.645590874240488 -4.6952080296260501 222.39028975933502 242 224 205 0.046576696145842707 50 4073 40 4060 41 4040
757 -7.3047877034697279 -4.283241976315896 216.69714280928102 157 129 102 0.080117170194066348 50 4076 40 4061 41 4041
758 1.1855817740815211 -3.2076490609314039 204.89515280713496 37 6 0 0.10537584303057178 50 1213 40 4066 41 4046
759 2.6245532912262175 -2.810582239491048 203.29140639991638 206 137 134 0.037769329200170398 50 4094 40 4069 41 4054
760 2.6245532912262175 -2.810582239491048 203.29140639991638 206 137 134 0.037769329200170398 50 4095 40 4070 41 4055
761 -6.5548931691137691 -3.6843380328400337 214.82103469935615 161 128 103 0.31095185761116656 50 4080 40 4073 41 4053
762 17.575340824144895 -2.009533417247825 213.4074711089022 78 81 92 0.065631509050811249 50 4084 40 4074 41 4056
763 -32.91259279907635 -4.6319897795548171 230.38950080677034 85 9 12 0.12238585032259726 50 1191 40 4075 41 4060
764 -17.410279029126006 -4.2690950458056234 225.33662668112012 169 136 115 0.10170860383018694 50 4078 40 4076 41 4061
765 -1.2776711269709748 -2.7248378227692549 206.10878536060062 187 158 138 0.15433834583580708 50 5784 40 4080 41 4062
766 -4.2876463091259618 -2.9313689968259204 213.40525022678202 242 206 186 0.18025482519232472 50 4096 40 4085 41 4063
767 7.7168663019303914 -2.0489011530188934 208.6473032162329 82 59 58 0.070221866361885946 50 4099 40 4086 41 4064
768 -33.641391141358504 -3.9837992520983971 229.96771712112786 80 2 8 0.3149121603681786 50 4085 40 4087 41 4065
769 -35.174113439668012 -3.130121693851343 227.67904435304391 99 1 4 0.12304183695387326 50 4098 40 4094
770 -12.9075915899477 -2.748077925544731 224.02856250396036 181 154 122 0.20067833745916905 50 4103 40 4095 41 4071
771 2.5031087508807932 -1.2706192853535689 203.32500853934184 238 207 184 0.033668583686900594 50 4126 40 4097 41 4073
772 17.001617501366511 -0.36986734969854379 213.80661646221694 87 87 97 0.053149632105998955 50 4118 40 4098 41 4074
773 17.001617501366511 -0.36986734969854379 213.80661646221694 87 87 97 0.053149632105998955 50 4119 40 4099 41 4075
774 -9.4594414702024299 -2.1460232144418971 220.13117979555511 250 226 202 0.30562355379801237 50 4114 40 4100 41 4076
775 -35.964387217617677 -2.5706208119626064 227.322582669783 73 15 15 0.32776533040768124 50 4113 40 4101 41 4077
776 4.3637399542332638 -0.43938147588237836 201.05131393982271 220 181 169 0.45415015279931126 50 5810 40 4104 41 4083
777 15.717228398299644 0.23901354039526473 210.97784924623923 89 87 95 0.23256411623263251 50 1265 40 4105 41 4084
778 -24.041166251080227 -2.0939217696043744 229.70968523170498 176 146 120 0.22792638026068099 50 4121 40 4106 41 4082
779 35.424317597362936 2.5568456819535084 209.29389931788188 34 20 20 0.12888985263495237 50 4136 40 4109 41 4087
780 -7.0151504885878158 -1.1331582254620454 217.58957330372797 41 8 1 0.09159780159998733 50 4132 40 4110 41 4089
781 -13.988940739935545 -1.4383251020463099 225.6338925985161 168 132 103 0.15324208543390563 50 1258 40 4113 41 4090
782 14.474397814564773 0.66972929620496624 210.83249985864668 85 85 95 0.32562179499523797 50 4143 40 4118 41 4094
783 20.487618589749822 1.2218778361928697 215.96228637513977 78 78 86 0.096481405390021258 50 4139 40 4120 41 4095
784 -24.346212619841424 -1.3996082296387098 230.21498202003619 223 193 167 0.11870793330761287 50 1261 40 4121 41 4097
785 -13.263386686010044 -0.73458814366280856 224.57097214055801 204 163 134 0.30321252378727565 50 5807 40 4125 41 4102
786 -4.924239622132526 -0.22930551308994196 213.03333801612396 254 224 198 0.2621209333173779 50 4151 40 4126 41 4103
787 1.1341674530712775 0.31671403582685204 206.05884781155467 229 192 179 0.19722107494187982 50 4164 40 4129 41 4107
788 -50.09818887261644 -0.60757343780095552 224.56178901273344 24 17 17 0.69898230894134838 50 4145 40 4130
789 12.845053043869893 1.2297414406177545 211.18781160023391 72 72 82 0.028020761983635081 50 5816 40 4131
790 -22.080190055495866 -0.67231818980969982 227.45519696602295 205 176 152 0.071731777000029764 50 4146 40 4136 41 4112
791 -0.94449368650834353 0.37519460371108998 208.5615344461572 182 150 136 0.15119525909823242 50 4165 40 4137 41 4113
792 -52.831225597670795 -0.33574193767303734 228.17301669600815 33 19 21 1.8253945964039224 50 4148 40 4139
793 14.169477005481125 1.6411656976518589 212.60167045504096 65 64 79 0.12883802436834302 50 4166 40 4140 41 4118
794 15.031831963763651 1.8799118848837799 212.33660605890987 35 35 47 0.24965339875247453 50 4167 40 4145 41 4127
795 19.106586125022677 2.1789595460429494 216.08836559940548 31 29 37 0.21880779447684029 50 1302 40 4146 41 4128
796 22.28482233305116 2.6884984847759599 218.07671071758398 93 93 103 0.095297113144661771 50 4168 40 4149 41 4132
797 14.518388898898202 2.164965473165398 212.01892341798415 121 123 137 0.073472650495346084 50 4176 40 4151 41 4134
798 15.520899378528998 2.1884064953698501 211.34005284828504 91 91 101 0.17379415108746685 50 4173 40 4152 41 4135
799 -52.613996880226487 0.41465763247584997 226.32382087159633 164 144 137 0.20452107079949103 50 5818 40 4154 41 4136
800 -2.759936784684808 1.4661290440742161 209.79885787087025 246 220 199 0.11804032275856791 50 4184 40 4160 41 4142
801 40.101566275029995 5.6249165491577182 204.87344262446908 134 103 83 0.11049898332200725 50 4189 40 4161 41 4143
802 -30.655016233532184 0.79182972914311744 230.58443036209647 107 88 84 0.20425207446834795 50 4175 40 4166 41 4146
803 13.43857296176593 2.8840905177495033 211.29587948313966 109 111 124 0.10180093369906888 50 4188 40 4167 41 4148
804 12.588294016512533 3.087778665229405 209.9630696287085 104 108 110 0.13879046883057117 50 4190 40 4170 41 4150
805 -7.3259905527295333 2.1631337465361438 218.2112027495061 243 215 186 0.068086967770041668 50 4191 40 4174 41 4157
806 24.027263425353492 4.6236448599028179 224.01195938565834 46 45 55 0.95374260173386505 50 1365 40 4181 41 4160
807 6.1689268146272145 3.6199993840929108 201.30112091403942 208 174 156 0.31687533951920105 50 1403 40 4186 41 4172
808 -49.809775670392369 2.4433540350271001 221.23555481969447 50 38 43 1.7249802862543016 50 5846 40 4187 41 4167
809 -31.301030862756942 2.2254952711496077 230.72056672915105 154 137 129 0.23340579322480368 50 4192 40 4188 41 1350
810 -21.021162783482286 2.3607500117859295 224.90123560041266 163 133 107 0.15302411195894505 50 5845 40 4189 41 4168
811 -9.6218112274525875 2.8528466777347701 221.38310017577447 160 122 96 0.033362769150803495 50 4198 40 4192 41 4173
812 -6.9895887733032582 3.1382285258853142 216.14746199369807 59 28 5 0.075428304212889499 50 4202 40 4193
813 31.237218932280975 6.312296779113173 207.45577380775421 77 44 37 0.46343573550214584 50 4209 40 4194 41 4177
814 32.906869430081741 6.6537102943903275 207.09688880156264 98 67 55 0.28011755199667415 50 1419 40 4196
815 -16.603726238851145 3.0274810883521242 225.91047282250551 103 82 67 0.14882225880467337 50 4200 40 4198
816 22.360648456535639 5.6189956132787398 220.44377318527373 30 33 40 0.10841361075070351 50 4203 40 4200 41 4180
817 -17.81821404729061 3.6416447780576586 226.04121775422072 188 166 146 0.092684816103034973 50 1401 40 4205 41 1384
818 8.1536271660536013 5.1271903374591847 198.92013183013026 222 185 170 0.20983424500700379 50 4227 40 4208 41 4187
819 -49.579682415778841 4.0997746104918864 222.52237390572546 70 62 68 0.4258471648416155 50 4214 40 4209 41 4188
820 10.33279481108484 5.548227992684053 200.10726099856532 87 50 51 0.077680193333214284 50 4233 40 4210 41 4191
821 34.571789472265337 7.9396450053823955 206.41373064419093 117 94 81 0.12982285384653255 50 4226 40 4211 41 4189
822 -51.852869551198459 4.2678466572046085 226.33620743039066 104 84 77 0.21936915478400132 50 4213 40 4213 41 4190
823 -16.233446484000673 4.4773822804426029 226.69122312893171 201 173 159 0.19204591778272753 50 4216 40 4214 41 4194
824 -52.168389479574302 4.49191410336506 223.87078413604121 148 124 114 0.3052722563242789 50 1429 40 4216 41 4197
825 -7.7894163445794131 4.8138619528284323 218.8579715250124 217 176 147 0.10551454837402292 50 1431 40 4217 41 4198
826 6.26133353610917 5.5338862386807115 199.44656711875797 154 116 95 0.021832441755958637 50 1471 40 4220
827 6.26133353610917 5.5338862386807115 199.44656711875797 154 116 95 0.021832441755958637 50 1472 40 4221
828 40.133640738561255 9.0909412409401806 203.9513723791938 140 119 78 0.91040353318252853 50 5892 40 4222 41 5816
829 -41.779078111925443 4.5559871811918651 222.50752218977834 17 23 12 0.38558110483932889 50 4225 40 4224 41 1403
830 20.796407297024228 7.0035036093951968 214.04578364267476 139 132 131 0.05670354229630975 50 4228 40 4225 41 4201
831 3.4449194219259995 5.539919976623108 202.60529592656712 58 17 1 0.10725092831143872 50 1469 40 4229 41 4203
832 3.4449194219259995 5.539919976623108 202.60529592656712 58 17 1 0.10725092831143872 50 1470 40 4230 41 4204
833 -28.347349752507387 4.7382158138631407 229.89546315061531 35 12 11 0.36920701023915986 50 4223 40 4231 41 4205
834 3.9110316055265093 5.8144128078828956 202.88968466093471 212 169 150 0.13364068440277532 50 4249 40 4232 41 4210
835 36.877750462220369 9.1229964193058226 206.99490183038466 71 50 37 0.07819452633382433 50 4245 40 4233 41 4213
836 -6.6245743416252409 5.7258170259963519 216.47764261374093 220 184 160 0.24596665082548003 50 1468 40 4238
837 13.101994327392664 6.8615109490377524 213.17447571139974 71 75 80 0.076158267319229575 50 4242 40 4239 41 4216
838 -57.376708825094568 5.5953926798138047 227.7674563906115 60 26 1 0.1883803345197658 50 1456 40 4240 41 1423
839 -21.105194231901091 5.3955731998955763 226.86358954280843 178 162 145 0.024462448227982245 50 4232 40 4242 41 4219
840 17.121878199157685 7.3509781088478379 215.08580965805763 74 74 82 0.35668857728508324 50 4243 40 4243 41 4220
841 -21.913100764767425 5.428861668732484 228.78323124378244 58 42 24 0.077267030139888379 50 1451 40 4244 41 4218
842 -25.405135201190852 5.4716878162010207 227.79462355032842 31 12 11 0.086922146786215293 50 4235 40 4247
843 -52.804733485660662 5.8073313209130442 223.44472461366107 173 136 127 0.21752023205586721 50 1475 40 4249 41 4224
844 -36.214774194317044 5.6176271590541367 221.87985761002849 193 177 158 0.20887586668429017 50 4248 40 4251 41 1439
845 -22.112580331168431 5.8202444397092883 226.1293732343442 129 116 109 0.13338805424073738 50 4240 40 4252 41 4226
846 -6.9930666226281106 6.1975551792946186 215.99424490180863 102 66 40 0.063343483683785631 50 1487 40 4253 41 4228
847 -58.226778395749854 6.2992703382235939 228.06081535321906 58 32 1 0.070416860702835093 50 4246 40 4254 41 4229
848 -49.646971388173881 5.9884240823893817 222.97527465309892 85 75 79 0.088759599662929498 50 4257 40 4255 41 4230
849 0.30200495293179003 6.6211656471123765 206.65699615251671 196 158 141 0.4242085521435312 50 4279 40 4256 41 4233
850 -46.924453078683179 6.0512011389439513 228.1568064753219 46 47 38 0.20987011628089239 50 4247 40 4258 41 4232
851 -20.152620681310214 6.3872193331196447 227.47142648684652 160 143 134 0.078325361494902865 50 5902 40 4264 41 5833
852 -18.015838523759374 6.3707652629587725 227.00367069984003 154 134 127 0.12189847847161302 50 4258 40 4265 41 4234
853 16.978293002924314 8.2650016157456143 214.68152278592189 57 57 65 0.52139531515306226 50 4278 40 4266 41 4238
854 -50.215532313651046 6.4222043413059016 223.45020179867473 38 26 28 0.13514269488639449 50 4266 40 4270 41 4240
855 -28.057942602859999 6.3483337155870201 229.07262847670532 16 11 10 0.058513012736643645 50 4261 40 4271 41 4241
856 -38.190169515934954 6.3807790779466549 223.82320330998144 131 124 83 0.29245463061801108 50 4270 40 4274 41 4244
857 -38.190169515934954 6.3807790779466549 223.82320330998144 131 124 83 0.29245463061801108 50 4271 40 4275 41 4245
858 32.990249369620962 10.113497211178982 208.64033618058752 70 47 32 0.054866101940713764 50 4286 40 4276 41 4246
859 -0.24753733717504314 7.359189334956457 207.44291649794718 242 205 192 0.25381651246648751 50 1522 40 4278 41 1482
860 -7.0580487168990649 7.5049721206720328 217.17926248821857 233 198 171 0.1215514157397093 50 4292 40 4284 41 4252
861 6.7428134458419668 8.0223980498158252 200.46303212704973 191 151 135 0.28123000229650413 50 1542 40 4285 41 1496
862 30.780301383387375 10.292690676772535 206.19864000854869 47 27 18 0.25165496241049057 50 1532 40 4286 41 4253
863 -19.125819222027605 7.3181625267975043 226.42983580371308 32 19 13 0.52022832350227832 50 4285 40 4287 41 1489
864 -16.85609348127057 7.3426858620777704 226.22006497552451 177 156 145 0.11680381013087804 50 4282 40 4288 41 5853
865 -16.85609348127057 7.3426858620777704 226.22006497552451 177 156 145 0.11680381013087804 50 4283 40 4289 41 5854
866 9.5269413336998774 8.3305684999739054 199.78745414406916 214 188 176 0.10785956487106967 50 5932 40 4290 41 4254
867 -43.773306831558045 7.5641476526346283 226.85804522826228 48 32 17 0.35580046878253974 50 1520 40 4293 41 4258
868 -52.425776138800948 7.8524021179480039 222.13661234482871 69 46 45 0.29905015870627238 50 1531 40 4294 41 4260
869 -36.745230380011805 7.6828590444595859 222.57163131606933 134 129 90 0.045089608361295004 50 4295 40 4298 41 4263
870 1.5523274760709995 8.3599250986194544 204.67442512808083 153 106 97 0.13685083649957705 50 4307 40 4300 41 4265
871 -39.948772713238526 7.8428778748605001 223.70522732298144 175 136 109 0.22473021030403376 50 4296 40 4302 41 4267
872 -54.499800614109269 8.4904688822216006 225.89716007250001 66 56 54 0.2087700950820959 50 4298 40 4306 41 4272
873 -13.089238915659989 8.5695546522781711 221.79431017071019 34 14 0 0.23556500763356922 50 4299 40 4307 41 1534
874 37.0548049476877 12.339369103483603 206.69524282904129 39 23 8 0.18128856707278715 50 1583 40 4309 41 4276
875 38.471491470569809 12.482514097762289 203.60427706651839 162 133 80 0.52349339871270784 50 4317 40 4310 41 4277
876 -54.768508550817046 8.769742430333535 223.71062896470303 56 54 50 0.3435597345802735 50 1565 40 4311 41 4278
877 -16.10293207244051 9.1008866895579938 221.83179466475536 131 115 100 0.19087864053261969 50 4313 40 4316
878 32.10341720263996 12.313847808239986 207.83273884359923 49 26 15 0.20169285460379507 50 4324 40 4317 41 4283
879 32.10341720263996 12.313847808239986 207.83273884359923 49 26 15 0.20169285460379507 50 4325 40 4318 41 4284
880 -8.9255113344006229 9.4430208823016386 219.63098979335996 50 19 7 0.23242497575782042 50 4316 40 4321 41 4289
881 -0.78676911373435321 9.5761928759388368 209.96106696995079 251 225 213 0.24775636015923844 50 1589 40 4322 41 4290
882 -58.564925794986188 10.070336911940826 223.99592616839485 33 20 19 0.26829135843417679 50 1595 40 4332 41 4302
883 -56.752427094346814 10.054862279888175 225.50719336899732 34 24 19 0.2581160086873015 50 4326 40 4333 41 4303
884 21.622811219538427 12.121334248941192 213.71800099673214 31 9 3 0.13052111678950248 50 4334 40 4334 41 4305
885 -59.23249729594324 10.798644906942044 224.50602765683993 68 59 55 0.085752925279092826 50 1611 40 4343 41 4313
886 29.4924348430512 13.523082626441226 210.15842065483909 35 19 15 0.27254937715179045 50 4346 40 4344 41 4314
887 -37.273149296959133 10.473610108402976 221.63998402372195 29 29 9 0.19034663975143415 50 4340 40 4345 41 4315
888 -11.631822645932159 11.025822501772758 220.16968662238187 108 105 61 0.088056391458832095 50 4341 40 4347
889 -10.176767624855968 11.261514086230187 217.93647978023449 107 107 64 0.22992563030192056 50 4351 40 4350 41 4319
890 42.384867734412062 15.448917566252364 205.28381474391148 157 137 90 0.23864739374203339 50 4359 40 4351 41 4321
891 -55.954859038200681 11.45299844675182 223.43062735718166 104 85 81 0.64071905384686323 50 4352 40 4354 41 4325
892 3.3358646039423814 11.626167373995349 203.70023274790302 202 156 147 0.061428983779088862 50 5976 40 4355 41 4328
893 6.9517937526124509 12.067469431589519 202.26308088829111 149 83 76 0.29783425138982927 50 4371 40 4360 41 4330
894 6.9517937526124509 12.067469431589519 202.26308088829111 149 83 76 0.29783425138982927 50 4370 40 4361 41 4331
895 -56.171192212550842 11.840223426605171 226.99273394378872 69 52 44 0.32759398338509477 50 4353 40 4363
896 7.4872717865801572 12.115178449416025 201.66930477418072 215 153 156 0.15953019594588366 50 4372 40 4364 41 4332
897 -24.417372749371648 11.491105286858712 217.94383363015595 89 54 14 0.25854981078597256 50 1659 40 4366
898 -20.034983400426228 11.412048941874376 213.89770225562469 124 75 69 0.14689641575397436 50 5973 40 4367 41 5909
899 8.978491502856027 12.306739283978427 201.18624247041691 242 211 201 0.15096898754800914 50 1686 40 4369 41 4333
900 -33.419282496300639 11.457081378130281 217.94515315041698 57 29 1 0.17981070152514497 50 4365 40 4370 41 4334
901 -60.890762346375652 12.253671665921845 222.66567866361652 115 97 89 0.38226864100535085 50 4361 40 4373 41 4339
902 -60.890762346375652 12.253671665921845 222.66567866361652 115 97 89 0.38226864100535085 50 4362 40 4374 41 4340
903 -24.834290388365709 11.638396880593953 216.61109104671783 181 141 97 0.081597033952218997 50 1670 40 4375 41 4337
904 12.925539963187692 13.046190046661064 203.25440967408977 28 22 28 0.51742961595909898 50 1692 40 4376 41 1661
905 23.603515271709796 14.219135095543363 208.97202115850931 69 7 13 0.026138443444166649 50 1681 40 4377 41 4341
906 -38.805132685293103 12.195333555668809 221.73298672310787 65 57 49 0.11731101920304325 50 1678 40 4387 41 4351
907 14.27282185043406 13.595048924893863 202.09684015321142 32 30 40 0.6204380634144645 50 4387 40 4389 41 4352
908 32.83099487967614 15.849765539538234 205.24031795096181 74 59 21 0.11005591001632647 50 4389 40 4391 41 4354
909 -57.462571120938733 13.262128225906631 225.39376412106651 43 34 21 0.14107963042138047 50 4376 40 4392 41 4355
910 -36.003934090657154 12.812444817975555 219.08067004674683 72 53 44 0.30927531075463827 50 1706 40 4393 41 4356
911 7.3712481446552474 13.557649426576907 200.19375648895345 154 92 83 0.10970255938328155 50 4398 40 4395 41 4360
912 7.3712481446552474 13.557649426576907 200.19375648895345 154 92 83 0.10970255938328155 50 4399 40 4396 41 4361
913 13.328449977052234 14.211213917149715 204.66156351026004 43 31 31 0.037746288219463943 50 4397 40 4397 41 1688
914 3.7606771240062105 13.910263946742214 203.87312686717718 44 11 7 0.16540797555322598 50 4402 40 4402 41 4369
915 46.050822199184431 18.169858507494197 201.73236006445782 206 180 89 0.14017741666204531 50 1759 40 4404 41 4365
916 32.595245599940682 16.870311244069836 206.10081158217727 140 126 81 0.19266479770998554 50 4403 40 4408 41 4372
917 -33.594819623484284 14.129406423720999 217.15400818943246 66 38 5 0.26703615136622338 50 4405 40 4417 41 4384
918 -26.431075189703449 14.274141645544416 216.58969126622731 119 80 39 0.38260952238172402 50 4407 40 4419 41 4385
919 55.842654938341624 20.911219436186343 202.04612711420734 112 76 51 0.57846518705805372 50 6008 40 4422
920 55.176808049357895 20.763787680663164 197.73738004317741 179 138 98 0.47136104933482353 50 4423 40 4423 41 4392
921 -30.044773941277754 14.883498872274473 219.54210279985969 47 31 12 0.19426107816731614 50 6000 40 4425
922 10.369824739303775 15.677568435662801 202.79329597659049 161 137 129 0.025505418873363328 50 1803 40 4427 41 4391
923 12.39882456816804 15.976353910361475 203.76033647418052 151 135 134 0.13679732773090733 50 4419 40 4428 41 4394
924 36.831542767058465 19.094054074011144 205.0226893993453 162 135 92 0.29144980895568978 50 4432 40 4433 41 1788
925 46.684576716171257 20.341238848116777 204.51536463874893 64 49 1 0.85724831019332115 50 4433 40 4434 41 4398
926 -59.497715360475752 16.092137943575988 225.97293707483317 104 102 84 0.12881029348835768 50 4414 40 4437 41 4395
927 -59.497715360475752 16.092137943575988 225.97293707483317 104 102 84 0.12881029348835768 50 4415 40 4438 41 4396
928 -21.577151191322134 14.944289320780866 207.24251064670108 20 9 3 0.043070051991704598 50 4431 40 4439 41 4400
929 19.927729102885873 17.232413406963524 204.17093572008383 27 28 33 0.011184367117983193 50 4434 40 4440
930 42.720009847439897 19.874707766514657 204.23123031744578 199 166 105 0.07462823971554132 50 4435 40 4441
931 -22.754287410970505 15.137757474708309 209.75762350914658 112 87 72 0.11924103239079169 50 4428 40 4442 41 4401
932 7.1528291162539608 16.088149545984965 201.82653057769889 147 119 96 0.300679126704611 50 4438 40 4443 41 1790
933 -28.381570424303224 15.919090512421809 219.28411388407926 68 35 28 0.21843010153306822 50 4426 40 4449 41 4409
934 -24.157275486644014 15.85632377504259 216.32510090822134 50 18 4 0.38107128766705117 50 6014 40 4450 41 4411
935 39.011706301892104 19.904671585403207 205.94005402956279 137 117 88 0.2222721721945744 50 4440 40 4451 41 4414
936 -17.488565980532911 15.668046171872248 208.61178551175212 39 26 5 0.094797625251428971 50 4439 40 4452 41 1802
937 -1.4407339534963848 16.664866294456829 210.2071478387532 230 200 174 0.05724755757456889 50 4446 40 4454 41 4418
938 -27.950103433331034 16.444753719876996 217.0977977887791 107 67 59 0.20306969182733484 50 4445 40 4456 41 4420
939 -65.025093540257998 17.070768828714439 216.79319703414239 31 26 13 0.12288176862244655 50 4449 40 4457 41 4422
940 39.012988132295092 20.637856063722435 207.34557726471863 37 6 6 0.16698352615431 50 4453 40 4458 41 4424
941 42.655395065440608 21.064588426309356 204.51948788305674 168 142 101 0.094471483011513938 50 4456 40 4459 41 4426
942 13.317815744602939 18.369114949265125 206.23862611197367 217 204 183 0.24311119238883286 50 1870 40 4468 41 1846
943 46.668877655365726 22.001731093659128 203.98881382281388 188 173 85 0.26880605936657781 50 4471 40 4469 41 4432
944 5.6463999603774555 17.72349800106387 202.44689173830147 114 49 39 0.14669100936694388 50 4476 40 4471 41 4437
945 -42.41737292190399 17.365999297122364 218.96479550795317 28 14 0 0.59877472475058946 50 1855 40 4472 41 4436
946 49.261965251267647 22.205586189324574 198.55008524942934 191 169 93 0.23791244073693182 50 4478 40 4473 41 4435
947 20.13238909954406 19.528269389545962 208.29831989575453 64 67 74 0.27407784564015836 50 4474 40 4477 41 4440
948 -17.06708974372766 17.437837220418952 207.12801064715148 73 92 52 0.15812261208522296 50 6035 40 4480 41 4447
949 -14.99346605492094 17.406039194162958 205.47947704865027 214 174 166 0.061670563123459442 50 4487 40 4481 41 4448
950 6.7752267666581201 18.328533413514002 201.67696309921735 218 173 154 0.1320454505239578 50 4489 40 4483 41 4452
951 -64.697020391702679 18.739792038383079 220.33586902479891 97 93 85 0.26555008904666938 50 4475 40 4485 41 4449
952 47.376455971631643 23.039923630898361 201.95894388378758 195 178 90 0.17401764945427015 50 4498 40 4490 41 4460
953 54.273979796629455 24.235375201025075 205.34174910126472 75 49 10 0.401494901342141 50 4490 40 4491 41 4461
954 54.273979796629455 24.235375201025075 205.34174910126472 75 49 10 0.401494901342141 50 4491 40 4492 41 4462
955 -34.703229523742159 18.230374923258232 217.80867165857009 122 118 84 0.088886473111592978 50 4484 40 4493 41 4459
956 32.345925675451497 21.45361183632329 205.58521482331395 22 10 13 0.19542288307644159 50 1907 40 4496 41 4467
957 6.4403210506252364 18.989634480259518 203.17853573547811 122 56 45 0.32056625394382893 50 4503 40 4498 41 4468
958 -16.116028434333888 18.119976395298313 205.33294708161094 61 75 37 0.56630910752007502 50 4500 40 4500
959 -37.746267654925333 18.175673144181772 210.69159493220386 57 50 11 0.30562814924312215 50 4499 40 4501 41 4469
960 -26.434917066809817 18.573806518253978 214.98086041623441 39 20 1 0.20542080473994209 50 4494 40 4502 41 4470
961 -64.468052325769264 19.562420157169573 221.16102002155941 19 14 13 0.51896483606438848 50 6038 40 4505 41 4474
962 14.087238600225039 19.82745651454977 201.96445972274395 165 145 127 0.12814398935840557 50 4510 40 4507 41 4477
963 14.087238600225039 19.82745651454977 201.96445972274395 165 145 127 0.12814398935840557 50 4509 40 4508 41 4478
964 10.370543602448702 19.791519194990702 204.37638327691997 179 161 154 0.2556644558725778 50 4508 40 4510 41 4482
965 -32.917366955947351 18.778655512210822 214.13515159691238 61 54 13 0.25486454679113263 50 4506 40 4511 41 4481
966 -21.871780311646578 18.199230114445484 203.03758447902015 41 34 15 0.11590340276444488 50 4517 40 4512 41 4483
967 -53.355292552965516 19.822608019829335 216.17966726381971 145 133 67 0.1094061859334179 50 1935 40 4520 41 4494
968 26.671081894331824 22.448541080757838 207.79191118577393 139 81 59 0.23231951951976182 50 4528 40 4522 41 4495
969 49.584325316108966 24.999920001733702 201.85903252709542 182 159 84 0.29863680795287273 50 4537 40 4523 41 4498
970 6.9081184990968021 20.487877173185858 202.95973316388663 231 188 169 0.085197757776415015 50 4536 40 4524 41 4496
971 36.945577638110585 23.511322616576443 204.54046199663165 136 129 110 0.083262279530829805 50 4532 40 4525 41 4497
972 51.494032036392376 25.252972347119769 200.47884899160354 179 151 92 0.25154257827685933 50 1980 40 4526 41 4499
973 9.5923399877821396 20.888733709974073 203.40905244650924 116 89 73 0.1539587702463163 50 6064 40 4528 41 4501
974 -27.147869716091293 19.922664001936521 211.01072461541207 148 125 89 0.075151630182158813 50 4535 40 4529 41 4503
975 45.680335065539474 24.937128255963273 203.61867781712172 171 158 88 0.17320767186564856 50 4541 40 4530 41 4505
976 52.17372689653849 25.73388865126805 200.99615548978369 80 51 18 0.23320959389806442 50 4544 40 4532 41 4511
977 27.528100693120152 23.374118947486657 209.57054116414312 157 97 76 0.29877569265673337 50 1977 40 4538 41 4513
978 27.528100693120152 23.374118947486657 209.57054116414312 157 97 76 0.29877569265673337 50 1976 40 4539 41 4514
979 -14.053527136119616 19.69252857470671 199.6671633941051 40 30 20 0.16778473359005375 50 4553 40 4541 41 4518
980 51.664074554543774 26.048011128706598 200.85556606915125 86 54 10 0.18821824105261578 50 4556 40 4543 41 4520
981 -58.411657532931017 21.653202332882479 223.54311566806172 124 123 87 0.44752935376113423 50 4534 40 4544 41 4521
982 -44.466113548855674 20.944826431288739 217.35960561206295 83 88 43 0.086537679167227502 50 4540 40 4545 41 4523
983 9.9622540087424145 21.681859844170642 203.22763214737802 194 171 157 0.13381148150081323 50 4558 40 4546 41 4525
984 43.135422950927705 25.352708629649889 205.94077047951652 23 3 0 0.20795778777054433 50 1999 40 4547 41 4524
985 -28.247756967476015 20.969429363828727 213.67691699371164 144 116 88 0.41969666375252673 50 4550 40 4549 41 4526
986 22.775328116352334 23.4935494317868 205.63360372125953 91 95 58 0.05898515981741359 50 4565 40 4553 41 4531
987 -18.328423129824909 20.434093916060252 199.62447781348095 23 14 21 0.20374306818684151 50 4568 40 4557 41 4533
988 -39.869348846535111 21.220573024108607 211.96862461216671 49 34 0 0.31828645039899178 50 6078 40 4559 41 4536
989 -20.672017181467602 20.391110911417528 198.99402447247124 33 16 8 0.095030176397820743 50 4570 40 4560 41 1985
990 24.782098414224699 23.804241790946524 204.57208962431841 39 38 12 0.63411745847372047 50 2024 40 4561 41 4537
991 9.6379201761286097 22.787213120835851 204.05094993427517 204 179 165 0.14974153433777079 50 2041 40 4563 41 1997
992 5.9164756243599097 22.5188912964298 202.62803473495632 47 23 32 0.57096493861472719 50 4578 40 4565 41 4545
993 -37.327145723649181 21.642603434023641 208.3783010315023 44 33 0 0.17261121715270897 50 4576 40 4567 41 4549
994 -7.1789264406072713 21.484368598643261 198.00265103503887 183 152 133 0.084578204158953008 50 4585 40 4570 41 4551
995 44.949259118903193 27.368867812401827 208.97511809693674 52 44 1 0.14941678910271083 50 2048 40 4571 41 4552
996 -40.591400730827083 21.88159888805578 209.0262901641315 149 136 86 0.08915994328664463 50 4579 40 4572 41 4557
997 -30.027097564988519 21.473634707996467 204.44140391752561 143 130 78 0.19808975685650976 50 4580 40 4573 41 4553
998 -28.648582196571724 21.307210982993844 201.79584576653997 148 134 81 0.28852839123033175 50 4583 40 4574 41 4554
999 28.488778861733866 24.903687588352142 202.84549768608312 183 130 87 0.26208648248294963 50 4582 40 4577 41 4556
1000 -9.3173202516490718 21.83134344785071 200.11445976358664 178 133 116 0.17740477974284319 50 4590 40 4578 41 4558
1001 11.272202090716958 23.529744484817506 204.17011395931104 114 91 80 0.067859222442668204 50 4581 40 4580 41 4560
1002 31.289946498529112 24.913313528142503 198.74922291440498 96 30 25 0.15709460121382596 50 4594 40 4581 41 4561
1003 8.6884795375210544 23.617324309208151 204.15935935722567 37 34 35 0.19648146716713835 50 2063 40 4585 41 4567
1004 49.883802791773192 27.982595027577307 201.20206819580224 44 17 0 0.15416000304131797 50 4596 40 4586 41 4570
1005 14.06984298932591 24.497431918669644 202.84002450459235 50 30 17 0.95423057138849199 50 2094 40 4592 41 6041
1006 18.135167529042981 24.938663055585959 202.71380327381769 46 56 30 0.088098795763788387 50 2098 40 4594 41 4579
1007 -54.026351364644178 23.997547042651512 218.01994908017809 135 126 71 0.076754071339978164 50 4595 40 4595
1008 46.49672153746036 28.443678198272053 204.15082600119422 28 17 0 0.32785086254456774 50 4605 40 4598 41 4583
1009 46.49672153746036 28.443678198272053 204.15082600119422 28 17 0 0.32785086254456774 50 4606 40 4599 41 4582
1010 -45.704161974310566 23.559085127220897 213.04159056904086 46 34 4 0.10081168292841554 50 4602 40 4600 41 4584
1011 -41.469774660555728 23.953975484500219 213.56605672972938 151 134 95 0.24476470962630828 50 4604 40 4602 41 4587
1012 -27.233441247091594 22.745336295113201 199.27756619982202 127 114 62 0.35690828883640946 50 4623 40 4605 41 4598
1013 -53.462324401257028 24.835919816371074 218.91947513875405 130 118 77 0.14255810523455345 50 4607 40 4608 41 4594
1014 -48.609637432920884 24.316210695640521 214.33912028745175 41 32 5 0.36486268442999709 50 4608 40 4610 41 4596
1015 33.006785362481828 26.768306119776856 197.28508859629468 147 77 62 0.18301215687213293 50 4626 40 4613
1016 51.762029913119576 29.694141319104833 201.74582737937456 179 154 110 0.09573168247248065 50 4624 40 4614 41 4603
1017 -50.277211764397279 25.137192210598368 216.14206608470798 98 91 58 0.16768938758879487 50 4622 40 4620
1018 -61.832343941625503 26.123340908830592 222.21647489338946 112 118 68 0.12805756966922918 50 4619 40 4623 41 4612
1019 -48.16188993343912 25.274743834179723 213.93418910945735 41 41 9 0.25871297368994989 50 4632 40 4627 41 4615
1020 -47.512655232871587 25.298698099488256 213.48630861567736 106 104 56 0.093004169407457191 50 4633 40 4628 41 4616
1021 -37.421852629880384 24.925791605412595 209.30830444539009 129 110 71 0.15285915882115483 50 4638 40 4631 41 4618
1022 8.7319876820243127 24.150863731297946 183.34373509892239 156 111 110 0.39715180652110527 50 4676 40 4632 41 4623
1023 -51.68010278020958 25.885497851520654 214.79650866173381 122 115 69 0.23402774773901894 50 4640 40 4633 41 4622
1024 -8.6297709527232982 24.80252547058523 197.81369952287929 53 38 37 0.041988350199504053 50 2176 40 4635 41 4625
1025 31.933688951039755 28.083848313613249 197.84356543538166 70 14 5 0.14220183449161491 50 4659 40 4637 41 4629
1026 31.933688951039755 28.083848313613249 197.84356543538166 70 14 5 0.14220183449161491 50 4660 40 4638 41 4630
1027 52.105789454912589 31.343046655286905 202.12541116897529 161 145 103 0.22803232588738878 50 4658 40 4639 41 6073
1028 -43.264090202346317 25.867969566975063 211.8659174771818 208 187 174 0.074288912027951917 50 4651 40 4640 41 4631
1029 -31.020049862445791 24.420421050009463 198.65795067280803 97 63 18 0.18724594362805513 50 4662 40 4641 41 4632
1030 -41.509740688853405 25.909950152712362 212.7703616738263 58 41 15 0.57096110000620748 50 4652 40 4643 41 6074
1031 32.678104838207851 28.688400491430325 199.41574695294361 122 71 61 0.39055828282749255 50 4666 40 4646 41 4635
1032 44.823473961475322 30.113894408262013 198.31865317148569 119 121 93 0.21204647479249908 50 4667 40 4647 41 4636
1033 44.823473961475322 30.113894408262013 198.31865317148569 119 121 93 0.21204647479249908 50 4668 40 4648 41 4637
1034 28.987067774896801 28.454329174639547 200.52142433808447 150 134 103 0.15093704445195646 50 4665 40 4649 41 4640
1035 -56.354817293246569 26.785959932349396 215.26726464774845 122 114 63 0.032350615572637964 50 4657 40 4652 41 2139
1036 -50.889927404814181 26.45377013424639 212.33985302979241 59 54 11 0.23362042627164384 50 4661 40 4654 41 4641
1037 50.347529309255179 31.719166590740752 200.4611188840243 56 37 14 0.4537939885687694 50 4680 40 4655 41 4645
1038 -47.11176860917007 26.822957995554706 214.17294155516007 70 69 15 0.41831471945424159 50 4663 40 4656
1039 -42.956565982454464 26.44100041676742 211.17455146687172 43 27 10 0.13504449983718481 50 4669 40 4657 41 4644
1040 33.545781628074316 29.114142558177626 196.90449785417294 169 106 90 0.099790288523186402 50 2212 40 4661 41 4646
1041 56.286288065755762 31.773692612472878 189.90355278633081 148 129 72 0.16480393133790239 50 4687 40 4662 41 6085
1042 -43.647405647399367 26.827456653817553 211.86671460228018 35 14 2 0.086712742728417683 50 4674 40 4663 41 4650
1043 16.32244949770071 27.689739220124235 197.61946298283004 66 75 48 0.57281390585385283 50 4684 40 4664 41 4652
1044 31.687614234679639 29.482352042203868 198.99582670859431 60 26 22 0.10050987312844956 50 6141 40 4665 41 4654
1045 31.013229260772583 29.576114453073817 199.3653241392004 117 90 68 0.2384860399518626 50 4685 40 4666 41 4656
1046 32.229775038786684 29.55948058373713 197.87786372683604 96 55 48 0.2155509395449792 50 2232 40 4667 41 6088
1047 33.233326255359167 30.27082969895401 199.16552624867094 130 89 84 0.48726237370463893 50 4691 40 4669 41 4660
1048 33.233326255359167 30.27082969895401 199.16552624867094 130 89 84 0.48726237370463893 50 4692 40 4670 41 4661
1049 34.018913934363852 30.579695948570993 199.08030593759483 58 14 7 0.53393166793372726 50 4698 40 4672 41 4663
1050 35.281019007803202 31.221248214466431 201.65601407625326 61 20 15 1.1601347825808555 50 4701 40 4675
1051 -49.707990188439872 28.321361201003612 213.98637931577335 59 53 28 0.43884505475484908 50 4689 40 4676
1052 -44.234921399600161 28.247327562382811 209.99622062098524 147 121 115 0.011448513384504653 50 4702 40 4682 41 4674
1053 -55.679274309032095 29.03226463289775 215.0289040984367 115 116 68 0.17182968936478385 50 4699 40 4683 41 4673
1054 54.369309722507936 32.998342392329057 188.23721249848677 77 65 4 0.18019808728869222 50 4715 40 4684 41 4676
1055 -64.640503674460476 29.995070516376515 217.90086704491267 150 117 78 0.23767106490145495 50 4705 40 4685 41 4677
1056 -1.949203550522538 26.984889496233635 186.96228621047365 54 35 0 0.26787225928750247 50 4722 40 4686 41 4678
1057 38.047201295284793 31.422015638876406 192.12004691296013 155 104 103 0.059540264261218299 50 4719 40 4691 41 4682
1058 -27.991664273421392 27.935779291085108 201.10522244569418 18 19 0 0.26487123188641376 50 4714 40 4692 41 4681
1059 -43.348697204661676 28.995516430228729 208.8986290629428 121 113 79 0.2819111048513735 50 4713 40 4694 41 4683
1060 -5.4910931608185161 27.15534882323005 187.02134070977127 86 59 15 0.54430376718193274 50 4732 40 4696 41 4687
1061 13.400745577872144 28.682365497439683 188.85445569315249 123 81 84 0.29101649832369536 50 4730 40 4697 41 4685
1062 -10.575872361237021 28.187912819059953 195.37328565813897 130 112 82 0.10171456132134477 50 4727 40 4699 41 4688
1063 -36.469649609103094 28.616239953126104 202.75915102729707 69 42 3 0.55339707651954917 50 6161 40 4700 41 2244
1064 -53.13185554073673 29.917228453171642 210.45721359632756 45 46 0 0.12834989200716881 50 4718 40 4703 41 4691
1065 30.547105499952693 30.998881881652963 188.50398503105725 28 3 4 0.49051254995101584 50 4742 40 4704 41 4697
1066 -28.068148270908956 28.590087420903327 199.21205474115709 46 50 30 0.5036555135691394 50 6162 40 4705 41 4694
1067 -1.5558048027457305 27.444550468458818 182.39706080575681 29 13 2 0.96547407743679658 50 2349 40 4707 41 2252
1068 -59.605505136500973 30.412565220575768 210.43718509123232 113 66 57 0.15779042798157369 50 4726 40 4708 41 4699
1069 -13.60114974193788 29.204968471004126 196.94184044222874 43 11 0 0.23288822261141462 50 6169 40 4711 41 6124
1070 -4.0252220300623236 28.139631935542717 185.78946463346119 59 35 7 0.22341660138204314 50 4754 40 4713 41 4701
1071 22.414284560456245 30.852462734917736 190.72057940220296 83 55 57 0.74129693457249912 50 4748 40 4714 41 4702
1072 56.366147456392525 35.258225748616844 187.89013477732382 105 96 65 0.29415537490721128 50 4756 40 4715 41 4705
1073 -39.523115219942298 30.251725881903479 208.29416642018421 38 26 2 0.42834561626762474 50 4736 40 4717 41 4703
1074 -31.746348957398567 28.744228912572154 193.96127332768188 148 107 64 0.26942007475411478 50 2361 40 4718 41 4711
1075 -31.746348957398567 28.744228912572154 193.96127332768188 148 107 64 0.26942007475411478 50 2360 40 4719 41 4710
1076 -12.009902487152395 29.649066819492994 196.81016592414835 38 24 3 0.23016221609715712 50 2352 40 4720 41 4709
1077 34.9089486632095 32.652805288130097 188.5740482114648 107 39 43 0.21193776228380212 50 4771 40 4727 41 4713
1078 56.311528696746272 35.96587368592057 188.09390195228846 38 36 14 1.2093719245701049 50 4776 40 4728 41 4718
1079 -59.957570925975794 31.565051099533136 210.17327962081072 81 32 33 0.097763640236036453 50 4749 40 4729
1080 -55.045478319645461 30.710950332704304 204.81657875706588 204 140 140 0.094329722890707957 50 4752 40 4731 41 4714
1081 -28.159680295170265 29.969836663973613 199.67040564779265 35 34 23 0.62713104168074296 50 4764 40 4733 41 4716
1082 1.0458396681582547 29.618987392222856 188.19936743244176 70 57 47 0.17531472616349242 50 4775 40 4734 41 4717
1083 -35.278144715225402 29.288931845937331 194.69843667873451 98 47 12 0.22103933296313813 50 6180 40 4735 41 4719
1084 -47.548534582519935 31.602185327080093 210.86312819341001 22 18 12 0.24221563305017055 50 4753 40 4737 41 4720
1085 -61.602910402501706 32.245150599452586 211.16951773034759 158 134 107 0.32516179980875826 50 4760 40 4738 41 4722
1086 -61.602910402501706 32.245150599452586 211.16951773034759 158 134 107 0.32516179980875826 50 4761 40 4739 41 4723
1087 -48.287089776916822 31.528766833406806 208.93550091594679 106 103 79 0.27584882201326683 50 4763 40 4740 41 4721
1088 -59.510966922365085 32.024385647052966 209.56313589953098 131 63 69 0.33423872072776301 50 4765 40 4741 41 4724
1089 -32.038459358743829 29.826447288144742 195.54222692245014 71 28 2 0.061342099211422828 50 2387 40 4742 41 4726
1090 -1.5840485156322142 30.223746127509767 189.56024128362 31 17 2 0.13066556534875623 50 4783 40 4744 41 4727
1091 -40.257301456837354 31.814755069297426 206.20604984990891 109 111 77 0.22727761573465402 50 4777 40 4748 41 4730
1092 42.842903144995454 34.911233802554079 187.00381889610583 191 98 105 0.12474003462113541 50 4799 40 4752 41 4742
1093 -9.766623514274654 31.278385434640427 195.06848613744287 74 69 41 0.28182719091660502 50 2409 40 4755 41 4738
1094 1.2984870925971106 30.988312936257561 188.32746927142043 192 167 154 0.1524473531985466 50 4802 40 4756 41 4740
1095 -32.324572446003415 30.352154645412959 192.7027500818084 145 96 47 0.15597141665503886 50 4796 40 4757 41 4743
1096 -32.324572446003415 30.352154645412959 192.7027500818084 145 96 47 0.15597141665503886 50 4795 40 4758 41 4744
1097 16.681091334520112 32.654705716197846 190.39955381798848 75 44 25 0.22310104122672461 50 2419 40 4759 41 4746
1098 40.549259152470391 34.740130804850857 186.42732614461252 112 43 34 0.68341033972128695 50 2431 40 4760
1099 14.491709842748095 32.492967831565572 189.94902138943237 178 156 139 0.30466884576018444 50 4803 40 4762 41 2354
1100 35.584117741532324 34.431064200895186 187.47334091648557 186 128 106 0.1455522177162529 50 4808 40 4763 41 4751
1101 -33.235180418339795 31.257369073311764 195.28345919018309 103 60 13 0.53106264547030779 50 4805 40 4764 41 4752
1102 -1.2864958431762463 31.214551483304735 186.82371653332734 31 21 9 0.74218662723352447 50 4816 40 4766 41 4757
1103 -61.04889261679876 34.000769246639116 210.6859626214079 92 31 7 0.20859981464213442 50 4794 40 4772 41 4755
1104 53.044327177161172 36.806495227882387 181.87782990488537 221 189 175 0.18710252699185259 50 4830 40 4774 41 4765
1105 52.706017271820258 36.917973734473691 182.33128142567205 66 30 19 0.12771218874967485 50 4835 40 4776 41 4767
1106 52.706017271820258 36.917973734473691 182.33128142567205 66 30 19 0.12771218874967485 50 4834 40 4777 41 4766
1107 2.2576332055975281 32.107915526514233 188.39465767352425 90 66 60 0.19189930673585998 50 4824 40 4778 41 4771
1108 2.2576332055975281 32.107915526514233 188.39465767352425 90 66 60 0.19189930673585998 50 4825 40 4779 41 4772
1109 27.009280617426001 34.267781143924523 188.94216892834567 56 29 24 0.78877690709946591 50 4827 40 4780
1110 -61.449569412304832 34.036137060238083 207.60837887115008 208 158 108 0.10457714389430357 50 4806 40 4781 41 4768
1111 -41.634856719532124 32.431584411735116 199.98442207086879 20 13 13 0.11296290992993741 50 2440 40 4782 41 4769
1112 -7.7394923252173333 32.01128730250737 191.55364375463975 29 24 3 0.13490093918953275 50 4822 40 4783 41 4770
1113 -58.138977439029901 34.027553025072393 208.03455668159154 78 3 10 0.34262103041324138 50 6207 40 4784 41 4774
1114 -60.917497741748342 34.473000558277292 208.8146467951604 190 137 82 0.11548457681699979 50 4812 40 4786 41 4775
1115 48.134321912880615 36.84686718571934 184.22430282569528 145 110 115 0.057150986513292333 50 4845 40 4789 41 4778
1116 20.268479969581673 34.205838606809913 189.41337342454989 152 119 108 0.23978063670338809 50 4841 40 4790 41 6184
1117 -8.7699371635560848 33.168069510661304 192.28696409674671 59 52 25 0.11098628820926675 50 4846 40 4795 41 4785
1118 -1.3994063365769842 33.302977349161665 189.49114343561047 13 4 0 0.10481577425751454 50 4850 40 4796 41 4788
1119 40.821846808179551 37.267100031731978 187.08347230975934 132 60 39 0.17427954011853788 50 4857 40 4799 41 4796
1120 -58.107704443939078 35.053719519698774 204.5945074672955 91 11 4 0.20891331520389167 50 2471 40 4800 41 4792
1121 8.5645203894154651 32.063706314873819 174.46917355959195 161 152 98 0.087363267039106171 50 4877 40 4802 41 4799
1122 23.656390350346452 35.66801955297062 188.84310675911553 153 135 134 0.1218819265735307 50 4859 40 4803 41 4797
1123 39.502139530937953 37.560844058984813 186.81092793623853 154 95 76 0.19920291211865257 50 4868 40 4806 41 4804
1124 -33.386989713501478 33.488786993892369 192.94912462566006 165 126 57 0.073849369851467006 50 4860 40 4809
1125 -32.567842839644236 33.550741295537428 192.62015365709576 188 142 84 0.25283922009262755 50 4864 40 4810 41 4805
1126 -32.591488964424357 33.5779057973824 192.74722407795534 188 142 84 0.33211834228607823 50 4865 40 4811
1127 1.3849439972938646 34.353195433677186 188.80677755180636 52 23 15 0.28568946627874509 50 4873 40 4812 41 4806
1128 46.391707398221641 38.171934563926527 181.87882534741118 186 131 123 0.12797287797698026 50 2538 40 4814 41 4809
1129 0.93741183126458283 34.907451026532328 189.13743853194728 176 129 127 0.077217639180039807 50 2534 40 4816 41 4811
1130 51.134973866566789 38.959894616946919 178.58996573618143 144 96 103 0.85086293906451915 50 4892 40 4820 41 4816
1131 44.406778508294018 38.828898129929478 184.8094228854701 226 188 153 0.21806918899071936 50 4887 40 4822 41 4815
1132 50.429933234722974 38.990625245012644 178.91820565500058 108 65 59 0.3362386765658914 50 4898 40 4823 41 4818
1133 11.580833576776971 33.762675255981449 175.54176100795129 83 78 25 0.1758249603061269 50 4905 40 4826 41 4819
1134 35.179914832841163 38.319888043432385 187.94919995537978 173 138 111 0.12756354457319144 50 2555 40 4827 41 4823
1135 40.443677086371061 38.81984471058054 186.82268434266268 210 170 147 0.14360528789004726 50 6246 40 4828 41 4824
1136 -4.5482242027941435 34.865561473181337 187.62479914028413 29 18 1 0.061070635449316402 50 4891 40 4829 41 4827
1137 42.339992221629153 39.337535926959411 186.92186495283633 64 54 17 0.090972927988614116 50 4896 40 4832 41 4831
1138 -33.136898728238918 34.924444939473489 193.19218606863376 173 139 77 0.069575033274947823 50 2557 40 4833
1139 -33.099562721709383 34.882615900361394 193.00426977762646 173 139 77 0.14397334876668974 50 2558 40 4834 41 2498
1140 -4.0973508776771421 35.305686738195554 188.66034836711609 140 128 98 0.074082504062180227 50 4901 40 4836 41 4834
1141 0.055077300619493091 35.89199336931982 190.37002368921435 159 126 120 0.23433726712521899 50 4895 40 4838 41 4837
1142 40.513599327400669 39.687775832721954 188.82330933967086 186 157 136 0.17193772206312019 50 4903 40 4840 41 4843
1143 10.417302915598725 34.114312673486488 174.53019827686234 141 135 89 0.3761000484817339 50 2609 40 4841 41 2513
1144 11.162326381584984 34.183228048762089 174.43915201255092 107 104 53 0.46547583440997969 50 4919 40 4842 41 4844
1145 50.562064350525254 39.712170302845031 177.86966309606203 224 180 170 0.53823968258877153 50 4916 40 4845 41 2515
1146 53.541191589825239 40.579657702133645 177.9597831967333 136 107 104 0.2784380766478764 50 2614 40 4850 41 4853
1147 10.745071145761079 34.660656517391757 174.90981725268739 44 41 1 0.12868319341649262 50 4926 40 4853 41 4854
1148 -2.0015771099710449 36.387699603769008 189.32263858702649 29 12 2 0.25111579897285452 50 2602 40 4854 41 2530
1149 -52.791559943968416 36.84527124871105 197.47007383970669 220 125 121 0.18007630404634331 50 2591 40 4856 41 4858
1150 -50.405056372186756 37.086796442804001 196.85978786409493 49 11 28 0.31000398179860711 50 4918 40 4859 41 2546
1151 -38.491976999061976 37.28473898820323 199.19831162645221 20 5 0 0.18034107876346903 50 4913 40 4860 41 4862
1152 37.754735398536504 40.325674103708216 187.96776883328198 67 38 18 0.13382953708704043 50 4924 40 4862 41 4865
1153 -58.640926816077027 36.173474831055451 188.5849742351709 109 88 47 0.40436093271475598 50 4925 40 4863
1154 16.704942267570111 37.935251700752467 186.85044185655306 123 85 57 0.14922503151277378 50 4927 40 4864 41 2557
1155 0.23420518420409528 37.451680587755455 190.30522858272531 46 26 21 0.14731701416371976 50 4929 40 4869 41 4870
1156 46.209940558315779 41.081020134166124 183.36289232542455 214 190 157 0.22329123518987862 50 4935 40 4870 41 4874
1157 17.838072959633859 38.904876145259529 190.45218574073357 41 19 1 0.2755417578577512 50 2620 40 4875 41 4873
1158 52.777392999305597 41.136064508705061 175.10236637739152 91 67 60 0.12112464080530098 50 4944 40 4876 41 4878
1159 -35.359756945771544 37.475203667272645 196.16743934568746 166 142 83 0.2973044276711469 50 4928 40 4880 41 4879
1160 30.274196727735635 40.266856199624073 188.15709029402092 33 14 2 0.21618297102075557 50 4941 40 4885 41 4883
1161 -41.294926996201227 38.247686847576389 199.01728880185732 35 24 6 0.4890785454520209 50 6269 40 4886
1162 -41.294926996201227 38.247686847576389 199.01728880185732 35 24 6 0.4890785454520209 50 6270 40 4887
1163 12.579621155777685 35.931706503073009 172.56215954937718 47 44 1 0.11320262173200134 50 2674 40 4889 41 2598
1164 -51.1552126111836 38.588590804483175 198.5645762692096 75 56 74 0.35906111125872453 50 2639 40 4892 41 2589
1165 35.237297325761155 40.503799906380934 183.97057415533178 76 69 42 0.34992692276535964 50 4950 40 4895
1166 -42.890370292002828 39.033920867995491 200.22151275543433 66 54 52 0.21901735347274298 50 4938 40 4896 41 4892
1167 -8.1847313602747889 37.86149778375006 188.50127971434122 87 63 33 0.19490620232949826 50 4951 40 4897 41 4894
1168 20.677082797601177 39.752755245565076 187.34219338038395 69 61 51 0.16463974967649983 50 4953 40 4898 41 4896
1169 20.663439270053896 39.737505588659616 187.28886454295625 69 61 51 0.036978794488786659 50 4954 40 4899
1170 -49.628684113681125 38.969938598197324 197.78997055583613 75 70 86 1.0005057543104321 50 4945 40 4905 41 4899
1171 -2.5692738501338961 38.825403457546038 189.07148370525121 54 44 32 0.18935519956349381 50 2673 40 4911 41 4908
1172 30.055135716897851 41.390309089001526 186.33572811751262 30 16 3 0.23641257465927767 50 4968 40 4916 41 4915
1173 -54.237595759964073 40.170867466199688 197.95886836110819 100 30 40 0.18268956999221322 50 4963 40 4920 41 4921
1174 33.856625656772707 42.138234298969671 185.05199882055456 26 22 1 0.092136293552463375 50 4976 40 4924 41 4923
1175 33.856625656772707 42.138234298969671 185.05199882055456 26 22 1 0.092136293552463375 50 4977 40 4925 41 4924
1176 51.084974636570998 43.677241664582183 178.40190361806475 159 131 102 0.20044693639123365 50 6315 40 4926 41 4930
1177 -46.744318393090794 40.890948303780164 201.45289095762033 5 2 21 0.42145114796802713 50 2685 40 4928 41 2660
1178 24.686144171910364 40.748625567283426 182.93358401146401 46 2 2 0.18226600156556003 50 2723 40 4931 41 4928
1179 -41.619341666266834 40.484562015766301 198.98548079274408 84 61 50 0.16526324126584394 50 4969 40 4932 41 4932
1180 -39.39114262215567 40.540882815794419 198.99041371365149 50 45 6 0.087708653290918495 50 4970 40 4934
1181 21.353719302561903 41.375641494978019 186.68865169507291 23 11 0 0.18297075347897893 50 4985 40 4935 41 4934
1182 -5.7579611888694355 39.66739488853424 187.42250001690414 19 9 0 0.40306736865483134 50 6316 40 4938 41 4937
1183 3.2408413282128175 36.884353925833821 170.39040060680074 105 42 7 0.20945060174666871 50 5007 40 4939 41 4943
1184 48.823581751729911 43.912119459565773 179.50384501232213 231 203 176 0.45380893602462996 50 4994 40 4940 41 4938
1185 9.4296224859855275 37.711667181294281 171.93642941196666 45 52 1 0.50374262573431416 50 5004 40 4943 41 4944
1186 50.973462262453616 44.511486834081801 178.0801808660855 231 203 171 0.26202325170542135 50 5008 40 4946 41 4948
1187 54.003524689292824 45.006133814658952 177.48945015392439 151 125 113 0.26947197286474678 50 2770 40 4947 41 4947
1188 -41.572344187495524 41.330943650291601 197.79016326413949 28 10 12 0.12636088334012172 50 4991 40 4949
1189 -52.389849914921044 41.240758118773094 195.92852319035444 72 53 71 0.49671004964122178 50 2752 40 4951 41 4953
1190 -52.389849914921044 41.240758118773094 195.92852319035444 72 53 71 0.49671004964122178 50 2753 40 4952 41 4954
1191 -37.554022930349923 40.854281167567216 194.96823541215218 75 67 33 0.17393465977157888 50 4993 40 4953 41 4955
1192 33.577492219447834 43.386079475505824 185.22103522071873 24 21 6 0.18998523290107441 50 5005 40 4955 41 4957
1193 0.17121400508581602 40.813681571347765 187.3463800017422 106 95 58 0.12143708028400997 50 5003 40 4958 41 2716
1194 49.835226485230677 45.338427363019974 179.31731684635139 193 161 129 0.35700885380369468 50 5021 40 4965 41 4966
1195 52.320591574983304 45.837237648297837 179.2587561316945 211 183 157 0.21164473060858099 50 2791 40 4966 41 4967
1196 52.086575830971555 45.424886118368804 177.05144365474092 107 80 62 0.25353235480429115 50 5027 40 4967 41 4970
1197 -60.378047534237531 41.726004304277886 190.74617767701054 51 42 13 0.085193801254563967 50 5017 40 4970
1198 -60.80887051699527 41.355280810446907 187.55177266336426 68 51 4 0.19666484058058517 50 2796 40 4976 41 4975
1199 -60.023388149700423 41.321416844837643 187.47205420495968 50 38 1 0.37848732578563132 50 5028 40 4977 41 4976
1200 -52.349518607425772 42.679103930691426 197.25874514941196 85 83 95 0.23770574642742578 50 5015 40 4979 41 4978
1201 -60.235209632903178 42.248966457941748 189.33065576931222 90 83 53 0.26665796835024053 50 5041 40 4989 41 4988
1202 23.283207203546514 44.097255497174679 186.33247562778664 43 26 0 0.088207663240348344 50 5040 40 4991 41 4986
1203 -41.378054273327407 43.431884447658291 198.20426259585489 36 27 29 0.41706876855062536 50 5033 40 4996 41 4994
1204 -55.722285373040783 43.679524796978875 196.16289320791367 36 12 21 0.27957040176751852 50 2820 40 4998 41 4997
1205 37.418100380044798 45.541095471026594 181.18073966677008 42 35 5 0.5553945848068258 50 2870 40 5006 41 5005
1206 -7.3716532458967405 42.705326802895769 185.99111379202324 95 69 50 0.34998867048659071 50 5060 40 5013 41 5016
1207 21.376055451029725 44.228863154271629 183.17192816322063 43 39 22 0.75715525588482036 50 5067 40 5014 41 5012
1208 -57.399709337655075 44.290179547776056 194.3146513770009 173 150 142 0.37218075609631979 50 5057 40 5022 41 5021
1209 7.6856649597231002 40.921795867773973 170.46555841465491 54 36 17 0.40975447163650841 50 5104 40 5030 41 6344
1210 21.355973175060161 45.433044443142855 185.06574891162623 25 17 4 1.0495125134509726 50 2892 40 5035 41 6349
1211 0.58378439870728538 42.330555794097585 178.16853727503747 86 24 2 0.21900888688140163 50 2908 40 5038 41 2874
1212 -5.9123955158191217 43.470547281710907 184.96272549841513 63 49 33 0.14123405752272664 50 5091 40 5041 41 5038
1213 -4.1243929086291979 43.269508368774709 183.56275332813931 57 47 35 0.17774411513802599 50 5092 40 5043 41 5039
1214 -55.894571027336937 45.756849852587955 197.62271125627481 19 0 4 0.17141539242753501 50 2888 40 5044 41 2880
1215 13.517299583172719 42.532549805453073 173.13512780151589 31 15 9 0.12435077821949869 50 2926 40 5049 41 5045
1216 19.241624023042693 45.594643357943461 184.44128732900782 28 12 8 0.062994780146470683 50 5099 40 5050 41 5046
1217 -62.57916927600197 45.32442855710763 188.80676386202512 52 37 1 0.19535059431676927 50 5113 40 5065 41 5058
1218 39.228476275619784 48.881421765842532 185.47473285306623 32 24 16 0.23976100742132608 50 5117 40 5067 41 5063
1219 -38.377955897137689 45.778503412484703 194.7827716180858 196 177 183 0.1861376990151106 50 5110 40 5068 41 5064
1220 2.2796658043935292 41.585479793111119 169.06762043582003 106 30 2 0.55306293613829738 50 5145 40 5070 41 5068
1221 11.137870264708456 43.537155279477815 173.66421437037226 14 14 0 0.27307343763226272 50 2962 40 5074 41 2942
1222 -7.3896074920963954 45.569076442927368 187.21806434767018 71 55 36 0.065525491820626086 50 5133 40 5079 41 5072
1223 -30.698247063935909 40.635767955289388 168.48092380129737 67 58 11 0.5826704546149396 50 6419 40 5084 41 5077
1224 2.6195137024254915 42.483828258274244 169.74708098388817 211 145 95 0.57377913336424546 50 5162 40 5087 41 5080
1225 2.6324416967050279 42.510091337832669 169.83357588653362 211 145 95 0.66460486711977063 50 5163 40 5088
1226 -8.4237681698035782 43.668575555182393 175.82432499657025 88 74 56 0.16869235077046496 50 5167 40 5106 41 5093
1227 -4.2967984445756331 46.299086614203603 184.99841529011425 23 11 0 0.6110034842587484 50 5158 40 5111
1228 -0.35484875048826275 43.35974481768752 171.5173623420342 209 139 92 0.16734281926411285 50 5181 40 5112 41 5098
1229 21.581364922343468 48.500644554134169 180.8604064910094 93 84 64 0.57792509844308548 50 3044 40 5130 41 3032
1230 -15.072420950913335 44.789488972769064 173.56675788570655 42 30 2 0.17480943669436769 50 3091 40 5141 41 5132
1231 17.22158083029289 49.425948100075459 182.87928823124153 103 83 71 0.10580497665229611 50 5203 40 5146 41 5135
1232 17.22158083029289 49.425948100075459 182.87928823124153 103 83 71 0.10580497665229611 50 5202 40 5147 41 5134
1233 15.567807799163036 49.094370239226478 182.13128786191794 30 7 5 0.19367886779973317 50 5205 40 5150 41 5137
1234 16.047024725718163 49.191688575034497 182.11779628662123 30 9 5 0.14585151329413912 50 6453 40 5151 41 5138
1235 19.468211828111624 50.029475956969762 182.16586498288845 30 15 0 0.09429586697572985 50 5217 40 5155 41 5143
1236 -22.174353438282427 46.595992643287651 173.5395248882987 119 58 17 0.56880726138277082 50 3167 40 5183 41 5165
1237 -21.829020451806592 47.526011285165048 175.30345073754864 76 14 1 0.62755586189409551 50 3179 40 5191 41 5169
1238 -56.75939329511872 52.346831525425301 191.71385851021606 47 36 30 0.4148399472980675 50 5245 40 5194 41 5174
1239 -11.531160444713109 47.274542353437106 171.95267973788557 124 107 79 0.045727870817597577 50 3191 40 5196
1240 -53.20250856535548 51.835125282061696 188.41435159790265 41 25 8 0.068725860464858596 50 5254 40 5207 41 5185
1241 -43.443133952319535 53.30892705660046 192.02431892321252 40 23 5 0.21022147273791303 50 5268 40 5229 41 5207
1242 48.944067160774381 57.352058324919966 177.94561132736987 54 41 15 0.17793110938778442 50 3230 40 5233 41 5211
1243 -11.330331890014948 49.451513936540884 173.98251487065815 40 26 1 0.071732553445021538 50 3245 40 5237 41 5214
1244 15.327239701698359 53.433255142084228 181.24647187321909 34 18 8 0.49175747335674708 50 5286 40 5238 41 5215
1245 -61.46094481442627 56.012461301538778 193.96328343928403 30 26 18 0.29115274934474278 50 5288 40 5244
1246 20.868310981999979 54.946329862093734 181.34190139373831 58 49 42 0.16305406872361683 50 5302 40 5248
1247 -52.134327608110134 54.673072129703669 189.63805405775642 58 24 2 0.12757609261008193 50 5297 40 5249 41 5226
1248 19.782704669854652 54.474490064085003 179.72210320584279 38 32 23 0.55198126046376339 50 5310 40 5250 41 5227
1249 -59.166225227476218 55.65440369631132 190.66721999882577 78 67 62 0.09527757168138197 50 6527 40 5251 41 6518
1250 -51.597580909735854 54.753133530513871 189.52192765096206 176 142 116 0.14796016231779049 50 5300 40 5253 41 5229
1251 45.881665956195754 59.876482075730564 184.4467555548359 62 46 33 0.72814674088255449 50 3276 40 5256 41 5231
1252 -49.993253965128829 54.93884336594796 188.07255206075709 9 3 5 0.31292030731008502 50 5314 40 5269 41 5244
1253 -17.772662509561446 -26.94001269996879 225.05432771480568 200 183 173 0.1839003857171754 50 5497 40 5439 41 5413
1254 -17.890395046835177 -24.694887069846811 225.39912061079033 210 199 182 0.17471201603471817 50 5527 40 5477 41 3567
1255 -18.564643039754383 -21.806798471060464 226.60737092728763 186 164 146 0.19408181698655913 50 6731 40 5527 41 5499
1256 -14.12847072012581 -21.923706849060459 229.53921883410871 67 72 80 0.2126039364432358 50 5576 40 5530 41 5500
1257 -13.997427235758103 -13.23600877425884 219.0502903454688 64 42 43 0.22317997657881525 50 5665 40 5642 41 5597
1258 -13.997427235758103 -13.23600877425884 219.0502903454688 64 42 43 0.22317997657881525 50 5664 40 5643 41 5598
1259 -16.979527378651635 -13.406859150130044 223.54821089815837 250 223 207 0.14654757545383451 50 5662 40 5645
1260 -16.979527378651635 -13.406859150130044 223.54821089815837 250 223 207 0.14654757545383451 50 5663 40 5646
1261 15.49047791649757 -11.037735298884096 219.07678069153206 203 184 171 0.29611513774286785 50 5675 40 5652 41 5603
1262 -5.8449331006048206 -12.047464552425515 224.02743434596843 210 194 178 0.27758393622414962 50 5682 40 5659 41 5610
1263 -5.8449331006048206 -12.047464552425515 224.02743434596843 210 194 178 0.27758393622414962 50 5683 40 5660 41 5611
1264 15.701322371991811 -10.246143969367258 217.72333758136486 47 32 23 0.4468155936801767 50 5686 40 5661 41 5612
1265 -26.086045703372463 -12.679215964244504 228.15532481276469 35 17 16 0.42127777614258022 50 5681 40 5662 41 3864 40 3899
1266 -16.666697715455122 -12.136457197119215 222.75847430037624 172 146 123 0.20140684843209775 50 5688 40 5663 41 5615
1267 14.696660532630096 -9.8472413836458035 219.32079934599605 253 227 207 0.15249422320013839 50 5693 40 5669 41 5621
1268 -14.605838420502721 -11.255177831733317 225.26426182054985 224 192 168 0.32324751219373754 50 3944 40 5680 41 5629
1269 -0.31749600606008571 -9.7471570547096338 218.06870573225578 192 171 158 0.1478662155813241 50 5714 40 5689 41 5636
1270 0.50405602404489203 -9.254875908678132 217.98879275154093 197 180 164 0.24539009973992434 50 3971 40 5692 41 5637
1271 -15.743335885567893 -10.034541241998465 222.75694042310911 237 207 179 0.31478828180401763 50 5717 40 5693 41 5638
1272 1.5125784047302642 -8.7666122438272716 216.5866891555963 211 191 173 0.074671652367754623 50 5723 40 5695 41 5640
1273 -26.478123206841566 -8.9409816377577993 228.50018519370005 164 133 110 0.28986317148398166 50 5733 40 5708 41 5657
1274 -25.534431593853071 -8.7061872618306815 227.63506190366817 153 122 99 0.097015361693259305 50 5735 40 5710 41 5662
1275 4.266498093610342 -6.9074963531363593 214.36202154891305 220 200 192 0.16390804552994798 50 5746 40 5712 41 5664
1276 5.0981455707207628 -6.2969981375264767 212.72349357757179 201 183 174 0.03508103291508631 50 5748 40 5716 41 5670
1277 22.132194521212732 -4.7133904588212374 215.51867713134132 64 64 76 0.24371278340156421 50 4027 40 5723 41 5672
1278 18.924837885200876 -4.8081633050072501 214.7937394573934 57 46 51 0.35559394194707283 50 5755 40 5725 41 5673
1279 -1.8743683695863911 -5.3660823805088134 209.05436667143022 34 5 8 0.10923034948534401 50 5763 40 5731 41 5680
1280 -9.1311209021201378 -5.7783686556209419 218.08688978994445 155 124 101 0.080914105174933956 50 5761 40 5733 41 5683
1281 -29.243770323622265 -6.6114957214492849 229.37033687451094 166 149 128 0.22527473187228317 50 5757 40 5734 41 5682
1282 -13.460238626670909 -6.0745391926785812 223.38068440185785 244 212 195 0.078595208792071894 50 5760 40 5735 41 5684
1283 7.8367720654905595 -4.3197229623150291 210.2033027749076 205 182 169 0.13172748267174103 50 5766 40 5736 41 5686
1284 4.8841997310348351 -4.4222716320687994 212.79831960692877 45 41 42 0.073070119048684171 50 5768 40 5739 41 5690
1285 -28.788239038680064 -6.0576964399568265 229.82318725845732 37 14 0 0.1368321083932868 50 5762 40 5742 41 5691
1286 8.8007994012067314 -3.6941131173113151 207.65147355049808 235 212 204 0.13945920227677247 50 5770 40 5743 41 5694
1287 -1.7493182438035448 -4.3548416502880603 208.3725200543285 245 228 213 0.16504479307357267 50 5771 40 5744 41 5695
1288 16.805596201478789 -2.3376267227692651 211.98752385128688 31 31 43 0.87844111988835016 50 6883 40 5751
1289 8.6836313725688612 -2.7301132020162497 208.52926776405263 80 47 47 0.099629647602232474 50 4083 40 5754 41 5704
1290 0.77740673187405673 -2.5942975806501853 205.19002541133244 239 204 190 0.071123743414583482 50 5786 40 5756 41 5710
1291 -9.666360864121291 -3.5162881171208067 221.45794536061766 250 225 203 0.32977501480344834 50 5780 40 5757 41 5709
1292 22.127072498840906 -0.94611476885479795 219.75175330958626 54 54 64 0.093973998264972505 50 5783 40 5760 41 5714
1293 -26.245164997498733 -3.635559601398624 227.38496351021672 239 207 182 0.40694266996255174 50 6884 40 5763 41 6880
1294 -24.522377704560267 -3.4673258536311207 228.90918597077589 188 158 132 0.37895906846498989 50 5782 40 5764 41 5715
1295 1.7522296793990435 -1.9164800770257555 205.24945492118843 242 192 175 0.043364183030841386 50 5791 40 5765 41 5716
1296 -14.730258055536551 -2.8735665211520258 225.34220521098118 246 213 188 0.085412141671963718 50 5785 40 5769 41 5720
1297 16.297982970043943 -0.76001444829572073 212.72917236016005 36 36 44 0.14797153220763273 50 5789 40 5770 41 5721
1298 -6.907588663960504 -2.1351332504477467 215.78532716811418 32 2 1 0.24184011583241424 50 4115 40 5771 41 5723
1299 -6.3290020825359425 -1.8742443806695532 214.81485640755488 226 193 168 0.089519288004718159 50 5797 40 5774 41 5727
1300 3.287302946386109 -1.0350742226591798 202.38228051187482 229 199 182 0.054836344727597665 50 5800 40 5775 41 5728
1301 20.615945079535514 -0.046657059523963332 215.46417550777997 54 52 60 0.15289844736672667 50 5794 40 5776 41 5725
1302 21.538846500607271 0.52562506926283237 218.35596401148572 98 98 106 0.18541073830297924 50 5798 40 5782 41 5732
1303 -3.6676063945196753 -1.0557589626593324 213.00148830156294 247 222 194 0.1222045272136794 50 5804 40 5783 41 5733
1304 16.424993367877512 0.4826666286249871 213.35172762703294 47 47 59 0.1952575283784331 50 4134 40 5785 41 5735
1305 5.1377793193836814 -0.032728202161751416 200.31521662245368 204 163 153 0.19433710121744496 50 4152 40 5786 41 4091
1306 8.6748115022424894 0.2856171486033604 201.10354152395746 26 20 27 0.10264781881941605 50 6912 40 5789 41 5737
1307 18.897648317645018 0.88713609906865631 215.9548726554039 77 75 83 0.036379731086330719 50 5805 40 5790 41 5738
1308 2.5539587504786527 0.63179839273226468 203.31759380319647 248 206 190 0.068038682036101153 50 5820 40 5796 41 5745
1309 16.367485228172036 1.5134167297313275 213.77903277591716 33 32 43 0.14985232183096617 50 4155 40 5797 41 4110
1310 38.20785952282246 4.3676966297844197 206.45827353468292 35 18 8 1.1277417465428416 50 5826 40 5799 41 5749
1311 38.20785952282246 4.3676966297844197 206.45827353468292 35 18 8 1.1277417465428416 50 5825 40 5800 41 5750
1312 -14.853204301956481 -0.045031881592908982 225.36275746294254 224 183 152 0.057377860691861959 50 5814 40 5801 41 5748
1313 -24.437680172211376 -0.14322752781639764 228.82702373944738 227 197 169 0.13355567040421459 50 5813 40 5802 41 5754
1314 -32.266145993635611 -0.10102833522954895 225.08469483929349 53 8 18 0.52636000365701829 50 4162 40 5804 41 5757
1315 -29.738128924605729 -0.23274115338672385 232.43383371656412 157 112 100 0.1164460562955099 50 4154 40 5806 41 5753
1316 -7.094216572547281 0.76070431709907183 216.63539481416842 178 152 124 0.075502716942606754 50 5824 40 5810 41 5759
1317 -3.2075755690369254 1.1463224872624318 210.85368399796187 51 20 10 0.055740493195176079 50 5831 40 5811 41 5762
1318 -3.2075755690369254 1.1463224872624318 210.85368399796187 51 20 10 0.055740493195176079 50 5832 40 5812 41 5763
1319 -28.148852901033024 0.22921771798842372 232.60103299299402 216 165 148 0.48010302037833058 50 5817 40 5813
1320 -0.95802900289291082 1.3205332128010792 209.0964968674482 248 219 199 0.31588688812858162 50 5834 40 5814 41 5765
1321 -19.929977868074406 0.56414900005508695 228.31908282606631 187 159 130 0.1866257395926576 50 5822 40 5817 41 5766
1322 -50.24221565510242 0.94977087211396471 224.58066400470994 33 13 6 0.15836698065725302 50 5830 40 5819 41 5769
1323 19.621719053280426 3.1981379981720099 219.65686748702345 65 63 71 0.17231692271089125 50 4180 40 5820 41 5770
1324 -3.8946282736207385 1.8722357528861575 211.56730038680041 249 228 205 0.084634744329705747 50 5837 40 5822 41 5772
1325 10.883178969931436 3.7257492111106298 197.5334683372449 125 99 96 0.40594703800705956 50 5863 40 5827 41 5778
1326 40.433457141878662 6.9443237795849226 204.34095996957515 58 35 15 0.1168367283327707 50 5856 40 5828 41 5776
1327 -27.735364774849291 2.1316368125878755 230.39897580698545 88 18 15 0.27096037022978076 50 5841 40 5829 41 5777
1328 -10.762120987032811 2.6128202143291497 221.55751633328254 171 136 111 0.14390836341016242 50 5847 40 5830 41 5779
1329 -45.048664225784457 2.3997250513244062 227.65418847505109 43 45 46 0.2173405116535172 50 5843 40 5832 41 5781
1330 -45.048664225784457 2.3997250513244062 227.65418847505109 43 45 46 0.2173405116535172 50 5844 40 5833 41 5782
1331 18.759473765475782 4.8829585958102708 216.50881482194808 30 26 35 0.060195734686652763 50 5855 40 5835 41 5783
1332 -28.433266788978198 2.6835099624145236 229.94064719134741 191 138 129 0.14604322814186319 50 5849 40 5838 41 5785
1333 -27.155492014047539 2.7559298846588764 230.37336376546318 165 108 104 0.071132160703679947 50 5851 40 5839 41 5787
1334 35.592930894757252 6.987990721872599 207.45436420575302 62 38 29 0.37243527293649076 50 5868 40 5841 41 5790
1335 -7.6024037262429367 3.476041756070313 217.61851005833492 218 184 159 0.079708270372602558 50 5862 40 5843
1336 16.928917193270347 5.0617299352420035 214.40756243169949 66 66 74 0.15993819857781921 50 5866 40 5844 41 5792
1337 0.36691495174891625 4.1478838842782642 206.94619366813561 226 192 174 0.4065162907940294 50 5875 40 5846 41 4182
1338 -46.651346770343238 3.4025791379772086 226.9144252840976 39 40 32 0.2797390582874491 50 5860 40 5849 41 5799
1339 -27.875484626999285 3.3009577356321458 230.24449522862975 67 16 17 0.091669100251922139 50 5857 40 5850 41 5795
1340 -20.372547457014687 3.6130843751055526 227.86811337656141 153 129 105 0.51184673502302058 50 5865 40 5852 41 5801
1341 19.072636573736574 5.8278558157598148 216.77670058898184 55 52 58 0.11190276459660929 50 5871 40 5853 41 5802
1342 7.1900872159493732 4.8394162869336075 200.06051370918161 206 169 154 0.31283343398716174 50 5883 40 5854 41 5803
1343 7.1900872159493732 4.8394162869336075 200.06051370918161 206 169 154 0.31283343398716174 50 5882 40 5855 41 5804
1344 -29.140922298197392 3.6781290120999754 231.00709668958302 33 9 10 0.13879929280579414 50 5864 40 5859 41 5808
1345 13.274582609699172 5.8677741586837904 212.89981008382216 85 88 99 0.029361661263102967 50 5881 40 5862 41 5810
1346 32.3761581970221 7.9676580208078436 208.19704722399706 139 113 99 0.12594534819166389 50 5887 40 5865 41 5812
1347 -19.03880084309305 4.7188891900712013 230.12952049027507 162 141 128 0.58879658328194795 50 5878 40 5868 41 5815
1348 -5.2633547583821869 5.0113756524914068 214.18324273947658 227 200 184 0.090379342168838139 50 5886 40 5869 41 5814
1349 8.5343481674959456 5.9121509702694555 198.51890362258891 155 118 104 0.22135729507089064 50 5900 40 5871 41 5818
1350 -19.77597366830226 4.9856481723235371 226.05532319241317 76 55 47 0.15366643312874784 50 5885 40 5874 41 5821
1351 31.989796385964667 8.6547545609876693 208.83139352905221 98 71 56 0.40405752660300925 50 5897 40 5875 41 5823
1352 -0.40840276971469314 5.8488898527670461 208.3827233882196 235 198 184 0.30263264624608194 50 5899 40 5877 41 5824
1353 7.5556807379843205 6.4244961731848109 200.08620986762375 202 165 149 0.282521237440787 50 5911 40 5878 41 5825
1354 2.114406648198528 6.2687972678895534 203.53350325562172 214 173 157 0.34177892444066577 50 5910 40 5880 41 5826
1355 4.7156609434440746 6.7430409597178738 199.83536672288102 160 114 96 0.15431187201529581 50 5916 40 5884 41 5828
1356 -41.586337834327779 5.9396529772580253 227.83796685291276 43 34 5 0.23817914882319621 50 5898 40 5885 41 5827
1357 -8.9885031514568183 6.4457455679270739 221.49519330528321 205 173 141 0.11359276077008118 50 5905 40 5886 41 5831
1358 -8.9885031514568183 6.4457455679270739 221.49519330528321 205 173 141 0.11359276077008118 50 5904 40 5887 41 5832
1359 7.0927644224519097 7.3126167716920323 199.264629863685 60 23 9 0.102907875922803 50 5926 40 5888 41 5838
1360 7.0927644224519097 7.3126167716920323 199.264629863685 60 23 9 0.102907875922803 50 5927 40 5889 41 5839
1361 -51.044609285225995 6.5232820427740901 223.00429832169416 69 44 45 0.17131281539311047 50 5909 40 5890 41 5835
1362 -17.401549091565172 6.6594727942367324 227.14437599602061 46 29 21 0.25204588193785865 50 5907 40 5892 41 5836
1363 -17.401549091565172 6.6594727942367324 227.14437599602061 46 29 21 0.25204588193785865 50 5908 40 5893 41 5837
1364 -40.9369319968688 7.280815608308643 224.45918585248498 131 102 69 0.084741286846849062 50 5920 40 5907 41 5856
1365 -15.678362855081783 7.621379351743732 225.31874217859871 147 120 86 0.20829040599761139 50 5921 40 5908 41 5858
1366 -26.683261852570638 7.4917060249777725 227.46040961484874 52 51 45 0.14202102466817476 50 4287 40 5909 41 5857
1367 7.8787178677520577 8.4812910197881859 199.98183191228193 159 116 99 0.71930840638206017 50 5934 40 5910 41 5860
1368 -51.416193617130595 7.7950618974052155 223.23665529852292 154 142 137 0.19173834847675034 50 5929 40 5913 41 5863
1369 2.7914698704690526 8.611105929802445 203.05732911602632 215 174 156 0.28598452497308419 50 5937 40 5914 41 5867
1370 30.562210312452681 11.438370755120237 211.0809741324974 96 72 66 0.42682845437298939 50 4308 40 5917 41 5871
1371 -8.3990508856218025 9.6049236683734414 221.27826744780685 223 194 170 0.057139655454202444 50 5938 40 5924 41 5879
1372 10.856273117580141 10.423873589181971 201.7094675089005 137 118 113 0.079144747941593693 50 5945 40 5927 41 5884
1373 7.3242797847268086 10.19407034227801 200.64222205656188 156 107 90 0.19212205832363302 50 5947 40 5930 41 5886
1374 10.040506252163746 10.512442965907098 200.75321536003901 168 137 125 0.095140636786895522 50 5948 40 5931
1375 29.748340263493809 12.800453409758456 209.05452443617426 74 53 53 0.5766751672518452 50 5946 40 5932 41 5887
1376 -27.057825235474418 10.381252663922618 218.81640597628825 96 55 44 0.48700592233813356 50 5949 40 5941 41 5895
1377 -20.462161435511607 10.637238511726451 216.55292964265811 37 30 14 1.1004351993635204 50 6995 40 5942 41 5897
1378 -13.741023310631389 10.92719823397112 218.76345186277231 22 11 0 0.11494469543804979 50 5954 40 5943 41 5898
1379 28.877386790822491 13.728079839839177 210.18219892917679 70 60 57 0.17458005346409358 50 5962 40 5944 41 5899
1380 28.877386790822491 13.728079839839177 210.18219892917679 70 60 57 0.17458005346409358 50 5963 40 5945 41 5900
1381 -22.123628145060948 10.675580596605862 214.83523869783892 128 73 58 0.5600821044808999 50 6998 40 5946 41 5901
1382 -59.933272835075151 11.380857999059513 223.40213218872051 115 104 95 0.25750089561016037 50 5957 40 5947 41 5902
1383 -61.923865515748908 11.654647323444218 222.97065939080727 80 48 31 0.17858671999076295 50 5959 40 5948 41 5903
1384 -54.9468921235922 11.363926401223047 225.06939995028398 81 63 58 0.23798514242436378 50 5958 40 5949
1385 22.985385711831452 13.559728734495801 210.49355957062039 92 20 24 0.090297461457201786 50 5966 40 5950 41 5905
1386 -44.961533032064274 11.011308585087844 218.10388075468168 153 139 107 0.12739258194306927 50 4354 40 5952 41 4326
1387 -31.29665739768631 11.107892829869472 220.09815470999661 147 103 73 0.34609914229815336 50 5964 40 5953 41 5904
1388 -27.972754798284846 11.42512838877812 217.80022315384656 151 115 91 0.37356380480729334 50 5968 40 5956 41 5908
1389 -27.972754798284846 11.42512838877812 217.80022315384656 151 115 91 0.37356380480729334 50 5967 40 5957 41 5907
1390 -4.6237105677766488 12.160595191695116 214.4358525161224 216 189 171 0.20262823393684956 50 5975 40 5958 41 5912
1391 -8.075717688707055 12.487639653876428 217.45566469073736 43 39 15 0.18057091042999204 50 5978 40 5961 41 5913
1392 4.9638516878222916 12.804767795152801 202.52284618922059 196 153 136 0.089505110955045389 50 5983 40 5963 41 5915
1393 31.736343405953036 16.036707180932439 210.81889810403953 115 96 84 0.23258241700274498 50 7013 40 5968 41 5920
1394 8.0640029907904758 13.357073651515288 200.91603359352234 218 191 175 0.239336258450387 50 5988 40 5971 41 5922
1395 40.421014392914586 16.937778075485451 203.99266359060232 151 133 105 0.16624861527991011 50 5987 40 5972 41 5923
1396 -1.329645570373448 13.436255592606921 210.27132474936417 245 215 200 0.22926867907297752 50 4391 40 5973 41 5925
1397 0.58187021042755882 13.576628123474572 207.42815628097665 83 34 25 0.034220695026475158 50 5990 40 5976 41 5927
1398 9.3574982108207188 14.152853366270289 202.80744961056573 138 112 98 0.28411854418268073 50 5994 40 5977 41 5930
1399 11.486255533868635 14.343496125028855 202.29111897830504 145 129 123 0.16379473319043394 50 5995 40 5978 41 5931
1400 -22.021491013644759 13.283380126307724 213.88895954546336 156 115 97 0.57502408743708189 50 7018 40 5979 41 5932
1401 -41.50067794384578 13.63564142546756 219.7807933224787 102 95 64 0.18807191641352269 50 5992 40 5982 41 5934
1402 -32.213990651254193 13.498397144888239 216.56164575556784 134 114 69 0.53979474749939182 50 5993 40 5983 41 5935
1403 7.288249903027876 14.516268239166079 201.94606013246332 220 178 163 0.26426227252634021 50 5998 40 5984 41 5936
1404 37.063828392927796 17.798764732475853 207.53135806225168 60 33 15 0.88288542719281216 50 7027 40 5986 41 5940
1405 44.442424562450462 18.983581384857562 205.57034923389153 69 35 7 0.2258316152841652 50 6002 40 5989 41 5944
1406 -43.323639832691981 14.261611519620121 218.62908619529222 114 103 50 0.55615579329579257 50 5996 40 5990
1407 3.7827475776080557 14.953665888532184 204.00165516338021 55 13 5 0.16982622944428138 50 6005 40 5993 41 5946
1408 14.968667517882508 15.72178909918772 203.51704654170425 100 90 94 0.31357301747874611 50 7032 40 5994 41 5945
1409 -5.2373813801853411 15.316003803018752 214.51152538118643 127 112 90 0.30481322000470995 50 6003 40 5995 41 5949
1410 46.876698264638236 19.888847646858299 202.74447119217157 193 177 94 0.050304427751548787 50 6011 40 5997 41 5951
1411 -30.503157370560096 14.871438242082087 215.98302453781511 107 91 57 0.39694003897154917 50 6004 40 5999
1412 20.882724804265628 17.08180579905348 207.96068426949319 69 66 70 0.31874683043348356 50 7036 40 6000 41 5950 41 7014
1413 45.898946639073735 20.053645982056846 203.56655313309849 59 44 8 0.36875464257961932 50 4430 40 6004 41 5954
1414 -43.569720534747646 15.416734695038125 219.43600272057947 65 55 12 0.12542815609552441 50 4416 40 6005 41 5955
1415 -43.569720534747646 15.416734695038125 219.43600272057947 65 55 12 0.12542815609552441 50 4417 40 6006 41 5956
1416 -7.4151614741242922 15.921889730494627 213.23466417104484 66 65 58 0.46481131370507484 50 6012 40 6009 41 5960
1417 -25.592240266991119 15.703063543576846 217.82534111716598 46 12 3 0.068039532586290336 50 4420 40 6012 41 5961
1418 26.512985262441404 18.477431055245404 207.12359086972259 153 81 80 0.40861342318457622 50 6017 40 6014 41 5964
1419 55.301019903055568 22.174795993316408 201.19684341652999 71 37 4 0.24015231453301925 50 4451 40 6016 41 4417
1420 -53.044220222332555 16.448689518123416 217.70239122732843 50 37 21 0.1201738331827551 50 6019 40 6022 41 5971
1421 -7.7672491404215132 16.814504912662304 213.23107233021415 21 27 18 0.36646233311323012 50 4448 40 6024 41 5973
1422 20.453663194265623 18.671483860749362 206.49842642110107 29 28 31 0.21135945200078554 50 6029 40 6027 41 5975
1423 15.086156664816231 18.443720445779594 203.49902593525039 57 41 36 0.26524840058323773 50 6031 40 6029
1424 37.34426949817184 21.080083019123165 205.35269366132195 165 141 113 0.3381431301654842 50 6032 40 6031
1425 49.008797396234762 22.603188058241241 201.93819324931846 177 159 86 0.52526290811475917 50 6034 40 6032 41 5977
1426 -39.144314375160398 17.041775253585456 209.76635907160346 84 74 20 0.26460972569215202 50 7060 40 6035 41 5978
1427 -55.407808834316626 18.176733741406789 221.6849681605928 39 25 9 0.1291857240173804 50 4466 40 6036 41 4446
1428 56.250625758354644 24.002748679031814 199.14121281429726 177 146 57 0.040506579783250375 50 6042 40 6037
1429 -1.4010589628580259 18.234756639042335 207.28996153411325 170 140 125 0.24734383931616635 50 4488 40 6038 41 5980
1430 44.567284944295793 22.757940706629068 204.60540868362327 119 89 25 0.19929913818428921 50 6040 40 6040 41 5981
1431 44.567284944295793 22.757940706629068 204.60540868362327 119 89 25 0.19929913818428921 50 6041 40 6041 41 5982
1432 56.711753234887048 24.838845216033334 203.51708375571513 217 180 97 0.10737350109283302 50 6046 40 6043 41 5985
1433 15.46086079315852 19.561360205810029 201.80948539420802 48 39 31 0.24954787098950679 50 6045 40 6044 41 5984
1434 -12.574430820611177 18.074717982497795 202.0645417788904 130 129 120 0.073267145720819563 50 6049 40 6045 41 5986
1435 42.615417602803511 22.950568409429966 203.32642374841308 39 13 2 0.080567426421485677 50 6048 40 6046 41 5987
1436 56.028530761124806 25.353476059712868 205.71554393729107 90 53 10 0.31577527854831455 50 4512 40 6048 41 5990
1437 -25.342178533556289 18.563742150006057 210.29702041418383 144 123 100 0.099033641255073565 50 6047 40 6049 41 5989
1438 42.601925861646691 23.587586499220883 205.75911020580551 115 94 81 0.25644741584379754 50 4519 40 6052 41 5993
1439 44.845551826965014 23.865497183509653 205.24302655765604 185 159 79 0.48614160359846009 50 6052 40 6053 41 5994
1440 -28.230828390858971 18.429788869405062 205.19592860709929 87 82 53 0.33229585924872757 50 4524 40 6054 41 4485
1441 -24.316025893985216 18.983465758892361 206.1662016903397 72 46 19 0.4403160497488619 50 6055 40 6055 41 5998
1442 15.854987902601932 20.915950692362131 201.4863240459151 36 34 35 0.18454587436081638 50 6063 40 6057 41 6001
1443 -29.722280895824152 19.363142657737459 208.69370014510801 126 116 67 1.3495172304705705 50 6057 40 6060 41 6002
1444 -45.238224331219726 19.7759166366748 212.72798578475366 118 103 66 0.48228386685664054 50 6056 40 6062 41 6003
1445 53.528733163132266 25.642375239997591 200.36319558824349 185 157 89 0.43344606089701027 50 6068 40 6063 41 6004
1446 28.401264077704113 23.014614403787089 204.41597232618841 174 111 84 0.30631491938322813 50 6070 40 6066 41 6007
1447 -5.5224409005343364 19.349554538819849 190.61084549898899 80 60 51 0.86304294515669944 50 6080 40 6069
1448 5.3311707276782521 21.759293343014445 204.348559083271 201 165 161 0.1069459188408612 50 6079 40 6075 41 6019
1449 -51.707845490892147 21.550246623678635 218.14846917227649 126 115 80 0.30178210067756545 50 6075 40 6076 41 6017
1450 6.3445561099091048 21.900966009011068 203.49451864507839 187 156 149 0.074215174297683859 50 6082 40 6078 41 6020
1451 -11.719059568161503 20.881771339289276 199.7158137203333 146 122 100 0.28474701458455537 50 6090 40 6081 41 6022
1452 14.757479696635981 22.78925032041932 201.61944524266431 124 103 90 0.17237416977072539 50 6088 40 6084 41 6023
1453 -53.552678711035654 22.367166515767952 218.95577110242141 120 111 63 0.33912019872080679 50 4564 40 6085 41 6024
1454 56.464093031971508 28.202447763793508 203.22579075951609 197 173 91 0.25602793040401811 50 4573 40 6089 41 6028
1455 51.144248060881097 27.792924913741697 201.04143638915269 181 161 86 0.028369388118185398 50 6095 40 6093 41 6030
1456 -8.2412492854511434 21.958570290764531 198.13940847114429 140 96 89 0.4525600294958414 50 6101 40 6095 41 6031
1457 47.917255081056751 27.579269142305328 200.54307373401426 174 168 77 0.20171004656331556 50 6098 40 6096 41 6032
1458 -52.123644618484057 23.380611761533387 217.56880330404431 122 110 70 0.26174600596264136 50 6092 40 6098 41 6035
1459 -11.578099962526004 22.285354223351018 199.7753990455156 73 42 19 0.086630363801237634 50 6103 40 6100 41 6037
1460 15.649182469750729 24.584551256835631 202.61997878599237 40 46 34 0.30558394668831507 50 6104 40 6103
1461 49.488413239474134 28.575546037199771 201.1249472558778 170 156 90 0.037997862768562984 50 6107 40 6105 41 6043
1462 17.209756276138492 25.188630458658814 201.56481823293245 47 52 30 0.34918798103611071 50 6108 40 6107
1463 -44.665673947030541 23.853739451003626 213.27929062591184 75 78 45 0.18787294798370477 50 6106 40 6108 41 6045
1464 -44.665673947030541 23.853739451003626 213.27929062591184 75 78 45 0.18787294798370477 50 6105 40 6109 41 6046
1465 31.994211537319408 26.848498536557457 199.28819070522445 87 32 19 0.23120531066044969 50 6110 40 6113 41 6048
1466 -15.363640063351763 23.444850481564103 200.13960666355072 171 127 71 0.059762289560681824 50 6114 40 6114 41 6049
1467 46.338657252706852 29.025932376117865 202.20744004027378 142 126 81 0.26890306337194608 50 6111 40 6115 41 4601
1468 49.137256561460077 29.54449423483797 202.16467949907883 179 161 80 0.35842695824187359 50 6116 40 6117 41 6051
1469 49.137256561460077 29.54449423483797 202.16467949907883 179 161 80 0.35842695824187359 50 6115 40 6118 41 6052
1470 49.77938903155173 29.598628335486588 200.9590467264249 84 68 5 0.97392375822611477 50 4629 40 6119 41 6053
1471 -22.167493419039559 23.011636486381381 194.71788612006159 92 50 37 0.26308020499649792 50 6122 40 6120 41 6057
1472 -41.886020746059145 24.652989470922407 212.18502963695383 23 8 2 0.17392550634213319 50 6109 40 6121 41 6056
1473 32.453498735174868 27.074710667912111 196.34818895223725 108 45 34 0.48970843024331306 50 4639 40 6123 41 4609
1474 45.236883106050989 29.35977319705847 199.42920767905855 33 24 1 0.29925769399234425 50 7124 40 6127 41 6060
1475 45.265699732296262 29.387145051915891 199.60775466135871 33 24 1 0.24299147104606322 50 7125 40 6128
1476 -42.923007111325624 25.279647544205368 213.41462898797397 27 9 7 0.13453927422667852 50 6120 40 6131 41 6063
1477 -38.6479802652538 24.961061879059226 208.46589779781942 80 68 30 0.18582267428867652 50 6125 40 6133 41 6065
1478 -38.6479802652538 24.961061879059226 208.46589779781942 80 68 30 0.18582267428867652 50 6124 40 6134 41 6066
1479 29.675765885050037 28.133009210897541 201.74913051551945 109 77 36 0.054868707466315593 50 6127 40 6137 41 6067
1480 46.67111955834676 30.207389808125278 199.59408187265501 34 20 2 0.30837719513726475 50 7130 40 6140 41 6071
1481 -23.580421543754522 24.627610359761889 196.49015755644152 112 68 61 0.20914883838762552 50 6134 40 6144 41 6078
1482 -39.332233544976269 26.586131537240789 213.5261929182206 125 122 81 0.12434494175154776 50 6133 40 6145 41 6079
1483 36.79145253555874 28.996303039986447 193.82425587729321 133 71 71 0.12571356490373953 50 6136 40 6148 41 6080
1484 -9.9149753228028246 26.275284675410784 201.56929860138203 58 34 12 0.4739773745906663 50 6135 40 6153 41 6083
1485 30.198605193043761 29.598225424687829 200.2269168802751 97 85 62 0.35266621700260808 50 7141 40 6154 41 6089
1486 -29.854733823060744 26.337480612209518 202.54106025975264 47 37 0 0.37617925113326711 50 4686 40 6155 41 6090
1487 -28.028819301510278 26.163078151391581 198.80540542755807 144 141 90 0.080443017112485568 50 6147 40 6157 41 4659
1488 -17.724038294347718 27.481445511567571 201.44619396926683 140 89 63 0.11722844020194002 50 6151 40 6163 41 6098
1489 56.818482492235958 33.942812645956593 190.01989653409018 81 66 22 0.19563577621784423 50 6159 40 6169 41 6102
1490 -61.499514523200901 29.605087059585767 213.8518659459595 116 98 70 0.10893988601152338 50 7148 40 6170 41 6104 41 7133
1491 -62.325755060547557 30.045210454139745 213.82888048511967 51 33 1 0.24201041907684559 50 6154 40 6173 41 6107
1492 52.184843212717325 33.898948374008818 192.50754929597812 130 116 91 0.85607513596917428 50 7152 40 6174 41 6108
1493 -4.0563462666074841 27.405066903099588 187.29315045701691 130 112 83 0.19706360731208158 50 6163 40 6177 41 6112
1494 0.38892251265838407 28.510966135302102 190.96609544441745 13 6 6 0.18249423242932639 50 6166 40 6180 41 6113
1495 -2.1240212689306275 27.68266415927825 185.30185445582794 140 117 78 0.19258570328481586 50 6170 40 6182 41 6116
1496 11.704397647492735 29.470487178025586 190.66350935889122 92 36 39 0.81358268020243019 50 4741 40 6185 41 6118
1497 16.981927012496616 30.128468952748161 189.73189510607847 69 23 23 1.3448922710211746 50 6172 40 6188
1498 55.534259390956649 35.054686585201885 188.53740705574253 134 126 71 0.34349849235511637 50 6174 40 6189 41 6125
1499 -27.580139947128135 29.225696759409377 200.65800722086342 9 10 0 0.36504420087415262 50 6168 40 6190 41 6123
1500 42.846335419538569 33.166434569500986 188.6995511112452 105 55 65 0.24939935896791277 50 6175 40 6192 41 6127
1501 -14.57459978497983 29.930391400000762 201.16108450750784 110 78 50 0.32733900726058734 50 4745 40 6193 41 6128
1502 33.901499827381912 32.071095012613114 187.92321047730363 112 44 49 0.35877668884905045 50 6176 40 6197 41 6132
1503 -41.347135187305959 30.922142744918624 208.3658655697738 118 124 86 0.28237901288452943 50 6173 40 6200 41 6135
1504 6.1749483497149305 30.251137408077319 188.26499046676577 135 80 48 0.31481304643683738 50 6187 40 6202 41 6138
1505 6.1749483497149305 30.251137408077319 188.26499046676577 135 80 48 0.31481304643683738 50 6186 40 6203 41 6139
1506 25.653546760942884 31.967469316661305 187.90171218851702 102 59 61 0.50913420344309535 50 7171 40 6204 41 6142
1507 -56.096652514868758 32.138735351442122 211.75924708114309 68 15 17 1.2964483005746572 50 4762 40 6206 41 6140
1508 -2.2646419666407001 29.832194579251215 187.92453730736392 54 38 4 0.051255267490541601 50 4782 40 6208 41 6145
1509 -9.8964618446728156 30.350721513509626 194.15346248954057 32 22 0 0.34956596921818278 50 4778 40 6210 41 6144
1510 27.981377727475067 32.631619743147048 187.94592151577038 47 14 14 0.50017654113970567 50 6195 40 6214 41 6150
1511 -61.39597623447164 32.865989545628018 212.48393745494863 100 49 40 0.11620703824790335 50 6179 40 6215
1512 -49.117138652399802 31.986335741455495 208.79998151214792 87 82 70 0.15112233702089162 50 6183 40 6216 41 6152
1513 -58.846359446259115 32.88034028766279 208.79212772993247 59 11 9 0.20374577525871188 50 6189 40 6220 41 6163
1514 2.0737543438834551 31.160732626012077 188.16822525441722 158 138 127 0.15506939750357604 50 6205 40 6222 41 6165
1515 2.0737543438834551 31.160732626012077 188.16822525441722 158 138 127 0.15506939750357604 50 6206 40 6223 41 6166
1516 -34.958388482706418 31.229918574654391 196.50305193072549 175 128 64 0.55157888788277509 50 6203 40 6224 41 6171
1517 0.13770468243905007 31.387298710258804 188.63954826260107 56 18 17 0.12022443463192606 50 7186 40 6226 41 6167
1518 -40.605218294359055 32.703239256589363 206.57533057038583 23 27 12 0.12402751345379337 50 6197 40 6229 41 6170
1519 -25.347542987569454 31.398617397164696 193.20547759474209 132 112 51 0.12926040727901014 50 4814 40 6234 41 6178
1520 -2.1393008405920764 31.41139495910349 186.77814175564399 43 37 14 0.30030729784453386 50 4823 40 6235 41 6179
1521 25.832007309886343 34.701343899166254 193.21247893133605 51 28 27 0.23549364727629471 50 6211 40 6236 41 6180
1522 -62.441511693466488 34.471733718697301 209.07967368391638 46 16 1 0.25663599859161212 50 4809 40 6237 41 4773
1523 7.1475261865640327 31.993913568050996 182.60949080985279 85 66 32 0.62525563720900201 50 6219 40 6240 41 6183
1524 -34.152012355602473 32.344748271835748 195.0659240431248 172 133 60 0.20946312431307593 50 6216 40 6242 41 6188
1525 -31.273472563802976 31.76936348737998 191.31128524976171 91 57 15 0.048246804141482476 50 6217 40 6243 41 6189
1526 18.218275569831228 34.047594012586643 189.35961019900381 65 48 32 0.33502300055420386 50 6218 40 6244 41 6187
1527 44.535927291845766 36.520392160728257 184.43421686105873 225 139 141 0.17766987610415411 50 6221 40 6245 41 6190
1528 23.419734257927004 34.697570096854243 188.82773447225 40 26 21 0.14918388367350388 50 6220 40 6247 41 6191
1529 -8.1094360548491089 33.557496178426838 192.45625908119024 36 22 1 0.063589482341087342 50 6225 40 6250 41 6196
1530 2.0380257476605084 34.204994405096045 189.29345555519831 68 34 30 0.033932805897580819 50 6233 40 6254 41 6201
1531 29.762684903717016 36.603842429477304 189.62865698719452 43 21 21 0.12791913118595924 50 6232 40 6255 41 6200
1532 33.107967805663748 37.551391795861832 189.1715295152087 154 119 101 0.18451662172376215 50 6238 40 6261 41 6208
1533 -24.391260983881413 34.192592913536267 191.78956176837795 150 117 85 0.12596748286056189 50 4881 40 6262 41 4812
1534 -5.3228102875325893 34.586408133708559 188.41371518859918 35 26 7 0.11218621408506797 50 4886 40 6266 41 4814
1535 23.777227795655804 37.041482198512597 189.32174556165097 27 16 11 0.12003883308088403 50 6244 40 6267 41 6217
1536 54.508878535143367 39.903742698992623 178.76242506716011 97 80 83 0.68545196694981358 50 6253 40 6269 41 6220
1537 29.886806405994559 37.806122095653627 187.94115878284697 28 17 8 0.32373561755017527 50 6247 40 6270 41 6221
1538 42.54859726446729 39.273819481807578 185.57808216019913 193 178 140 0.074615420485394005 50 6252 40 6271 41 6226
1539 33.26451143275564 38.624348022825806 187.81264225097959 31 21 1 0.16351979844121331 50 6254 40 6280 41 6230
1540 2.0716729824558389 36.248420132048757 189.8444834444264 38 20 19 0.12243168845872193 50 4904 40 6281 41 6236
1541 41.231035039884823 40.091974787156531 188.72787927333641 60 44 13 0.32420221800468579 50 6258 40 6283 41 6237
1542 52.629388031712615 40.671657359924694 177.85205109424794 127 82 79 0.29590746862623823 50 6265 40 6288 41 4860
1543 54.290193872017099 42.315585572033484 178.68790144510626 128 108 101 0.18342130522780509 50 6282 40 6300 41 6252
1544 -48.134370210671513 38.137070848170403 198.83650467317852 72 60 71 0.55048895486047156 50 6266 40 6301 41 7224 40 7293
1545 -2.2247621999109843 37.441382375179479 187.79250589587912 61 50 33 0.28270329221306095 50 6276 40 6304 41 6253
1546 40.945368061761975 41.406834631234979 186.58365871054704 43 35 8 0.16157054751057134 50 6277 40 6305 41 6254
1547 -60.541963802620543 40.09772739088492 205.42696619711529 178 155 73 0.10206811648027696 50 6268 40 6306 41 6255
1548 -58.331236668312904 39.363230709202504 201.86464802686254 209 134 137 0.20998369025988275 50 4934 40 6307 41 6256
1549 -36.102328495624057 38.375218072226922 197.69051877703166 31 15 4 0.42598015908320025 50 4936 40 6308 41 6257
1550 9.7441089965259149 36.376157594660285 175.18704240057042 61 59 11 0.31802106868836083 50 6288 40 6309 41 6259
1551 -61.3434350758099 37.715379365529984 187.08400780506142 38 25 4 0.29897153385066383 50 4959 40 6313 41 6264
1552 12.875925968676237 36.773804261350271 173.26132410811474 43 43 1 0.20100836247329121 50 6302 40 6317 41 6269
1553 25.861726807525081 39.40575983444883 181.38641739471839 49 8 0 0.087176078594659909 50 6291 40 6318 41 6266
1554 -43.004232417450034 39.236032886377281 198.47350188414646 24 11 21 0.42842706834120975 50 6283 40 6319 41 6267
1555 22.265283073130192 40.748111838052566 188.01278224050139 27 16 1 0.24461044728070244 50 6297 40 6322 41 6272
1556 38.407287321817634 42.333059012383011 185.00309181476646 59 52 31 0.22324079885453604 50 6303 40 6324 41 6275
1557 38.407287321817634 42.333059012383011 185.00309181476646 59 52 31 0.22324079885453604 50 6304 40 6325 41 6274
1558 49.209778911129568 43.022656167734617 179.3825459815784 229 204 174 0.42317418766032916 50 6307 40 6326 41 6273
1559 54.160187442091235 43.751786096381579 177.73921669300813 200 173 160 0.2187044226821494 50 6309 40 6327 41 6276
1560 -59.136733471126554 39.037514363372004 190.44015544512962 92 76 45 0.16829901111631795 50 6299 40 6329 41 6277
1561 -61.634171980397056 38.881640790012824 187.35121946034087 120 107 75 0.081560922706044481 50 4974 40 6331 41 4922
1562 -39.040673515889658 40.304123905548465 200.14486507336809 145 140 106 0.12869451201137236 50 6295 40 6332 41 6279
1563 38.421714503864521 43.356814865292904 188.25721640053115 28 29 8 0.38806809312315727 50 6306 40 6334 41 6282
1564 -40.937324995075244 40.540588728049329 198.53715741382393 36 15 5 0.18233890107759665 50 6305 40 6335 41 6283
1565 47.225864194804977 43.360727456210228 179.38256147096405 239 215 193 0.37422781017458845 50 4990 40 6337 41 4935
1566 -9.4368391353532761 39.970662819832121 190.64288283207759 36 13 0 0.16841058295410793 50 6312 40 6338 41 6285
1567 44.784500337268462 43.595091643304585 181.74838676762877 127 113 71 0.63087036527083384 50 6319 40 6343 41 6289
1568 -59.45833999040763 39.89845318828278 190.22770975384981 35 19 0 0.18424247190130025 50 4987 40 6344 41 4939
1569 -59.45833999040763 39.89845318828278 190.22770975384981 35 19 0 0.18424247190130025 50 4986 40 6345 41 4940
1570 -43.582194912819176 41.326598476148959 200.06586971604742 28 11 22 0.33233177311663847 50 6310 40 6347 41 7247
1571 -49.296671404413026 41.455683857857913 199.94534005758075 13 5 24 0.14802663653174072 50 6311 40 6348 41 6291
1572 26.198419206271645 41.374174964634285 181.61457086567674 153 110 77 0.40180996215602682 50 6323 40 6349
1573 34.283201594286361 42.9870888253838 185.0688761367276 91 89 61 0.37395061206464447 50 6320 40 6350 41 6292
1574 10.918158667247285 38.255314988061791 170.80098794124237 55 59 5 0.9546426435188925 50 6332 40 6352 41 6296
1575 -60.788349045941985 40.48065173547775 188.66021815311456 127 110 61 0.13867767765791025 50 6325 40 6353 41 6295
1576 -56.389814505800658 42.312693929300352 199.25110435100328 172 101 116 0.17338239860371971 50 6321 40 6357 41 6298
1577 -61.623243751328062 41.126799300307084 188.82691129110952 132 115 64 0.38421096485660783 50 6329 40 6360 41 6302
1578 -40.4070293499786 42.121516269799827 198.13314527342985 39 17 11 0.33138130771257207 50 6326 40 6361 41 6303
1579 9.2643238702668036 39.592272236543025 173.59979833251671 143 153 89 0.23068726669586861 50 6340 40 6366 41 6308
1580 -5.6624503480473436 42.19829723199166 186.04506367019292 73 56 29 0.11732729012825432 50 6348 40 6375 41 6321
1581 47.012080123964445 46.720483564296359 180.30967855366018 80 48 33 0.26131058071414826 50 5056 40 6378
1582 -61.278207174273021 43.23938453160855 188.87499239867554 59 45 1 0.30854901575266785 50 5054 40 6384 41 6331
1583 -2.4670438013142233 43.434316371884691 186.61297551088461 20 10 2 0.1276329328090868 50 6357 40 6388 41 6336
1584 -4.7851574845755875 45.918387031443636 183.55279188922532 19 7 0 0.11960776372117056 50 6420 40 6434 41 6387
1585 -59.740996413219747 47.471311573716513 189.91004374357129 108 98 70 0.14430650442593299 50 6422 40 6440 41 6395
1586 8.8783455521397112 44.831077779955059 171.00485767560468 125 100 82 0.065802094707203287 50 6447 40 6452 41 6407
1587 15.883790817972999 48.623375879738852 183.56491021699642 79 53 50 0.19383080617702012 50 6442 40 6455 41 6409
1588 15.883790817972999 48.623375879738852 183.56491021699642 79 53 50 0.19383080617702012 50 6441 40 6456 41 6408
1589 -58.105867813116028 48.547283355386632 190.5262514241991 94 83 66 0.26062125459941621 50 5193 40 6457 41 5118
1590 -62.779555900755035 50.298941062292464 192.7606437338838 51 32 2 0.49371935369641573 50 6448 40 6473 41 6427
1591 21.686506460794622 49.480709818834306 181.11311404170777 42 33 13 0.095133502871582828 50 6454 40 6474 41 6428
1592 -40.674612817448647 49.306175027339464 193.11366628250758 59 32 7 0.051076712363076565 50 6449 40 6475 41 6429
1593 -60.618589702682399 50.027258918134045 189.52024695604163 120 107 75 0.096512651853462764 50 6459 40 6486 41 6442
1594 -59.473246836559248 50.141743907621866 189.52022483421086 32 22 4 0.19677779855130498 50 5218 40 6492 41 6446
1595 16.845633121663319 50.118577202971821 182.11712653403077 27 5 0 0.11515837499457555 50 6466 40 6494 41 6449
1596 -10.922572207177176 45.918079026528673 172.86508313715538 30 8 1 0.32885807585123944 50 6484 40 6495 41 6451
1597 20.391193037209732 51.457036424348772 185.64572400859754 98 88 66 0.60472058867065959 50 6464 40 6497 41 6453
1598 -19.974917001127285 45.642805826611124 173.26655148273019 178 117 71 1.0004553207270206 50 6488 40 6499 41 5151
1599 -22.889883011908669 46.590454582246025 176.70069146060348 189 127 73 0.20772775602642976 50 6483 40 6505 41 6456
1600 14.470965263106114 50.782529887387021 183.06447354272206 119 92 84 0.059574218097018905 50 6486 40 6514 41 6470
1601 15.861627692812048 50.772503802431544 181.85205442895924 30 12 7 0.61667319725567216 50 6492 40 6518 41 7345
1602 15.836282529475049 50.591378294463283 181.26146324898193 30 12 7 0.31459372545683162 50 6493 40 6519
1603 -61.289798103352155 52.004314430411561 190.53860719147093 25 15 0 0.13718172426278089 50 6494 40 6529 41 6486
1604 -29.992498764396096 46.032684458597288 170.34457099238676 48 40 3 0.94808423646237727 50 5256 40 6534 41 6491
1605 17.609984765901288 52.048747512680386 180.14936590555973 19 8 3 0.39906438391867743 50 6511 40 6540 41 6496
1606 -7.6025834188556525 50.846114593906172 180.67541587744998 22 4 0 0.5484928226743645 50 6516 40 6547 41 6505
1607 19.01876722909849 52.745982380189226 179.6826663395417 22 12 3 0.147481539854004 50 6517 40 6548 41 6507
1608 -32.873354472824573 47.872266090618851 171.38859149534048 73 61 19 0.46069282657025362 50 5291 40 6550 41 6510
1609 -42.095069674972599 53.137832187118455 190.63948988534952 129 94 56 0.076664189126811513 50 6514 40 6552 41 6509
1610 -57.194901927560615 55.205954469532116 192.65492039206856 38 19 3 0.11763051508000687 50 6524 40 6558 41 6513
1611 -53.842747533985978 54.653971534677055 188.53653967280542 182 150 116 0.17581450149007871 50 6534 40 6563 41 6521
1612 -43.831230839553967 53.111031050142479 185.0572536695189 35 30 32 1.9266593694050593 50 6535 40 6564
1613 -29.007526668825339 53.405391400577095 183.63596671713495 7 1 0 0.49571401737515003 50 5318 40 6571 41 6529
1614 -19.378887404129564 -25.101145620508667 225.57507056568798 251 221 206 0.13654366576224988 50 6696 40 6705 41 6668
1615 -15.923105762925136 -25.221463254655099 228.18507759569158 93 92 98 0.39637684420671659 50 6697 40 6709 41 6669
1616 -14.659264899750298 -23.565394447584676 228.67041529534396 38 41 48 0.29538452957159939 50 6711 40 6730 41 6687
1617 -14.659264899750298 -23.565394447584676 228.67041529534396 38 41 48 0.29538452957159939 50 6712 40 6731 41 6688
1618 -19.257815314824363 -23.107624064969936 225.8898173062274 212 190 170 0.13730598576437769 50 6718 40 6733 41 6691
1619 -20.284833953868187 -21.977866625170599 226.48346992774407 235 222 201 0.11692938707147681 50 6728 40 6746 41 6705
1620 -15.147393017536631 -21.106986306276333 230.20344142446072 32 32 40 0.38184632126884549 50 6743 40 6761 41 6723
1621 -20.546453172639726 -19.154469982112126 226.38948037033677 195 167 135 0.088066562959573824 50 6763 40 6776 41 6736
1622 -29.353518942627282 -16.399458907935607 242.93790822475285 140 128 88 1.3405259955174753 50 8026 40 6826 41 6776
1623 -14.808302039076525 -12.819730075647412 221.85986425885409 230 207 205 0.070471793371356603 50 6821 40 6839 41 6793
1624 -5.0812010966396919 -12.681568099937932 226.6799585596595 42 25 26 0.62418672440280398 50 6822 40 6841 41 6796
1625 -21.765182259641978 -11.76906184577598 227.26368238006731 85 60 58 0.32485528555304172 50 6834 40 6859 41 6811
1626 -7.7279979761634578 -10.209263458261924 215.06409762395498 43 22 26 0.050404902217650233 50 6838 40 6865 41 6816
1627 -7.7279979761634578 -10.209263458261924 215.06409762395498 43 22 26 0.050404902217650233 50 6839 40 6866 41 6817
1628 -12.638185610862315 -9.9410536856448779 221.59110180812948 231 202 180 0.50690400884778286 50 6844 40 6873 41 6822
1629 12.509478189294567 -6.403224958710088 217.73799774749509 123 112 109 0.21044668814490683 50 7581 40 6885 41 6838
1630 21.601726762469017 -5.5121703379774942 215.51395954562909 100 100 110 0.32714491146180524 50 7583 40 6887 41 6840
1631 -3.9704452705137712 -6.9452743896223348 211.86081105768406 37 9 7 0.21119959445554989 50 6863 40 6889 41 6842
1632 -11.40260101754011 -7.5514648008251708 221.2317451071219 166 135 114 0.058672097163526594 50 6861 40 6892 41 6841
1633 -19.113011843366696 -7.2842604313477661 226.49600195264864 170 144 119 0.11910678646192357 50 6864 40 6899 41 6849
1634 12.44475539667307 -4.9077410266066206 210.66657469140097 39 22 30 1.2926177684886184 50 7590 40 6902 41 6850
1635 6.9133630319007047 -4.8150650728585811 210.41648438890485 228 205 194 0.14583593225259275 50 6866 40 6907 41 6857
1636 5.5890598328242271 -4.6189925816416473 212.77312601057093 241 216 204 0.087680187298183512 50 6867 40 6913 41 6858
1637 20.9773958624885 -3.0408387896519109 211.42799670501597 98 98 108 0.14288721469779714 50 6873 40 6915
1638 19.034531721850499 -3.1389195295142596 214.68882525496386 96 94 104 0.092500112132559431 50 7593 40 6917 41 6860
1639 -21.359843997735315 -5.4570854203192178 227.43092068593361 233 207 184 0.087806516791351166 50 6870 40 6920 41 6863
1640 -21.359843997735315 -5.4570854203192178 227.43092068593361 233 207 184 0.087806516791351166 50 6871 40 6921 41 6864
1641 22.02141765938709 -2.5467144007719931 215.38527268116511 20 16 25 0.05898490916716901 50 6876 40 6923 41 6866
1642 22.02141765938709 -2.5467144007719931 215.38527268116511 20 16 25 0.05898490916716901 50 6877 40 6924 41 6867
1643 -19.858843797797697 -4.7303448880768721 225.8528215697209 173 144 110 0.38556892843019641 50 6879 40 6926 41 6869
1644 -7.8677927537193106 -3.1001865611537922 218.78425070459764 241 213 191 0.12525157395027761 50 6886 40 6933 41 6879
1645 17.534610311356939 -1.0775722948918149 212.88820412349912 28 28 38 0.41159960779731791 50 6892 40 6937 41 6881
1646 -28.775811435783787 -3.3038069643690129 230.25561588339747 229 184 161 0.15874124442743562 50 6890 40 6939 41 6884
1647 -39.062719210258962 -3.1441706638316016 238.01313203214772 54 59 21 0.70317270340748206 50 7599 40 6941 41 6888
1648 -7.8301480511637074 -1.6397625099635198 216.89245474396685 250 219 198 0.69573861762779343 50 7609 40 6945 41 7618
1649 -4.2427553118505239 -1.0388542650971486 211.23683668804037 145 112 85 0.085207943754281049 50 6899 40 6947 41 6895
1650 0.086452444247767643 -0.33758200766985524 206.17941361252127 249 218 206 0.32425959609132554 50 6907 40 6949
1651 0.086452444247767643 -0.33758200766985524 206.17941361252127 249 218 206 0.32425959609132554 50 6908 40 6950
1652 19.643790403154721 0.80177830843627684 215.25579397779683 38 36 44 0.028776430241811868 50 6901 40 6951 41 6896
1653 32.757135947480357 2.5333469987363859 208.98414209860576 116 82 89 0.41619099546777205 50 5811 40 6952 41 6898
1654 35.037952209963748 3.4098019191896989 207.74252966660683 97 74 75 0.27372657625115498 50 6915 40 6955 41 6899
1655 -12.034500294944467 -0.14695074232923272 223.87436860727672 227 194 169 0.097161855406686204 50 6911 40 6956 41 6901
1656 -21.29808067147567 -0.10613918739396939 227.10182847776261 200 174 150 0.17060367840821258 50 6914 40 6958 41 7625
1657 -32.70988274001202 -0.015114143911488839 233.91466126836977 58 46 46 0.13182892555085235 50 6913 40 6959 41 6902
1658 -18.01359351772156 0.51088041131552897 226.60740861211428 152 118 98 0.42225454049065947 50 6918 40 6963 41 5767
1659 -36.569512112446532 0.45726469602886843 227.44124557577274 107 80 86 0.089009159573262719 50 7620 40 6964 41 6903
1660 -59.56689469809929 1.3183988221960856 226.14154664354263 41 34 16 0.56296161895835628 50 6921 40 6965 41 6905
1661 -38.299085593991968 0.86055952878783704 229.17845977444981 96 85 78 0.25341984387613464 50 6923 40 6966 41 6907
1662 -17.077792572497234 1.3141211192820836 227.79202886710146 155 119 97 0.61243857466949414 50 6925 40 6968 41 5773
1663 -18.713992557233954 1.5057739487486999 226.91514638951912 191 157 135 0.21985202062224007 50 6927 40 6971 41 6911
1664 21.528360865539746 4.4074816122031484 217.76978187422191 55 58 67 0.26742634449415853 50 6930 40 6973 41 6912
1665 -58.456083228932918 2.3651985362417745 225.85558935544788 44 33 15 0.36603609628542655 50 6929 40 6974 41 6913
1666 -27.712960714038481 2.1263062184714197 230.28237953770488 88 17 14 0.29248107185991928 50 5842 40 6976
1667 22.928956075605988 5.5694886405018806 219.06166607297527 65 68 77 0.10289618628113895 50 6940 40 6981 41 6919
1668 -25.570971738079333 2.9823549467742114 228.71765793891788 147 62 57 0.04439576139749999 50 6937 40 6982 41 6918
1669 -0.1772672405735102 4.2032150262015371 205.42155236981287 63 27 19 0.063060940190841769 50 6945 40 6983
1670 -0.1772672405735102 4.2032150262015371 205.42155236981287 63 27 19 0.063060940190841769 50 6946 40 6984
1671 10.931139885147166 4.8142467774834996 199.39539139353039 128 110 105 0.58420028126938861 50 5879 40 6986 41 6920
1672 41.783624458801242 8.2724501393286634 205.13567693164819 158 130 92 0.026282333124189473 50 6947 40 6987 41 6921
1673 -23.136276899128127 3.7204793789783075 228.6155864750794 94 63 44 0.43151317118756705 50 6942 40 6990 41 6925
1674 -14.111911924833226 4.1734096292155494 224.87395853784045 125 97 68 0.19232828050256323 50 6943 40 6994 41 6929
1675 -17.446575673995817 4.5592521341358845 225.35949593424701 73 61 49 0.20759982132343613 50 6948 40 6995 41 6931
1676 -38.971743216968612 4.4206113979363435 224.66491802344942 102 93 66 0.11246564059868901 50 5880 40 6997 41 6934
1677 12.185493582374109 6.08223832177978 206.40989881996981 32 35 37 0.21814641026662476 50 6954 40 6998 41 6935
1678 -23.321818142801529 5.2844883208325566 227.45956700171919 133 104 100 0.20843008770302285 50 6953 40 7001 41 6936
1679 -3.3212596711285829 6.0331017821829782 212.90133878060726 150 119 100 0.035023536979200742 50 6958 40 7004 41 6939
1680 -49.488929651613347 6.7214754133348462 228.01672746050966 16 12 21 0.58978792326126095 50 6961 40 7009 41 5846 40 5898
1681 -29.914435585251052 6.9924653876317535 221.01047343560097 32 0 2 0.37457036816699762 50 6964 40 7010 41 6947
1682 -10.017571925896943 7.8594432996197643 222.65551445723088 216 190 161 0.14195086612134686 50 6968 40 7011 41 6948
1683 -0.51793708203409183 8.3509135918725192 208.21980028850126 55 24 14 0.10390606698921288 50 6977 40 7014 41 6951
1684 -56.897526543417094 8.4190166835218907 223.59314557409354 52 42 19 0.1684397778422638 50 6972 40 7015 41 6952
1685 -22.952340222208591 8.2134987769691534 224.41165980593902 55 53 46 0.67958876848180461 50 6974 40 7016 41 6953
1686 -51.634359442216244 8.6805304531510679 221.69409252785499 67 54 51 0.58724907115720282 50 6979 40 7017 41 6954
1687 -4.4509733882697304 8.9439563416656682 215.04437194307337 243 209 190 0.19768596478423781 50 6980 40 7018 41 6956
1688 21.521310201573353 11.294787226343647 214.15063749822798 174 149 135 0.15605096302645374 50 5941 40 7020 41 6958
1689 21.521310201573353 11.294787226343647 214.15063749822798 174 149 135 0.15605096302645374 50 5942 40 7021 41 6959
1690 -12.232066668317879 9.4528199005894251 222.0471792643973 127 119 70 0.2845696599942098 50 6982 40 7023 41 6960
1691 -26.551119106868725 9.445642563945901 218.86638604084999 136 81 70 0.15036424325163186 50 6986 40 7025 41 6962
1692 -13.552405019695291 9.8908450596047555 220.4584631725586 87 77 53 0.5387853047870661 50 7657 40 7026 41 6963
1693 3.2178301324195067 10.10447495472134 203.25572819737675 203 162 146 0.35352256945509147 50 6992 40 7027 41 6964
1694 -39.848678936197793 9.9680625232290279 223.18153485392878 74 47 24 0.31026006033401071 50 6987 40 7029 41 6965
1695 -47.448865740010305 10.333741345971498 224.25644573088724 48 48 40 0.70882885034380871 50 6989 40 7031 41 6967
1696 -44.802538820078858 10.064841866246654 221.46929755428911 42 21 11 0.15802886938819738 50 6990 40 7032 41 7671
1697 -23.999820591699507 10.288784069377442 216.81825265502042 169 123 97 0.038286822044860551 50 6994 40 7035 41 6971
1698 17.0255987028611 12.238980010918322 211.82586853190247 132 120 126 0.38863232337499931 50 5955 40 7036 41 6972
1699 22.017483308560795 13.466760055233365 208.05638894169522 174 111 116 0.15401847810098809 50 7004 40 7041 41 6976
1700 -18.919734026832895 11.16083382299324 211.72707240231102 91 51 47 0.36556077250466995 50 7003 40 7044
1701 -1.2747634177493026 11.937061571558631 210.355268299991 95 63 48 0.03009987376304965 50 5969 40 7045 41 6979
1702 -32.850045489767403 11.806366047082172 220.25026918562153 127 101 62 0.16058644904896449 50 7664 40 7046 41 6980
1703 39.607298754902665 16.001324851626844 206.27850315477272 149 123 69 0.49978826302969637 50 7668 40 7047 41 6981
1704 39.607298754902665 16.001324851626844 206.27850315477272 149 123 69 0.49978826302969637 50 7669 40 7048 41 6982
1705 -27.129553774252866 11.966990266217696 216.67901509280628 65 34 15 0.043356651725727079 50 7666 40 7050 41 6984
1706 29.412499801010288 15.275085768008047 210.93161502095415 81 59 58 0.58126172614217764 50 5980 40 7052 41 6986
1707 41.266915095348502 16.557573809103253 205.25886718005381 34 13 5 0.30065597791865223 50 7010 40 7054 41 6990
1708 -19.878922353607294 12.306719067249281 212.20662626062699 33 9 8 0.19467546774510303 50 7009 40 7056 41 6993
1709 -5.2125992752695636 12.794536806298161 213.16247266217133 192 167 149 0.16872351268617525 50 7006 40 7057 41 6994
1710 6.7833739237233344 13.050036079421007 200.37343526580756 179 124 111 0.082087686717820046 50 7016 40 7058 41 6995
1711 -34.993381419246326 12.497072984181985 218.41472067743433 60 26 11 0.087671864209590139 50 7007 40 7060
1712 -26.029583871993992 12.414749064522395 215.96832630926778 74 33 14 0.56130526268934566 50 7008 40 7061 41 7680
1713 10.084798859168448 13.783020009641797 202.5054929891819 105 84 69 0.41200452988728159 50 7019 40 7063 41 6997
1714 51.228724306376144 18.831126349013974 205.89219584551282 130 100 42 0.6521078811972596 50 7020 40 7067 41 7001
1715 -52.033647315594301 13.433508948172593 220.71263102612087 33 27 18 0.28508930660184922 50 7677 40 7068 41 7685
1716 -4.8657213461828688 13.757061826642531 214.53344553589162 59 34 14 0.24822340910466645 50 7015 40 7069 41 7003
1717 48.410141164368234 18.72665040412252 203.17436412743464 91 60 23 0.30992394638847148 50 7024 40 7071 41 7004
1718 -26.771139697517224 13.487952912783321 215.14647286423005 199 154 90 0.20809116295657601 50 7022 40 7074 41 7006
1719 15.903363215252707 15.483977130406446 206.43062450007221 18 16 24 0.46293315547161457 50 7026 40 7075 41 7007
1720 -31.148306275802845 13.960393040652121 218.35515742059644 47 27 9 0.27190731689296588 50 7684 40 7076
1721 -6.4614028432369768 14.705803726292938 215.70560589160266 207 184 169 0.15057438396607439 50 7023 40 7077 41 7008
1722 -51.55112683059447 14.628930007379173 219.35948370338244 91 82 61 0.18381498760523973 50 7025 40 7078 41 7009
1723 -27.556494784736465 14.352864198717743 215.63554558544186 91 49 29 0.072365949851985523 50 7030 40 7079 41 7010
1724 -60.468559968984373 15.988545195695025 224.92886759134194 35 27 16 0.33991393749321452 50 7690 40 7083 41 7015
1725 -31.531119146740426 14.951218325446762 213.16713451127623 128 118 69 0.22464123107951328 50 7035 40 7084 41 7016
1726 49.359868886529547 20.568471968791755 200.36482982124079 175 149 81 0.092974296638847875 50 7045 40 7085 41 7017
1727 15.498040076529211 16.857136872212276 204.04428246118007 98 91 91 0.31654575697980342 50 7038 40 7086 41 7018
1728 50.034326824094329 20.742000026378914 200.21044993232158 89 60 11 0.25984610691897175 50 7048 40 7088 41 7020
1729 33.696931871899743 19.302930734228916 210.53766098530107 120 102 71 0.28894766645423908 50 7040 40 7090
1730 -8.2675514269105381 16.257176906593084 213.7079137564584 68 63 56 0.13460286348415393 50 7037 40 7091 41 7023
1731 43.475273935078242 20.468116429423159 202.76149776997894 194 165 75 0.11255068277871781 50 7051 40 7093 41 7026
1732 43.483325444262022 20.472634223441112 202.78549547417919 194 165 75 0.12818898102431814 50 7050 40 7094
1733 -49.452313858238689 16.419442937921087 218.63644434154153 92 94 45 0.5390076900694879 50 7043 40 7096 41 7029
1734 27.253887145412932 19.343378491298598 207.08665829595535 185 114 95 0.14389239364706352 50 7701 40 7100 41 7033
1735 54.054552166234579 22.609519145441901 205.26802843974249 92 68 31 0.48277211646840268 50 7057 40 7101 41 7034
1736 8.4615713008540698 17.616815805848603 202.13231691318299 133 107 82 0.25615624747784227 50 7059 40 7102 41 7708
1737 31.783622250762672 20.352667977004185 204.93394871770872 72 57 46 0.12570730392147758 50 7061 40 7103 41 7038
1738 -48.37891558564084 17.920778422123217 219.77346212292278 77 89 42 0.18646438027950682 50 7058 40 7104 41 7039
1739 36.87968861478231 21.741393546930738 204.97162168370471 39 23 11 0.73986162126408739 50 6039 40 7106
1740 40.304905739921011 22.50209467359193 204.09634071425967 15 8 8 0.70978015904499414 50 7070 40 7111
1741 -13.695230428506056 18.250740768451635 201.78414314049988 35 12 9 0.16141969993705824 50 7073 40 7112 41 7048
1742 -4.8960205346236894 17.702593033302694 189.17532770937783 98 78 71 0.36088309717403622 50 7078 40 7113 41 7050
1743 45.933588555255461 23.756110150632537 204.9572882775677 63 35 6 0.20075523316927402 50 7711 40 7114 41 7049
1744 -27.154334852253452 18.969734634682304 212.06186032346733 26 14 3 0.17235855427799901 50 7710 40 7116
1745 10.364737084585924 20.229997176265229 202.70118125833685 174 153 143 0.19185175931613971 50 7075 40 7118 41 7053
1746 -43.567929297407183 19.760742514901047 218.05779889752537 102 101 49 0.46690386543594803 50 7712 40 7119 41 7718
1747 23.667516919977427 22.371864347436574 207.17249540485818 25 21 12 0.36438515531265708 50 7084 40 7125 41 7056
1748 54.940129099958511 25.970682649484992 200.85929468658534 184 153 75 0.38997704168521102 50 7085 40 7126 41 7057
1749 -55.061380235787176 20.723596050201024 218.36317246925682 137 126 62 0.3991103440537071 50 7077 40 7127 41 7058
1750 -46.796447738964609 20.028279457203627 208.54747497775568 78 69 38 1.038364725126522 50 7088 40 7130
1751 50.137193481816055 25.805686215037287 202.03954727771693 37 9 0 0.13006312375806592 50 7092 40 7132 41 7061
1752 -37.863241532806022 20.201945596410862 208.638826328107 146 132 78 0.23245335248132792 50 7089 40 7133 41 7062
1753 -37.011142655280111 20.170435965636674 209.94310321008294 45 35 11 0.14768464226471292 50 7715 40 7134 41 7723
1754 -7.2030511956410459 20.154440424480942 199.23879544244011 18 16 2 2.1180082418226212 50 7721 40 7135
1755 -53.307373995880447 21.379231302337622 218.74760725710092 86 76 34 0.77003634554813138 50 6069 40 7136
1756 -17.878054334575992 19.914595110331067 200.58813850206892 122 112 102 0.20850249399922474 50 7094 40 7137 41 7063
1757 -17.878054334575992 19.914595110331067 200.58813850206892 122 112 102 0.20850249399922474 50 7095 40 7138 41 7064
1758 12.297255310487522 21.952371963430902 203.64379554245875 70 48 43 0.1062925413705581 50 7096 40 7139 41 7065
1759 -24.58664829168054 20.522689614274039 206.9657544644302 161 132 99 0.046760876106841043 50 7093 40 7140 41 7066
1760 -18.954753405949997 20.20470337798217 199.67991584532811 108 102 101 0.049065148745759325 50 7100 40 7141 41 7067
1761 49.477320881702418 26.675329124218354 201.36982026816531 189 168 87 0.19324900147595067 50 6085 40 7143 41 7069
1762 49.503330901331637 26.693414964148118 201.48038903731762 189 168 87 0.25019075106015021 50 6086 40 7144
1763 50.381147366828216 27.073330537337615 201.4788808087645 153 128 52 0.21390968010144049 50 7104 40 7148 41 7075
1764 54.001504152053847 28.202909202344991 203.58680223087393 37 9 0 0.39332656567358804 50 7725 40 7149 41 7076
1765 46.093622484984238 27.132409155233866 204.21982643886562 126 141 77 0.23835356207473826 50 7107 40 7150 41 7077
1766 52.155539978137639 28.100310122260968 199.22973336167561 166 142 75 0.27708560890284434 50 7110 40 7152 41 7079
1767 52.155539978137639 28.100310122260968 199.22973336167561 166 142 75 0.27708560890284434 50 7111 40 7153 41 7080
1768 -59.33407054430802 23.817501935985309 220.96396842221071 132 123 74 0.15289657655384373 50 7106 40 7155 41 6034
1769 53.178311632424226 29.817550607377328 202.21846956529546 24 8 2 0.1608308281653105 50 7115 40 7157 41 7088
1770 -26.817457737981403 23.394821617056689 202.37757392407218 68 59 22 0.13931547691137153 50 7117 40 7160 41 7090
1771 47.991810167037698 29.988182850045025 202.28269111583214 165 146 91 0.55292719232195475 50 7122 40 7164 41 7096
1772 -11.832455532160509 24.08732721945087 197.47259998298398 58 33 16 0.27846296939747983 50 7126 40 7165 41 7097
1773 -12.630177117591691 24.286057504799373 197.59952019745205 178 134 65 0.051465596700278872 50 7129 40 7166 41 7100
1774 45.870212346949771 30.818711760590226 197.97815652300997 97 102 57 0.073248089799106617 50 7135 40 7174 41 7109
1775 -57.942488670992418 27.709810837107668 217.20152631598526 136 131 78 0.35965565253236292 50 7133 40 7178 41 7115
1776 -43.519053438685049 26.694456790692911 204.8287590894941 36 18 9 1.6369261700801294 50 7142 40 7181 41 7122
1777 -56.98368623596221 28.392422108286944 218.38154007738697 45 40 1 0.16535654151169585 50 7137 40 7183
1778 -56.98368623596221 28.392422108286944 218.38154007738697 45 40 1 0.16535654151169585 50 7138 40 7184
1779 -50.98106157664192 27.711804793924493 210.8000212804069 33 26 0 0.080183654180765368 50 7139 40 7189 41 7121
1780 -60.58192749235883 29.923215062712924 213.30879151374896 39 26 3 0.44267645498357383 50 7149 40 7201 41 7135
1781 40.611018445810679 32.220028415674037 190.1258993277491 120 64 74 0.77093794373746716 50 7156 40 7205 41 7139
1782 40.611018445810679 32.220028415674037 190.1258993277491 120 64 74 0.77093794373746716 50 7155 40 7206 41 7140
1783 15.615462074193944 30.017306033390398 190.29010407415038 73 23 25 0.25328540008199024 50 7163 40 7208 41 7142
1784 53.127714554157933 34.875002789743341 190.72173881827126 135 124 81 0.2689707793966396 50 7164 40 7209 41 7143
1785 -51.011168510700628 30.42271378193329 208.19681785936896 42 38 6 0.10437808648805796 50 7159 40 7211 41 7148
1786 -54.66095229321553 31.427444056146925 213.85401207616326 42 36 11 0.14466933597441864 50 7158 40 7212 41 7146
1787 -18.049596280096967 28.521676671407867 185.88569290284013 170 102 64 1.2501008648273182 50 7169 40 7216 41 7780
1788 -25.815378792274501 29.591284538459384 192.96917598582459 12 5 0 0.47965159149660114 50 7174 40 7218 41 7155
1789 -39.409654981020594 31.767709472381647 206.18448612260858 60 40 3 0.59790297070082077 50 7168 40 7222
1791 -34.836577872023618 30.363960412426042 192.43624288837191 110 62 19 0.16038011764951429 50 7184 40 7224 41 7162
1792 50.990823943162617 35.947783353286681 183.45295113757774 201 177 175 0.21003182761591543 50 7187 40 7226 41 7164
1793 -53.122923257953865 32.20773860337119 202.96494634756286 59 1 8 0.10028729508788679 50 7182 40 7227 41 7165
1794 48.340772642292613 35.803383370442937 182.54118425722706 29 12 11 0.29625506086496922 50 7189 40 7228 41 7166
1795 -17.091620234904948 30.934078346129002 187.15986684707661 121 63 26 0.36997094018881471 50 6215 40 7230
1796 -20.425011470996171 30.368200257414376 183.8477976805772 188 125 73 0.28481442870071055 50 7191 40 7231 41 7170
1797 -37.064959252675095 32.167896223068126 194.15133375906572 148 110 62 0.33857355731737221 50 7791 40 7233 41 7171
1798 1.8656550091125388 32.967957562631156 188.30782527153517 150 124 118 0.19528340558537538 50 7194 40 7236 41 7173
1799 17.292463269061169 34.030009969919732 187.51047780109229 153 135 116 0.70686022861469866 50 7793 40 7237 41 7174
1800 47.147567893693093 37.120970973492653 182.50824385856427 69 20 21 0.41590002354632721 50 7198 40 7238 41 7176
1801 43.586884138386004 36.949301272573649 184.81906395984416 169 85 74 0.31445137920003491 50 7197 40 7239 41 7175
1802 -26.159171303114316 33.532351529477438 196.24704963987747 134 106 56 0.46813167120356175 50 7196 40 7240 41 7179
1803 -0.53830087715101849 33.701151764489452 190.77464705144408 38 25 20 0.25301825289951246 50 6227 40 7241 41 7177
1804 -47.803634526573177 35.541601440193389 205.40479612049216 26 26 37 1.5472000016316108 50 7798 40 7249 41 6203
1805 -34.712115600166534 33.787406062713693 194.52205600303114 176 145 67 0.23064372982617973 50 7201 40 7250 41 7187
1806 -59.536631705964126 36.499762659937673 206.65079650843515 95 18 10 0.16039506352066099 50 7200 40 7251 41 7193
1807 20.590943344733819 36.276431241698624 190.22258747107873 19 8 5 0.33173940640725025 50 7204 40 7257 41 7191
1808 18.248584599362413 35.740814351281273 187.59995567699332 30 20 9 1.1243504615102562 50 7205 40 7260 41 6207
1809 -53.757502969554608 35.231407242764902 197.64438239424976 90 1 15 1.1087592555827026 50 7808 40 7261 41 7195
1810 -53.757502969554608 35.231407242764902 197.64438239424976 90 1 15 1.1087592555827026 50 7809 40 7262 41 7196
1811 -30.777166814361596 34.159236562225182 191.43835114382645 127 111 55 0.36206011562670176 50 7206 40 7263 41 7198
1812 2.2032438169034032 35.230464860862796 189.21890643570316 121 77 76 0.31205094375118386 50 7207 40 7264 41 7199
1813 26.982231415834175 37.751415277266517 188.95424656762808 23 15 1 0.21391192327809117 50 7212 40 7268 41 7205
1814 -51.910200083792574 36.363011686461235 199.2055562449633 125 42 59 0.125049761939693 50 7210 40 7271 41 7207
1815 -37.906527150844347 35.446333355482821 194.68372142058237 28 11 0 0.69939082370630967 50 6248 40 7272 41 7208
1816 -29.654932921641777 35.142664517673076 191.18497108506756 50 41 12 1.2282015466149352 50 7214 40 7273 41 7815
1817 24.106340390841126 37.232141036394623 184.24818045117323 27 16 9 0.86487046417659552 50 7217 40 7274 41 7210
1818 31.399281214344516 38.42630570552128 185.87574447310351 72 66 44 0.15645350026941587 50 7218 40 7277 41 7211
1819 35.104206063033885 39.41108144654612 187.92995143776915 53 38 12 0.2237212581514601 50 7219 40 7278 41 6240 40 6286
1820 -57.899396891699467 37.870198238282072 201.92545011737988 79 9 17 0.31564874768196388 50 7216 40 7280 41 7212
1821 19.507981027553313 39.065487974501288 191.58301277527067 25 7 2 0.66311229109243131 50 7222 40 7285 41 7218
1822 36.037837341891702 39.973940771945806 186.78466970204784 106 87 62 0.81459487568334754 50 7223 40 7286 41 7219
1823 -36.562779193680576 36.972261918011867 195.20431018731693 129 107 69 0.14094567322077647 50 7221 40 7288 41 7220
1824 -0.65690301416229169 38.595868032936913 190.71646554645486 18 1 0 0.14805499933638896 50 7229 40 7297 41 7227
1825 -0.65690301416229169 38.595868032936913 190.71646554645486 18 1 0 0.14805499933638896 50 7230 40 7298 41 7228
1826 25.188197707230742 38.942648466067396 180.81105406764266 177 127 93 0.17258880713249883 50 7232 40 7299
1827 12.054620748241664 36.206318802147479 171.7097310391363 101 103 46 0.28832078193301536 50 7241 40 7300 41 7229
1828 -48.78437598863367 40.328863717430238 199.85904906958785 75 67 84 0.11904689838728309 50 7237 40 7312 41 7236
1829 -37.831777140193196 40.051765185187961 198.01180537768954 18 10 0 0.30202106387374861 50 7239 40 7314 41 7241
1830 -49.961804410059521 41.060421771881359 200.53809625885557 100 94 117 0.27371117347188578 50 7242 40 7316
1831 -62.041973338762588 40.29863765274311 189.16363520794221 39 21 0 0.51339771414874591 50 7253 40 7319 41 7250
1832 -0.56484416751994726 40.600095496481259 187.63150809065405 32 15 7 0.1061605742703859 50 7254 40 7321 41 7251
1833 44.82911737974942 44.749386197661714 183.61795371589361 109 97 69 0.39524709829988341 50 7258 40 7323 41 7257
1834 38.370921572474963 44.850644008392756 187.64957473199803 69 73 39 0.44133262250039712 50 7843 40 7325 41 7258
1835 -8.7474693225857578 41.237006393150935 187.09062158067178 40 21 7 0.31344101689328446 50 7261 40 7328 41 7261
1836 -8.7474693225857578 41.237006393150935 187.09062158067178 40 21 7 0.31344101689328446 50 7260 40 7329 41 7262
1837 44.846975511707825 46.048131203717695 184.14927439656097 31 22 13 0.15488628379139641 50 6336 40 7330
1838 39.410006093314387 45.753424571494399 185.16952358961035 65 61 40 0.5901464206306164 50 7267 40 7331 41 7842
1839 20.309801253470123 44.025265565153099 186.40910267963594 25 15 6 0.27464027143638919 50 7269 40 7334 41 7264
1840 5.6324848466872046 40.596132614928045 171.29670953387273 73 31 24 0.34705962000742857 50 6372 40 7339 41 7273
1841 17.983319465549513 44.770576550259499 183.56916825271895 53 42 37 0.099246973259460927 50 7286 40 7346 41 7280
1842 3.6896089596864923 41.675958928236497 172.72269914874661 207 147 95 0.27089080231891843 50 6381 40 7350 41 7286
1843 20.33335115983326 46.17649219979419 184.6914053263593 35 20 10 0.15355933097848617 50 7296 40 7353 41 7289
1844 -64.752496340571284 46.740166532168764 192.94080453387488 106 89 45 0.46641335861969618 50 7297 40 7355 41 7291
1845 -60.309381307665646 46.811394987579071 192.77222626409772 37 26 9 0.28885936988257727 50 6386 40 7359 41 7294
1846 -60.244779151110897 46.62259712021671 189.99380442066357 47 35 7 0.37918947404381603 50 7302 40 7360 41 7297
1847 -3.4861910010230712 46.055298938714664 185.16635671033595 33 14 0 0.45562199778246398 50 7311 40 7362 41 7301
1848 -58.461964003806493 47.609606056671176 192.32874897734143 32 18 2 0.17203244657102179 50 7310 40 7367 41 7303
1849 -59.396866045815727 48.49138200543279 188.12574901942151 34 24 2 0.23793475822009991 50 7325 40 7382 41 7318
1850 -57.03540256959527 48.664307848772609 189.80493170944027 18 7 0 0.17440424635388899 50 7326 40 7383 41 7319
1851 -20.145549189602686 44.877994247017341 175.05311885319688 50 0 0 0.13553598951542783 50 7336 40 7385
1852 -20.095336763318976 44.794283695020745 174.7775814350347 50 0 0 0.42632205547491236 50 7335 40 7386 41 7891
1853 22.470488221632312 49.379501935934137 180.09776638682129 25 8 0 0.20631877679916533 50 7340 40 7393 41 7324
1854 22.470488221632312 49.379501935934137 180.09776638682129 25 8 0 0.20631877679916533 50 7339 40 7394 41 7325
1855 -64.525653945156733 51.829951712296506 195.53009332123247 209 185 151 0.57411278888931494 50 7344 40 7401 41 7330
1856 -41.913852022482907 49.678307928715498 192.01407641796339 72 24 6 0.31586214982959804 50 7345 40 7402 41 7331
1857 -57.65124933017259 50.927840917806982 189.62698116355241 15 5 1 0.27339950285302866 50 6482 40 7420
1858 13.872650368784953 51.133296828698626 179.81613901849346 22 4 1 0.66589785658529554 50 7913 40 7430 41 7355
1859 21.736393178934215 51.535298515471503 178.4599599100666 114 98 54 0.15073844323548768 50 7366 40 7431 41 7356
1860 21.736393178934215 51.535298515471503 178.4599599100666 114 98 54 0.15073844323548768 50 7365 40 7432 41 7357
1861 22.438312995296908 52.816154592741043 179.43775621776291 34 13 1 0.23890468064014247 50 7373 40 7441 41 7366
1862 -58.447524644349066 53.892003617547601 191.31564594118106 20 19 10 0.31379277240614223 50 7371 40 7442 41 7367
1863 -58.447524644349066 53.892003617547601 191.31564594118106 20 19 10 0.31379277240614223 50 7372 40 7443 41 7368
1864 -54.109873575977026 53.563601916232415 188.09333583271359 41 17 15 0.12597613235704289 50 7376 40 7448 41 7374
1865 -11.761594158910444 -12.88543488454253 217.56598244984303 26 4 0 0.13788713452428722 50 6820 40 7629 41 7564
1866 -27.873872369780518 -13.936758388123138 229.86464926794977 58 31 24 0.69352414447910382 50 8035 40 7630 41 7565
1867 -9.6190092314412432 -11.681183890585164 218.42211299034136 35 25 24 0.082397266396239718 50 7562 40 7642 41 7569
1868 -2.5475558215717684 -9.7391363890330993 220.26462953554625 55 55 61 0.12208398755240102 50 7568 40 7654 41 7583
1869 -11.402955432867286 -8.9455300459130598 222.72452560649677 243 214 192 0.074667914271416239 50 7575 40 7668 41 7596
1870 20.496651691324132 -6.3487433175695305 213.31833748713558 62 51 58 0.2486338809096125 50 7577 40 7669 41 7597
1871 -26.167077576553496 -9.0977347248116001 228.33439265297193 183 152 129 0.42766509544261799 50 8051 40 7673 41 8040
1872 -0.18994385514756357 -5.9049438611503602 209.61232286725999 38 9 19 0.62641851330407261 50 8056 40 7679 41 8048
1873 20.502086569336932 -2.5559726299752108 214.58013085113154 45 45 55 0.14996680977230548 50 7595 40 7686 41 7611
1874 0.76324881317351811 -3.6414083120250695 206.11329414873467 34 22 15 0.083494921766307392 50 7597 40 7688 41 7612
1875 0.76324881317351811 -3.6414083120250695 206.11329414873467 34 22 15 0.083494921766307392 50 7596 40 7689 41 7613
1876 9.3908287484293904 -3.0076824701716998 207.26456925057028 231 210 206 0.17102605725980738 50 6882 40 7690 41 7614
1877 3.3193892425457472 -2.0810587316374964 203.16061028540884 35 15 14 0.19941591572513018 50 7603 40 7693 41 7616
1878 -58.309808647578329 -2.5978513601909206 225.95725819389838 39 28 13 0.086969930166798146 50 7601 40 7694 41 7617
1879 19.254600335692938 -0.4133093064259421 215.19496503179073 100 98 108 0.30349999228700214 50 7605 40 7695 41 6885
1880 19.254600335692938 -0.4133093064259421 215.19496503179073 100 98 108 0.30349999228700214 50 7604 40 7696 41 6886
1881 -32.545399788393254 -2.6711524291188073 238.01791529358985 54 37 38 0.96807712123606249 50 7602 40 7698
1882 -26.500338359779494 -2.1403131756141298 230.92847693968309 132 58 49 0.15944754388093871 50 7608 40 7699 41 7619
1883 -3.5796980880269365 -0.42928902939770991 212.85525326334184 244 218 194 0.026194626591774118 50 7616 40 7701 41 7621
1884 22.232240171202271 1.3977111458821838 217.97087317875182 10 10 18 0.14012982582689684 50 7612 40 7702 41 7622
1885 -53.567904418076132 -0.82660831930880641 230.61066531467472 47 35 35 1.680169548639153 50 8068 40 7703 41 7623
1886 -22.890448105712331 -0.8948401435833252 228.1573683114149 226 197 173 0.63591871759706087 50 7611 40 7704 41 6900
1887 17.215915720365221 1.5324589033053653 213.6744692591142 125 125 137 0.2963692411294086 50 7618 40 7705 41 7624
1888 -58.751622948140948 0.47681544565801515 226.59438492218135 87 78 59 0.0094691030461830483 50 6917 40 7706
1889 -10.551296598288522 0.86474860072146675 223.39106956356386 235 201 179 0.50999487616654682 50 6920 40 7707 41 7629
1890 17.28135553307191 3.0766133304029366 213.85857229077359 28 28 38 0.33626455694111518 50 7624 40 7710 41 7632
1891 17.273130262544537 3.0749753828752517 213.85427284515956 28 28 38 0.38910937561167319 50 7625 40 7711
1892 -51.78118554021605 1.2866649922020008 224.23398144126236 39 20 24 0.57653688974948614 50 7622 40 7712 41 7635
1893 -35.483138971533783 1.1635224985216177 227.75768289729967 96 60 68 0.17082849231823805 50 7623 40 7714 41 7637
1894 -19.802954907206566 1.8920407863423918 226.92992504871111 69 39 21 0.21752747019035809 50 7627 40 7716 41 8069
1895 42.547837127781243 7.4372251592740373 206.54036624948895 30 21 17 0.10508526481977408 50 7630 40 7718 41 7640
1896 -15.646967233304471 2.9474597287677282 226.52801225857456 197 156 138 0.046893422678236152 50 7629 40 7719 41 6917
1897 21.825544958242002 5.9484507643383582 218.10780696838805 38 37 40 0.42743964416770108 50 7632 40 7723 41 7648
1898 -42.33439288327439 3.4524263653684377 228.95183467907765 77 81 62 0.26706542390098914 50 7631 40 7724 41 7649
1899 30.177824734167285 7.0265829281312753 213.14537703642139 83 62 62 0.070585705991160722 50 7633 40 7725 41 6923
1900 -58.043660140568434 5.7448860557794887 228.38856974870092 79 51 22 0.07442588842167501 50 7638 40 7728 41 7655
1901 -16.597506425348641 5.5504626253532869 227.07766382357286 105 77 64 0.20701393064792095 50 7639 40 7730
1902 -43.49002316700517 6.4653205388692685 229.41226954091206 83 74 57 0.60327564392329647 50 7647 40 7732 41 7658
1903 -57.251672246318449 7.1033100553060962 226.21429923905569 143 123 58 0.21689342683073878 50 8097 40 7734 41 7660
1904 -11.432179803245393 7.1674053081395348 223.54506877981447 73 45 34 0.11504954914703658 50 7651 40 7735 41 7661
1905 14.299499752139532 9.3892974664850861 212.55666626037163 45 45 53 0.21459109154084344 50 6975 40 7736 41 7662
1906 52.053498248936187 14.286174795243463 210.21441613176347 132 101 80 0.55185196228920208 50 8105 40 7737 41 7663
1907 -3.1958291018892928 9.9293255444027011 212.41504009438935 181 152 128 0.056088125563403264 50 6988 40 7743 41 7670
1908 -55.065561814700914 10.010962248771987 226.74219614826805 53 42 35 0.4098576067757998 50 7656 40 7744 41 7669
1909 -35.72407207550166 10.659635950783741 220.72375403887762 45 30 15 0.07250493193949302 50 7663 40 7747 41 7673
1910 -34.249598755157251 10.70823619544883 219.75765156829766 171 144 112 0.28959831019969834 50 6996 40 7748 41 7675
1911 8.2734624389997951 12.246362182735977 201.31334706215631 23 2 0 0.13212811874745212 50 7667 40 7749 41 7679
1912 -17.431707900078301 12.417260912031832 212.37049527064565 142 78 79 0.057735654273412269 50 7672 40 7751 41 7681
1913 -17.431707900078301 12.417260912031832 212.37049527064565 142 78 79 0.057735654273412269 50 7673 40 7752 41 7682
1914 -53.106603360863389 12.980097692147806 221.7394228711097 66 58 50 0.43071058925507039 50 7671 40 7753 41 7683
1915 -51.163712685472582 13.237226959387245 223.01836161607588 30 29 23 0.26378201955057196 50 7675 40 7755 41 7684
1916 -24.200059999460255 13.233974700978003 217.08840303991593 65 42 13 0.21690306035855925 50 7680 40 7756 41 7686
1917 37.383831408839477 17.736422896335093 203.84230253606344 154 133 85 0.10018833806119946 50 7685 40 7758 41 7690
1918 -0.21698361617010051 15.004916029800089 208.63056805712901 235 205 188 0.28614965226541661 50 7692 40 7759 41 7691
1919 42.531005683061416 19.148386246273432 206.28069076276887 39 18 7 0.53224991661150145 50 7034 40 7760 41 7692
1920 8.3324813826294619 15.36548016618854 200.93749705737051 157 131 108 0.3668471220951785 50 7694 40 7761 41 7694
1921 -39.288270132356892 14.873706056836633 220.87404694016388 27 21 14 0.15890905093229143 50 7689 40 7762 41 7696
1922 -50.29134823312824 15.404147422048048 221.13664243261647 33 35 9 0.38109925607303269 50 7691 40 7763 41 7697
1923 -46.899375644933649 15.708526359375778 221.4829619888263 49 43 9 0.12594098139820709 50 7693 40 7765 41 7699
1924 -45.271817413496741 15.612325657311409 218.7846482664855 158 144 76 0.097265173386525586 50 7695 40 7766 41 7700
1925 -35.364767843829661 15.74926128193945 217.09018165665657 114 101 60 0.1328032412443951 50 7697 40 7767 41 7702
1926 42.748470525161551 20.432760791512528 205.52827467239845 107 78 25 0.11963409829374548 50 7698 40 7768 41 7704
1927 42.748470525161551 20.432760791512528 205.52827467239845 107 78 25 0.11963409829374548 50 7699 40 7769 41 7705
1928 39.635881767953684 19.912148231795069 202.83734217900471 144 132 102 0.32581239952293228 50 7700 40 7770 41 7025
1929 35.592089677034181 19.773588324121818 201.50596453020509 129 107 69 0.23295787888932237 50 7056 40 7771 41 7706
1930 35.592089677034181 19.773588324121818 201.50596453020509 129 107 69 0.23295787888932237 50 7055 40 7772 41 7707
1931 21.743092912360847 19.353077244638097 205.27420133439719 0 0 3 0.22279878748847767 50 7704 40 7773 41 7710
1932 -42.696242220818711 17.917464207133779 217.76443644937484 50 45 17 0.39529786443681836 50 7703 40 7776 41 7713
1933 -28.854278898779341 16.883220183898896 203.98105433416058 134 119 70 0.10601483332334416 50 7063 40 7777 41 7040
1934 58.328264314227098 24.502296661524692 204.02163636970613 109 67 30 0.47754563654233989 50 7065 40 7778 41 7042
1935 16.438706605124231 19.298648120639182 201.62148326889522 88 90 90 0.084388682410341642 50 7705 40 7779 41 7714
1936 21.282524727889069 20.82625594665155 209.13214429488221 47 48 53 0.17273806592135466 50 7707 40 7780 41 7046
1937 -41.247711036644681 18.724154483024297 212.72245420981929 125 118 57 0.23395581127191781 50 7709 40 7781 41 7716
1938 -65.12220245948798 19.996673645690819 219.65832164455699 31 23 19 0.7012499938989164 50 7708 40 7782 41 7717
1939 24.836324794039392 22.389056598514159 207.90926572573062 75 55 44 0.47956598231913455 50 7714 40 7785 41 7719
1940 43.998959532418603 24.557309747880318 206.35992227361311 184 162 90 0.20243178659483327 50 7079 40 7786 41 7054
1941 -12.606111484083886 19.834909198520556 205.11107502999297 36 32 26 0.51385041864592251 50 7716 40 7789 41 7720
1942 -21.999468581447065 19.392140163247308 199.92920982565687 148 146 85 0.26354576676627089 50 7717 40 7790 41 7721
1943 -21.999468581447065 19.392140163247308 199.92920982565687 148 146 85 0.26354576676627089 50 7718 40 7791 41 7722
1944 25.965004915430438 23.326901975229241 205.75420352396202 90 61 39 0.30065870342181999 50 7720 40 7793
1945 -20.220024031236761 20.243531773587666 199.29593967977456 22 13 8 0.14052508540225753 50 7722 40 7794 41 7725
1946 44.786815004973889 26.50325815482779 205.31732261700262 149 145 70 0.20706038675298835 50 7723 40 7796 41 7727
1947 11.684959357385919 23.285700838256258 201.95155426622688 106 89 54 0.092085651212508238 50 7726 40 7799 41 7730
1948 23.835139134736231 24.617012074308079 204.95813082453034 37 41 12 0.20071473528589201 50 7727 40 7800 41 7731
1949 -4.1114314596207615 22.319333700171086 197.83838913910148 62 28 19 0.85466489693940373 50 7735 40 7801 41 7732
1950 14.919772722707966 24.169229523846926 202.47095701140702 148 135 124 0.21944877498528423 50 7732 40 7802 41 7733
1951 14.919772722707966 24.169229523846926 202.47095701140702 148 135 124 0.21944877498528423 50 7731 40 7803 41 7734
1952 22.786124450280617 25.152102185494435 205.14961562689996 40 45 9 0.77680559376590497 50 7730 40 7804 41 7735
1953 47.024724644073878 27.810435172993817 202.07019726000749 169 164 66 0.16941200839542173 50 7733 40 7805 41 7736
1954 -48.672837282400707 23.107227929143857 213.13821571714692 112 101 58 0.18924664673475133 50 7108 40 7807 41 7739
1955 -46.845242506523164 23.266165527442197 214.3934987491688 111 97 51 0.10835287976510742 50 7729 40 7808 41 7740
1956 -31.445452935769357 22.575046095666458 206.62822573584444 102 88 48 0.13111422986725341 50 7734 40 7812
1957 30.926711036599993 26.852544691720897 200.44465730315085 103 42 27 0.10947041213601412 50 7118 40 7819 41 7747
1958 -36.444763380197209 23.828282783944747 207.40874304081558 53 28 9 0.64508397401103912 50 7739 40 7821 41 7748
1959 -34.091804992355421 23.618692667399415 200.61734798486768 183 141 74 0.35558306631359721 50 8168 40 7822 41 8156
1960 -47.131197491113674 26.15165931956064 210.09266334686379 123 126 77 0.31216510342352699 50 8172 40 7829 41 8160
1961 -63.00364413597493 28.370433316419163 219.95213056268054 34 17 1 0.35663097439350261 50 7753 40 7832 41 7754
1962 2.6327307930883261 27.277245226704867 200.94404935568659 52 51 54 0.18985345071528228 50 7758 40 7833 41 7755
1963 40.249948683728476 30.69301884191594 199.04966400769658 24 1 1 0.31641434405324137 50 8176 40 7834 41 7756
1964 -6.347909510980049 25.311230470915504 186.01829628310955 134 107 66 0.67938134210582113 50 7146 40 7835 41 7760
1965 -41.986470156318447 27.158568896887772 209.56993165516744 115 108 65 0.48423250778212762 50 7757 40 7837 41 7116
1966 -61.950984045884553 28.253883182552478 212.52726473794763 155 122 84 0.066646521750842916 50 7761 40 7838 41 7761
1967 -44.104380726601448 27.800861326678806 210.81149499792582 147 126 113 0.20649287291247961 50 7762 40 7842 41 7763
1968 -46.008088846833488 28.807307321096133 211.52190014767913 115 104 66 0.25693086568605689 50 7764 40 7843 41 7764
1969 -41.279179351083883 28.511780796674373 209.13615616405534 129 117 76 0.33313521738505886 50 7765 40 7844 41 7765
1970 -18.304731089203131 27.258864126231106 188.43469987580099 76 21 11 0.40202780951755868 50 7776 40 7845 41 7767
1971 -11.097863273119996 28.496870554921248 193.05820169687968 43 28 8 0.11756436165343037 50 7781 40 7847 41 7769
1972 -42.968946595587482 30.268815599850068 208.36800817458214 17 13 7 0.36498569762880728 50 7774 40 7852 41 7772
1973 3.3701232014618303 28.89309654204882 186.924554046465 93 88 85 0.74610406791549522 50 7166 40 7855 41 7775
1974 3.3701232014618303 28.89309654204882 186.924554046465 93 88 85 0.74610406791549522 50 7165 40 7856 41 7776
1975 -47.474089007651834 30.677766467761476 209.99224815490575 93 93 61 0.52294087817872625 50 7160 40 7857 41 7149
1976 -47.474089007651834 30.677766467761476 209.99224815490575 93 93 61 0.52294087817872625 50 7161 40 7858 41 7150
1977 5.597022820424014 29.305991336033387 187.94121973662286 187 116 100 0.65645881101156933 50 7783 40 7859 41 7145
1978 5.6504550106558282 29.536614957398605 189.12517029891427 187 116 100 0.045437944783113651 50 7784 40 7860
1979 52.508572603184653 35.51736369783837 186.5154125730397 46 35 18 0.22081295137013102 50 8190 40 7864 41 7781
1980 -40.466314613544796 32.026195002469379 203.56083267343041 19 25 12 0.83376544933903229 50 8191 40 7866 41 7786
1981 49.231694528720404 35.988763603606742 182.53636162773358 230 201 195 0.23140696348926251 50 7787 40 7867 41 7787
1982 52.038508475536304 36.486758309378025 182.69492272805803 235 203 187 0.22980456984931333 50 7788 40 7868 41 7788
1983 -31.72446294097892 30.86787823436249 191.42870731941886 164 122 65 0.18848885934006701 50 7786 40 7869 41 7167
1984 53.377044893891977 37.436049054832687 182.78526271202949 218 182 172 0.053121021397761148 50 7792 40 7871 41 7790
1985 28.477295223197913 35.222652915010457 189.8399760882661 53 30 29 0.4842625488307995 50 7193 40 7872
1986 39.968674036948727 36.492944007873952 187.58733207756458 184 125 99 0.067796539388654639 50 7794 40 7875 41 7793
1987 48.081326501019724 36.878338176535763 178.89898959172143 126 69 68 0.11887993930723641 50 7804 40 7876 41 7796
1988 54.110856392974505 38.567159181157535 181.11250103758081 228 211 203 0.41907922552699434 50 7806 40 7877 41 7800
1989 -18.36512183151963 32.650743567545113 188.472586626642 111 58 31 0.28314799229146898 50 7800 40 7878 41 7797
1990 -16.436066238746601 32.628589956144154 187.21074316012096 108 59 23 0.33557681209276496 50 7801 40 7881 41 7802
1991 38.65122756242728 37.113983436137559 187.17541937834486 139 85 62 0.16128245083911361 50 7803 40 7882 41 7799
1992 21.190147867841475 35.624343446838544 189.99080961781758 93 76 70 0.12717682013387266 50 7802 40 7883 41 7803
1993 37.307368316706643 37.453844242634375 188.0621228924575 162 99 77 0.36434297232638829 50 7807 40 7885 41 7805
1994 41.121145186927485 38.24269363010022 186.67995655883288 208 163 135 0.23535947120026254 50 7814 40 7887 41 8190
1995 -11.960745059528589 34.110456445022294 189.51953116859059 40 21 5 0.13515880496319546 50 7811 40 7889 41 7808
1996 6.5409458510928369 35.963397313568208 175.07273216642702 129 109 63 2.2235294689486471 50 7231 40 7898
1997 -3.0793113873561238 37.453739394398127 185.74468734712747 10 4 0 0.3701634078701288 50 7228 40 7899 41 7819
1998 42.314033023037915 41.394059972722047 181.93914253517539 51 38 17 0.43024653506453814 50 8211 40 7901 41 7821
1999 32.715560378428506 40.854908107655014 185.15008190671247 95 82 63 0.18409180213514517 50 7830 40 7905 41 7823
2000 -6.645144907157186 38.118266899131896 187.22370797133271 28 24 3 0.26667303390653574 50 7831 40 7906 41 7825
2001 8.9352310065736447 37.060437339021263 173.08590950257079 131 133 61 1.2660282875984936 50 7834 40 7907 41 7826
2002 41.436872980896496 42.940135569537219 184.91721485647923 22 18 10 0.50920729674069387 50 7833 40 7908 41 7827
2003 -59.911920938660288 42.647882895705131 207.91998566568009 195 152 146 0.38512665609289365 50 7236 40 7909 41 7828
2004 38.937622301284875 43.330933993719391 185.17115638060832 17 9 0 0.2574371518948817 50 7250 40 7913 41 7246
2005 46.846270046620923 44.375999573995998 182.82112847262778 197 171 146 0.69733450441982991 50 7837 40 7914
2006 -8.4592676340428685 40.3039982088264 189.63766421049249 84 58 33 0.54408046681638422 50 7835 40 7915 41 7832
2007 44.752893193397149 45.146255848549089 187.72086405099824 38 25 11 0.30831223640663902 50 7252 40 7918 41 7833
2008 53.522559812733995 44.93127472142799 178.34873202512748 75 46 39 0.3326051955181944 50 7840 40 7919 41 7834
2009 -51.109429175914727 41.78828967875144 199.06346512017825 90 80 100 0.26594130660154269 50 7251 40 7920 41 7836
2010 22.353951254401213 42.880823913248143 187.15681070751236 26 14 4 1.3792045498188004 50 7257 40 7922 41 7255 41 7839
2011 -62.939546350998242 43.640474705854992 192.00153526890017 125 111 55 0.18197218883832567 50 8219 40 7925 41 7843
2012 54.582640782222406 48.372655019325443 179.51584092325908 208 178 153 0.17753309580955437 50 7859 40 7926 41 7845
2013 17.572049626203846 45.202492488103914 188.5418130851497 14 8 3 0.24034839354581275 50 7857 40 7928 41 7848
2014 -6.6079856414776748 44.56481988125519 184.61239324655295 27 15 3 0.12594380812437678 50 7868 40 7934 41 7858
2015 -35.133615382183287 43.088202343328696 182.07393641309196 15 3 8 0.45848389311985094 50 7872 40 7935 41 7859
2016 21.027161955038359 46.906040262507894 181.88526655532866 19 10 4 0.077466646258308028 50 7878 40 7949
2017 22.120012276836523 46.900725226882109 182.02199856615687 23 13 4 0.47619458052464464 50 7874 40 7950 41 7870
2018 17.496224967314685 48.087989677078149 184.27977393835903 30 9 5 0.2612064777175136 50 7884 40 7960 41 7881
2019 -59.630306588264453 48.300204820455534 192.06614103284471 25 18 2 0.1785495834667005 50 7885 40 7965 41 7883
2020 -4.4154336128164253 47.017018315781847 183.6476018932409 93 77 61 0.30645013089959844 50 7891 40 7966 41 7889
2021 -19.122261836981643 44.561844112830627 175.54114673788612 145 99 58 1.2725468403901516 50 7328 40 7969 41 7888
2022 0.70467802170502492 45.728634645859422 173.77890398341714 197 133 67 0.62423808267391656 50 7347 40 7971 41 7892
2023 21.106348453728721 50.549069846121611 181.82643137944015 34 28 3 0.18049148237155568 50 7353 40 7979 41 7333
2024 -55.781746277679055 50.64479331572258 191.13424364819733 12 0 3 0.099484275630357735 50 7900 40 7982 41 7903
2025 -13.706860351004293 45.893017287055393 171.06291443538552 120 109 63 0.67770585583128728 50 7907 40 7984 41 7904
2026 -52.785126719912959 51.437537800993283 191.63013656495858 12 3 0 0.33360390629773051 50 7905 40 7988 41 7907
2027 23.1551667937098 51.386418688001449 178.95093103841651 85 81 35 0.25574476908726224 50 7910 40 7991 41 7912
2028 -23.215429151071717 48.236809988546973 177.33721874010041 69 16 0 0.096588899814368426 50 7367 40 7996 41 7913
2029 15.124791910199294 51.961083858820274 181.21963232193099 67 48 35 0.67870078298881831 50 7916 40 8000 41 7918
2030 -4.3858855025753414 48.850255065987589 174.66679933667442 43 12 1 0.42973081866249946 50 7918 40 8001 41 7919
2031 -60.084826568424582 53.617678836645496 191.19502012688235 15 14 7 0.222280510657099 50 7369 40 8003 41 7920
2032 -22.243204489613003 50.0093306457632 176.23468941206596 187 125 67 1.3895698200719189 50 7923 40 8006 41 8253
2033 19.368342475397995 53.104248296757284 177.1551610998778 29 24 12 0.4587779465777671 50 7924 40 8007 41 7925
2034 -21.648591145372567 52.902395201946653 184.73379625488533 149 109 60 0.96290587106819847 50 7382 40 8011 41 7926
2035 22.617238915713735 56.170457664466028 184.98942539285682 110 86 52 1.1013460915114943 50 7383 40 8014 41 7929
2036 -55.033751319299085 55.88306522056569 188.48414420787429 6 0 4 0.1570511512004141 50 7930 40 8016 41 7930
2037 -51.779456794817797 55.192152752427511 187.24151257290416 3 2 0 0.29711420146138495 50 7931 40 8017 41 7931
2038 -15.882662133812401 -28.043990473621069 228.64423020131343 224 210 196 0.05779383014712236 50 7975 40 8054 41 7973
2039 -17.36114481402209 -22.299561388788689 225.50525740069554 127 114 109 0.34445319492480442 50 7994 40 8072 41 7991
2040 -14.654629505170799 -20.064709915452141 229.47555830739731 84 84 94 0.10417582482731273 50 8009 40 8082 41 7999
2041 -22.461609963593194 -13.577601213921945 229.74876153565617 239 219 200 0.24348171189654408 50 8037 40 8106 41 8023
2042 -13.287389618253659 -12.65944188931879 222.49287478639602 254 226 223 0.10375276797376332 50 8039 40 8108 41 8025
2043 -9.0859611331498691 -10.345279403341793 220.05782557594063 231 207 194 0.14133109937964697 50 8045 40 8112 41 8031
2044 -1.3837312171564773 -9.6804764160987187 218.58613908470301 185 154 142 0.19818437961627033 50 8046 40 8114 41 8034
2045 14.212207348929818 -8.5598496889307345 219.27793187841954 253 223 206 0.15222494491074504 50 8047 40 8115 41 8035
2046 -33.569469226090341 -1.3698145611928185 237.16398248815864 63 23 29 0.50256091625910537 50 8067 40 8131 41 8056
2047 -8.0704654138147873 -0.22389117949971366 218.01121819661245 244 214 187 0.19032287937149617 50 8070 40 8132 41 8057
2048 -8.0704654138147873 -0.22389117949971366 218.01121819661245 244 214 187 0.19032287937149617 50 8071 40 8133 41 8058
2049 19.792788693722507 2.0450006946028396 215.47487222160908 33 31 39 0.2906372239898381 50 8072 40 8135 41 8060
2050 18.488017383249034 2.2769569896481605 217.56319457198958 32 30 38 0.080725282975570009 50 7619 40 8137 41 8063
2051 -53.486239448178708 0.46710677344204649 227.0503233306047 180 164 147 0.55504696449704705 50 8073 40 8138 41 8065
2052 -49.704682513600517 0.46667483201122445 225.56225604041637 149 127 119 0.14022278141790487 50 8075 40 8139 41 7628
2053 -17.864554125970599 2.5773627104617463 227.32626484724466 193 167 143 0.055953639454423755 50 8078 40 8145 41 8071
2054 -17.864554125970599 2.5773627104617463 227.32626484724466 193 167 143 0.055953639454423755 50 8079 40 8146 41 8072
2055 12.647927558189819 4.3169911117980719 211.29672609194816 26 30 34 0.48601685496191133 50 8081 40 8147 41 8073
2056 -3.7667579987217734 3.750574335450561 212.38705082992161 240 215 198 0.12551364792722941 50 8082 40 8149 41 8075
2057 38.888774285512184 7.7717393688518239 204.65387346855405 136 114 68 0.54271512427791846 50 8085 40 8150 41 8076
2058 39.034183105303242 7.9663325959674998 199.48164319345261 90 64 42 1.0212521453388892 50 7636 40 8151 41 8077
2059 -9.5001619972553648 4.045643480468379 219.45480929603247 151 116 87 0.27692195357089422 50 8083 40 8154 41 8078
2060 -9.5001619972553648 4.045643480468379 219.45480929603247 151 116 87 0.27692195357089422 50 8084 40 8155 41 8079
2061 -31.476663792003194 4.5367610671349006 225.14202416638 17 17 18 0.76296451153016465 50 8086 40 8157 41 8080
2062 -48.57913810857773 5.085620546328415 225.1092470778996 15 15 15 0.18146642712686822 50 8087 40 8158 41 8081
2063 -26.978276156797747 5.2694225320013581 231.22364208295835 18 6 7 0.15982635523916214 50 8088 40 8159 41 8082
2064 10.589104870734461 6.7636714265924756 199.32434195473559 161 137 134 0.058142546913139831 50 8098 40 8160 41 8084
2065 -45.657133000806461 5.7826377320297233 225.67761469688756 54 53 40 0.30983005052448848 50 8089 40 8162 41 8085
2066 -5.7661391987337653 6.329692509051994 214.69668756474056 228 194 172 0.11927624161406458 50 8094 40 8163 41 8087
2067 -5.7661391987337653 6.329692509051994 214.69668756474056 228 194 172 0.11927624161406458 50 8095 40 8164 41 8088
2068 -49.474116557108928 6.2729957570476076 223.60941023537981 65 59 64 0.16050706391283506 50 8093 40 8165 41 8089
2069 -33.839715866792581 6.2785203612033413 221.89149834441935 58 30 35 0.17005042091304926 50 8096 40 8166 41 8090
2070 -19.540893742962773 7.9936224709664261 228.50824788885663 30 27 31 0.27716158090068271 50 8099 40 8168 41 8092
2071 -50.756534950652267 8.7197914820946103 225.22097249460984 23 22 25 0.50688183608699655 50 8101 40 8171 41 8095
2072 -30.354375460013703 8.3859462691702582 220.08127582846564 129 76 64 0.077713458289430118 50 8102 40 8172 41 8096
2073 36.396436859101726 12.400488613727628 204.19005742560242 60 46 28 0.37649382829291406 50 8108 40 8174 41 8098
2074 -37.887610750109786 8.9785768472413974 223.61067920419995 71 56 34 0.21426749819001797 50 8106 40 8175 41 8099
2075 -23.354896219267918 9.3718010747102447 219.18106131802961 31 22 5 0.38951973362873171 50 8109 40 8176 41 8100
2076 29.477234905736086 12.545655716617478 215.20201383429193 21 17 14 0.32586347544421407 50 8110 40 8177 41 8101
2077 37.623724653269967 13.356749976794569 205.28016979493702 173 150 93 0.39017185067444765 50 8111 40 8178 41 8102
2078 -6.5109690068698836 11.198200144043449 218.52877583358159 225 198 164 0.56297342748559609 50 8114 40 8181 41 7676
2079 -56.39528374981338 11.55308167110139 223.28325416112014 96 78 75 0.75011272934886364 50 8116 40 8182 41 7677
2080 -56.39528374981338 11.55308167110139 223.28325416112014 96 78 75 0.75011272934886364 50 8115 40 8183 41 7678
2081 18.922059210752646 13.490136206876331 209.44922191719661 24 24 34 0.16316711783666465 50 8118 40 8184 41 8104
2082 -46.886224626693071 11.99173661017546 221.38191815357806 40 28 19 0.37674905656874569 50 8119 40 8185 41 8105
2083 9.4044747728549112 12.650516094605527 201.86655579813515 209 178 165 0.18922933724733948 50 8125 40 8186 41 8106
2084 11.397826037458872 13.162572632604508 202.50416489012468 39 27 32 0.020102521544339853 50 7676 40 8188 41 8111
2085 -57.811178970278206 12.679314818210463 223.7577949473154 44 36 25 0.29439326199673915 50 8120 40 8189 41 8109
2086 3.5690837706711975 12.657100257255838 203.31851848059367 177 134 125 0.3324836031427833 50 8126 40 8190 41 8110
2087 42.724506655132664 18.3320788739302 202.11952836286898 195 156 95 0.32836314043641252 50 8130 40 8192 41 8116
2088 42.724506655132664 18.3320788739302 202.11952836286898 195 156 95 0.32836314043641252 50 8131 40 8193 41 8117
2089 -21.56118297076225 14.399655306099698 210.41857382414443 21 9 10 0.31042966406478606 50 8132 40 8195 41 8118
2090 -48.78103480650951 15.2425726206848 224.74672449434192 84 87 35 0.33640502544677919 50 8129 40 8196 41 8120
2091 25.592143487540589 17.795474865219369 208.65663137869322 161 87 80 0.062743770867090085 50 8137 40 8197 41 8121
2092 51.635851947476098 20.8049247277057 198.82746764675352 131 109 42 0.45231377252620364 50 8138 40 8198 41 8416
2093 50.488966400232115 21.318179662759878 199.55195187884195 84 62 32 0.26018977695257317 50 8139 40 8200 41 8123
2094 -4.1472443215961237 16.749716126059663 203.72301936760664 39 19 12 0.84649064385505135 50 8411 40 8201 41 8124
2095 10.928040569492218 18.400793340238213 203.77793081217254 185 164 162 0.077457260395614846 50 8141 40 8202 41 8127
2096 25.531696590608391 20.573951138936451 210.62384950692234 30 7 10 1.3286095647392366 50 8415 40 8203 41 8129
2097 53.638643524126401 23.964096473604201 205.8715753214336 64 42 16 0.80375414893069919 50 8146 40 8205
2098 33.966673073483548 21.423140792267784 207.59111088861914 77 66 51 0.19869566233842129 50 8143 40 8206 41 8131
2099 -16.486384227196183 18.611049102721896 202.74014194230935 23 29 16 0.088870175557809225 50 8148 40 8211 41 8135
2100 -16.486384227196183 18.611049102721896 202.74014194230935 23 29 16 0.088870175557809225 50 8149 40 8212 41 8136
2101 -42.570077174426373 21.089396764767844 214.36325074671876 33 30 6 0.11369004396540101 50 8152 40 8214 41 8139
2102 -42.570077174426373 21.089396764767844 214.36325074671876 33 30 6 0.11369004396540101 50 8151 40 8215 41 8140
2103 6.8156722056473171 21.68610241260917 203.3698806730454 181 156 137 0.15550561829372764 50 8157 40 8216 41 8142
2104 -14.135176586993499 20.369417342944658 198.83066798693886 50 32 24 0.71582714131610592 50 8158 40 8217 41 8143
2105 -23.061845879764931 20.924915171724809 200.77491891826776 38 17 2 0.29978017399926621 50 8160 40 8218 41 8144
2106 7.2808397044748725 23.532739888040549 203.33835012911794 25 23 24 0.2737516222071068 50 8161 40 8220 41 8146
2107 -12.951991313714489 22.561369660936869 199.34627311398185 64 25 13 0.87533989277341739 50 7737 40 8221 41 8147
2108 32.59160786787487 26.074014720708345 197.52412927491392 143 74 66 0.32825576207805751 50 8165 40 8222 41 8148
2109 41.718449685866148 28.564639493582483 202.8713910567582 24 14 13 1.5785553908826542 50 8166 40 8225 41 8152
2110 -29.890129952731687 23.436813876145035 201.73403077785437 77 64 21 0.26540164976302699 50 8167 40 8226 41 8153
2111 -65.560909494019242 25.853577057017482 217.39881280851512 21 12 4 0.57745562805990103 50 7738 40 8227 41 8154
2112 -52.111690380337542 25.624757680237682 214.31003600012417 126 117 72 0.30349739575707285 50 7744 40 8229 41 8157
2113 -16.040097228852048 24.68883242313068 198.58452801614516 57 32 19 0.40370937612661922 50 8171 40 8230 41 8158
2114 17.779817160786632 27.715952604014337 200.12835266697158 72 88 49 0.23981121595677604 50 8174 40 8231 41 8162
2115 53.040360725005478 32.662916528170477 201.05848421602587 149 122 77 0.11407570367664994 50 8175 40 8233 41 8164
2116 -15.636187203346234 26.675769739788812 197.74893867233592 144 130 62 0.14377457223834314 50 8181 40 8234 41 8167
2117 -24.670611522874623 26.611878327400188 196.23810899428605 196 145 79 0.25738871683745362 50 8182 40 8235 41 8168
2118 -25.670735843522205 28.246822900765569 196.0370538537758 9 5 0 1.0482487369249467 50 8453 40 8236 41 8170
2119 -61.219481960048363 30.499649786356954 209.73070187633664 48 38 16 0.17481721526821759 50 8183 40 8237 41 8171
2120 53.50583995791844 34.425321055414486 185.80500077164834 140 136 50 0.70305648670947118 50 8186 40 8238 41 8172
2121 29.663106740355097 33.542001971434431 189.42087511881476 38 10 14 0.24737078177465385 50 8192 40 8240 41 8176
2122 41.470917863314064 35.001914932061716 187.01005668057746 164 92 75 0.25634082098486016 50 8194 40 8241 41 8177
2123 21.685016984898819 33.789547551970038 192.00563812621027 48 32 26 0.71489831742707644 50 8193 40 8242 41 8178
2124 22.850606630275212 34.13876168146713 190.39979192183677 82 61 59 0.29606054009758304 50 8195 40 8243 41 8179
2125 -1.5828380921846283 32.520569890364925 190.38055075911663 47 40 33 0.05960502739177697 50 8196 40 8244 41 8180
2126 19.684642387912888 34.34187483337643 190.13379839223091 142 114 103 0.41682069918497955 50 8465 40 8247 41 8183 41 8457
2127 -60.703688465449858 34.377041329250702 205.05985628459223 193 141 48 0.38856029311924062 50 8462 40 8249 41 8184
2128 32.77331321719489 36.307864368961937 190.48131257626699 71 29 28 1.4862348665198255 50 7796 40 8250 41 8185
2129 -59.310414586441397 35.660402541320622 205.86041297878373 105 40 36 0.39029706590517738 50 8466 40 8253 41 8188
2130 6.4407850854722088 33.203821218930152 174.49446125433562 70 54 21 1.1644317453562905 50 7820 40 8256
2131 -8.1492499940908818 35.257706937841711 190.89509715605607 121 100 48 0.087389479484906205 50 8201 40 8257 41 8194
2132 0.40750839434440822 36.110565313177112 189.39929838251805 117 76 76 0.13796543860305252 50 8205 40 8260 41 8198
2133 -28.17065805302104 37.987212191753443 200.71742277762706 114 102 61 0.55245638597099811 50 8208 40 8261
2134 -54.840509135327771 39.049943238233155 200.63648315947589 213 116 115 0.28124830222029501 50 8209 40 8262 41 8199
2135 -9.849539541688257 37.414621084176083 188.13629475394401 37 23 7 0.12549272410176895 50 8210 40 8263 41 8200
2136 -59.405528613105737 40.627331470916445 199.54859998052697 39 19 3 0.79684389066349282 50 8213 40 8264 41 8205
2137 51.835029661090616 46.411522006412362 178.66603759538572 223 195 165 0.11295353388601737 50 8218 40 8274 41 8214
2138 10.95578362971929 41.038408562025808 177.36616551712677 73 65 29 0.84537097839285114 50 7854 40 8276
2139 -57.50929971169321 45.338417658707755 197.86814086088265 40 17 18 0.19198299367110735 50 8221 40 8278 41 8216
2140 -0.44467575135708864 42.839903335526358 178.98100971309685 55 29 20 0.16031512323659208 50 8228 40 8282 41 8221
2141 -0.44467575135708864 42.839903335526358 178.98100971309685 55 29 20 0.16031512323659208 50 8229 40 8283 41 8222
2142 -60.484595856274161 46.984008849389248 187.70983291571281 107 93 48 0.34194023478912178 50 8238 40 8292 41 8231
2143 -42.602077375516153 50.762582906226541 190.93156087536232 170 131 90 0.46452976898426551 50 8248 40 8298 41 8239
2144 7.8477119073325508 48.858282020409391 171.74117115739324 62 44 41 0.46841387761746017 50 8259 40 8304 41 8246
2145 -56.349359271185001 53.136913425742172 189.57645293272626 19 6 2 0.23537715528022496 50 8257 40 8307 41 8249
2146 -27.921528367903779 51.768021411374306 185.85723518453563 27 21 2 0.3330445190108085 50 8260 40 8309 41 8250
2147 -24.029878659687046 50.060646018019767 177.10351476593368 175 109 57 0.23356535965831257 50 8262 40 8310 41 8251
2148 -55.128926636810547 53.990890908577448 188.08373934803546 150 126 85 0.13452663623583433 50 7920 40 8312 41 7923
2149 -55.128926636810547 53.990890908577448 188.08373934803546 150 126 85 0.13452663623583433 50 7921 40 8313 41 7922
2150 -9.5715311338091684 55.218088860478815 186.6288559609423 1 0 1 0.64241761828155974 50 7934 40 8317 41 8256
2151 -14.843491155056 -14.454529274322782 225.55016512982615 35 32 36 0.13414209561878662 50 8330 40 8385 41 8330
2152 -11.118490915168055 -11.658894206817505 221.06048439130336 254 244 234 0.09505427697649689 50 8340 40 8393 41 8338
2153 -26.06276621911848 -11.261803256752117 232.55176713877961 192 171 147 1.1766239804182705 50 8042 40 8402 41 8345
2154 -7.3609796354002901 -8.6952302150570979 216.36400695662391 227 208 196 0.19675508063390998 50 8344 40 8406 41 8348
2155 1.0458880870554548 -8.0758841936919659 216.32340661497292 204 182 148 0.047904596153019487 50 8345 40 8408 41 8349
2156 -24.382644043463642 -8.5588448974636169 229.12961328039592 154 132 106 0.7688685470763531 50 8346 40 8409 41 8350
2157 -5.238877443468331 -6.9580730817843737 211.6439593174035 254 233 215 0.093510417826029091 50 8348 40 8411 41 8351
2158 3.3875346332085083 -6.6677183794276562 215.0748167168139 208 183 165 0.042214159695361492 50 8349 40 8412 41 8352
2159 3.3875346332085083 -6.6677183794276562 215.0748167168139 208 183 165 0.042214159695361492 50 8350 40 8413 41 8353
2160 -3.2209568324751681 -5.3875223280134366 209.23482714641983 250 236 215 0.21891918631461063 50 8354 40 8416 41 8549
2161 -16.38663191442275 -6.397030781326019 224.46479004439766 20 10 11 0.13838403368180888 50 8351 40 8418 41 8356
2162 -16.374682137051952 -6.3977000806591056 224.33765839704449 20 10 11 0.15119410582790066 50 8352 40 8419
2163 23.62373806408748 -2.373391582749218 217.65218728331931 97 100 111 0.067970945142930145 50 8356 40 8421 41 8359
2164 -23.058581099932702 -3.7780855772592221 227.62913229257666 190 160 132 1.1543768181061436 50 8360 40 8424 41 8361
2165 -2.258315132575262 -0.099432840712154594 209.07658063062269 249 223 206 0.28383961067271707 50 8366 40 8427 41 8366
2166 -31.795268823145769 2.5026319327981064 236.41745273122126 110 88 78 0.68121306495478662 50 8372 40 8439 41 8378
2167 -12.936694429953093 3.5888414448818975 224.26302829543945 246 216 188 0.108150936843594 50 8373 40 8441 41 8380
2168 -24.628224136937447 4.1619986181941169 227.37438954149491 140 103 81 0.22355831275088611 50 8376 40 8443 41 8382
2169 13.886961594711853 5.9785891818406167 212.60490142130564 71 73 87 0.18262871127154032 50 8379 40 8444 41 8383
2170 13.886961594711853 5.9785891818406167 212.60490142130564 71 73 87 0.18262871127154032 50 8380 40 8445 41 8384
2171 -17.006109891250322 4.7431198468322089 226.37799706363089 127 112 103 0.21373761149542506 50 8377 40 8448 41 8387
2172 -17.006109891250322 4.7431198468322089 226.37799706363089 127 112 103 0.21373761149542506 50 8378 40 8449 41 8388
2173 -39.834178343165355 4.9600092853264863 224.1764563059233 140 140 95 0.26029299200485773 50 8381 40 8450 41 8389
2174 -51.075395229056426 5.3829877313167254 224.65961293744041 51 34 35 0.39720691968865635 50 8382 40 8451 41 8390
2175 -19.06695377840451 5.9786862618648486 227.41560885156409 129 113 96 0.25944560337017886 50 8384 40 8452 41 8392
2176 40.360984356850707 12.044142261439196 202.66169530042521 99 77 42 0.34982980087518384 50 8389 40 8453 41 8394
2177 40.360984356850707 12.044142261439196 202.66169530042521 99 77 42 0.34982980087518384 50 8388 40 8454 41 8395
2178 -59.484750690826225 9.37166062947942 222.0850603859314 46 31 19 0.63605384723290781 50 8390 40 8457
2179 -31.775755644767283 9.1734363828616736 219.0864010268441 39 17 22 0.12817344987517174 50 8392 40 8458 41 8399
2180 1.2984732818029698 10.574048031929483 206.51214103884078 187 139 125 0.13659012427073466 50 8394 40 8460 41 8401
2181 4.3760122789021842 10.929995364626825 202.37336907929264 32 18 18 0.030508627912246428 50 8395 40 8461 41 8404
2182 4.3760122789021842 10.929995364626825 202.37336907929264 32 18 18 0.030508627912246428 50 8396 40 8462 41 8405
2183 21.539705309855105 15.467353708242879 207.151819585309 19 12 15 0.09769006380404488 50 8399 40 8465 41 8408
2184 21.539705309855105 15.467353708242879 207.151819585309 19 12 15 0.09769006380404488 50 8400 40 8466 41 8409
2185 -28.778610176900351 14.573694898238173 217.76392559264892 36 24 13 0.10659160277416736 50 8402 40 8471 41 8413
2186 5.7792378507946633 15.699857016127668 203.44074260065702 146 69 65 0.14062522876476766 50 8404 40 8472 41 8415
2187 4.1064403222802328 16.598874493625146 201.88120768243027 168 127 111 0.21019070698011397 50 8409 40 8473 41 8418
2188 -40.618673386485185 16.442346435357987 213.83712838354293 130 118 52 0.46514173811023668 50 8406 40 8474 41 8417
2189 -34.472353698967787 16.860184593166299 216.5462946644428 38 26 16 0.24109756739907576 50 8407 40 8475 41 8419
2190 -34.472353698967787 16.860184593166299 216.5462946644428 38 26 16 0.24109756739907576 50 8408 40 8476 41 8420
2191 -54.466650074880526 18.825377184297025 220.90016687774892 116 96 47 0.19797695367468585 50 8414 40 8478 41 8422
2192 37.708869452121505 21.953167657172909 204.23367789015762 145 118 73 0.57441065700234173 50 8418 40 8479 41 8132
2193 11.96604957864529 19.849548507452436 202.51304523243277 93 74 76 0.086038138067499492 50 8420 40 8482 41 8425
2194 -33.947478573307308 19.403810877735637 214.90504794050801 119 121 48 0.29007441904454129 50 8421 40 8483 41 8426
2195 -28.593163893198025 20.37159231220091 210.39610748041272 25 20 8 0.38308652182934028 50 8425 40 8484
2196 -66.141594512276697 22.284417636830145 214.82060996510597 24 19 6 0.46044013599178185 50 8426 40 8487 41 8429
2197 -32.498498526415673 21.390716432535477 209.05486090217951 33 29 14 0.1290402641138895 50 8428 40 8492 41 8431
2198 -7.8799152428695791 21.305495472121205 199.39276099986108 190 138 128 0.61395297784402403 50 8431 40 8493
2199 -21.653446533010165 21.114059195707995 199.11500260141332 175 155 125 0.2054836545435991 50 8432 40 8494 41 8433
2200 -29.014605004051301 22.485677096345338 203.9354218673756 135 124 60 0.18825642213063035 50 8435 40 8495 41 8599
2201 15.189760730534045 25.249264312355535 197.07414133979427 23 28 15 1.2056698525933829 50 8440 40 8497 41 8435
2202 -49.022314571161573 25.385861557830712 213.83805497969669 41 36 18 0.18452015959281418 50 8438 40 8498 41 8436
2203 25.697784185288803 28.162132739366168 201.37444313163431 87 100 42 0.44221075576113233 50 8442 40 8499 41 8437
2204 -50.79752214131517 27.997598884776245 215.31412257865017 119 116 65 0.10597973477152185 50 8444 40 8501 41 8440
2205 -10.125899564482957 27.54767200535553 195.40470075601829 110 91 52 0.32754215905810419 50 8449 40 8505 41 8442
2206 -10.125899564482957 27.54767200535553 195.40470075601829 110 91 52 0.32754215905810419 50 8450 40 8506 41 8443
2207 -48.59300643173404 29.267647783344515 212.19295059766961 18 11 6 0.19749728697323579 50 8626 40 8507 41 8444
2208 11.614007065564458 28.76325113953753 190.9281404908686 47 18 15 0.36768936498635701 50 8452 40 8508 41 8445
2209 -7.1306815786281783 27.707662095071541 191.04324776859883 129 108 52 0.53023531938414592 50 8451 40 8509 41 8446
2210 -39.847173107901753 29.855270594832024 203.77642098275007 108 102 56 0.42138008376724417 50 8629 40 8511 41 8605
2211 -51.496672636202874 30.81232699574878 205.99061895958903 110 115 43 0.18779037161476095 50 8454 40 8513 41 8448
2212 -21.384239427295583 29.392600054617237 188.64161289441358 95 43 22 1.1285636578329787 50 8456 40 8514 41 8174
2213 53.934098543840008 35.934296056795986 184.5339748274898 34 26 4 0.18332540226240948 50 8457 40 8515 41 8449
2214 53.934098543840008 35.934296056795986 184.5339748274898 34 26 4 0.18332540226240948 50 8458 40 8516 41 8450
2215 -12.928877802569394 31.787458420638764 195.34376790072884 35 20 11 0.22592721416288711 50 8459 40 8518 41 8452
2216 -13.694000206164107 31.095225128505909 184.09650026343689 101 77 40 0.58538839891731931 50 8463 40 8519 41 8454
2217 -3.4402705541471739 31.917371525439364 185.2065638744526 29 21 8 0.23906888237018012 50 8467 40 8520 41 8456
2218 -65.108011236757477 35.922046291260955 210.00163743862171 36 16 3 0.13805630423407456 50 8637 40 8521 41 8458
2219 -65.108011236757477 35.922046291260955 210.00163743862171 36 16 3 0.13805630423407456 50 8636 40 8522 41 8459
2220 -56.87190977653816 35.491459454583364 202.29042334058781 223 127 118 0.17330567410538478 50 8470 40 8525 41 8464
2221 52.482158575324682 38.997269330469713 179.89486781663919 53 22 34 0.43171702794791628 50 8471 40 8526 41 8465
2222 39.081919723251403 38.931188035519931 187.59339743822096 216 180 158 0.34507964470717961 50 8473 40 8529 41 8467
2223 30.414120692555496 38.752485194372149 186.49409358717188 77 66 47 0.12973702658811948 50 8476 40 8530 41 8468
2224 37.83726669688339 40.571215195046641 185.20929491161178 67 42 29 0.44895102219939859 50 8477 40 8532 41 8470
2225 32.030476836241064 40.92474986260477 188.88482765345643 37 24 19 0.69918175884048273 50 8481 40 8533 41 8472
2226 -47.346043124687235 39.516400126205177 199.93351014871374 64 60 75 0.094811006277849608 50 8479 40 8535 41 8474
2227 -47.346043124687235 39.516400126205177 199.93351014871374 64 60 75 0.094811006277849608 50 8480 40 8536 41 8473
2228 -62.813473324916018 41.157762259837249 196.07369258252288 114 99 50 0.43350811130314659 50 8483 40 8537
2229 -62.813473324916018 41.157762259837249 196.07369258252288 114 99 50 0.43350811130314659 50 8482 40 8538
2230 -57.057034861597032 43.081592364391391 197.47691266993937 51 16 17 0.39458489045850897 50 8484 40 8539 41 8475
2231 -42.414036274202893 43.113114527265012 201.93536753063105 38 24 29 0.30407689236510427 50 8649 40 8540 41 8476
2232 -8.4846035573037515 42.417989971744056 188.60545841062319 41 23 18 0.22887367950720694 50 8488 40 8543 41 8478
2233 -38.504637067354295 43.743021797926275 196.69071046626087 19 11 15 0.24047130033066366 50 8486 40 8545 41 8481
2234 7.9091819297657997 39.988022806809781 170.65581183035673 80 67 41 0.30039987491867637 50 8490 40 8546 41 8482
2235 -26.14700775540318 41.435422260552407 179.56566203492432 113 98 56 0.34459448055114028 50 8497 40 8549 41 8485
2236 11.3672908073848 43.214592154098611 178.86633504031911 40 31 9 0.12082130174569217 50 8495 40 8551 41 8488
2237 -11.802799733826673 44.129216814019188 173.70348384930011 62 45 10 1.3013111902643029 50 8507 40 8555 41 8629
2238 11.53730253011455 50.856221651911405 178.29085770051111 25 14 11 1.3887445293727287 50 8517 40 8562 41 8500
2239 47.141752421894658 58.670272313446119 182.44342232383556 139 123 66 0.16499218487086065 50 8521 40 8565 41 8501
2240 -13.080756155239841 -17.048694283465128 236.17942065372847 185 152 125 0.442023062325061 50 8561 40 8604 41 8530
2241 -5.4837645305198741 -9.6992233626605131 216.70563045874121 38 33 38 0.97347935254641582 50 8699 40 8612 41 8545
2243 -14.60826246959479 -5.6825882841649991 225.73266238831826 245 216 192 0.038072226754913251 50 8575 40 8618 41 8553
2244 -1.1095913364441401 -3.805573664985558 207.09355367441626 214 183 162 0.36391621074343122 50 8576 40 8621 41 8555
2245 7.9930749714245266 -3.1783595499198429 208.25715373484277 208 179 166 0.18901257421329051 50 8577 40 8622 41 8556
2246 -34.819644125086491 -2.2861480280352149 227.43586272222882 95 14 21 0.16502037040041037 50 8578 40 8625 41 8558
2247 -28.263633813169623 -1.0576170565848368 232.87915075801794 204 163 136 0.07382937213469358 50 8579 40 8627 41 8560
2248 -24.391096566250869 -0.76000974764916129 227.83938909891449 211 181 155 0.14167823155999157 50 8363 40 8628 41 8561
2249 9.8621811215472448 1.9852198089924409 197.76356553892219 155 112 102 0.98543189255428665 50 8583 40 8629 41 8562
2250 -22.73450438769726 1.175583017961717 228.57389851352355 51 29 18 0.11668266991009864 50 8582 40 8630 41 8563
2251 -1.380380354758759 2.2193753475455198 208.84200080380728 241 212 192 0.19876307917655445 50 8585 40 8631 41 8564
2252 15.323965383128398 3.680370436817388 204.61895627594907 36 36 46 1.6836869058814727 50 8587 40 8632 41 8566
2253 17.695230450310834 5.6826807595487088 215.28101938190528 83 83 91 0.13967495061548693 50 8590 40 8635 41 8570
2254 -21.279848806865907 4.4885615896721873 226.69098635965213 125 96 74 0.23179420776499757 50 8591 40 8638 41 8572
2255 -15.523466045938106 6.7217306494173066 227.67899429214836 173 144 109 0.23756123024802511 50 8592 40 8639 41 8573
2256 8.9448855101335472 7.3945478040047501 199.58829957666143 198 162 152 0.15252176916893226 50 8386 40 8640 41 8393
2257 -28.092934961124929 9.4785314123239726 218.45441115128509 138 94 76 0.57851673550176241 50 8596 40 8642 41 8576
2258 -57.244477760976871 12.159428072037656 228.28856598111253 93 70 67 0.18931801696996045 50 8597 40 8644 41 8578
2259 -21.454208151957729 11.960099214396598 213.23679206505057 136 71 59 0.29072671459282085 50 8599 40 8645 41 8579
2260 47.530727672669904 18.623862088784065 206.66463805107966 189 162 59 0.20136912386862207 50 8602 40 8646 41 8581
2261 47.588841776832027 20.735338751637112 234.85982927049031 20 22 17 1.9983746811681016 50 8600 40 8647 41 8697
2262 -40.180121012203834 14.685098623150019 220.41240788703257 39 33 26 0.12598442363829701 50 8722 40 8649 41 8582
2263 -32.254968460102738 14.922910408840442 214.127383851866 126 116 63 0.47299934603409938 50 8604 40 8652 41 8585
2264 -32.254968460102738 14.922910408840442 214.127383851866 126 116 63 0.47299934603409938 50 8603 40 8653 41 8586
2265 8.983354302216382 16.377416672264598 200.89792972979853 136 106 89 0.26934689092584746 50 8606 40 8654 41 8587
2266 46.345633840320353 21.643309923510134 200.21597565852579 173 161 55 0.83541981850245273 50 8607 40 8656 41 8588
2267 -56.449399855687567 18.433117872626195 220.96790051044613 17 19 2 1.0440789018473307 50 8727 40 8657 41 8589
2268 -47.69707521229882 17.543152366911514 207.10795092242972 117 97 49 0.042012913284635883 50 8416 40 8659 41 8591
2269 -29.124946036258944 17.855493946176722 203.30987225947399 98 84 31 0.28010385684877614 50 8610 40 8660 41 8592
2270 -47.904490979819833 19.516649045117514 218.09148408934101 30 30 6 0.87950628890350957 50 8609 40 8662 41 8593
2271 61.37973690245866 27.305730970546556 205.01030151310152 169 133 70 0.2898003068408142 50 8732 40 8663 41 8595
2272 -10.871785540839181 20.028388402663207 200.54799929504668 185 147 130 0.32398606971905691 50 8612 40 8664 41 8596
2273 -26.97319989840349 20.996194861542207 210.55334011687634 145 122 61 0.52772069202080663 50 8611 40 8665 41 8597
2274 -49.987313864946223 23.127641250100886 214.54302155422164 130 115 64 0.41566127828933541 50 8614 40 8666 41 8598
2275 45.666673595231039 28.799130000243888 205.03671665715061 21 22 9 0.49092545051889208 50 8616 40 8667 41 8600
2276 48.856605226853993 29.697312630766536 200.88319571299724 183 162 86 0.537310907856695 50 8617 40 8668
2277 -8.3613398001074497 26.410138811542669 195.44415699139324 30 15 4 0.30348788383659014 50 8622 40 8669 41 8601
2278 -11.699445117489367 26.509695300486463 194.56715932578246 44 26 17 0.080510569427081555 50 8623 40 8670 41 8602
2279 31.041662597825276 30.412540724157612 193.57402308794028 14 16 9 0.44231498972581046 50 8740 40 8671 41 8715
2280 -36.62253370952758 28.134828014840455 198.14961542045617 39 39 8 0.98788198289515572 50 8627 40 8673 41 8604
2281 -50.349197077226826 30.765426563861233 212.02418605507947 6 6 3 0.60352894408498803 50 8628 40 8674
2282 -53.235599952412286 31.85805690203695 205.29544178152605 51 21 30 0.2422876361296559 50 8630 40 8675 41 8606
2283 1.8385377308657191 30.803423933476324 188.10420782194547 165 146 130 0.28040529970217065 50 8632 40 8676 41 8607
2284 4.0386903208522709 30.37503859802375 184.21539806780396 23 11 18 0.13054038014850236 50 8634 40 8677 41 8608
2285 32.770851324793639 33.579232329886302 189.43867074860015 133 71 62 0.33120920187005559 50 8631 40 8678 41 8609
2286 -25.684752308218492 32.20349364735138 197.86054055163734 131 107 43 0.43963200463382784 50 8635 40 8679 41 8610
2287 15.596605679865082 33.439067807460226 190.81676295331457 166 147 114 0.57292060870741601 50 8460 40 8680 41 8611
2288 10.941817241767625 33.293441023308525 183.39472717702202 55 34 19 0.44279445212736085 50 8640 40 8682 41 8612
2289 50.451475577241951 37.572069118080634 180.98505242984763 55 27 29 0.72450502844729225 50 8641 40 8683 41 8613
2290 26.966387152422936 36.268365557015265 190.74860932564877 84 56 47 0.30552072612225761 50 8469 40 8685 41 8462
2291 -39.110846131637288 35.426735230485249 206.17413067076868 147 99 46 0.28276331725843856 50 8638 40 8686 41 8614
2292 17.944634287194866 36.954135485031053 189.71875036951442 41 27 11 0.63655084726142352 50 8643 40 8688 41 8616
2293 -6.1307203151398646 35.640376149612806 188.06641889836297 28 25 7 0.61127163265655238 50 8474 40 8689 41 8617
2294 -44.321708138884809 38.189108139041046 203.6618025873405 4 6 6 0.2380049263651037 50 8645 40 8690 41 8618
2295 26.949286212326832 38.719209426416278 186.97410687486703 33 29 19 0.24283382564715894 50 8646 40 8691 41 8619
2296 -37.188074142128364 40.315966264680029 200.02558306933636 11 7 1 0.30002880201353149 50 8647 40 8694 41 8622
2297 8.5390119526594752 37.870271922533497 175.00358021182649 103 108 32 0.14915270120708393 50 8751 40 8695 41 8729
2298 22.379569627442187 43.887726392910935 185.72449629999065 39 28 21 0.2218738962449982 50 8650 40 8698 41 8624
2299 23.627175427910977 43.829686289581801 180.50678565793166 125 95 29 0.31558223218697484 50 8652 40 8701 41 8625
2300 -45.857801363479339 44.926288688301824 196.23232760928158 44 42 24 1.3326909719701237 50 8653 40 8702 41 8733
2301 -12.410002634569071 42.542869753472509 178.43459177682402 39 31 9 0.97403347885670277 50 8655 40 8703 41 8626
2302 14.299981654900233 46.238893487004475 180.98740564910869 18 5 1 0.13186123207515288 50 8501 40 8704 41 8627
2303 -7.7192397544158551 50.175697656107737 183.91662418809523 19 5 3 0.18334412229238359 50 8660 40 8708 41 8633
2304 -41.688090219278287 52.081976975829846 188.69564128289355 155 116 75 0.50091284180030182 50 8756 40 8709 41 8634
2305 -5.761757604929385 51.339393984748597 180.06984369571151 140 94 47 0.12530609742629786 50 8662 40 8711 41 8636
2306 13.08625626625717 52.908451448158402 179.849422537859 56 37 24 0.19740948643608991 50 8519 40 8712 41 8637
2307 -10.747212013216028 -14.357336802872096 226.98148706835727 28 25 31 2.1418024851759854 50 8689 40 8739 41 8663
2308 -24.318362062039437 -13.639222442096212 228.51281962675293 18 15 21 0.77593922242375635 50 8777 40 8744 41 8749 40 8823
2309 -27.716003764940204 -11.332812950857678 226.9129758222914 206 177 155 0.090473896658193054 50 8698 40 8746 41 8667
2310 1.1289461880971601 -4.7939500951178005 210.02561197984943 45 46 49 0.44896034060785334 50 8704 40 8757 41 8677
2311 4.238218683100083 -2.5227158796186351 203.75927558943096 41 33 44 0.95122950867484024 50 8709 40 8758 41 8678
2312 1.7107644850511412 -1.3884110581909201 205.16807433553615 244 210 192 0.27995845772397437 50 8712 40 8760 41 8682
2313 -16.671172979341783 -1.4372436451948214 224.6986281393535 150 115 90 0.17778453639441547 50 8711 40 8762 41 8683
2314 19.996454412142214 2.7608543809562396 218.47759783344512 37 35 43 0.19568951933060022 50 8713 40 8764 41 8685
2315 -5.6034890786183231 1.6711295146651275 213.8686273576283 236 212 188 0.079827106998446168 50 8714 40 8765 41 8686
2316 -37.1505040768185 2.9787682081912652 227.7289642293039 19 5 15 0.75155216694447802 50 8715 40 8766 41 8687
2317 18.754443016389384 9.4004888422157009 214.93322338650739 25 22 30 0.20745193983940355 50 8717 40 8770 41 8691
2318 -54.547508369436031 7.5993427576238179 223.70891506695085 21 22 13 0.11483668947023988 50 8716 40 8771 41 8692
2319 -7.1899803337553472 9.6901887092296608 219.48780076401985 218 190 161 0.1940402612624432 50 8718 40 8773 41 8694
2320 -8.9467842716100137 12.801071046382878 217.38184093008809 41 36 29 0.31978398769579219 50 8720 40 8774 41 8695
2321 -25.410900043622494 16.775390258091988 213.78161004326793 44 25 21 0.21030601167331839 50 8725 40 8777 41 8699
2322 -25.410900043622494 16.775390258091988 213.78161004326793 44 25 21 0.21030601167331839 50 8726 40 8778 41 8700
2323 55.871590502419977 23.270990277862971 199.99629426614459 181 143 63 0.59260827716998221 50 8728 40 8779 41 8701
2324 -28.277730298390164 18.609834324046624 214.71681083731519 40 36 31 0.37576716382541525 50 8729 40 8780 41 8702
2325 -20.589179372641823 18.75190297911789 205.78341925244194 9 16 9 0.82789810474473435 50 8730 40 8781 41 8703
2326 43.086948027384786 23.84431887975326 199.93891451628662 158 138 49 0.62316721743066916 50 8731 40 8782 41 8704
2327 -61.007848351714529 22.21954491595266 223.30229533332061 17 17 14 0.41307073113871889 50 8733 40 8783 41 8705
2328 -16.917140891008319 22.670800506543291 197.04746435822219 18 18 18 0.94027870632679622 50 8736 40 8784 41 8708
2329 -50.945410797718353 24.632448533345286 214.63029430786221 124 119 68 0.24843145952406928 50 8735 40 8785 41 8709
2330 -14.526064812739406 24.00649200549628 200.20556818561548 199 153 70 0.45355703798056118 50 8618 40 8786 41 8710
2331 -8.7806197732614475 23.843752615465199 194.89059416388392 50 36 36 0.28290536109794934 50 8738 40 8787 41 8711
2332 -24.764494054888242 23.69213742384802 194.02822169004398 37 31 8 0.80104212399620212 50 8619 40 8788
2333 -24.764494054888242 23.69213742384802 194.02822169004398 37 31 8 0.80104212399620212 50 8620 40 8789
2334 -47.313236025843167 26.113085673870032 215.69446599472406 85 79 22 0.25861837609397437 50 8737 40 8790 41 8713
2335 1.4862716122546333 28.435833918929426 194.79340154144322 10 16 19 0.34315926301154126 50 8741 40 8792 41 8716
2336 -58.472382732643943 31.162167768096374 212.22044838912026 43 35 33 0.72740613639673635 50 8806 40 8794 41 8718 41 8782
2337 12.159525114348234 30.773743714149099 186.5826950753524 176 150 125 0.69526087645860635 50 8743 40 8795 41 8719
2338 -52.676166389959924 34.967923264078763 199.43092321209565 221 123 106 0.050844054898935738 50 8745 40 8796 41 8721
2339 -39.260916097770739 36.48312274723596 198.38854195976037 20 20 8 0.43152190088981524 50 8746 40 8797 41 8722
2340 -56.59921089295328 38.264688911583924 202.03605982504155 56 5 18 0.40043868919227038 50 8747 40 8799 41 8724
2341 -49.182028313762281 39.254719225829064 199.38213871662478 73 67 85 0.36806890040859974 50 8748 40 8800 41 8726
2342 -52.078719952581352 40.540011125626805 193.26754214003364 56 18 40 0.8368797545339447 50 8749 40 8803 41 8730
2343 16.720839356622605 44.848479924631249 199.13211432356513 19 9 2 2.0254245726062434 50 8648 40 8804 41 8731
2344 -27.818908154876556 40.454926242202411 180.02508290714803 66 45 32 0.58196713707386571 50 8651 40 8805 41 8732
2345 -29.748723194091273 42.196619899830665 170.85530606340967 60 48 20 0.22629497850067923 50 8753 40 8806 41 8734
2346 23.293883371430329 48.621862239571932 184.54490186786097 50 37 20 0.68701166173551831 50 8752 40 8807 41 8735
2347 11.024990251754458 45.207756919829642 170.92745390113768 14 8 2 0.33237850713672562 50 8755 40 8808 41 8736
2348 -27.316867019034532 47.241880286602232 180.15445865430198 45 36 17 1.2634150890580569 50 8658 40 8809 41 8738
2349 9.8384270382023669 53.597298067320459 183.1001531208392 81 52 32 0.55190376441844391 50 8664 40 8811 41 8739
2350 16.444028408824657 -3.0662866882844115 213.36536556165532 43 43 51 0.62659443659049263 50 8706 40 8829 41 8755
2351 -30.522072150455678 -3.5648633147467099 228.96808956834658 38 16 21 0.20564052310452277 50 8785 40 8830 41 8756
2353 -9.0287994424003664 3.2998785217173352 220.66822767875684 188 149 121 0.36707297978191661 50 8790 40 8837 41 8761
2354 36.858476333087758 10.704791369600418 209.49839304076013 108 92 77 0.73346418978461958 50 8792 40 8838 41 8764
2355 -2.3034040296434313 8.2382408401751803 214.75894930019879 229 202 184 0.16201286084261687 50 8793 40 8839 41 8765
2356 45.030669195352061 16.720476776258035 205.52413299341111 30 29 20 0.10542901472313858 50 8794 40 8840 41 8766
2357 -45.213381285765152 13.616639378584111 220.67534650927786 106 88 26 0.075553266197412997 50 8841 40 8841 41 8767
2358 37.718237205600431 20.637199390253375 207.53975100906482 118 89 59 0.19096291947600397 50 8795 40 8843 41 8769
2359 -36.347250623702294 18.653276052155039 214.99979944182761 27 23 14 0.19701578590705493 50 8796 40 8847 41 8773
2360 18.176337197644411 22.49797616767783 207.10427417254718 0 4 8 0.27170787198583296 50 8847 40 8849 41 8775
2361 -28.396929455563757 23.174965047953933 201.61455161544598 97 84 31 0.430320066710983 50 8802 40 8851 41 8777
2362 -59.635674863031312 26.559724757598381 219.40039850118853 116 114 46 0.24426419963360271 50 8801 40 8852 41 8778
2363 -34.409360296102406 26.069441780037558 201.41311272780715 173 133 56 0.55359324661804588 50 8804 40 8853 41 8779
2364 -34.409360296102406 26.069441780037558 201.41311272780715 173 133 56 0.55359324661804588 50 8805 40 8854 41 8780
2365 -54.735971918255075 33.375924647183538 202.35873729436605 221 124 102 0.34418384794937462 50 8807 40 8857 41 8784
2366 -54.735971918255075 33.375924647183538 202.35873729436605 221 124 102 0.34418384794937462 50 8808 40 8858 41 8785
2367 22.892004925222917 38.354326233363885 189.11942769789871 19 10 8 0.66573235675409748 50 8809 40 8859 41 8786
2368 51.221807978490759 42.017944501596347 176.96606904724899 210 186 152 0.14415857467678381 50 8811 40 8860 41 8787
2369 51.221807978490759 42.017944501596347 176.96606904724899 210 186 152 0.14415857467678381 50 8810 40 8861 41 8788
2370 -26.205909620189477 40.797732618857189 200.25232053393879 73 53 39 0.47755047839197484 50 8812 40 8862 41 8789
2371 -28.954910358650181 46.068241162227942 169.3776899620093 147 140 79 0.5647174953979025 50 8757 40 8865 41 8793
2372 -27.730157737851552 5.8150180061370236 227.00324196583475 39 29 29 0.80169751412869761 50 8833 40 8881 41 8811
2373 -39.404790525182364 6.6729554232919623 223.56009863044912 123 105 70 0.18334290308916498 50 8834 40 8882 41 8812
2374 -39.404790525182364 6.6729554232919623 223.56009863044912 123 105 70 0.18334290308916498 50 8835 40 8883 41 8813
2375 48.34838367655815 14.600323734766178 206.60714338575727 154 118 56 0.78783483469709659 50 8836 40 8884 41 8814
2376 -38.787700456453976 12.43732383738633 225.71254791612 29 25 17 0.58941379312688325 50 8838 40 8886 41 8816
2377 -23.678502520360563 12.1360765254482 214.93608611642986 100 81 42 1.0336975118753566 50 8839 40 8887 41 8817
2378 -23.678502520360563 12.1360765254482 214.93608611642986 100 81 42 1.0336975118753566 50 8840 40 8888 41 8818
2379 -32.030297328923993 12.836882645518955 211.73068634885078 107 87 41 0.34068629883167212 50 8866 40 8889 41 8819
2380 33.027533039387876 16.931984925846628 210.89667220895456 122 106 63 0.42305330179491779 50 8842 40 8890 41 8820
2381 -19.551443980275966 16.719375061502546 203.29208981607343 12 19 12 0.20934943858330926 50 8843 40 8891 41 8821
2382 23.3217329285456 20.325584247555238 208.27185046882605 17 14 20 0.075452774739339187 50 8844 40 8892 41 8822
2383 7.9476352896610098 20.323208388425702 203.83963898555936 202 170 151 0.060832455283604314 50 8845 40 8893 41 8823
2384 14.170395618485234 20.978997458166685 203.927970243918 209 187 167 0.24107245420878365 50 8846 40 8894 41 8824
2385 34.045174747042111 23.616372312269831 202.96202395539601 12 9 13 0.79396555336357189 50 8848 40 8895 41 8825
2386 34.045174747042111 23.616372312269831 202.96202395539601 12 9 13 0.79396555336357189 50 8849 40 8896 41 8826
2387 48.060372651973339 49.255695444239201 190.68653886195216 40 33 17 0.24671016391919798 50 8852 40 8900 41 8830
2388 -35.837689763620759 49.86167955710664 183.36797914977021 155 145 75 1.2036362680901036 50 8855 40 8901 41 8831
2389 -21.596313944657858 49.246693324452671 179.01355651483462 136 88 38 0.99887341449773015 50 8816 40 8902 41 8832
2390 -13.672259880222875 51.125047891805281 184.76117204167022 122 106 73 0.34970663760989645 50 8856 40 8903 41 8833
2391 -20.329585166597109 -24.171702166006202 228.27702039789355 200 174 151 0.1108749301952265 50 8860 40 8907 41 8835
2392 -20.324759515940826 -16.423963263866383 227.54589707861857 244 218 195 0.18580658475868336 50 8861 40 8908 41 8837
2393 12.430414494658477 -1.9551536118658879 212.05472362579371 36 36 44 1.717533462960491 50 8863 40 8914 41 8843
2394 41.458137197580783 0.71915669581305963 234.60708825090984 29 31 29 1.475079793864335 50 8880 40 8915 41 8844
2395 33.724100226155855 7.3095688945259507 216.5404035168344 80 52 39 0.74706746338807262 50 8864 40 8916 41 8845
2396 -1.5661663673007726 14.317796769975443 210.86659626963211 228 202 177 0.10656152159730869 50 8867 40 8918 41 8847
2397 28.673535158368392 24.947095331474856 202.00319233803899 176 119 79 0.43655299517658763 50 8868 40 8919 41 8848
2398 14.824990196426507 27.546183184016197 194.94732589600048 33 36 16 0.14329406294995942 50 8869 40 8923 41 8850
2399 7.9190832399345341 31.330813909487375 190.8324313819607 171 130 102 1.0188806252289353 50 8850 40 8924 41 8851
2400 -28.642593708833324 31.167229797158228 196.59927040442349 16 18 12 0.29725747722111756 50 8870 40 8925 41 8852
2401 -28.642593708833324 31.167229797158228 196.59927040442349 16 18 12 0.29725747722111756 50 8871 40 8926 41 8853
2402 45.041372730874237 40.199526266613717 183.3269842302509 219 192 160 0.39618241068013077 50 8873 40 8927 41 8854
2403 45.041372730874237 40.199526266613717 183.3269842302509 219 192 160 0.39618241068013077 50 8872 40 8928 41 8855
2404 9.8320027879520921 39.046320946641451 175.87734263435988 96 106 45 0.36537285191288627 50 8874 40 8929 41 8856
2405 42.233596742520064 45.543849741821099 186.43776950105865 26 22 14 1.9084148812129069 50 8875 40 8930 41 8857
2406 17.325846059777493 -8.5385334574976142 217.85070439720934 157 129 118 1.5876630966870406 50 8879 40 8933 41 8860
2407 17.325846059777493 -8.5385334574976142 217.85070439720934 157 129 118 1.5876630966870406 50 8878 40 8934 41 8861
2408 7.8460911621252443 4.8066405834985959 199.62555144338936 195 158 143 0.16512833240658178 50 8881 40 8935 41 8862
2409 -45.247541264279029 5.8374266596534099 215.49834433244936 12 18 19 1.4156796016252577 50 8897 40 8936
2410 -45.247541264279029 5.8374266596534099 215.49834433244936 12 18 19 1.4156796016252577 50 8896 40 8937
2411 -4.501141314540992 26.401396071745751 194.67646240786681 97 76 49 0.62840522717190084 50 8883 40 8939 41 8864
2412 -4.501141314540992 26.401396071745751 194.67646240786681 97 76 49 0.62840522717190084 50 8884 40 8940 41 8865
2413 49.078353051539899 34.547866356295884 192.06062877437193 12 10 6 0.18361380895133284 50 8885 40 8941 41 8866
2414 -11.554303780035408 30.455305945466232 192.55261319986278 43 29 11 0.23924099798353049 50 8886 40 8942 41 8867
2415 -11.554303780035408 30.455305945466232 192.55261319986278 43 29 11 0.23924099798353049 50 8887 40 8943 41 8868
2416 -21.186597085213343 30.094934534942045 180.94558450487526 187 127 77 0.52621183169260954 50 8888 40 8944 41 8869
2418 -32.20517185145939 0.72052685987144494 223.70817839350295 51 11 22 0.17936817893844148 50 8895 40 8951 41 8876
2419 54.541523978460532 26.587756678537602 189.18765466068385 172 147 72 0.208260779455824 50 8900 40 8955
2420 3.6377743907669551 25.223315301168785 195.77594487915823 39 37 35 1.3328879121571464 50 8901 40 8956 41 8881
2422 -3.4912140096507946 40.368049524198284 187.23886525563788 20 11 3 0.54416117734611513 50 8902 40 8958 41 8883
2423 18.898820033819444 41.830914889566408 184.80851276105057 25 15 13 0.83160982273222783 50 8903 40 8959 41 8884
2424 27.323379378194087 49.912369998838749 187.74029225620515 110 75 46 0.16341529737452026 50 8904 40 8960 41 8885
2425 47.159030282758501 20.877644135035723 198.21548573542381 164 145 61 0.34469651123697692 50 8907 40 8964 41 8889
2426 -45.966488771131438 35.162600510246662 204.51347767087358 1 3 5 0.15881848979816576 50 8910 40 8965 41 8890
2427 -45.966488771131438 35.162600510246662 204.51347767087358 1 3 5 0.15881848979816576 50 8909 40 8966 41 8891
2428 8.9878426081645824 34.609745845602795 177.66097329558977 94 97 33 1.093386459987929 50 8911 40 8967 41 8892
2429 -20.306826781606311 -8.5591814451041639 229.19783889256419 174 150 126 1.5417481067249614 50 8920 40 8972 41 8897
2430 -2.6844192131922306 3.157840058411562 206.75613640437911 242 211 192 0.5969887164706591 50 8921 40 8973 41 8898
2431 -2.6844192131922306 3.157840058411562 206.75613640437911 242 211 192 0.5969887164706591 50 8922 40 8974 41 8899
2433 50.847590922700192 -47.176109788772258 301.64058500715714 160 113 121 0.089079781142789485 40 75 50 22 41 73
2434 -37.41643589963185 -52.358458393451244 302.24570453985189 134 123 118 0.23926513802439153 40 81 50 29 41 78
2435 -29.867452463568309 -52.517732991448796 304.99308888399065 78 81 95 0.15605713127798415 50 3308 41 83
2436 -18.741158077769153 -51.743129401803621 301.56873586417873 155 124 112 0.038869498041069039 50 3309 41 85
2437 46.05131621649641 -47.136002459589044 302.20222913229151 109 79 79 0.26970223643322255 40 85 50 35 41 86
2438 60.569763842352764 -46.350666338333745 309.45892218136447 94 82 81 0.27346490185715577 40 88 50 36 41 88
2439 60.569763842352764 -46.350666338333745 309.45892218136447 94 82 81 0.27346490185715577 40 89 50 37 41 89
2440 84.281864211141766 -43.237264522950227 312.54736316337198 149 130 124 0.70811454971731569 40 91 50 41 41 91
2441 50.251694649403333 -46.01633920285547 301.97150594119319 146 104 109 0.059026793134371716 50 42 41 92
2442 40.589066388102275 -46.876436546678711 301.61926071538079 176 153 141 0.58021234605713679 40 3368 50 3316 41 93
2443 40.589066388102275 -46.876436546678711 301.61926071538079 176 153 141 0.58021234605713679 40 3369 50 3315 41 94
2444 74.235175026627132 -43.616149443531242 307.64686703675943 126 106 97 0.19017184885664151 40 92 50 47 41 95
2445 -41.159248078973654 -51.418361907273599 305.68185543395737 156 144 132 0.056738826514243786 50 49 41 97
2446 72.675974984632816 -43.704980659908045 309.2322373203753 160 149 140 0.553891554007237 50 48 41 99
2447 83.23120637592271 -42.179209997665382 310.5310439349239 95 74 70 0.48019405563220507 40 101 50 51 41 100
2448 81.878830380008736 -41.109458528566186 303.65272970454743 142 120 114 0.74979128699611886 40 102 50 54 41 101
2449 57.80035719531763 -44.486967490302504 303.28266786357648 136 102 108 0.30063874251491618 40 99 50 53 41 104
2450 54.769804003221843 -45.010025951428219 305.55656796567519 123 91 89 0.15536561179066705 40 103 50 57 41 108
2451 86.298763441369232 -40.944402183400257 308.60471215302431 130 108 90 0.21727110747324893 40 107 50 58 41 111
2452 53.111079211139113 -44.339429788135732 301.8005253362349 74 41 45 0.15064842484635008 40 108 50 61 41 112
2453 53.111079211139113 -44.339429788135732 301.8005253362349 74 41 45 0.15064842484635008 40 109 50 62 41 113
2454 -15.565592861401313 -49.266805581605006 300.98762238294717 64 56 62 0.25813324564562162 40 112 50 69 41 115
2455 -11.267878938263793 -49.28880926963302 302.1514270117712 118 107 117 0.23989463043626827 40 113 50 3332 41 116
2456 79.041327544621367 -41.321928373085221 310.21114998458148 149 139 130 0.16012446906620625 40 118 50 3334 41 118
2457 79.041327544621367 -41.321928373085221 310.21114998458148 149 139 130 0.16012446906620625 40 119 50 3335 41 119
2458 52.328608805921313 -43.771549750311905 303.34296743057507 158 113 115 0.19953347216150899 40 120 50 3341 41 120
2459 80.543964684206571 -40.937917098914603 310.42745471332836 159 144 134 0.25096070401014209 40 121 50 73 41 121
2460 -38.635391323410069 -49.082672145464556 302.36311376684438 79 56 65 0.32313750751049986 40 3387 50 3343 41 123
2461 87.322798818108396 -39.357166244564425 308.85392607593474 139 124 115 0.26684648275366002 40 124 50 74 41 127
2462 57.835100371746179 -42.733751603553138 304.05627534498774 138 114 123 0.23327272800838075 40 127 50 78 41 129
2463 46.906465141690752 -43.446777892964761 302.03242086696002 139 104 105 0.15568058497923509 40 128 50 81 41 132
2464 84.14639828944739 -38.461769406690749 304.13939278475954 167 141 120 0.39909779086869568 40 3395 50 84 41 136
2465 -42.41385750848211 -47.912829522876642 300.86437419311795 93 75 73 0.13631358057037382 40 132 50 86 41 137
2466 65.853921372335634 -40.977156882136853 304.50476185298618 143 126 118 0.084918594970210745 40 136 50 3353 41 139
2467 65.853921372335634 -40.977156882136853 304.50476185298618 143 126 118 0.084918594970210745 40 137 50 3354 41 140
2468 48.686905995121748 -43.062954750907394 303.40804005685573 104 59 65 0.42725110992546494 40 135 50 85 41 142
2469 -38.004554876861818 -47.961224198612626 303.29258879287738 102 76 82 0.081761713573251044 50 88 41 143
2470 75.609101522653887 -39.535210800114235 306.27006720895855 98 83 75 0.11142080489095345 40 141 50 90 41 145
2471 54.24248158938849 -41.538492238164046 302.94340309832171 119 96 95 0.29444057558770637 40 3412 50 95 41 149
2472 76.385240179272841 -38.524045285705128 304.6127650676487 136 122 108 0.2776452612368428 40 146 50 96 41 150
2473 79.170332215213236 -37.948412179130628 304.62301509913294 171 152 139 0.16822848411618707 40 150 50 3368 41 151
2474 -38.22732393636263 -46.990925189318943 302.67007457875877 115 93 96 0.15779497972164155 40 148 50 3370 41 152
2475 83.247917453089997 -37.370022540792796 306.4673399085101 165 138 122 0.10062895383493375 40 151 50 105 41 154
2476 53.388231908160634 -41.442023905787316 305.58665829816334 62 33 27 0.15006579264719852 40 152 50 104 41 157
2477 -40.669153215473628 -46.31734054747853 301.30266307048799 72 62 61 0.22043962061849681 50 3373 41 158
2478 -29.888619614676337 -46.338753793565331 301.42839073909255 135 119 116 0.37989567460330576 50 109 41 160
2479 65.558269604125258 -39.270434527059258 303.33120793522903 94 63 59 0.28924566407032293 40 3419 50 108 41 161
2480 65.558269604125258 -39.270434527059258 303.33120793522903 94 63 59 0.28924566407032293 40 3420 50 107 41 162
2481 -41.498295023980219 -46.161284701504407 301.92011524846021 128 119 117 0.1692506276502781 40 159 50 118 41 167
2482 63.888804670864467 -39.483427610408455 304.88295681440866 61 42 56 0.40962334052921517 50 3374 41 169
2483 85.398255101543455 -36.479044450550262 307.21131614909535 193 167 151 0.28127030940996162 40 160 50 117 41 176
2484 69.971704592658824 -38.135384639053029 304.52182493120068 130 114 104 0.37129221960869074 40 162 50 121 41 177
2485 66.792790661401696 -38.596857498069213 305.45758797622648 102 74 75 0.30800110006470766 40 163 50 122 41 179
2486 76.951031642345498 -37.074530482336812 305.49530150796522 149 132 123 0.15633696910619618 40 164 50 123 41 180
2487 79.394945664145155 -37.151890352879285 308.34076037295114 111 89 86 0.27523626745431129 40 165 50 124 41 181
2488 80.235489455557698 -37.054018999451998 308.34211152290607 102 84 82 0.45546290420510793 40 167 50 125 41 182
2489 -46.99577747494282 -42.110471322160492 281.83323835392531 106 103 88 0.25082924373280374 40 169 50 145 41 186
2490 81.532524014222687 -35.346517259629813 302.30432711847152 112 92 88 0.25728278767331075 40 175 50 138 41 191
2491 -48.778059177811016 -41.901593001512566 282.41848780064947 110 100 83 0.27219859182090772 40 172 50 3402 41 192
2492 -43.915658977292757 -41.971354421852254 282.58649653861977 109 91 88 0.14824123814936915 40 174 50 152 41 193
2493 -53.980303836217225 -41.251397475106131 279.85242126715019 173 109 108 0.1361979041563281 50 153 41 195
2494 -65.890980616555026 -41.940620565458744 289.65009443888891 64 54 55 0.43100859297682143 40 182 50 3405 41 201
2495 -59.835784129473254 -41.002700285875285 284.04385286690916 92 54 48 0.15478456764767978 40 184 50 160 41 202
2496 -46.777130420508833 -40.412893379926672 279.73841294683598 145 124 111 0.46242806390509777 40 186 50 164 41 203
2497 -41.49318562249988 -40.435784073982681 279.31722655650788 83 58 47 0.043209543149682769 50 165 41 204
2498 81.240190298009423 -34.064637198527912 301.5122636233271 82 64 62 0.069104304649141815 40 188 50 3413 41 205
2499 81.224823317950182 -34.058423730729068 301.45066944223424 82 64 62 0.084260317642995741 50 3414 41 206
2500 86.634346621880297 -33.735235818110233 304.84121277999537 178 154 134 0.073540122066350674 40 189 50 3409 41 207
2501 -53.861599088358311 -41.20926016649441 286.46413273031317 126 62 61 0.21128397712725508 40 190 50 162 41 208
2502 77.03262669635852 -35.180603218641764 306.33738350486101 136 113 114 0.47138887272988333 40 193 50 158 41 212
2503 -59.846408684677122 -41.902759042286071 294.03730195194362 77 41 42 0.64623560565520521 40 197 50 3419 41 213
2504 68.674087458364625 -35.969414360605093 305.16437556789054 152 143 116 0.10813715130309692 50 161 41 216
2505 -68.39331264808979 -39.427233059158851 281.70249340072809 224 213 210 0.086143656423629575 40 198 50 175 41 217
2506 -68.39331264808979 -39.427233059158851 281.70249340072809 224 213 210 0.086143656423629575 40 199 50 176 41 218
2507 -65.984626687326468 -40.583382367427383 288.22966710303035 43 40 46 0.04555046102253324 50 170 41 219
2508 -67.340023278194209 -39.677695096692538 283.7627309547492 100 86 106 0.19633591885354842 40 203 50 178 41 222
2509 -44.311470296943078 -39.832278283262077 280.43839963307391 80 39 37 0.15093932912305605 40 206 50 179 41 226
2510 -39.507840621274177 -39.302913102057943 278.08153523495918 165 140 112 0.46922618085935747 40 210 50 3426 41 230
2511 -71.404470061013072 -39.319440380898307 284.48800583884793 82 64 59 0.15121108640724876 40 211 50 183 41 232
2512 66.223202746018131 -35.841511746648067 307.70039846007705 151 125 114 0.40992229763378774 50 171 41 234
2513 -59.070565540241368 -39.57445672325764 285.40116569222084 49 33 27 0.28973878339026427 40 215 50 188 41 237
2514 -38.814355015294012 -38.874204711767355 279.32379442402117 75 58 30 0.077630429062008136 40 219 50 194 41 242
2515 -74.148357533614004 -38.313981635787421 283.02616994117921 136 130 125 0.16468157278332532 40 220 50 195 41 243
2516 -55.888892984789926 -38.825839489187338 282.23448054061907 104 74 48 0.18707911190213319 40 221 50 196 41 244
2517 -28.150980644561553 -41.437289114002184 298.67184260014812 97 84 79 0.080475437768220998 50 189 41 246
2518 74.888828773786813 -32.85478246918619 301.13050316758108 155 133 115 0.059786499728564001 50 190 41 247
2519 69.689896725862681 -33.624495536882336 304.7899373519279 164 147 121 1.0006509084405688 40 230 50 199 41 251
2520 85.147245014153469 -31.489375380353408 307.61018929916474 156 140 138 0.16004743524688825 40 235 50 201 41 255
2521 69.865212886100792 -32.5280181615883 299.29979951140496 133 104 84 0.29924226034633877 50 204 41 257
2522 87.669042996709763 -31.288122823361689 310.19018346653439 131 110 108 0.28227931172327686 40 239 50 3437 41 261
2523 -30.015866009608651 -38.978276008485807 289.38896113301399 107 100 101 0.081487191936437081 50 3452 41 262
2524 76.137077628792582 -31.218495932529738 298.95774657422862 138 116 106 0.20701065972157887 40 244 50 3446 41 264
2525 13.451127673585908 -38.932988533887567 301.8397451654256 114 100 78 0.2143571955374039 50 208 41 268
2526 14.240767822962326 -38.717563196454762 300.83172025682273 228 219 192 0.10224393149886733 50 210 41 269
2527 -77.335854454178829 -37.239220588223539 285.86098796349256 72 61 68 0.20273822141342082 40 3489 50 3456 41 270
2528 -32.373591979147932 -37.686060040813892 281.31896538129445 88 82 87 0.24527113216979057 40 245 50 3457 41 271
2529 -40.012377688609568 -37.271243492050814 279.62357000192878 111 90 78 0.15300789811286478 40 249 50 225 41 274
2530 78.100285859353505 -30.929114237533572 301.90361008774823 78 62 60 0.32185182717648292 40 252 50 215 41 277
2531 26.710661842342745 -37.0401970082142 300.38268383524303 237 213 189 0.35907803883628819 40 256 50 218 41 280
2532 -37.319302051054976 -36.891698023382062 280.11907231552829 51 38 31 0.087602490872652386 40 257 50 232 41 284
2533 -74.735932346763917 -35.784320510516302 280.41330302078802 109 91 88 0.34385474787406506 40 260 50 234 41 286
2534 -70.43738932439696 -36.0051383758315 281.59105350670018 87 56 55 0.014981786439650452 50 239 41 287
2535 -54.788394836512566 -36.355128678885144 282.18709237767058 46 35 26 0.21672511900375366 40 268 50 252 41 288
2536 -30.8264635139424 -36.708366078652205 281.98975379454356 104 83 79 0.29656762453010554 40 265 50 247 41 289
2537 -41.748848163213275 -36.121834627139911 279.55983834703198 97 57 48 0.73088139615250469 40 274 50 261 41 290
2538 -40.051137302005586 -36.152245041148852 279.04267590908239 60 40 33 0.11668157541043511 40 270 50 262 41 291
2539 -40.051137302005586 -36.152245041148852 279.04267590908239 60 40 33 0.11668157541043511 40 271 50 263 41 292
2540 -39.567957729645421 -36.296466228147921 279.94378810785543 98 81 78 0.16019858356353817 50 253 41 293
2541 1.6960834644332874 -38.114979832344083 300.70206677496714 92 74 73 0.23542717497901941 40 273 50 231 41 294
2542 -30.009942982962659 -36.353437059676516 281.11993743498095 117 94 93 0.14806227289533092 40 275 50 264 41 296
2543 4.7057215843059534 -37.8742001335971 300.73586749690543 87 66 55 0.22536406581990912 40 276 50 233 41 297
2544 81.109449076049629 -28.955919229608874 301.40604315321866 67 58 52 0.22823431651461876 40 284 50 243 41 304
2545 88.160497352228163 -28.799342391370256 308.80429014904013 71 55 58 0.58367645664811363 50 244 41 308
2546 4.9472332955105749 -37.427448304627191 301.92035534505953 142 123 107 0.083138572956868453 50 255 41 310
2547 81.854937442556988 -28.493918423589832 300.37152683969566 64 58 49 0.24316919901934875 40 293 50 251 41 312
2548 4.3904748971845162 -37.126370556972773 301.0008240752627 139 118 107 0.29953424672303947 40 300 50 269 41 318
2549 7.6411250310951715 -36.959230826176686 301.18500790829222 117 105 85 0.20569860715549834 40 301 50 270 41 319
2550 -59.2819162383296 -35.347956501965889 282.05817310741492 89 97 50 0.58194561272352596 40 297 50 3480 41 320
2551 1.8952274259001454 -37.366872213053426 302.35246233767953 81 62 64 0.21738512259427334 40 303 50 268 41 321
2552 18.357671717006159 -35.742445214742887 298.87326318728208 64 55 49 0.19058109642050913 40 304 50 272 41 323
2553 -5.9066995245940479 -37.19054108170581 300.62267222929336 184 146 126 0.28501642968987939 40 308 50 3479 41 330
2554 86.163045345951161 -27.569044556334369 304.25184600171065 62 50 59 0.2156454142320626 40 311 50 274 41 331
2555 -48.057742883447979 -34.493029807946364 277.53050862416978 111 76 48 0.12767968499593593 40 3527 50 288 41 332
2556 81.574237610178344 -27.569213454171567 300.56985971086249 75 63 55 0.25127923153795217 40 3530 50 280 41 336
2557 -44.083699180428844 -33.774720447259874 274.58390819818669 129 110 89 0.13935630085770209 40 319 50 3500 41 339
2558 85.553127041534438 -27.043503671340922 303.28295151684233 111 98 101 0.47498338613806895 40 3536 50 3484 41 341
2559 85.553127041534438 -27.043503671340922 303.28295151684233 111 98 101 0.47498338613806895 40 3537 50 3483 41 342
2560 -52.493219334387447 -33.395020021327014 275.32834306743837 92 61 35 0.27863138012040239 40 326 50 310 41 344
2561 7.193277693100713 -35.531215168903863 299.73628738105043 105 91 80 0.11989894350405211 50 286 41 346
2562 -77.497268234928484 -33.105145278721807 280.72918024759946 129 93 85 0.190140439359158 40 324 50 308 41 347
2563 -28.911342814979889 -33.750413403206416 278.30683539051199 33 25 33 0.38199526227888841 40 332 50 315 41 351
2564 71.684306157721537 -27.782851594030607 297.93703656284458 97 69 69 0.78814840172891076 40 340 50 3499 41 352
2565 -45.22478516386132 -33.316034894880268 276.30255427404126 116 92 78 0.29898947640844054 50 326 41 354
2566 -7.9349509486546941 -36.361331847185149 303.18744559796045 114 85 74 0.3191630135928783 40 337 50 295 41 356
2567 22.771563261935967 -33.771499462028899 298.9922175810089 36 32 41 0.095398501824885906 40 338 50 296 41 357
2568 33.741978322098412 -32.543874064482381 297.73316367680525 160 134 120 0.019991159641596791 50 297 41 358
2569 46.674908077510906 -31.234202919079088 298.81633147275795 197 169 160 0.090048724240387915 40 339 50 298 41 359
2570 -63.802188450965907 -33.652891053942554 283.4417056301142 40 46 34 0.46290025305761962 50 321 41 360
2571 -42.693635884302651 -32.71419909084878 272.45331997927542 73 52 39 0.2654197059295173 40 341 50 336 41 361
2572 -61.452532240730747 -33.270404593393501 281.04282353894217 105 112 83 0.10718428208486515 40 346 50 331 41 362
2573 -14.130582305592144 -35.780500366968482 300.4415207281383 59 53 40 0.12626453863775078 50 307 41 366
2574 10.415828943758871 -34.072270168190357 297.18518767582816 130 108 102 0.28017388251055914 40 351 50 312 41 371
2575 19.109807584093023 -33.729119208693525 299.3366754897765 80 59 50 0.12592376288016033 40 352 50 313 41 372
2576 -76.067370293283972 -32.170762004092829 279.53182329783448 135 92 78 0.41461842419149503 40 353 50 347 41 373
2577 -44.025270238277102 -32.970977214301776 277.70798473972121 90 72 67 0.10041798728653561 40 355 50 348 41 374
2578 26.209341037532063 -32.517179039029529 296.38744786641706 125 121 108 1.3724456528176758 50 323 41 376
2579 32.325194456883636 -32.115215590934902 298.51286241696573 110 85 78 0.18998988559480792 40 361 50 324 41 378
2580 70.838799071593243 -26.844332501114302 296.19256818264262 96 69 64 0.47328686058922581 40 365 50 330 41 379
2581 83.480955930946905 -26.270460799387333 306.24440312186681 97 89 106 0.40124528779726859 40 367 50 3513 41 381
2582 -13.252621421934316 -34.875929783299377 296.35469532071244 75 64 57 0.33226311868630998 50 332 41 384
2583 11.705506018992111 -33.62523669137952 297.09403393506403 103 64 63 0.21312080955825455 40 362 50 334 41 385
2584 21.695020301866247 -32.999635110690853 298.87462514989113 254 246 253 0.14087939894383175 40 371 50 335 41 386
2585 37.24144307833815 -31.126103543445026 296.16131258576007 154 136 126 0.091640825785409816 40 364 50 3527 41 388
2586 40.177282468362719 -30.8512187136159 297.49689939957631 140 124 111 0.46363229455841304 40 374 50 3529 41 389
2587 44.1178176953986 -30.621370350406991 300.25960921961837 77 57 56 0.25762825398814371 40 378 50 3530 41 390
2588 6.8275133838036348 -34.111992288937344 301.13527830465421 38 37 42 0.17552608007859746 40 377 50 3533 41 394
2589 -50.379036209412753 -31.572677112097935 273.34346703939951 115 95 77 0.3029934126351333 40 383 50 375 41 395
2590 -38.607217061499362 -32.487042615978808 278.73451315074351 60 45 36 0.6639698359258478 40 381 50 362 41 396
2591 -8.9816179548692112 -34.752291402129373 301.68233808042828 90 65 46 0.26577047671962861 40 384 50 349 41 397
2592 16.54615609697445 -32.990403483032132 299.47285961332125 144 131 125 0.14156482319362151 40 385 50 352 41 398
2593 8.6843730088074338 -33.335090024493759 299.28421198527758 124 118 118 0.30823284471032025 40 390 50 3542 41 399
2594 -69.749366391355977 -31.523118215811827 280.19797371330839 115 95 107 0.16805091466972322 40 388 50 381 41 400
2595 -69.749366391355977 -31.523118215811827 280.19797371330839 115 95 107 0.16805091466972322 40 387 50 382 41 401
2596 -65.7291406429337 -31.672836877624764 279.69507479275887 50 53 62 0.16742173217323097 50 373 41 402
2597 -8.4146997988295507 -34.452263962486803 300.80447259490217 162 140 116 0.43441242728931956 40 389 50 353 41 404
2598 15.984230809033441 -32.790533219622873 299.31990252028135 150 136 134 0.18587973386390375 40 392 50 3544 41 405
2599 -46.675465325726421 -31.591271725045821 276.34990887456382 108 88 80 0.11843992894742832 40 400 50 3568 41 410
2600 -7.889622805778111 -34.281777310156684 301.9294891021467 95 72 58 0.29426552598668293 40 401 50 359 41 411
2601 -5.9370769942870476 -33.592851973385699 297.67251204280797 155 136 115 0.2899285285386245 40 402 50 364 41 412
2602 39.110606692166371 -30.811774987668127 303.33808371064509 44 26 35 1.1501553342995552 40 404 50 357 41 413
2603 60.773053263965174 -27.383380408349996 298.3189484696606 96 73 70 0.20385614313932515 50 3554 41 414
2604 -69.12112437313634 -31.482520642512149 281.46091496667094 71 72 75 0.45681970902796704 40 405 50 387 41 415
2605 -69.12112437313634 -31.482520642512149 281.46091496667094 71 72 75 0.45681970902796704 40 406 50 386 41 416
2606 -48.650039077246475 -31.236174402860705 275.22943146571043 68 47 43 0.15432637836846144 40 407 50 391 41 417
2607 -14.028340695456187 -34.347260975364634 301.85033518136999 90 88 89 0.50116766900527765 50 363 41 419
2608 10.037863265311961 -32.467987919248536 297.22501661983773 95 87 93 0.13502522137673156 40 410 50 369 41 422
2609 37.947643593292753 -30.021087621837907 297.98918163950333 224 212 217 0.16807677236065899 40 411 50 371 41 423
2610 23.075618636414603 -31.223328487950678 297.05801804431803 31 20 15 0.15343214585493872 40 423 50 377 41 426
2611 62.325211052799325 -27.223480778048739 300.9743967707513 147 126 122 0.070521407936775402 40 418 50 372 41 427
2612 72.211870785922514 -25.128352836550253 296.13963802902612 77 59 56 0.27829303022288276 40 419 50 379 41 428
2613 72.200396034361972 -25.207938589351656 298.00945439506222 132 114 113 0.23901057916706434 40 424 50 384 41 433
2614 12.639555376789239 -32.079750570674371 298.91694866321166 130 82 96 0.12264308073598072 40 428 50 388 41 435
2615 36.602899348201767 -29.61702955445784 296.66750318407526 82 69 62 0.099291464107939112 40 425 50 389 41 437
2616 58.116453949729333 -26.730388337091277 296.98761229914476 249 232 229 0.097066732924245572 40 433 50 392 41 443
2617 58.116453949729333 -26.730388337091277 296.98761229914476 249 232 229 0.097066732924245572 40 434 50 393 41 444
2618 -58.223348130164197 -30.452289175586881 278.6252239884177 112 103 86 0.16716509630428308 40 437 50 424 41 449
2619 18.828401191892421 -31.157496145441907 299.81830180721494 79 58 51 0.16993784315270377 50 394 41 450
2620 26.361879541476547 -30.30729561292846 298.29330595602113 153 140 133 0.044856546827844478 40 438 50 399 41 451
2621 26.361879541476547 -30.30729561292846 298.29330595602113 153 140 133 0.044856546827844478 40 439 50 400 41 452
2622 49.100657245431989 -27.754876904287059 298.33176810323107 242 226 239 0.08461035910022148 40 444 50 402 41 454
2623 -64.783025351927705 -30.4663346526665 281.68669287285525 94 95 95 0.28533714846031294 40 443 50 427 41 456
2624 69.454552445569036 -24.398951349353002 294.98530925409705 140 113 108 0.27027995877647543 40 445 50 414 41 459
2625 65.29297443094417 -25.560442527927449 300.44401532722242 78 53 34 0.11142402026698824 40 450 50 413 41 460
2626 66.475347786877052 -25.550262352380386 301.39430039707509 115 81 66 0.19626719568235593 40 452 50 410 41 462
2627 -43.262998088183735 -30.305529429656591 277.39601311204592 53 39 25 0.093765560752964897 40 446 50 430 41 463
2628 35.725459883041985 -28.9687400785477 297.83552324687582 172 155 129 0.17104374275058976 40 448 50 416 41 464
2629 35.725459883041985 -28.9687400785477 297.83552324687582 172 155 129 0.17104374275058976 40 449 50 415 41 465
2630 -55.954164962062663 -29.999064394283497 277.55325559012095 151 103 79 0.46071421317149425 40 453 50 431 41 466
2631 -50.24711022608777 -29.809252423021221 275.32898739832518 87 64 52 0.23065403938372875 40 454 50 438 41 467
2632 50.923052487122035 -26.866237227327041 296.70443493411085 124 122 127 0.54799006786364757 40 457 50 417 41 469
2633 50.923052487122035 -26.866237227327041 296.70443493411085 124 122 127 0.54799006786364757 40 458 50 418 41 470
2634 -68.285985371450494 -29.654243780401966 279.59683959396199 104 92 93 0.12487813972697344 50 437 41 472
2635 -8.0595644060410407 -32.362849016101372 301.48599266594391 51 38 47 0.2385986748548361 40 469 50 419 41 473
2636 69.340842609297894 -24.316260390452843 297.80766590862328 169 131 114 0.20943819890442006 40 467 50 420 41 474
2637 87.27900432134858 -21.941697804178858 302.21887221095108 168 143 127 0.21595866267539418 40 471 50 423 41 481
2638 5.4524754577123886 -31.248481475063347 299.95199570479087 107 110 134 0.023690901878508409 40 476 50 429 41 483
2639 -60.217741669748506 -29.503514700932495 279.01594672875325 85 83 81 0.14544411241754288 40 473 50 450 41 489
2640 -56.645726976539706 -29.359034356923843 277.52992752614045 166 127 102 0.073098729469858167 40 480 50 458 41 490
2641 24.706619226454958 -29.127970789554375 297.09859376865955 179 160 162 0.10068620723895318 40 485 50 434 41 492
2642 42.541937484378757 -27.154393382201686 295.10448089071002 164 142 136 0.90689037688535024 40 481 50 3593 41 493
2643 75.898881521971404 -22.855352755898039 298.83481338824913 169 134 124 0.12392734683589582 50 436 41 495
2644 85.130453203951518 -21.509481566608049 303.08500750381216 103 79 79 0.18477728076911937 40 494 50 445 41 498
2645 -75.570145359125746 -28.341755622264543 279.54589360441696 154 123 137 0.34407585610236319 40 496 50 472 41 499
2646 37.346441404501014 -27.248207912232509 296.05323612328215 221 210 194 0.1880875009601374 40 500 50 455 41 502
2647 37.346441404501014 -27.248207912232509 296.05323612328215 221 210 194 0.1880875009601374 40 501 50 456 41 503
2648 66.121361686305761 -23.708315033827073 298.37810652944813 96 60 54 0.12351728278730656 40 506 50 457 41 504
2649 -14.519036476775867 -29.054235485972622 280.22977565938083 49 54 60 0.097369761839989452 40 503 50 474 41 506
2650 38.919371802192281 -26.969020017640904 296.33811523590009 220 208 196 0.13819578091938553 40 505 50 459 41 507
2651 53.156118203455428 -25.164428549722182 296.36326110886694 43 48 43 0.21243150653765294 40 507 50 460 41 508
2652 58.033408599551763 -24.583018280735054 297.34442440812035 50 42 31 0.24464510937518011 40 508 50 461 41 511
2653 -59.946023051477098 -28.423078336608288 278.82531190451135 112 107 93 0.13195077294255597 40 512 50 482 41 515
2654 -42.236068742129909 -28.353587143421382 274.61779971321272 126 113 97 0.31076470742401824 40 513 50 488 41 516
2655 -42.236068742129909 -28.353587143421382 274.61779971321272 126 113 97 0.31076470742401824 40 514 50 487 41 517
2656 26.373473011307098 -28.00976488089988 298.08648556035865 132 118 104 0.30795312881661929 40 517 50 469 41 520
2657 52.076142620378022 -24.737056016742926 295.35293099378555 47 43 45 0.21345095859662278 50 475 41 521
2658 41.805193199378422 -25.77352347277014 296.22279469563659 97 63 56 0.10020464167380931 40 521 50 3623 41 527
2659 -20.551154760407716 -22.446669646829307 227.18608890368796 252 238 218 0.12901873836778888 50 578 41 528
2660 -13.855117800262446 -28.416084287307918 282.27340165769704 62 67 73 0.15738319117304664 40 522 50 496 41 529
2661 -55.092805884569586 -27.404664790472591 274.93617635232027 156 109 91 0.43394151758857252 40 524 50 511 41 530
2662 4.2974405125947932 -29.008241357610274 296.93467307223966 62 72 92 0.15175281676131916 50 483 41 531
2663 23.225258892656097 -27.440689473959754 295.78538428658038 77 65 78 0.4016499818559322 40 525 50 484 41 532
2664 71.183769724567782 -21.513488488649578 295.67228005458679 159 128 120 0.068700393428283879 50 489 41 533
2665 79.448749388330413 -20.251503075771073 295.94526483425096 112 79 54 0.15605637806159192 40 527 50 491 41 534
2666 -76.189449811790894 -27.151333216445526 280.19915302772824 74 46 44 0.38223005916250852 40 3668 50 508 41 536
2667 34.872199311721332 -26.149926098394541 295.65610585100796 149 141 119 0.14689554484365266 40 529 50 495 41 538
2668 73.260501439800763 -21.45901733629378 298.99338321729186 161 127 105 0.23329833579180925 40 538 50 490 41 539
2669 -71.635721529851835 -27.009843991681965 278.08957058442826 52 31 38 0.10473509694115872 40 532 50 510 41 540
2670 42.905513845461741 -24.73040485005825 293.6596970572478 82 60 64 0.43135246917349629 40 547 50 505 41 545
2671 84.304793266451327 -19.536885323246462 299.37463889044881 76 45 24 0.12023705854956739 40 540 50 3630 41 546
2672 -50.681065933818388 -26.894384148800619 273.05483926700231 65 51 33 0.17709243064226965 40 542 50 3651 41 548
2673 22.312701493922123 -27.121794182049289 296.38247486452462 249 228 236 0.04953523777202546 40 543 50 503 41 549
2674 34.068038993820686 -26.043872892046561 296.89892767473646 138 118 113 0.33221178167148802 40 545 50 3636 41 551
2675 -43.279942639696827 -27.242375684014409 275.8636012065943 57 34 21 0.012105623556620804 50 532 41 553
2676 32.697199559725092 -25.956358988520002 296.26675406828269 120 95 94 0.098694412039471491 40 552 50 507 41 555
2677 -54.028866385980912 -26.904720044102522 275.99346780782383 127 100 81 0.088228900762892526 50 534 41 559
2678 42.181969516143624 -24.54329362288593 294.71352271226141 122 92 93 0.056636524533760835 40 559 50 516 41 561
2679 0.64745813740898395 -28.485994517341048 298.50821269845511 124 129 153 0.038195048396718244 40 557 50 514 41 562
2680 0.64745813740898395 -28.485994517341048 298.50821269845511 124 129 153 0.038195048396718244 40 558 50 515 41 563
2681 60.599139630907736 -22.482010993188286 297.60644051183101 93 69 57 0.13342543409601657 40 560 50 3646 41 565
2682 74.524369680267199 -20.302875714926731 297.03951625443733 108 76 43 0.13863716596052941 40 561 50 517 41 566
2683 -78.575395549034866 -25.98010037474533 278.02373792245129 88 78 96 0.29413162057490766 40 562 50 544 41 567
2684 43.775563108412271 -24.363399128472281 295.78366433470524 160 137 136 0.28881503889008708 40 565 50 520 41 568
2685 43.775563108412271 -24.363399128472281 295.78366433470524 160 137 136 0.28881503889008708 40 566 50 521 41 569
2686 80.247501174098176 -19.103839708625586 295.65155589778351 73 51 41 0.056214510002931838 50 524 41 570
2687 53.585956005754433 -23.017499929004316 295.88027139421536 246 222 231 0.12667475733874134 40 568 50 522 41 571
2688 -37.385051437487114 -27.526342127191874 282.74711615034244 27 27 24 0.41874571873242211 40 567 50 3656 41 574
2689 27.674324668594995 -25.972553793985863 297.78946435408596 108 99 93 0.11710364723773424 40 574 50 529 41 575
2690 -40.6233301685199 -26.456305734310057 275.42106764347835 75 68 71 0.24587650898458965 40 576 50 561 41 580
2691 41.777030394832039 -23.833627837761014 294.06971300717538 66 46 46 0.18428988646100011 40 582 50 542 41 585
2692 41.777030394832039 -23.833627837761014 294.06971300717538 66 46 46 0.18428988646100011 40 583 50 543 41 586
2693 -76.786169245143256 -25.206514840887536 276.54396314466902 131 121 111 0.41574652889229197 40 585 50 573 41 588
2694 -76.786169245143256 -25.206514840887536 276.54396314466902 131 121 111 0.41574652889229197 40 586 50 574 41 589
2695 -68.867583422619077 -25.774372329923164 278.11325860029712 65 71 74 0.077457062408183341 40 587 50 568 41 590
2696 16.255164208866088 -26.634316346599004 298.37869658240476 80 93 109 0.74239714935834478 40 589 50 3657 41 592
2697 16.255164208866088 -26.634316346599004 298.37869658240476 80 93 109 0.74239714935834478 40 590 50 3658 41 593
2698 85.60573101138533 -17.120001294771377 293.39310250328987 102 71 50 0.24772979705662404 40 595 50 558 41 596
2699 73.665519481453842 -19.347255823368616 297.40966681803269 125 91 61 0.18221584337864546 40 601 50 557 41 599
2700 51.614996705679602 -21.656873453181692 292.91174042828106 65 24 22 0.060346219295506515 50 572 41 605
2701 64.998724670509986 -20.431558411617896 298.20104531065908 159 117 104 0.10378373280085407 40 603 50 563 41 606
2702 79.352956491677276 -18.158951654990751 297.67719205889279 153 118 105 0.024969578373410645 40 3710 50 566 41 607
2703 -43.951572800658028 -25.532154613970892 276.64760075121359 128 107 84 0.045780051928338297 50 586 41 610
2704 37.146806968105167 -23.469445014858358 296.71081635280734 122 113 107 0.15338294179547537 40 607 50 577 41 611
2705 -69.591873654075187 -24.327406449354985 273.81180194688824 68 56 42 0.61612954514104357 50 3700 41 612
2706 -45.354949648682251 -25.079637821671138 275.53748444935115 50 30 26 0.27590299680677971 40 611 50 596 41 613
2707 57.365161131115023 -20.478618558755588 293.38108002358558 57 41 28 0.12072944032445247 40 608 50 3689 41 614
2708 68.732622074112143 -18.770672799432923 292.15909994374778 97 61 39 0.30248332384124033 40 610 50 3690 41 615
2709 -1.0835249424318969 -25.389364166161307 287.38405874442509 35 33 41 0.57402247009545226 40 612 50 3693 41 617
2710 21.678867883159725 -24.826864976010679 297.36491910183383 51 44 65 0.083718142515709706 40 613 50 579 41 618
2711 67.594495520594307 -18.410555669663335 290.05832236018136 162 127 102 0.053165993989711384 40 615 50 588 41 621
2712 76.699728717499355 -17.826632056881817 297.92232676989204 104 99 106 0.10151878132742485 50 581 41 622
2713 -56.47511100780828 -24.726939011490348 277.17920218787725 146 112 99 0.084412650029752442 40 616 50 603 41 623
2714 -21.118627975739198 -20.022314244212353 227.08086658926723 203 184 148 0.0387809927686317 50 669 41 624
2715 -77.991483266585647 -23.592452392268967 275.46007310151589 118 103 110 0.18425367158229658 40 617 50 3710 41 625
2716 -57.304454959386213 -24.730007735394114 278.30763704984611 40 17 19 0.12479408161025569 40 618 50 606 41 626
2717 43.593632649953584 -21.597647355813614 291.89501789304853 76 58 45 0.16071557431756292 40 625 50 594 41 628
2718 64.345917142405284 -19.239427064042133 295.4050821621334 132 97 98 0.1105879999271716 50 587 41 630
2719 66.389116471318573 -18.920909454130946 295.6878874161734 120 98 92 0.2739474330693204 40 626 50 591 41 631
2720 72.339285917305219 -17.320557641963479 290.74314797914298 149 123 111 0.072779254545661726 50 597 41 634
2721 29.470730013423275 -22.882690199203012 293.08810884012394 145 51 71 0.054170940297201077 40 629 50 604 41 636
2722 32.304143784998232 -22.777562597477573 294.74406526140268 89 39 56 0.06625664203165621 40 628 50 602 41 637
2723 45.814887951810476 -21.263308573941544 296.2808298486608 45 29 38 0.39292857726903679 40 633 50 605 41 639
2724 -63.322007616206136 -24.014866044657776 278.93260491837145 64 53 36 0.32534992425665615 40 634 50 621 41 640
2725 -49.631226665562373 -24.05266433597976 276.42877541877743 87 81 71 0.3520002189245624 40 3746 50 623 41 641
2726 -0.14677593007288559 -24.024610252837228 284.37813980779271 126 114 102 0.057016153947061186 50 619 41 642
2727 0.72070103792906559 -24.227725342076742 286.65496070159452 109 96 89 0.36033673230002078 40 635 50 613 41 643
2728 31.905816747300804 -22.064142697203451 292.69056906916046 73 32 46 0.018369372711732106 50 614 41 645
2729 71.851798592052759 -16.931471990929087 291.99200327045139 69 42 42 0.14158509805051689 40 642 50 610 41 647
2730 84.72513236720404 -14.669587892205042 291.59406468674439 103 69 47 0.26486282527346622 40 645 50 620 41 650
2731 55.823364157550294 -18.93378884563904 291.82088722896543 63 38 37 0.089879706335687537 40 658 50 622 41 654
2732 -58.461722309037619 -23.31538756306341 275.47734999536493 82 61 48 0.082720550739505669 40 653 50 639 41 657
2733 -39.923952441739772 -23.653016928216687 275.34513986454886 61 60 51 0.22073987134926362 40 656 50 634 41 660
2734 -65.665395388583434 -23.284046433483493 278.56959724412548 98 88 87 0.092147911437120214 40 659 50 637 41 662
2735 -65.665395388583434 -23.284046433483493 278.56959724412548 98 88 87 0.092147911437120214 40 660 50 636 41 663
2736 -61.621043472987601 -23.238826140326399 276.88709019663156 47 31 14 0.26916055456512661 40 661 50 638 41 664
2737 -51.305531647361185 -23.250577462667444 276.88752485109609 64 55 36 0.067747756042399007 40 664 50 657 41 667
2738 45.834490285138784 -19.784237014136554 292.12487559816333 61 42 44 0.46945797260554833 50 628 41 669
2739 46.991324973851526 -19.734958454361337 293.75017150154667 55 40 31 0.14739282484552893 40 669 50 630 41 672
2740 53.856612987464445 -18.249841641336335 289.8330828369298 155 113 98 0.21612265831570343 40 677 50 647 41 676
2741 -58.784065185715853 -22.847665919420422 277.6820125932951 138 110 94 0.487567761729857 50 666 41 677
2742 -58.784065185715853 -22.847665919420422 277.6820125932951 138 110 94 0.487567761729857 50 665 41 678
2743 -51.999477065406516 -22.873341428337024 275.99651922206448 94 83 68 0.11614805767339549 40 675 50 667 41 679
2744 21.374043996706398 -22.231683306476118 294.54884488223155 158 157 193 0.18786364585560311 40 681 50 642 41 680
2745 45.347155438013559 -19.629439382962637 293.47714548731864 48 19 21 0.098542534618350094 40 676 50 643 41 681
2746 54.442058375352545 -18.219895598011746 290.47724931986318 86 56 41 0.22762249906702745 50 648 41 682
2747 -61.334140060537678 -22.54917148177681 276.46794491059626 146 105 96 0.16782647838604628 40 674 50 670 41 683
2748 72.771142355958517 -15.688709826324242 293.43100086947743 113 90 91 0.218427644107929 40 682 50 649 41 684
2749 -71.402082248288167 -22.151198199566178 278.05023342840872 33 24 27 0.012681866745722746 50 676 41 685
2750 -45.172844250991076 -22.530406253619695 273.31737211819819 51 32 20 0.27207963767277815 40 678 50 681 41 686
2751 -45.172844250991076 -22.530406253619695 273.31737211819819 51 32 20 0.27207963767277815 40 679 50 680 41 687
2752 -57.854671731293124 -22.492074214983408 277.87916384512664 90 76 60 0.061301959348562314 50 687 41 693
2753 -57.854671731293124 -22.492074214983408 277.87916384512664 90 76 60 0.061301959348562314 50 688 41 694
2754 -20.298279479467215 -18.040965883805768 226.20810396611677 247 219 190 0.50620327848365732 40 683 50 736 41 695
2755 49.484404250257299 -19.333393381253007 299.3195964315683 138 114 86 0.16732767303115562 40 685 50 654 41 697
2756 16.585883470224289 -21.586677183037754 288.37795073651779 65 65 71 0.25437108223279353 40 686 50 672 41 699
2757 69.606296204568423 -15.752017198378377 292.21409293400114 70 45 40 0.011476067780563128 40 688 50 662 41 701
2758 9.5381719986668472 -21.883374394132787 287.02867761203225 101 99 107 0.63645474014511172 40 692 50 679 41 704
2759 9.5381719986668472 -21.883374394132787 287.02867761203225 101 99 107 0.63645474014511172 40 693 50 678 41 705
2760 -71.131296423569523 -21.345926165259225 273.98656728890268 135 138 149 0.3185470663567635 40 690 50 698 41 706
2761 8.1195115525020789 -21.740411572728366 285.38330497510174 41 36 35 0.36401423881262579 40 694 50 683 41 707
2762 18.034338986072822 -21.205443756893661 288.14827721308797 29 28 27 0.08930060631245422 40 695 50 684 41 708
2763 86.009923965264477 -13.000322210967008 293.89642309632774 84 53 32 0.25065211644901764 40 698 50 674 41 710
2764 -62.551118627654809 -21.661564898645409 276.21015554072994 152 106 115 0.42949229461497507 40 703 50 3755 41 714
2765 -44.694950385348619 -21.898169299898957 277.40895306029222 89 74 63 0.39691162063231844 50 710 41 722
2766 23.984876695515322 -20.729522526179522 295.55999828805511 126 127 152 0.19763763042319851 40 720 50 696 41 724
2767 -63.656873985087749 -21.190137262590593 276.32350081091096 107 101 100 0.067344647427748192 40 719 50 3770 41 726
2768 -63.656873985087749 -21.190137262590593 276.32350081091096 107 101 100 0.067344647427748192 40 718 50 3769 41 727
2769 27.699480070089773 -20.249030480255826 295.58007347149015 80 89 90 0.20980230634558883 40 722 50 699 41 728
2770 73.528249604392457 -14.33994974202276 294.37668989797606 53 39 44 0.41774637429369865 50 700 41 731
2771 83.5374081180654 -12.596901745006164 293.53942361454699 165 126 93 0.53324216819592074 50 703 41 732
2772 -65.195985839082098 -20.958443347871537 277.2926835972026 87 87 84 0.18755671020094711 40 726 50 720 41 735
2773 -65.006103604802476 -21.045766391122985 278.29775400459391 87 87 84 0.65494540104152343 40 727 50 3779 41 736
2774 39.215182318840434 -18.198910330886957 288.43072522313594 156 127 110 0.10829323190940222 40 730 50 712 41 738
2775 43.035361485188282 -18.080189423715126 292.44417152414115 195 147 154 0.089459726266526429 40 731 50 706 41 740
2776 52.022490526020071 -16.621556395437278 288.73317352760648 155 111 97 0.084669255501586896 40 732 50 3768 41 741
2777 30.042580442941521 -19.5053309137773 294.44752139645112 120 95 94 0.078404859189008788 40 737 50 3766 41 744
2778 46.968748838575131 -17.600980741009856 294.26718123085919 104 99 101 0.22876555222144868 40 739 50 713 41 748
2779 -68.584146218384362 -19.915882564904621 271.42034411743788 26 28 28 0.33649302967028766 40 740 50 729 41 751
2780 -43.169514540893239 -20.953782173359382 276.15650025579254 98 86 76 0.087849065042156657 40 744 50 731 41 752
2781 54.751921092908155 -15.95527623897695 290.51082657377668 132 110 93 0.20116235024463933 40 747 50 3777 41 753
2782 -66.276035676720582 -19.839358828729566 274.23005720071779 41 39 40 0.35795468815592835 40 752 50 745 41 756
2783 55.651120191637702 -15.560873888518637 290.85451575228973 47 41 27 0.19430004600288334 40 755 50 3787 41 759
2784 68.65780671873388 -13.580099875502977 291.76809060992133 70 33 30 0.14816448839336407 40 3816 50 3794 41 761
2785 -66.041639426573909 -19.774594786010873 276.1394316668908 34 32 30 0.092351860879347103 40 759 50 749 41 763
2786 65.398463444308064 -13.914909936061083 290.82200096017345 161 125 116 0.097544029001153443 40 761 50 732 41 765
2787 65.398463444308064 -13.914909936061083 290.82200096017345 161 125 116 0.097544029001153443 40 762 50 733 41 766
2788 27.505083383237633 -17.858686017589996 284.05033662210707 109 95 92 0.22589124506207278 40 763 50 3801 41 767
2789 59.869918221172753 -14.319139349607894 289.93472985456503 126 102 96 0.15190736421710918 40 766 50 743 41 769
2790 37.081891207714612 -17.371622161364659 292.77572766973839 111 94 94 0.29791480161508632 40 770 50 741 41 772
2791 -66.309970572212194 -18.834627434639511 269.87676715465136 23 26 32 0.1765209620398244 40 767 50 766 41 773
2792 41.229637168250534 -16.563141192275037 290.80046787015675 217 188 182 0.15916889730967809 40 775 50 747 41 776
2793 -68.462106246865389 -18.671547202745646 270.32081866782471 25 24 27 0.42505896375767271 40 771 50 769 41 779
2794 -65.536431220788387 -19.35667983184225 276.57729474484245 69 67 67 0.15777931431465719 40 774 50 760 41 780
2795 -0.96573369433864842 -19.379883090414623 281.86311992597865 60 47 26 0.16141191076582354 40 777 50 757 41 782
2796 -75.525759888365187 -17.580143024248596 264.00113426770139 81 65 59 0.54264282952425258 40 778 50 781 41 783
2797 -75.36588928680446 -18.465155627193255 274.56858944789337 70 74 71 0.24163152468604401 40 3829 50 3815 41 788
2798 -53.612125440545292 -19.514071801287937 277.96136613502557 42 30 30 0.17064208238839343 40 784 50 772 41 789
2799 1.5924806332522137 -18.896322825663287 283.33940519962937 87 66 39 0.40102903940830986 40 793 50 773 41 795
2800 58.245550277465703 -13.432187085164623 289.72914026295001 66 26 37 0.044997230298889059 40 795 50 775 41 800
2801 79.333401558791593 -10.409453105772831 291.65782224029709 102 78 84 0.16944488014125064 50 774 41 801
2802 5.3869678699669938 -18.118399620571921 281.45127289220773 111 110 83 0.26174731548625063 40 798 50 783 41 804
2803 86.251194878372615 -9.2355147082162024 294.52799424834922 74 53 38 0.11559315301151685 40 800 50 778 41 807
2804 85.957929958667776 -9.3019887089887785 295.56089396207784 63 44 21 0.3596997111977544 40 3854 50 3822 41 810
2805 43.351142992349537 -14.850673406888239 290.02465306523175 207 192 185 0.13034922599046281 40 807 50 788 41 816
2806 -44.04467778679912 -18.544737921771848 276.27346576242263 64 64 60 0.089790062481268043 40 806 50 801 41 817
2807 35.58269280661883 -15.924481184359031 292.83405033259226 111 113 122 0.3263404924510121 40 3860 50 787 41 820
2808 82.421758916065968 -9.45692540265755 293.38150447253935 132 118 118 0.15381277315528322 40 809 50 789 41 821
2809 86.500419301069741 -8.667344699725211 294.0270781998729 129 110 95 0.064479253583986706 40 811 50 792 41 822
2810 86.500419301069741 -8.667344699725211 294.0270781998729 129 110 95 0.064479253583986706 40 812 50 791 41 823
2811 36.676121622693891 -15.530163251330039 293.49792033575449 46 45 39 0.42392969728268692 40 813 50 794 41 824
2812 41.915881884036303 -14.399789601946908 286.96336815066627 155 135 115 0.40366224675770185 40 3867 50 798 41 826
2813 84.117849459028903 -8.6863966915821571 294.51537666029651 158 131 123 0.18848229324063381 40 823 50 799 41 835
2814 86.817658085327011 -8.059105179293228 293.71118174709102 80 60 51 0.1856265549102063 40 826 50 804 41 836
2815 13.083969946593527 -16.627044179534174 284.18260716492608 37 28 39 0.19791428715147918 40 824 50 3840 41 837
2816 -63.28461350019532 -16.986120013121226 274.65494186401861 45 30 33 0.22031970083387767 40 829 50 834 41 839
2817 13.269646637243291 -15.916380057546441 277.68896569035252 91 82 89 0.027904413553328802 50 827 41 840
2818 13.269646637243291 -15.916380057546441 277.68896569035252 91 82 89 0.027904413553328802 50 828 41 841
2819 36.574715576317779 -14.455895444616031 290.71268633662265 83 80 78 0.17320404345978527 40 835 50 820 41 843
2820 43.757720751011831 -13.458313676092192 288.48686562226436 82 61 54 0.18340519065971583 40 836 50 823 41 844
2821 83.96920774534712 -8.137438376983102 294.75757778759237 53 32 38 0.16770951162777872 40 833 50 817 41 845
2822 0.79717383474637782 -16.375357353453236 276.11858468907866 46 28 27 0.0096839259856326878 50 3855 41 847
2823 3.6806470503411983 -16.660564182811541 284.78885358335333 42 24 22 0.093444205403616101 40 838 50 836 41 849
2824 54.362860723184824 -12.169293827284603 292.59703038095398 42 33 36 0.21215059498468428 40 844 50 829 41 851
2825 -10.300807233122242 -12.54070937164995 219.87880488683749 224 202 205 0.065542772755738082 50 915 41 854
2826 -10.300807233122242 -12.54070937164995 219.87880488683749 224 202 205 0.065542772755738082 50 916 41 855
2827 55.41270659673026 -11.455108414697374 289.55453868034044 38 12 24 0.27453703963470594 50 837 41 856
2828 75.66800003347528 -8.4211606747442236 289.46057463407891 222 130 126 0.14960454102876181 50 838 41 857
2829 -8.4056557156310152 -12.742643443833376 225.5935060846156 200 178 182 0.0081279618713847399 50 910 41 859
2830 79.783549178046542 -7.6398204513830423 289.04369227274549 58 39 43 0.23740819993829868 40 3884 50 840 41 861
2831 39.67615439375755 -12.738489205675631 283.55226692078128 139 112 94 0.41983297562133165 40 859 50 848 41 863
2832 74.530745592922813 -7.9384462086171563 283.51931990569409 140 47 53 0.29405061604848637 40 854 50 851 41 865
2833 74.530745592922813 -7.9384462086171563 283.51931990569409 140 47 53 0.29405061604848637 40 855 50 852 41 866
2834 44.132523299964063 -12.561308410737325 289.26549521962875 82 63 51 0.24628494577247925 40 3888 50 843 41 867
2835 68.409199561419655 -9.21055615547691 289.59007478391879 125 87 75 0.39220921395499442 40 860 50 3861 41 868
2836 -8.8109291261093006 -12.538493265035195 226.06575816581341 71 37 39 0.7877945543850613 50 929 41 872
2837 46.45618780239996 -12.19743288319029 290.08432459568877 147 121 112 0.12218199304586312 40 862 50 849 41 875
2838 14.120079694281008 -14.830577577289386 282.04533819437 71 60 57 0.11580385415360321 50 858 41 878
2839 77.068793306901654 -7.8618133218672677 291.4521502009643 206 130 136 0.091245083798309687 40 867 50 853 41 880
2840 -50.725498709021984 -13.916868492862996 246.19712383270669 141 123 91 0.460175547045371 40 864 50 900 41 882
2841 -33.530139243926321 -14.259127102237938 249.78731557728244 59 50 31 0.45426772692040451 40 872 50 901 41 887
2842 79.484100810181488 -6.7841477907476078 287.59346334420371 175 144 136 0.036285511099027695 50 863 41 889
2843 11.304582340636475 -14.753875826749955 284.19416546295287 120 88 85 0.45586401783872105 40 875 50 868 41 894
2844 36.976560449785019 -12.519479020124946 287.31784217146566 51 43 41 0.47070946687383147 40 880 50 869 41 896
2845 68.455053366346547 -8.4609021726261613 289.52612860723167 228 192 170 0.16888163032922174 40 881 50 866 41 898
2846 71.239365740261661 -7.8961929098033066 287.90852652962826 82 56 43 0.15650729931506843 40 885 50 871 41 899
2847 71.150755332824261 -8.1005109355348974 292.67231553188174 131 96 71 0.067877398052060001 40 889 50 870 41 906
2848 62.539324337619853 -8.9155400241533442 290.79449733545971 76 27 41 0.1430732816459496 40 895 50 881 41 913
2849 -21.48811606371126 -12.32445719640101 233.36283001380889 242 219 206 1.1114762628728756 50 5689 41 917
2850 5.2510131437134939 -14.179564698794145 281.46470994010951 34 26 15 0.27216955685708172 40 902 50 895 41 918
2851 -40.496482400216628 -13.889794219019494 258.89706957343975 55 53 20 0.46454761727237259 50 927 41 921
2852 48.360785887308438 -9.5977010788988739 277.93106444361223 137 102 107 0.17859606449186605 40 906 50 3894 41 924
2853 75.287357877653577 -6.5972576802002525 290.00465993207712 96 44 50 0.23233082530188542 50 891 41 926
2854 -39.491154697730998 -13.822704322808711 258.23684557108237 50 50 20 0.25641216361443803 40 904 50 928 41 928
2855 71.172510370880701 -7.2458331719473037 291.581735040213 246 217 193 0.11027476120458356 40 909 50 3883 41 931
2856 80.560656630824425 -5.4672708711678544 289.654105232642 126 83 50 0.095510036983018076 40 916 50 898 41 937
2857 -45.787875166653421 -13.835855175968284 262.81112995219485 26 27 8 0.72860507223525584 40 911 50 924 41 939
2858 36.629244529939768 -11.362271792661998 289.12393815606617 49 34 31 0.22211373958866723 40 921 50 902 41 941
2859 68.101575598024851 -7.502136042438063 293.94141663963006 177 147 121 0.15873731494498977 40 923 50 3885 41 949
2860 -35.286109179118981 -12.754551738631378 249.16519095375926 85 79 66 0.25206315343165575 40 924 50 959 41 950
2861 13.600340807025741 -12.814504693620858 281.96352674180707 77 47 28 0.22152669619119417 40 928 50 3910 41 952
2862 62.89917233488044 -7.7437421466453138 290.12329015780864 70 27 42 0.064581876616080156 40 934 50 3901 41 953
2863 47.387420665601979 -8.9764845120720196 280.18247893186935 178 136 138 0.2307759057022277 40 942 50 931 41 957
2864 55.534715748848278 -8.2045319831286374 283.55199295296205 95 29 37 0.28867704900990598 50 921 41 958
2865 73.894565420370427 -5.6957113089443103 288.99886534943749 76 49 42 0.11513176524856472 40 950 50 922 41 963
2866 37.409555347545982 -10.161246638007094 288.42231286244595 66 53 32 0.1961374829931338 40 966 50 939 41 973
2867 13.467914649246717 -11.944641104643495 280.73830608096642 79 41 22 0.21048848966547287 40 965 50 3927 41 977
2868 81.50259179665025 -3.7085537481095336 288.3844384284277 119 91 78 0.056618884626325548 40 975 50 949 41 981
2869 -73.370354915131429 -11.958819075993498 268.07414929501306 47 18 28 0.061692153057561698 40 971 50 972 41 982
2870 36.226049756533811 -9.8451247043604582 287.0795553147986 137 123 120 0.16064419554311951 40 981 50 956 41 987
2871 -32.133033580807293 -11.587783556581812 250.00149929429872 52 33 4 0.27419531356536148 40 3965 50 3954 41 996
2872 55.690232337003501 -7.0139603359044393 284.94620455172685 204 113 106 0.4026862223674339 40 987 50 963 41 998
2873 47.828501777483901 -8.4163349857158618 292.13221668469413 158 124 121 0.26656828664533855 40 993 50 3931 41 1004
2874 -7.0395164483905015 -8.7429807840011939 215.63152322417685 255 221 214 0.016762290764937172 50 1057 41 1011
2875 46.303461410843916 -7.8343973414732755 286.32014762084901 95 66 63 0.16719364257275995 40 1006 50 980 41 1013
2876 -17.803652268549229 -9.3937163465608293 223.46127329415256 191 158 133 0.1496066261392873 50 1051 41 1015
2877 67.949522381357554 -4.5391115798814887 287.95360804590081 64 43 39 0.091904215546594739 40 1017 50 3947 41 1027
2878 -35.78467179460619 -10.405615385310933 247.99099459937162 120 110 109 0.086819837055465865 50 3980 41 1031
2879 -45.092549906590548 -10.620305985562013 259.53470283837294 40 44 0 0.19139721758597636 40 1030 50 3974 41 1042
2880 79.495716440393011 -2.3278772020152596 291.18417778159323 93 68 51 0.44507629343916905 40 1035 50 999 41 1044
2881 79.495716440393011 -2.3278772020152596 291.18417778159323 93 68 51 0.44507629343916905 40 1034 50 1000 41 1045
2882 34.374779541276922 -8.0655713170261123 285.77381448189396 39 36 42 0.097688539030888699 50 3962 41 1050
2883 -7.677790604098278 -7.8796944028907401 216.05863424945446 193 170 157 0.20137586219649906 40 1032 50 4000 41 1055
2884 -42.872685045950575 -10.015714346924467 254.81554459028146 43 29 2 0.024651714532489429 50 1045 41 1059
2885 33.568537230474881 -7.8141187988653273 287.67884792179228 61 59 64 0.24460283188842583 40 1057 50 1012 41 1060
2886 85.213345058938728 -0.85566916343563015 289.88716648033261 114 78 60 0.10828592453191817 40 1048 50 1009 41 1061
2887 -62.879492829803539 -8.6274401186793579 243.06685409868692 72 51 20 0.11680489403816458 40 1051 50 1065 41 1068
2888 61.568507608006172 -4.1813123545666242 288.47013690157905 45 20 39 0.7748138338693531 40 1060 50 1019 41 1073
2889 -7.5259501457438605 -7.3119314407340168 215.9392121294282 237 207 190 0.071346306043936769 50 1104 41 1074
2890 -60.542832417197786 -8.1521317911035158 242.64119213697253 162 146 106 0.12092437572622389 40 1073 50 1080 41 1080
2891 -72.927726191346011 -8.5202257759478073 259.53216575686525 58 52 51 0.61665016268576522 50 3994 41 1088
2892 -61.3528332433701 -8.0657327248514026 242.93179831426352 75 60 22 0.24599617583687219 40 4019 50 1082 41 1089
2893 18.261283838282338 -5.0530166666087686 213.47093354679217 196 184 180 0.036247347850983519 50 1120 41 1090
2894 82.376852839948569 -0.069025098278405958 290.14804380932378 69 47 27 0.13059864008058386 40 1087 50 1044 41 1095
2895 -75.67873329183297 -8.0096864538333854 260.30546951464368 60 34 22 0.12693178119187076 50 1073 41 1096
2896 3.6325100336076517 -5.924317488472771 214.99400693178325 239 219 205 0.017295527542447821 50 1131 41 1102
2897 -58.631609949306274 -8.5359068950651142 264.55093168427106 74 40 45 0.12886480759175606 50 1081 41 1106
2898 75.289608386461737 -0.46319662641809173 291.99400674716316 47 39 56 0.32643752817264277 40 1107 50 1067 41 1111
2899 -19.850828161599296 -6.3890125443596251 225.83098492247757 223 197 173 0.16427884020008335 50 1146 41 1124
2900 -47.463545599107341 -6.9128279207263574 243.42873727191537 152 144 152 0.17320731078144536 40 1123 50 1135 41 1130
2901 -47.463545599107341 -6.9128279207263574 243.42873727191537 152 144 152 0.17320731078144536 40 1124 50 1134 41 1131
2902 79.593974059794732 1.1991102460171934 290.51885102447153 145 117 117 0.4992988310221893 40 1129 50 1086 41 1134
2903 -58.163433155712035 -6.3099280055119644 241.99942236041619 124 101 98 0.36402688513037695 40 1131 50 4040 41 1137
2904 82.82583901079235 1.9256712400034166 290.48562465207232 155 127 114 0.1228952440678977 40 1137 50 1088 41 1140
2905 76.256985263375356 1.309137634261464 284.28356128240472 137 119 128 0.89672286326972017 40 1140 50 1102 41 1143
2906 83.672287067361793 2.324521870855194 287.79159131070827 194 167 151 0.20929608588164547 40 1138 50 1093 41 1144
2907 83.409024055729517 2.6852907546660427 288.71983259950076 148 125 112 0.39206743673788624 50 4018 41 1149
2908 54.805972277612355 -1.2540329483449746 282.49112724377369 107 92 103 0.30339823039206698 40 1148 50 1114 41 1155
2909 -74.371151865926109 -5.0294003630800059 258.33667310765367 44 29 7 0.33278480397575111 40 1160 50 4049 41 1161
2910 0.3285193154261884 -2.8685696236042975 206.89214560369089 88 53 38 0.096887185307479973 50 1224 41 1176
2911 60.952736592571519 1.295850282134791 284.1383634080567 27 29 43 0.24342403417832842 50 1158 41 1178
2912 52.701392601951305 0.45840246959689607 279.70542896793285 93 91 102 0.12957744478618374 40 1181 50 1166 41 1180
2913 52.701392601951305 0.45840246959689607 279.70542896793285 93 91 102 0.12957744478618374 40 1182 50 1167 41 1181
2914 57.965706509965969 1.0350379641031415 282.43989836896634 30 26 40 0.056604714093933285 40 1183 50 1165 41 1182
2915 -27.588238062224121 -3.1808293011997448 229.25547075910316 231 201 175 0.37685945561646206 50 1230 41 1195
2916 18.303785570847953 -0.4127373517389793 214.85329477409553 82 82 92 0.065193862599668861 50 1242 41 1202
2917 18.303785570847953 -0.4127373517389793 214.85329477409553 82 82 92 0.065193862599668861 50 1243 41 1203
2918 -74.979152218338058 -2.4696841322790348 253.15092212726759 149 134 85 0.24040774584497257 40 1204 50 1214 41 1204
2919 -74.872740031361516 -2.4727458519692123 252.77900867691699 149 134 85 0.27806892844524234 50 1215 41 1205
2920 53.793731938876789 2.0747374507307881 283.3875877750624 30 25 31 0.29362883780318622 40 1213 50 1188 41 1206
2921 76.473677950307845 5.4232384120903481 286.99378207245388 29 25 42 0.22014349121616159 40 1215 50 1189 41 1207
2922 36.406450310485077 0.0018762636945239969 285.51205549990874 53 60 72 0.44447968941131349 40 1211 50 1195 41 1211
2923 9.5111412769574866 -0.12258925258017005 206.98136748985235 71 66 72 0.40337632360706444 40 1226 50 1267 41 1225
2924 -35.827656589884604 -1.8806826461733455 226.59407590514655 102 47 57 0.7163035495313046 50 1253 41 1227
2925 -47.461660689926525 -1.9261216413279869 238.06960305461527 53 71 15 1.0966349964723494 50 1248 41 1229
2926 -37.842688600435679 -1.7102242362300197 228.4896987973824 190 191 163 0.06953652609880584 50 1256 41 1235
2927 -75.403193183022353 -1.0519654944762811 254.83893261990525 67 57 20 0.28790119088105764 40 1245 50 1239 41 1243
2928 -71.105859583263808 -0.8639859204753001 252.68098424970717 154 142 144 0.097703369617658187 40 1250 50 1247 41 1251
2929 81.469222394510382 8.6740925147475636 285.87312044608024 56 58 74 0.0073633279556128469 50 1234 41 1257
2930 -49.503800904401182 -0.86457356588231027 239.48107048734343 62 78 45 0.45042430493492192 40 4134 50 1266 41 1258
2931 39.838883990809904 4.4739588487386115 206.43524863435931 119 111 97 1.1598137431306874 50 4170 41 1269
2932 82.402177893827243 10.219944712008893 280.85922028765776 49 43 65 0.27575633643352498 40 1295 50 4130 41 1281
2933 -57.246867447024947 0.83237100840501566 235.65364896074968 182 162 144 0.30070887875949792 40 1306 50 1307 41 1298
2934 -57.246867447024947 0.83237100840501566 235.65364896074968 182 162 144 0.30070887875949792 40 1305 50 1306 41 1299
2935 78.104583674852037 10.043460636047621 280.54845299790912 103 104 134 0.17509072010191482 40 1319 50 4137 41 1303
2936 -34.374737346990493 0.63517171406254347 230.46014342478671 123 58 63 0.12041151583424216 40 1316 50 1320 41 1305
2937 -59.068800210929879 1.6403918900307439 225.66951443483222 37 34 9 0.23768523078164261 50 1340 41 1321
2938 -15.339749981368882 1.5642590033515307 226.51496871775134 144 107 82 0.12565338795244085 50 1344 41 1326
2939 82.568248055213957 11.808626354350547 284.39829298254762 28 19 34 0.40360048844707758 40 1351 50 1287 41 1333
2940 -59.608207723996173 2.9886084251353155 226.53293365585662 38 31 15 0.2898051323305873 40 1369 50 1381 41 1354
2941 64.002697269434776 10.225648206679583 278.58795427105105 26 24 36 0.239947365009888 40 1373 50 1329 41 1359
2942 -58.988764987144179 3.4051695706140537 236.96428532121831 92 56 4 0.14668184876094822 40 1380 50 4196 41 1369
2943 -57.036610308204821 3.3190490116819373 234.30542189219346 180 151 133 0.4776113444239834 40 1381 50 1388 41 1370
2944 1.7884781147373903 4.0824305811090822 203.80424867249238 239 198 182 0.062164346417259264 50 1425 41 1373
2945 1.7884781147373903 4.0824305811090822 203.80424867249238 239 198 182 0.062164346417259264 50 1426 41 1374
2946 -11.986880524150555 3.7050592962488209 222.6915065300916 225 195 166 0.092179098791873498 50 1402 41 1376
2947 -19.585010204275097 3.869948565056061 229.5469640384969 156 135 124 0.16158745450414991 50 1408 41 1388
2948 -3.3573115591787928 5.4837541755679915 211.49371940471855 129 100 80 0.01812474603552865 50 1463 41 1413
2949 -3.3573115591787928 5.4837541755679915 211.49371940471855 129 100 80 0.01812474603552865 50 1464 41 1414
2950 -64.301482565653046 5.6900922975498611 234.79144003726822 107 86 71 0.39820903599367202 50 1433 41 1415
2951 -57.47033047130374 5.4680164430186196 233.30697775632481 145 114 60 0.40562641483850398 40 1430 50 1441 41 1417
2952 -13.116611442945503 5.4209135200240857 224.34188648671073 232 205 173 0.23059878678189527 50 1453 41 1420
2953 -61.642613125023097 6.3332939472992464 236.9892388994198 133 106 64 0.0058745035962503075 50 1460 41 1444
2954 -62.117200989190813 6.6042451055779114 232.77151559096325 52 25 1 0.12748776397686715 40 1469 50 1473 41 1448
2955 3.6009789781364949 6.8474330467723323 203.62563624791113 161 120 102 0.14474172615491129 40 1461 50 1506 41 1451
2956 20.335782021200842 8.4944687026931174 214.54528977197182 52 49 55 0.049942563767822218 50 1495 41 1460
2957 -64.364224843981333 6.9325223769795885 232.91398254720951 93 74 58 0.49425808428383838 40 1475 50 4252 41 1465
2958 -63.18041357172703 6.8509103841230692 234.88905397756039 182 155 121 0.20031135834322852 40 1477 50 4253 41 1467
2959 -8.6763042825488252 7.1434569045313321 221.39421891181232 222 193 162 0.0025418058010614063 50 1502 41 1475
2960 81.954833996346622 18.680686677334229 278.22010702810451 37 26 41 0.14533439418732261 40 1507 50 1459 41 1487
2961 -65.376201810662778 8.3378451933878548 230.9768756713336 85 68 60 0.17418690423955671 40 1523 50 1518 41 1508
2962 -61.825434482346935 8.4216165011214468 232.58799707322882 53 30 4 0.24395539388628462 40 1533 50 1521 41 1515
2963 -5.1079829371993899 8.4630064894116774 214.47858256668621 194 161 136 0.21684099856308658 50 1553 41 1527
2964 -38.660721821220172 8.4355818813359758 225.30445097507774 119 91 63 0.54928534526776562 40 1554 50 1559 41 1542
2965 81.334501463664338 20.819361448077274 274.01681869625969 10 18 25 0.64371083893152703 40 1568 50 1513 41 1557
2966 -66.324467522357736 10.061309787699871 238.28350524679527 64 36 0 0.08055135564795958 40 1571 50 1567 41 1560
2967 -61.927433432894972 9.6731459984124513 233.17658169357688 38 21 1 0.19136961805591279 50 1568 41 1561
2968 46.239676404365106 14.169650725277947 202.0535252647544 71 42 0 0.59250481416317158 50 1603 41 1572
2969 -59.831902022789791 10.971240101807822 224.95655275594089 43 27 23 0.18689959774647624 50 1621 41 1602
2970 -57.985506742211847 11.064402621419811 222.72127503763221 77 69 64 0.053018205837980656 50 1629 41 1606
2971 36.627711824863979 14.455696394024939 202.03579216208917 162 138 103 0.25378739326207722 50 4358 41 1613
2972 34.032519544556507 14.850276168708648 206.46734117801967 82 61 36 0.46223092285888018 40 4362 50 1673 41 1639
2973 40.170424572756474 15.684364901159062 205.31869831968433 66 35 4 0.11355697944640396 40 1637 50 1675 41 1649
2974 40.161952969610155 15.679387160408725 205.25958776102095 66 35 4 0.12742141428158957 50 1676 41 1650
2975 -21.906689322604944 11.621132495318673 215.25890083526446 103 49 31 0.32428980740409014 50 1672 41 1658
2976 -64.848236762857027 12.760008165018657 223.91152905466569 115 102 97 0.17896295290362682 40 1656 50 1668 41 1664
2977 37.523626351863342 16.017111789572745 207.57568666706823 49 26 11 0.20566265181582163 40 4383 50 1693 41 1669
2978 -34.327223119642987 12.572879176272815 217.55022692528925 119 85 66 0.40153586393224749 40 1674 50 4380 41 1681
2979 52.041262889736664 18.911161749693996 199.88798049546318 184 144 119 0.3323745284034853 40 1697 50 1760 41 1702
2980 43.386691467750055 18.975223496999643 205.07521515641983 198 165 89 0.24340648251545827 50 1793 41 1746
2981 -62.577620403644353 15.64672984501755 225.3628073071211 38 24 13 0.17095668408907116 40 4432 50 1776 41 1765
2982 -49.825778645364174 15.148638030477489 224.31112976284834 39 44 10 0.019745045079772101 50 4411 41 1766
2983 44.780202879879475 19.713147438615316 204.49775017637356 161 133 106 0.080433702987447328 50 1805 41 1774
2984 31.89889248749596 19.915725558114627 205.04281275958323 112 97 77 0.075913674468520265 50 1864 41 1837
2985 31.89889248749596 19.915725558114627 205.04281275958323 112 97 77 0.075913674468520265 50 1865 41 1838
2986 -61.413008870894849 17.883619656441194 225.38475134912443 31 17 3 0.17368131029147338 40 1841 50 1845 41 1840
2987 8.7906991040079188 17.714118908667814 202.05719407066809 139 110 88 0.14546568718997566 50 1877 41 1845
2988 -33.623476363679252 17.203467355032711 216.98696484853522 55 38 12 0.0065248787426660394 50 1860 41 1847
2989 -61.89578817300638 18.606924932165541 226.44744889484849 94 78 67 0.53080739437899693 40 1859 50 1859 41 1858
2990 -15.498312299301393 17.568617324957774 206.1531153640959 83 68 36 0.21830064025299079 50 1893 41 1872
2991 8.2703084838633689 18.737771112344781 202.50929398563341 222 188 170 0.21795121300233575 50 1904 41 1877
2992 51.225862553551131 24.015111386150497 200.85555587923795 96 66 10 0.27325732377413675 40 1902 50 4511 41 1891
2993 48.43555304918798 23.89585991369627 199.75898623597919 197 176 93 0.017048036092158953 50 1940 41 1900
2994 -29.87689392964122 18.367134511644029 205.12434171071826 138 125 74 0.26243280239127059 50 1939 41 1901
2995 -49.498088310435243 19.460584851789953 213.8434263370489 94 74 28 0.031258712712673262 50 1938 41 1914
2996 26.851331132698473 23.117964218093196 207.68318965877614 111 57 37 0.23412105353431567 50 1987 41 1947
2997 -3.2117138355104542 19.249892627033176 186.5549990302637 73 50 37 0.31984888933549988 50 2027 41 1961
2998 39.988292791900371 25.181507879625801 205.26117967682242 70 55 46 0.34730424079972472 50 2013 41 1974
2999 -44.352226811315653 21.036852400062372 211.83922885410576 57 51 20 0.39573616065181527 40 1998 50 2009 41 1977
3000 -20.67859301159838 20.399417472182257 199.05808778686298 34 17 9 0.12982127995327017 50 4571 41 1986
3001 55.917292641084622 28.519487073155055 203.46231097939022 66 45 0 0.26147186959024182 40 2021 50 2049 41 2007
3002 -68.685214076010652 23.434467574901035 218.47046977178547 95 88 67 0.018231165611214285 50 2031 41 2008
3003 -26.537339773446931 22.014621426992733 209.59582381169264 147 127 78 0.17267510897339022 50 2044 41 2010
3004 -2.8573080547786112 20.940031925077538 188.78304718823614 48 20 13 0.025943403626043388 50 2085 41 2013
3005 -26.762523701778719 21.445786199281628 200.04716424067402 87 59 7 0.39437948902351905 50 2068 41 2019
3006 -18.144685174088334 21.299982169967372 190.39225189688031 43 23 19 0.11368938957008159 50 2115 41 2040
3007 -69.013124566865798 24.943225292369725 220.85867913685402 42 33 14 0.15891921906757464 40 2067 50 2073 41 2047
3008 -12.041173700710955 22.700869334748646 198.62642837901799 105 79 67 0.82373932305216968 40 2072 50 4612 41 2056
3009 -2.0484150308188176 23.574375768062787 190.06314136513524 94 52 39 0.42234798156530079 40 4624 50 2166 41 2105
3010 -65.973113735333399 27.055749133760319 223.5847833809099 32 19 13 0.45871259884982257 40 2142 50 2133 41 2118
3011 -16.653693758116255 24.606452063422847 202.03347444427939 26 10 4 0.35522954902882131 50 4646 41 2119
3012 57.561125854625658 31.101095839186812 192.00352762168916 58 38 0 0.1930811928994145 50 2186 41 2131
3013 49.306131479700028 31.39155668431755 201.99561971632826 40 19 3 0.11114463219640096 40 4650 50 2191 41 2142
3014 49.306131479700028 31.39155668431755 201.99561971632826 40 19 3 0.11114463219640096 40 4651 50 2192 41 2143
3015 -70.437218404540317 28.584776733617392 221.59421896001706 133 122 89 0.14851954372222426 40 2190 50 2183 41 2156
3016 -10.323609519369372 25.833675246031433 198.14096690228399 122 103 68 0.12948830902039171 50 2215 41 2160
3017 24.118724454919942 28.576184181776188 199.47987095598131 69 81 36 0.07065516705564584 50 2217 41 2163
3018 -3.5325035997358083 26.420764236105907 186.71083644426758 81 58 18 0.21370850938985239 40 2241 50 2285 41 2208
3019 53.949287437224839 33.818625939080817 191.6994398662502 155 136 70 0.28656386689510499 50 4725 41 2227
3020 -10.194616210544526 27.933678230962638 195.36529625284174 63 44 7 0.037465641877583049 50 2298 41 2230
3021 -56.783551022020838 30.486342872252198 215.05145886218446 127 130 95 0.21146427387700398 40 2276 50 2288 41 2242
3022 -54.101505567221949 29.980809816759987 212.46694679588265 120 121 70 0.081585415621637625 50 2289 41 2243
3023 31.815544136959911 31.134656617718942 189.36520376598841 26 5 6 0.490307471557136 50 2331 41 2250
3024 -61.513914737151616 31.200861288880606 213.79324432941598 44 22 14 0.03915493045673521 50 2313 41 2266
3025 0.22648073403926011 28.991375416204395 189.53750748080131 122 101 99 0.1344081092828403 50 2353 41 2270
3026 11.665650018007689 30.420542091403991 190.59807204073101 185 139 125 0.36132702192483007 40 2320 50 4768 41 2283
3027 -38.925452725843734 30.440386719089684 205.85098036567098 103 85 64 0.19685465935956928 40 2325 50 2344 41 2287
3028 43.80666191471785 33.725194838806637 187.35688963175119 82 40 45 0.45641422585546265 50 2382 41 2297
3029 13.93768673593982 30.915256612905342 191.10372722945868 154 113 95 0.019449919262213899 50 2377 41 2302
3030 13.93768673593982 30.915256612905342 191.10372722945868 154 113 95 0.019449919262213899 50 2376 41 2303
3031 44.557287646527449 34.224339587710546 185.11057931861671 76 37 42 0.13292471176028783 50 4787 41 2322
3032 -48.344363751414534 32.122937687283553 210.43513358701145 21 16 3 0.065673894707140884 50 2372 41 2325
3033 -35.301617807898964 29.891666069719342 193.41240361730291 153 105 62 0.075171057672680841 40 2366 50 2400 41 2327
3034 48.760626915862893 36.055092799592856 189.97359872569942 41 28 25 0.24553165295072024 50 4793 41 2336
3035 -58.374110169506416 33.461884693811854 207.74017482664939 97 45 43 0.1806319992602613 50 2417 41 2364
3036 -13.631647526410129 32.169439498771482 192.321328177335 127 106 79 0.45607012488904708 40 2429 50 2451 41 2383
3037 40.032234015558863 36.040242973327288 187.13383785569991 193 134 110 0.1412589414824432 50 2461 41 2389
3038 53.06561065424598 38.239160170443185 182.71795980904642 61 46 45 0.1314336605020319 50 2497 41 2423
3039 9.2340426854533284 31.767251190339532 175.24371882470544 149 144 85 0.086121873563003284 40 2472 50 4861 41 2425
3040 43.201237110252187 38.348837306967816 187.53114391895838 149 131 87 0.080000159401085458 50 2519 41 2458
3041 -23.953126828605548 33.915924924667436 192.39678748387524 61 6 0 0.035392875391871539 50 2516 41 2467
3042 -58.803028693698394 35.540038870183409 196.10084474042299 172 140 83 0.21630780134450472 50 4885 41 2488
3043 28.114328500589675 37.287833715742828 186.64250710969617 17 15 4 0.42226676634590427 40 2543 50 4890 41 2493
3044 37.474638356140055 38.676996647559235 187.95828319727809 218 172 146 0.049424029762546284 50 2559 41 2494
3045 38.59789934377357 39.7341316579652 189.07046810252564 147 117 91 0.1734265407607288 50 2590 41 2520
3046 36.090230286395027 39.645948686724687 190.03202268187343 186 159 136 0.072112790976025493 50 2588 41 2523
3047 29.475903495530371 38.293739407159286 186.22745313606524 81 78 64 0.51615850680072217 50 2598 41 2526
3048 29.475903495530371 38.293739407159286 186.22745313606524 81 78 64 0.51615850680072217 50 2599 41 2527
3049 25.158347614873847 37.419582546026312 183.25343957331694 31 16 1 0.071187424246849387 50 2610 41 2529
3050 50.971009177568234 41.203305094974034 181.10569705714479 219 195 162 0.33131163670321084 50 2629 41 2550
3051 43.755375327698495 41.958256831696318 186.02537184175588 196 176 158 0.14128563298408575 50 2657 41 2592
3052 2.9702131379235559 35.953618789971316 174.22338430414371 185 150 117 0.8609484860643245 50 4964 41 2617
3053 41.118790117461572 42.640699522392751 188.05113858346166 60 55 41 0.56527038858497625 40 2676 50 2670 41 2626
3054 54.94964818294455 44.157810556399454 178.93964989358423 23 8 0 0.5156655092306448 50 4981 41 2646
3055 37.804424410343039 42.397502066961714 185.1704250414605 19 17 0 0.021529299378617431 50 2706 41 2650
3056 -52.546377051773057 39.928313993638028 196.60450967697156 94 51 72 0.49063660311552271 50 2684 41 2651
3057 36.644192933515392 42.01020639366596 182.8873701481165 16 19 0 0.17982139233305885 40 4923 50 2716 41 2658
3058 -49.756345422887946 41.190300002263307 199.97164812297598 110 104 127 0.25437647476872083 50 2713 41 2692
3059 -58.552712785677222 39.936824052686646 189.6158437459828 39 27 1 0.12835006181291975 50 2746 41 2698
3060 23.524917880919045 41.921218470510091 183.4831523252561 66 54 17 0.068808789299788814 50 2768 41 2719
3061 9.3493718116404079 38.816537052624071 173.3170533100824 143 153 87 0.46725199463111861 50 2794 41 2726
3062 29.210685714123407 41.366246830776575 174.18861504870657 102 81 70 0.079297249878575879 50 2806 41 2750
3063 5.2658019699225793 39.503677281715547 175.00292832052273 69 24 0 1.11859958284664 40 4973 50 2813 41 2760
3064 38.110095836713654 44.794042801611582 184.00032702653792 23 28 0 0.29206090674506435 50 2801 41 2768
3065 52.79844602901661 46.772323614454251 177.77386253668354 90 62 48 0.15755043025167698 50 2838 41 2801
3067 -57.184836621384243 42.610906608895156 188.09569642667026 41 29 2 0.1436371700001465 50 2851 41 2823
3068 -15.48131067957584 39.821464335260124 175.19082471616065 61 35 4 0.089092362781383619 50 2882 41 2825
3070 36.359576027057415 46.261920002083968 184.77144054228324 25 30 3 0.39724607677152041 50 2869 41 2833
3072 39.480532486571569 47.339523129856417 187.12085852576601 28 22 0 0.60907494950764418 50 2871 41 2838
3074 36.837708342523911 46.589876018719622 184.65069985115224 103 107 67 0.21334885433866457 50 2879 41 2842
3077 -3.806601746318047 43.118695892317525 185.29828809463621 30 22 9 0.035574132559064608 50 2883 41 2851
3078 -3.806601746318047 43.118695892317525 185.29828809463621 30 22 9 0.035574132559064608 50 2884 41 2852
3084 -7.0553363669436679 44.940987691965304 187.70808426270381 25 13 3 0.34443057329953886 50 5112 41 2917
3085 22.510160768469472 46.004893647565943 181.98262794881555 33 19 5 0.37275965473135941 50 2932 41 2919
3093 16.871952513846445 48.775581577553297 184.34544010593626 57 36 32 0.23019862232431915 50 3018 41 3024
3095 9.4431196378545259 47.014224062379206 175.35391846483807 41 23 4 0.071099963791142945 50 3100 41 3059
3100 17.73955587724803 50.176597349609509 183.82472875356981 45 14 6 0.20433885930756715 40 3119 50 3101 41 3077
3105 9.8870099847644024 46.305204517940311 167.64936216632285 115 94 87 0.25872356842081384 50 3156 41 3119
3106 -4.8770374402381194 50.171045527987211 182.5030000760253 36 8 1 0.28089979098765067 40 3180 50 5250 41 3148
3107 -6.5077835326299516 49.538726892975326 177.64264962744662 47 14 0 0.34945850382281796 40 3212 50 5265 41 3178
3108 -76.736877396815444 -52.700045998349971 310.47447047665071 90 88 100 0.50271208972640757 40 3360 50 30 41 3333
3109 -32.356988899516189 -51.526219312900558 301.52530023615651 93 86 96 0.33442145517956362 40 3362 50 3312 41 3336
3110 56.881161906936882 -46.222968011384737 306.82007297097852 143 115 115 0.27209005301123795 40 3365 50 5337 41 3338
3111 -33.487191039268041 -51.244379362027146 300.82298452468245 106 102 113 0.33538378474615776 40 3364 50 3314 41 3339
3112 -75.920847776073671 -51.775784920972043 309.04064495242756 111 108 122 0.50574248234057817 40 3367 50 3313 41 3341
3113 60.961034636830583 -44.668219207696787 306.61080513928295 89 68 64 0.5168682257008409 40 100 50 3319 41 3345
3114 -36.424043038694137 -50.605157394554176 302.46833665765206 98 82 95 0.33460867156150481 40 3372 50 3322 41 3346
3115 59.115840327678256 -44.322416879981539 303.60612498073027 68 40 38 0.24005712522390374 40 3370 50 3321 41 3347
3116 -15.908392698613396 -49.652481524158127 299.97359754335673 127 103 107 0.23722563424645426 40 3375 50 3328 41 3349
3117 -15.908392698613396 -49.652481524158127 299.97359754335673 127 103 107 0.23722563424645426 40 3376 50 3329 41 3350
3118 -37.713495630661654 -50.275615208843249 302.66102948883884 107 90 95 0.44697416265934109 40 3378 50 3327 41 3353
3119 62.069966233610984 -42.16373177463543 296.56326038412232 118 116 114 0.11973383212171046 40 3379 50 68 41 3354
3120 52.979235424530621 -43.082821738907228 298.44600351432854 133 105 104 0.13798094169883288 40 5336 50 5353 41 3357
3121 -41.130171406648103 -49.853508309790314 304.36839085733442 165 148 138 0.16699539667301863 40 3381 50 3333 41 3358
3122 -65.949176495374545 -49.683136536644987 307.18448009804911 112 106 97 0.62557498463207961 40 3383 50 3336 41 3359
3123 64.406800258236089 -42.628644824256611 306.22338765422421 63 49 51 0.073809612479693185 40 3385 50 3338 41 3362
3124 73.171183174538498 -41.624483444383543 308.43823631021706 154 139 130 0.36997425064539574 40 3389 50 3342 41 3364
3125 61.121684269790656 -42.247202176290422 304.01282660748768 163 120 125 0.12745473822507991 40 5342 50 5356 41 3365
3126 -37.695585789717121 -48.418342057003592 300.7548544931139 123 94 104 0.20592496327926457 40 5343 50 5358 41 3366
3127 -16.138346909539361 -48.092786024531534 300.10768142843784 84 64 63 0.13941290608777676 40 3391 50 3347 41 3367
3128 -15.214073594157041 -48.350843963359168 301.79281506981255 57 45 45 0.14238029096522506 40 3392 50 5357 41 3368
3129 81.280518949552743 -39.730624841762094 307.02737545184789 110 94 81 0.52358344097027398 40 3394 50 3348 41 3369
3130 87.668695574427701 -38.839524172093917 307.24906715035507 93 78 69 0.30438378390331433 40 3393 50 3345 41 3370
3131 61.021562723960017 -42.35417648629663 306.77766667822027 68 40 53 0.095687640378584682 40 3399 50 82 41 3372
3132 -34.068033420674588 -48.427912634739521 303.27311289651527 119 106 114 0.27502781217412337 40 3396 50 3351 41 3373
3133 6.0715700907176622 -46.838342828608184 301.63359115471752 113 99 91 0.24731060069597524 40 3397 50 3352 41 3374
3134 65.302262112165067 -41.436908142076611 305.63893028873525 69 52 55 0.16205722352144192 40 3400 50 3350 41 3376
3135 -41.984676967717739 -48.013214540781846 302.05602134868553 143 125 120 0.3656919159441227 40 3401 50 3355 41 3378
3136 72.511343471428304 -40.135802111798355 305.91382345915758 103 88 81 0.48859938079238169 40 3405 50 5362 41 3379
3137 68.905230298285929 -40.055756599759114 302.97517784474815 88 70 65 0.15132714207570974 40 140 50 3359 41 3380
3138 74.957702902128005 -40.187034519105531 308.66205221838885 86 70 64 0.39841119321191681 40 3407 50 3357 41 3381
3139 88.13200280426075 -38.068506420306385 308.18154617182245 137 120 110 0.24869184317696999 40 3406 50 3358 41 3382
3140 -39.275164406887242 -47.894275078106652 304.88769417828536 81 61 71 0.26356212600584666 40 3411 50 3364 41 3384
3141 73.76424825999699 -39.464478173461352 306.66188429678965 163 147 143 0.23254774272063392 40 3415 50 3365 41 3385
3142 47.35301850366789 -42.466615528838446 303.8375563495772 174 151 140 0.19130695533453443 40 3414 50 3367 41 3386
3143 -35.616929087053279 -46.991249040938932 302.29585787908019 101 71 72 0.25199587994149958 50 3371 41 3389
3144 -46.973599503101312 -43.064463445357305 283.28806696573366 65 60 48 0.35616942993555617 40 5355 50 5376 41 3390
3145 75.341003241012928 -38.419776473724653 308.44324010629094 145 125 121 0.10224648687112134 50 113 41 3392
3146 43.921581409009207 -40.880516602810133 300.18144222866169 100 77 66 0.82472058097373857 40 3426 50 3376 41 3393
3147 76.17965059548817 -36.923133738456094 304.60692489246418 84 62 64 0.17478662485099652 40 3431 50 3382 41 3394
3148 59.721333232105238 -38.179908042781861 298.56012390997734 68 44 56 0.13134478475817329 50 3386 41 3396
3149 81.615588925786355 -35.856462602983328 305.34714751950349 115 94 92 0.26612734745168182 40 3434 50 3390 41 3397
3150 69.901165423012714 -37.218085663416574 304.01185997832334 98 86 74 0.34493373925332865 40 3435 50 3394 41 3398
3151 74.312301572365413 -35.761592565002708 299.15626213110016 142 124 123 0.16410499894111982 40 3436 50 3396 41 3399
3152 78.964657839260752 -36.076833714300207 305.34723761607722 148 127 127 0.23754567455733375 40 3437 50 3393 41 3400
3153 62.923156011741845 -38.277829525084421 306.0214306851629 115 100 95 0.35119237602286152 40 3439 50 3395 41 3401
3154 77.973837502565928 -36.296355051044848 307.25949282969657 75 59 59 0.10176465053685024 40 3440 50 3397 41 3402
3155 -42.748019952672934 -41.403016049384107 281.48960864908673 121 100 85 0.26580886825822037 50 3407 41 3403
3156 -56.338601709879555 -41.382241801090032 284.00709495912423 167 102 92 0.25158558530067293 40 5367 50 3411 41 3405
3157 -70.352911853402247 -40.443282039571372 283.03004393946287 103 85 82 0.18205910032959893 50 3415 41 3406
3158 -54.171952402172401 -40.95353530973869 282.75899362874958 72 17 24 0.10551330867136717 40 3443 50 3416 41 3407
3159 83.957965912495069 -33.914531628452643 303.14497032045421 166 140 130 0.26804808707911698 50 3408 41 3408
3160 -57.643013062071482 -41.008088013784516 285.80753734837469 147 92 88 0.2831401924904931 40 3448 50 5392 41 3410
3161 -48.165970267234975 -40.235816838222618 281.08911969719537 78 54 42 0.19823555777442012 40 3449 50 3420 41 3411
3162 -73.011458390331526 -39.560923392139522 283.60370303112069 247 245 241 0.23032146649030069 40 3453 50 3421 41 3414
3163 35.901138620274551 -39.153085281364547 300.34368676029175 169 146 131 0.18325478455320002 40 3454 50 5396 41 3417
3164 -51.6825516368826 -39.684874735900749 281.9013493404903 133 77 80 0.20734025976933756 40 3458 50 3424 41 3420
3165 -50.721133840402992 -39.522930423883757 280.66469290682187 114 49 55 0.54296431953571722 40 3459 50 185 41 3421
3166 -48.11161574913703 -39.963075823566108 282.78481958895679 158 109 98 0.26963174492279585 40 3460 50 180 41 3422
3167 -73.989223003564817 -39.065820054756919 283.5018167553402 253 249 239 0.21893978309180953 40 3461 50 3425 41 3423
3168 -39.17596950898821 -39.402612566930102 279.30516110213028 144 124 95 0.1059323819124468 40 3462 50 3427 41 3424
3169 3.9214973415436511 -41.311730673150663 300.80906364721108 112 91 89 0.28642378902688237 50 3422 41 3425
3170 -67.134405577144193 -39.288963522512816 284.35270050261397 50 44 69 0.20547062665341878 40 3463 50 3429 41 3426
3171 -67.134405577144193 -39.288963522512816 284.35270050261397 50 44 69 0.20547062665341878 40 3464 50 3428 41 3427
3172 67.004127065832023 -34.993292684636693 304.94323970163094 143 127 114 0.12833848543572368 40 3469 50 3423 41 3432
3173 -71.75236358048538 -38.412533647472124 283.67144672744371 198 178 168 0.15125406422519641 40 3473 50 3434 41 3434
3174 -71.75236358048538 -38.412533647472124 283.67144672744371 198 178 168 0.15125406422519641 40 3472 50 3435 41 3435
3175 -42.102003840326454 -38.437922280058999 278.47997864682611 77 54 46 0.26488950878619982 40 3474 50 3442 41 3437
3176 75.077325185801215 -33.369408284375652 304.47400525719587 109 86 70 0.27298635781458486 40 3475 50 3430 41 3438
3177 -71.526947637641399 -38.571964367967311 286.14019140912802 117 89 77 0.1791750487929272 40 3476 50 3439 41 3440
3178 -71.526947637641399 -38.571964367967311 286.14019140912802 117 89 77 0.1791750487929272 40 3477 50 3438 41 3441
3179 -66.731378041412881 -38.57285397004069 284.60870542555443 84 81 98 0.41165500984941822 40 5392 50 3440 41 3442
3180 82.854871386490316 -32.271700019104962 306.24367438322867 78 68 58 0.11981842176763526 40 3480 50 3432 41 3443
3181 -37.821794091021509 -38.454750030244483 279.89503349914833 146 126 113 0.21402247766747631 40 3479 50 3443 41 3444
3182 -14.735945531775577 -41.757937278123229 305.31535953712694 149 138 121 0.6265136988879566 40 226 50 3433 41 3446
3183 -68.700639265927137 -37.643117337622044 281.85604508032071 102 93 85 0.10637249727939119 40 3483 50 3448 41 3449
3184 -75.194273230091596 -37.624022254591495 285.07033308858087 200 187 189 0.30233177518540505 40 3485 50 3449 41 3450
3185 -32.42861728520532 -38.987372571520162 288.15117106733049 52 42 46 0.35283528826813426 40 3487 50 5420 41 3451
3186 73.346160266193607 -31.575207279526992 300.6096948465393 159 132 125 0.14024583720786388 40 3496 50 3450 41 3455
3187 -34.24533674923768 -36.990869759887502 278.17997912155579 116 100 94 0.13031991644046939 40 3495 50 5439 41 3456
3188 84.368592409350953 -30.591996891693633 306.21982306319876 60 51 51 0.3083775603612528 40 3498 50 3451 41 3457
3189 -59.070936733420652 -37.550875359848781 285.56134170487962 92 87 59 0.14631943328162098 40 3497 50 3461 41 3458
3190 32.093404151824245 -36.862244179514263 302.21576398485752 166 146 128 0.52228407008908462 40 3501 50 3455 41 3459
3191 -54.331181684353609 -36.407682538999978 277.60181352100989 113 100 91 0.60472033098657374 50 3463 41 3460
3192 73.162626564351513 -30.529700086281466 298.15306229667095 80 57 58 0.10717661657872586 50 3462 41 3466
3193 40.009808988815884 -35.192161504387947 300.42117648209495 163 139 131 0.3346406210356338 40 3503 50 5436 41 3467
3194 -45.806909043125202 -35.676995184165186 275.52359135553024 103 64 32 0.55932846638996725 40 266 50 260 41 3468
3195 18.81359983423831 -36.940639866826473 301.75556928509002 66 54 54 0.28268566671679757 40 3508 50 3464 41 3469
3196 -69.534581834390508 -35.774681730456606 282.83069580178039 57 35 34 0.31558670700909258 40 5422 50 5444 41 3471
3197 -52.500165946014498 -35.849188416897363 280.25091869272268 97 88 73 0.3462061951310671 40 3507 50 5450 41 3472
3198 -45.769089668817564 -35.156691826865995 276.10158851152966 187 155 109 0.2740894455476961 40 3514 50 275 41 3475
3199 -14.431719514588123 -38.88198893530339 304.24430330000388 121 121 107 0.72408535251836481 40 3512 50 3468 41 3476
3200 73.159758005537256 -29.501809856441835 297.00646356331856 132 111 119 0.10194457076808992 40 3513 50 250 41 3477
3201 -15.425509694540334 -38.491190157355838 302.1664960158152 118 120 105 0.33297379843375013 40 3515 50 3470 41 3478
3202 -4.5077969993193516 -37.388202646630887 298.21589253464202 152 131 118 0.63493962512884206 40 3518 50 265 41 3479
3203 21.067830378544638 -35.377239740808271 295.61174388368039 140 140 140 0.35228888846042244 40 3519 50 266 41 3480
3204 -17.276567804318862 -28.984878505047643 233.77992472487355 202 187 173 0.34945260182377874 40 3516 50 3526 41 3481
3205 3.7345194015790164 -37.063377156245203 302.93171959427605 132 116 110 0.41011977239806319 40 3526 50 5452 41 3484
3206 45.805327025988348 -32.650251647891302 301.93705678151281 150 126 102 0.29015697205607877 40 3532 50 5456 41 3489
3207 -0.46967596003646045 -36.185525218783219 299.28145602251152 56 37 39 0.36113579608151442 40 3534 50 3485 41 3490
3208 -50.976859396881096 -33.286600489761383 273.4518177352972 105 97 70 0.076020731557825613 50 5468 41 3491
3209 3.3095238325720415 -35.977690412795226 300.82650838571925 83 61 57 0.22072739786004844 40 3538 50 3487 41 3493
3210 52.807495706389211 -31.084565569625774 299.52964340662965 166 142 125 0.83411730096344261 50 3491 41 3495
3211 18.021359340546947 -34.58291646015698 299.48965494432991 205 196 184 0.098152536281719868 40 3544 50 3493 41 3496
3212 23.562931984710428 -33.653684971342862 296.35029350572785 40 36 50 0.16673027258927911 40 3545 50 3494 41 3497
3213 35.625463944161076 -32.593963997573596 297.11139026088722 169 143 129 0.36251245176307295 40 3546 50 3495 41 3498
3214 -34.321933706874994 -33.745587832251282 277.34233668667423 65 66 71 0.21142664465724814 40 3540 50 3514 41 3499
3215 -10.972780776797178 -36.112451574236268 299.98759582363755 49 44 41 0.66646156872071616 40 3548 50 3497 41 3501
3216 -57.114240768499975 -33.544842509629866 280.37715980248498 120 125 78 0.29859561504339838 40 3547 50 3517 41 3502
3217 -2.9052626565020581 -35.379869610973756 298.24734965561237 120 99 97 0.29244697115902979 40 3550 50 302 41 3506
3218 -2.9052626565020581 -35.379869610973756 298.24734965561237 120 99 97 0.29244697115902979 40 3549 50 303 41 3507
3219 2.7417156559999043 -34.991198819984589 299.24449236811955 145 126 126 0.12532407448466246 40 3559 50 3502 41 3509
3220 2.7417156559999043 -34.991198819984589 299.24449236811955 145 126 126 0.12532407448466246 40 3560 50 3503 41 3510
3221 5.397929494047828 -34.747254435685754 298.2808500012361 140 118 120 0.33686966431489057 40 3554 50 3504 41 3511
3222 -47.502254488896099 -32.682332915042871 275.61403982710158 77 50 32 0.19900652537098154 40 3562 50 3539 41 3513
3223 -42.658982388804006 -32.834830160558319 275.41364686200427 151 141 114 0.098125904545228251 40 3556 50 3535 41 3514
3224 -29.639753007625263 -33.312802487598482 278.71675070730277 70 65 64 0.24618617424029429 40 347 50 3532 41 3515
3225 -29.759284845045968 -33.422430405187676 279.8270349873755 70 65 64 0.10575529739341441 50 3531 41 3516
3226 -5.3571566389510235 -35.388793241252841 300.60137599454504 104 82 64 0.31369608038144903 40 3567 50 3509 41 3517
3227 17.818965908584328 -33.826507994725901 299.79574502222255 72 61 52 0.32153117805908721 40 3564 50 3510 41 3518
3228 41.909959427646442 -31.00321995452191 296.12916318151377 147 132 123 0.21772728024784627 40 3565 50 320 41 3519
3229 -12.859269455018497 -35.394425002832293 299.36885781163681 110 97 92 0.21533446063380435 40 3569 50 3518 41 3521
3230 14.152414300731603 -33.984619057856136 299.48444518312795 115 117 89 0.075064902709938819 40 3568 50 3516 41 3522
3231 34.085105202770094 -31.983977214802902 299.46092481227532 80 57 46 0.10456845791268139 40 3570 50 329 41 3523
3232 8.5567772049960187 -34.032830639631683 299.50330002610218 60 48 46 0.31264059735504274 40 3571 50 333 41 3524
3233 23.236955512060799 -32.345742026049614 296.04451153195095 32 25 39 0.41353070538938014 40 3572 50 3534 41 3526
3234 38.971856883451458 -31.016083326114241 299.68026726400296 143 124 128 0.3332798628496228 40 3574 50 3536 41 3528
3235 38.971856883451458 -31.016083326114241 299.68026726400296 143 124 128 0.3332798628496228 40 3575 50 3537 41 3529
3236 47.502479973565613 -29.946916758447045 299.68947880577718 63 41 34 0.19654322287124878 40 3576 50 3538 41 3530
3237 82.787708394045907 -25.582250976814944 305.06456407385264 182 184 203 0.20641981632440087 40 3580 50 5483 41 3531
3238 -77.445691631475626 -31.532358798640352 280.80209567596859 74 48 38 0.14357609951220673 40 3577 50 3555 41 3532
3239 -47.502646663911278 -31.932737260588187 275.63389946151852 115 90 74 0.32082428622040776 40 3578 50 3558 41 3533
3240 -12.044189237846277 -34.601551099625162 299.17614071305593 120 112 114 0.32579637661760169 40 3579 50 5488 41 3534
3241 -1.1354080480984212 -34.23211422024216 302.0125357023353 89 85 94 0.30423052463303107 40 3581 50 3541 41 3537
3242 39.592247681093973 -30.362053490064422 297.65884047319486 84 67 66 0.33284798987162928 40 3585 50 3546 41 3539
3243 34.009616007630285 -31.361110576697349 301.76383412174414 160 134 124 0.22881995587434445 40 398 50 3545 41 3540
3244 -78.588744266164937 -31.213166209304994 281.36665324217751 79 55 48 0.17014166958420465 40 3586 50 3560 41 3542
3245 -16.161328695198598 -34.390496697068862 299.6007480423894 81 86 82 0.22183388356884295 40 397 50 3547 41 3544
3246 55.768765373750426 -28.506358532715048 300.25952313359227 176 157 141 0.31212931392311005 50 3548 41 3545
3247 17.493204761194825 -32.281597962514262 298.60506824373806 63 48 48 0.43465686462443315 40 3588 50 3551 41 3548
3248 17.493204761194825 -32.281597962514262 298.60506824373806 63 48 48 0.43465686462443315 40 3589 50 3550 41 3549
3249 37.334241407082054 -30.281400840447535 297.60067817143579 83 67 65 0.15707218748674279 40 403 50 3552 41 3550
3250 50.314274865836452 -28.732808749201268 297.91814749379404 217 208 221 0.1939719958789283 40 409 50 3553 41 3551
3251 51.180058040542079 -28.827828353243738 298.849117371175 79 69 64 0.27966106983341527 40 3591 50 3549 41 3552
3252 -2.136408775784012 -33.43677051569621 299.33640333497925 75 68 80 0.21958291578024233 40 3596 50 3556 41 3555
3253 22.446596370249107 -31.427633062557835 297.44816499167206 254 246 240 0.11842320602980405 40 5475 50 5495 41 3556
3254 -41.530400981053809 -31.761973303423733 279.73032222521374 44 33 25 0.072411671537831984 40 3595 50 5503 41 3558
3255 57.74964128484622 -27.371866131557791 297.94478652500618 97 79 73 0.15113485544140484 40 3606 50 3559 41 3559
3256 -40.485689182552953 -31.185043185377666 276.50487958270639 148 110 93 0.20802363552506367 40 3599 50 5506 41 3560
3257 2.019464592156087 -32.980867361501744 299.64528994002558 84 84 96 0.069140714843896986 40 3602 50 3562 41 3561
3258 20.000540223731278 -31.346688292897724 296.00708155867284 149 119 107 0.25281513969362962 40 3605 50 3563 41 3564
3259 39.527714866426834 -29.403988221998034 297.68989329508219 205 191 201 0.31867190898582437 40 3608 50 3567 41 3566
3260 -5.6000147952030606 -33.125259346120394 299.04896187527692 57 50 49 0.19283091266681388 40 3607 50 3566 41 3569
3261 -61.989496848003952 -30.95348872629603 281.54581951027313 96 97 76 0.34768418723604627 40 3609 50 5508 41 3572
3262 50.329928297451175 -27.725313471883329 297.20472558174907 43 30 49 0.2199037128525704 40 3610 50 3573 41 3573
3263 54.874318139321865 -27.418876275155803 299.66167129772151 43 32 17 0.042976581172106725 40 3613 50 3574 41 3574
3264 64.187999346862696 -26.086371895795324 298.24474008612748 187 156 144 0.50909622025705037 40 5481 50 3572 41 3575
3265 -38.30776057032385 -30.717310105876994 277.0222660718843 44 35 31 0.8186637161610345 40 3611 50 426 41 3576
3266 44.209352628517685 -28.441064236187636 298.02143645569771 53 49 51 0.079111339808810133 40 3612 50 3578 41 3577
3267 73.88279769833099 -24.355761056467234 297.94789516870082 62 39 40 0.23780144042386611 40 3614 50 395 41 3578
3268 24.531899121374618 -30.14704427602188 299.20369484275091 82 61 65 0.022759077904682255 50 3583 41 3579
3269 24.47088963786199 -30.087039229605903 298.46519335071912 82 61 65 0.12921474424226817 40 447 50 3582 41 3580
3270 74.394853574161999 -23.630354416638014 297.51631442421365 147 117 106 0.13582096638001812 40 3619 50 3585 41 3581
3271 74.849799113890555 -23.298990380962689 295.41829544026444 64 36 36 0.016370415591193781 50 421 41 3582
3272 -64.974764387417707 -29.702802396454565 280.81470394417443 23 24 30 0.070103311489936398 50 3600 41 3586
3273 -43.574228530081648 -29.608224707637522 275.47174011018518 118 102 90 0.14925705282292459 40 3621 50 3604 41 3587
3274 79.529003505148168 -22.594798048441429 298.74440846595343 65 37 34 0.1252681722152878 40 478 50 3589 41 3588
3275 86.817899913329882 -22.347441107478705 305.86463145211025 145 123 123 0.145667009663388 40 3623 50 422 41 3589
3276 33.673730136473537 -28.607735707995371 297.94665985132576 131 107 99 0.31577184383389761 40 3624 50 3590 41 3590
3277 35.834755778239327 -27.9892637833108 294.84741069006117 123 116 87 0.26757262035324797 40 3625 50 3591 41 3591
3278 53.026664475163734 -25.751503635375034 295.04328782440319 125 127 108 0.40790836950944831 40 3629 50 3594 41 3592
3279 69.626460764642644 -23.656296557008275 297.31413377127217 89 50 38 0.23406383121945654 40 3630 50 3595 41 3593
3280 -42.847652260913456 -29.24542536579926 275.93180730263902 54 35 21 0.20038656873721961 40 3631 50 3612 41 3594
3281 32.577292222941992 -28.133598198109276 296.85736675307248 211 187 181 0.31703816023257991 40 3633 50 3599 41 3597
3282 32.577292222941992 -28.133598198109276 296.85736675307248 211 187 181 0.31703816023257991 40 3634 50 3598 41 3598
3283 55.847877940967862 -25.394933611216224 297.5839655721511 145 137 136 0.21672439368260024 40 3635 50 5517 41 3599
3284 -74.001103827740209 -28.120387160648697 275.81566173069456 169 140 147 0.20642773403181516 40 3632 50 3617 41 3600
3285 26.333279284880454 -28.661242977229072 297.25172708465129 63 52 37 0.19943639612899275 40 3637 50 3601 41 3602
3286 26.333279284880454 -28.661242977229072 297.25172708465129 63 52 37 0.19943639612899275 40 3638 50 3602 41 3603
3287 67.289367566082248 -23.484375149758559 296.76421919062238 83 61 59 0.10803978324040822 50 3605 41 3605
3288 70.472744603684646 -23.133607199088392 297.14864070833204 131 102 96 0.31613749581990674 40 3639 50 3603 41 3606
3289 74.058804968790866 -22.736238147943372 298.38327966932923 131 90 71 0.43101754598513581 40 492 50 449 41 3607
3290 -38.355539301593446 -28.978906656847258 278.09823675631935 30 25 24 0.28472311548170959 40 3645 50 3619 41 3609
3291 59.505875103856162 -24.437039331141243 298.0024673977685 117 91 79 0.14022941298033345 40 3646 50 462 41 3611
3292 -44.758642105678952 -28.227789135210674 274.36861706180719 124 105 91 0.11601090862027646 40 5513 50 3625 41 3612
3293 74.773130044574529 -21.831946470583379 296.67172025134647 173 141 112 0.15515235407849712 40 3649 50 3613 41 3613
3294 -13.458546114794492 -28.896723774518893 283.28370245648097 25 30 36 0.26221257394301323 40 516 50 3622 41 3615
3295 3.8444748534340509 -29.610007397730282 297.02075688099035 34 42 62 0.45503078723626728 40 3651 50 3615 41 3616
3296 -44.315101717819573 -28.182558891546435 276.85811586172787 52 34 20 0.083120933764218183 40 3654 50 3633 41 3619
3297 -44.315101717819573 -28.182558891546435 276.85811586172787 52 34 20 0.083120933764218183 40 3655 50 3632 41 3620
3298 -42.800034855440316 -27.918667262516834 274.19957370743424 77 56 43 0.19036058138462 40 3656 50 3634 41 3621
3299 -42.800034855440316 -27.918667262516834 274.19957370743424 77 56 43 0.19036058138462 40 3657 50 3635 41 3622
3300 71.652898161919069 -21.645107819714852 294.53690304597171 119 86 76 0.20617911437187786 40 3661 50 3621 41 3623
3301 -68.382144441307545 -27.716527963355446 279.41453913678282 39 27 32 0.040868921889396677 40 3659 50 3631 41 3624
3302 60.466669243425258 -23.462903752414544 297.71502406876959 149 121 112 0.45338699983124592 40 3662 50 5531 41 3625
3303 62.039371611779821 -23.063116142165352 296.83056634439305 168 145 131 0.29422784394575141 40 3665 50 3624 41 3626
3304 64.195520865899823 -23.012651164876761 299.10488198061284 78 57 35 0.59707490400265029 40 3667 50 5532 41 3628
3305 -68.848919485852718 -27.384897989908637 278.69446728393336 68 69 66 0.17539257049993232 40 3663 50 3643 41 3631
3306 -64.60666534404055 -27.539673332072731 278.66980119658973 82 67 77 0.10029861898297233 40 3664 50 3644 41 3632
3307 -66.629276813378581 -27.264170389900613 277.4711904174373 87 81 86 0.08492974418723602 40 3669 50 5546 41 3634
3308 -66.629276813378581 -27.264170389900613 277.4711904174373 87 81 86 0.08492974418723602 40 3670 50 5547 41 3635
3309 48.243720898758362 -24.606065907164911 295.61068663511003 240 227 228 0.27410995582494696 40 3672 50 3626 41 3636
3310 48.947979552439683 -24.493154641885337 295.70545500227536 239 222 228 0.099757781183197114 40 3673 50 3627 41 3637
3311 48.947979552439683 -24.493154641885337 295.70545500227536 239 222 228 0.099757781183197114 40 3674 50 3628 41 3638
3312 -39.698397826895338 -27.695202514375669 277.36482347998714 31 29 27 0.35099613955941944 40 3679 50 518 41 3640
3313 -42.005812766346118 -27.586431270669969 276.70559846831537 77 68 62 0.24667503860399786 40 3678 50 3648 41 3642
3314 29.398679931690854 -26.548834684000155 296.6760053419053 135 124 105 0.16524407533950378 40 3680 50 499 41 3643
3315 38.357979374368703 -25.613856730833216 296.17384851962248 144 130 105 0.47733119648196326 50 3629 41 3644
3316 -61.849722463298384 -27.040619245479771 276.90455422732703 44 31 28 0.33497694576182874 40 3677 50 528 41 3645
3317 70.570677017453434 -21.152290154073327 295.7215483267442 73 40 37 0.14627557542530842 40 3681 50 3641 41 3646
3318 81.018073543161947 -19.473529836048989 296.94923987321471 117 97 93 0.27418079578096921 40 3683 50 3642 41 3647
3319 -60.436395969167528 -26.771289975552317 277.72589776028474 94 86 84 0.12645874333266841 40 3685 50 3655 41 3651
3320 -38.309156583555101 -27.795222514212366 282.3928955205543 32 32 31 0.53294002224616166 40 3687 50 5556 41 3652
3321 -60.992407368384377 -26.693665798559671 277.29807702326463 38 32 23 0.17665369237926243 40 3689 50 3654 41 3654
3322 -64.236952497636523 -26.525624414753427 277.61261534223144 69 30 39 0.056040161936326299 40 3691 50 545 41 3655
3323 -61.499024544163696 -26.533393395017143 276.86526526450791 109 92 86 0.2325632439600466 40 3688 50 546 41 3656
3324 -49.832329899096976 -26.697498735509061 275.80065863821443 52 44 31 0.41703095198701917 40 3692 50 552 41 3657
3325 34.189698593916972 -25.053277160768531 294.18047689792007 61 52 36 0.21509422515115487 40 3693 50 3649 41 3658
3326 83.935925518801511 -18.536373861002239 297.46548904004834 169 135 111 0.38863803180538309 40 3694 50 3650 41 3659
3327 -71.125090761763701 -25.887627781535929 276.81824641345634 42 35 33 0.25427641158139086 40 3695 50 3665 41 3660
3328 -43.914604947379708 -26.321679979375638 273.69917805838656 123 107 94 0.087488755266471971 40 3696 50 3668 41 3661
3329 65.265221003903676 -20.8486480024762 295.20872672965703 183 143 118 0.19551180923486025 40 3699 50 3659 41 3663
3330 65.265221003903676 -20.8486480024762 295.20872672965703 183 143 118 0.19551180923486025 40 3700 50 3660 41 3664
3331 -29.816995793846068 -26.813079764247991 279.65758875042178 37 39 24 0.1829587410966195 40 3697 50 3669 41 3665
3332 -58.495086989786529 -26.026717316044568 277.11069577973416 110 89 87 0.1194892934582827 40 5538 50 5568 41 3666
3333 -71.033183244825892 -25.572062847350924 278.63908992124573 110 98 78 0.085769994478552949 40 3705 50 3675 41 3667
3334 -57.033719239427953 -25.939413314242501 276.79352368824783 40 16 16 0.18194426951536594 40 3702 50 3678 41 3668
3335 -57.033719239427953 -25.939413314242501 276.79352368824783 40 16 16 0.18194426951536594 40 3703 50 3677 41 3669
3336 66.491791467597267 -20.353423390104489 295.21150720329302 124 114 89 0.075777584763773387 50 3664 41 3670
3337 -32.626392705337857 -26.020877977239692 278.0488514601978 76 71 68 0.31386094711135387 40 3707 50 3685 41 3675
3338 19.513959017814017 -25.662484705541942 297.26873499450056 126 124 136 0.10927075701407236 40 3708 50 3670 41 3676
3339 19.513959017814017 -25.662484705541942 297.26873499450056 126 124 136 0.10927075701407236 40 3709 50 3671 41 3677
3340 62.085224819222709 -20.455389644660368 295.33160451579681 79 53 40 0.19569932766673404 40 3713 50 3674 41 3678
3341 46.854288317558819 -22.482386136833117 296.03020999161276 210 199 206 0.30531198830648903 40 3711 50 3673 41 3679
3342 48.519802438595697 -22.281345721847547 295.61549289817503 140 113 129 0.090578097510329206 40 3712 50 5569 41 3680
3343 82.948575713037613 -16.958645286581874 293.19871093393368 133 101 69 0.12986646216643097 40 3714 50 3679 41 3681
3344 -43.888902612239654 -24.9960823828923 272.94397892605286 55 34 30 0.13892700368392061 40 3717 50 3701 41 3682
3345 15.665817621910378 -25.595441052638336 297.98878090279248 20 30 48 0.55636556398135673 40 3718 50 576 41 3683
3346 28.148256107316737 -24.102559152834115 296.03707958617633 42 39 43 0.15162505391947254 40 3722 50 3687 41 3686
3347 28.148256107316737 -24.102559152834115 296.03707958617633 42 39 43 0.15162505391947254 40 3723 50 3688 41 3687
3348 -44.826701467569578 -24.710613285899871 274.82304109675141 115 92 89 0.12266467675529323 40 3730 50 3708 41 3688
3349 -44.826701467569578 -24.710613285899871 274.82304109675141 115 92 89 0.12266467675529323 40 3731 50 3709 41 3689
3350 32.764649324104141 -23.116190789523415 293.61215725998971 130 90 104 0.20459602431604676 40 3726 50 3694 41 3691
3351 55.260312391334239 -20.017416959490969 290.12073588369407 74 53 40 0.24085660639074316 40 3733 50 3698 41 3692
3352 -49.441207180272322 -24.905518880659841 277.81608072750828 39 37 34 0.28729294277789125 40 3724 50 3706 41 3693
3353 40.290301024479902 -22.31603539951314 294.70684259879204 121 103 102 0.13272141162812892 40 3732 50 3695 41 3694
3354 33.737870091003224 -23.037229686147718 295.96465790771884 39 23 31 0.1256255552679412 40 3736 50 3697 41 3696
3355 59.487196286020293 -19.432153493058465 292.33957850812493 62 40 20 0.31057572324612953 40 3738 50 3702 41 3698
3356 61.851093981454696 -19.434969485170001 294.21584089850717 80 53 44 0.2311854447783889 40 3735 50 3699 41 3699
3357 -64.597941006822268 -23.840268196170666 274.96318375711553 47 33 35 0.10987188467458352 40 3740 50 3716 41 3700
3358 29.87359517201828 -22.673442899560158 290.52355763632914 136 44 62 0.32690980281719523 40 3741 50 3703 41 3701
3359 -43.999924497239483 -23.898730815879819 272.51107606144581 53 35 29 0.38575061225344048 40 3747 50 3723 41 3702
3360 74.2359116191612 -17.254696699299007 295.94275389874309 53 29 30 0.08440538921605989 50 3704 41 3703
3361 -57.993970733416695 -23.902369188763359 276.85373095850395 122 102 93 0.059634342490591498 40 3745 50 3720 41 3705
3362 28.497794706153719 -22.733401259761116 295.19257289052501 55 46 54 0.20117716322348692 40 3751 50 5581 41 3709
3363 49.176080179594784 -19.969203215429918 290.59765061644168 167 125 104 0.66017379788562025 40 3748 50 3714 41 3710
3364 70.989499241863925 -17.124593818666053 293.26240744332858 82 52 53 0.08606542781750115 40 3749 50 3715 41 3711
3365 1.3468172839754822 -23.764705387524359 285.05105149646124 48 32 29 0.084147557875952295 40 3750 50 3722 41 3712
3366 34.157628746658126 -22.089374353089877 296.08560748740763 127 106 119 0.090519251402477144 40 649 50 615 41 3713
3367 69.840583524844888 -17.34600535009173 295.3175188693728 97 61 50 0.1240190171555445 50 617 41 3715
3368 -1.1940361393663907 -23.753357347979943 285.90197400991917 38 32 31 0.46843885384222334 40 657 50 5591 41 3716
3369 -45.213817156489121 -23.483488968475289 275.17925331364472 125 106 94 0.2487011042694913 40 662 50 3731 41 3718
3370 35.650899221221913 -21.424779584745707 296.45243097568874 44 21 34 0.20708450449224128 40 3758 50 3724 41 3721
3371 74.578720876664775 -15.912772282172529 294.36554050804341 69 55 55 0.17958756740901327 40 3760 50 3728 41 3724
3372 85.767208675420989 -14.050591076718673 294.42557004364471 158 122 102 0.17495468250276805 40 3762 50 633 41 3726
3373 49.077630809921359 -18.669408059507877 288.95482296056343 177 130 99 0.27516566049611901 50 656 41 3730
3374 -50.469148786913181 -22.641865952342989 274.84430389177419 95 86 67 0.14454861669897659 40 3766 50 3748 41 3731
3375 26.389853126894387 -21.926105880498863 297.64192983723223 39 43 48 0.03243311590627998 40 3768 50 3733 41 3733
3376 71.797394080419863 -15.709697283109872 292.79758959709835 58 42 55 0.43889112587602358 40 3769 50 3736 41 3734
3377 14.362408616258234 -21.804225608916674 287.85351419285098 76 72 85 0.14544756014550719 50 5598 41 3735
3378 -49.340207600187703 -22.644140140871912 278.67952893944471 59 60 51 0.20491119712496872 40 3773 50 3750 41 3737
3379 46.067657094199262 -19.077734821788134 294.0886666486706 204 184 181 0.19172963287611841 40 3774 50 3740 41 3738
3380 46.067657094199262 -19.077734821788134 294.0886666486706 204 184 181 0.19172963287611841 40 3775 50 3739 41 3739
3381 57.161945567975984 -17.492506853307958 292.39663357937576 116 98 97 0.12046888290239317 40 3776 50 3741 41 3740
3382 81.75512181114749 -14.016233939604618 296.59685320395619 151 126 98 0.12698624993537 40 3779 50 3745 41 3741
3383 84.747544959346328 -13.16960919858907 292.84005817667969 162 131 112 0.1873910378851105 40 3777 50 3746 41 3742
3384 -1.8963167782400063 -21.657957443801909 283.92269270354689 38 37 18 0.22887648724895357 40 717 50 704 41 3745
3385 -1.3555338697878849 -21.767666607079803 284.71273778028387 125 121 100 0.11371207614781338 40 713 50 3756 41 3746
3386 7.6687662785773574 -21.26300453331578 285.51014014826274 93 89 83 0.54992411406427733 40 714 50 3758 41 3747
3387 7.6687662785773529 -21.263004533315772 285.51014014826274 93 89 83 0.54992411406427955 50 3757 41 3748 40 715
3388 6.4323681600726381 -20.716491576278937 281.10118048695767 125 118 102 0.21314337828715516 40 3790 50 3765 41 3752
3389 19.245869172341276 -20.840358323550824 292.77331564778058 27 33 54 0.31945506418503161 50 3754 41 3753
3390 84.300133072921213 -12.593305018338883 294.44944886767081 101 66 37 0.21799994426236835 40 3791 50 701 41 3754
3391 -66.86548465565761 -20.738262889544036 274.02530922136009 31 30 33 0.12165315948070154 40 3792 50 3775 41 3755
3392 -59.564075732029124 -20.824446002490195 273.67343772241043 131 65 84 0.29537729787422512 40 729 50 721 41 3757
3393 24.915261879540772 -20.520284931251791 298.54572134630104 26 27 48 0.50584706124043377 40 3798 50 3759 41 3758
3394 80.067837687893061 -12.90215756870397 293.28919961431336 80 46 28 0.24819666911895563 40 3796 50 3762 41 3759
3395 84.011060596713563 -11.892567551020031 291.48949661516826 129 102 84 0.24186233183257702 40 3801 50 714 41 3762
3396 -65.982076674075216 -20.602689293406272 277.44208593279251 68 66 64 0.23109444530299647 40 3802 50 3784 41 3763
3397 -65.982076674075216 -20.602689293406272 277.44208593279251 68 66 64 0.23109444530299647 40 3803 50 3785 41 3764
3398 26.394293696302601 -19.448701007158238 292.20248189788117 70 69 71 0.1417627457660883 40 3804 50 3774 41 3765
3399 85.862517869062856 -11.630625494201482 295.16240126177632 71 44 27 0.13296520835294917 40 3809 50 5612 41 3769
3400 -57.985174032481233 -20.442218862802875 274.15253103026947 125 69 91 0.13391576412228523 40 3806 50 3795 41 3770
3401 25.549874550561288 -19.220548508284168 290.53568245504056 69 76 76 0.27874711539280506 40 5608 50 3781 41 3771
3402 -66.307003471220185 -19.7437361537072 272.09909670336179 71 72 74 0.23921745499678418 40 3812 50 5623 41 3772
3403 -66.321946105280915 -19.744987625399133 272.14631909989026 71 72 74 0.3142082578688824 50 5624 41 3773
3404 -60.253139297159677 -20.148848266099382 273.38791649834292 59 16 28 0.17782863421756437 40 3810 50 5622 41 3774
3405 -47.947777336661417 -20.651691427204504 275.72996426376289 49 54 50 0.14228616084123402 50 3798 41 3775
3406 -5.0229814091105434 -20.655936953969213 282.97364860908692 33 28 27 0.35497024725253229 40 3811 50 3790 41 3777
3407 37.979935996114129 -18.141159022606207 294.15661789558703 161 133 104 0.077685334115338872 40 3813 50 3782 41 3778
3408 6.5558011537900693 -19.825009873243541 284.54827355454978 43 42 30 0.26693165391619295 40 3815 50 5618 41 3780
3409 86.857993732826785 -10.929534242067772 294.19056135746132 151 127 105 0.072697202891704615 40 3818 50 3789 41 3781
3410 0.072731188869146174 -19.923086978920324 281.98530924862916 150 125 97 0.16176723788930236 40 3819 50 5625 41 3783
3411 -1.479769595416581 -20.086975315456705 284.6985265601607 141 142 103 0.13740158123795082 40 3821 50 3800 41 3784
3412 -58.128533919215315 -19.670310385464195 273.50998971649557 58 25 48 0.32554916925617805 40 3820 50 3804 41 3786
3413 81.640509129656479 -11.170416706712196 291.84608553310613 139 122 98 0.22331957489235099 40 5618 50 3799 41 3789
3414 77.354010680263315 -11.710196345582627 292.88248073660577 149 117 114 0.10078112008156846 40 3827 50 3803 41 3792
3415 -53.494411187597649 -19.317408767488068 273.18521191766467 46 38 27 0.41759485278305492 40 3830 50 3814 41 3794
3416 40.451088348068737 -16.293841010174589 290.3203453193691 112 90 82 0.28282095158388065 40 788 50 3806 41 3798
3417 55.818950867907375 -14.204913180160707 289.81623521927253 95 87 76 0.43029362152362793 40 3831 50 3808 41 3799
3418 33.023931296096137 -16.782229523362687 289.68138674341765 31 33 33 0.3303127703260097 40 3833 50 5629 41 3801
3419 37.910058131382236 -16.314690785302169 290.60959665468266 143 132 108 0.31451461452197127 40 3834 50 3811 41 3802
3420 37.569651535164233 -16.826554972114948 297.48971619650348 53 50 52 0.9968165975152683 40 3836 50 763 41 3803
3421 81.215029398718741 -10.582036705626463 295.31350946220596 114 87 91 0.19621510649764909 40 3837 50 3810 41 3804
3422 81.752497174228765 -10.249422221678163 292.14533473112112 62 44 37 0.24289027223865059 40 3838 50 3812 41 3805
3423 82.880056792777793 -10.111150569245632 293.78293022397605 64 44 35 0.26826568858812344 40 3839 50 3813 41 3806
3424 6.656166960379311 -18.42485694887807 284.25942706390236 61 58 43 0.14270209599279204 40 3842 50 3818 41 3807
3425 -74.488891776198173 -17.800787102212976 273.17003356860869 39 34 36 0.16383298614654948 40 3840 50 5633 41 3809
3426 38.503923462621223 -15.788615803546403 290.23077778769084 69 63 38 0.23093895554391053 40 3847 50 3819 41 3815
3427 51.696663013775385 -14.112304639144712 290.31319157807189 144 106 90 0.3467347529380595 40 3848 50 3826 41 3816
3428 51.696663013775385 -14.112304639144712 290.31319157807189 144 106 90 0.3467347529380595 40 3849 50 3825 41 3817
3429 59.603883597751441 -12.66137071397177 287.7484258300442 79 46 48 0.1906792138244626 40 3856 50 3829 41 3819
3430 82.058256405948129 -10.040597958554693 296.45415579717371 57 35 38 0.089341916929412291 40 3853 50 3821 41 3820
3431 7.5901192942911164 -17.702919859540451 283.52122847461891 50 45 33 0.28600258254149941 40 3858 50 3832 41 3822
3432 37.708779867769969 -15.536243143625532 291.49459914390422 58 53 41 0.19656271231967268 40 3862 50 3830 41 3823
3433 45.814927329883112 -14.396066936649678 289.07945902342834 48 35 45 0.17531337657051416 40 808 50 3831 41 3824
3434 43.922380732783978 -14.215907187278146 285.34160464357132 102 90 95 0.29203196723117525 40 5634 50 3835 41 3826
3435 49.885370877478564 -13.892366278273617 293.52821832153609 139 112 99 0.19459410354656445 40 3868 50 5637 41 3830
3436 -74.726700559334731 -16.900973810189047 273.27624416703759 79 67 69 1.0814684647249708 40 5639 50 3844 41 3831
3437 -74.726700559334731 -16.900973810189047 273.27624416703759 79 67 69 1.0814684647249708 40 5640 50 3845 41 3832
3438 1.3295198270093314 -17.311058542737609 282.24883456249069 141 123 104 0.051884798898622658 40 3869 50 5644 41 3833
3439 84.820169165075569 -8.2202684107096093 293.94616758316994 142 121 111 0.16332874707308134 40 3871 50 813 41 3835
3440 41.141857725702906 -13.490978484172549 285.10187278502042 158 134 112 0.22137247159454695 40 3876 50 3849 41 3839
3441 2.9999498531672173 -16.515366959995951 284.3115015072554 127 106 93 0.042621822034775221 40 3879 50 3856 41 3842
3442 4.6144692076928839 -15.855518856161753 276.6934741930782 120 111 96 0.23577997625233205 40 3880 50 3860 41 3843
3443 9.5379868032857988 -15.927335376658739 283.24546618579973 72 41 37 0.11308342741550115 40 3881 50 3858 41 3844
3444 12.498949464509526 -15.581986244702154 281.58581962993173 95 82 90 0.28922788283026818 40 3882 50 3859 41 3847
3445 71.12166972279033 -9.1020609233578558 287.67931003074818 199 131 122 0.19344293032162185 40 3883 50 3857 41 3848
3446 44.130293170874161 -12.227775434934598 285.23068676683806 134 115 102 0.075572258647804466 40 3890 50 3865 41 3853
3447 87.212186648016541 -6.7137667956184313 295.40838319198724 83 55 54 0.59352007298369402 40 861 50 841 41 3854
3448 82.134035876458483 -7.0048225021648358 292.30356747322065 74 53 66 0.26289004459863358 40 3896 50 3867 41 3855
3449 86.381546573344878 -6.5587049744153454 295.63318994874345 59 38 48 0.71247467588534563 40 3897 50 3866 41 3856
3450 -33.977728631348768 -14.407424492988078 248.85448821020415 99 91 70 0.40474944781983435 40 3892 50 3884 41 3857
3451 61.16186734293602 -9.8347295944204429 290.53746887683775 60 38 46 0.12425615433758436 40 3902 50 3873 41 3861
3452 13.496624352969958 -14.272200458691989 282.58237273168697 65 47 36 0.34667246812540714 50 3876 41 3869
3453 -56.722844359775117 -12.907159939052919 243.43479039439015 101 87 92 0.14664372861772629 40 886 50 3918 41 3874
3454 -10.376235890898142 -11.298430411019016 219.13743599363633 252 239 233 0.072224291047025796 50 3939 41 3876
3455 -43.869182012242966 -13.953007496616307 259.65435979538 154 155 115 0.097404641075270845 40 3915 50 3913 41 3880
3456 66.682305241016905 -8.2615125650651304 293.72540466257288 176 140 122 0.24274515614732661 40 3913 50 884 41 3881
3457 9.4231571084926156 -13.333783156269282 277.61185514612396 113 66 45 0.099425382785211625 40 3920 50 5669 41 3887
3458 9.4231571084926156 -13.333783156269282 277.61185514612396 113 66 45 0.099425382785211625 40 3921 50 5668 41 3888
3459 48.934550537932829 -9.1951594846590847 277.47513748833217 74 45 50 0.12847695762553166 50 3900 41 3889
3460 82.250756190936173 -5.2381827394615001 291.87937891030765 96 66 67 0.15352912438108324 40 3926 50 3886 41 3893
3461 82.250756190936173 -5.2381827394615001 291.87937891030765 96 66 67 0.15352912438108324 40 3927 50 3887 41 3894
3462 40.825224470321309 -10.709064759386665 290.07865705053024 144 128 86 0.39024604413050562 40 3933 50 3896 41 3897
3463 -58.299231621242669 -11.542461538268105 240.84346028101808 87 75 74 0.30301989341774987 40 3932 50 3940 41 3901
3464 65.152262006799177 -7.2159275918961114 289.00225909033543 130 94 86 0.096558846110992025 40 3939 50 3907 41 3903
3465 65.152262006799177 -7.2159275918961114 289.00225909033543 130 94 86 0.096558846110992025 40 3940 50 3906 41 3904
3466 -57.443623175762134 -11.452437654810623 239.28454271269842 47 34 36 0.33132790508501964 50 3943 41 3906
3467 12.866105515389998 -12.525538010842959 279.96359400409028 150 119 103 0.23436344617080285 40 935 50 930 41 3908
3468 44.90055629948418 -9.5940451461875682 284.46967411881508 91 65 54 0.050003415155423447 40 3938 50 3915 41 3909
3469 80.926759333630969 -4.7236748021616188 290.18416751064581 182 146 115 0.19909244156489958 40 3942 50 3911 41 3910
3470 63.654867501573662 -6.958605791828802 284.94023646945743 180 146 142 0.23185317157068522 40 3946 50 3916 41 3912
3471 35.373428536877483 -10.50362712797607 285.83246107223317 62 45 40 0.068006555960448356 40 3951 50 933 41 3914
3472 35.373428536877483 -10.50362712797607 285.83246107223317 62 45 40 0.068006555960448356 40 3952 50 934 41 3915
3473 -48.347344031141091 -12.171939595559872 252.7383839631531 88 79 66 0.19228722327687489 40 3953 50 978 41 3916
3474 33.865286027860066 -10.19644949160771 281.99709160537299 98 79 76 0.025159615984599357 50 3923 41 3926
3475 42.780051563940823 -9.3226042202276211 284.81228564643629 64 52 39 0.17778975900471203 40 3956 50 3924 41 3927
3476 -74.520832266538704 -11.948378579375204 269.99049543078036 155 113 127 0.04180525302865392 40 3963 50 3935 41 3930
3477 -74.520832266538704 -11.948378579375204 269.99049543078036 155 113 127 0.04180525302865392 40 3964 50 3936 41 3931
3478 11.038880097987095 -11.004356780863709 267.72592151199547 53 30 24 0.090971367888906821 40 3967 50 5694 41 3936
3479 -47.820343965093102 -12.002537419000012 263.01247718152013 59 54 40 0.47517227045428023 50 5701 41 3941
3480 64.682671583779353 -5.9771503847158405 291.25480010694582 92 66 69 0.088624883361461307 40 3969 50 3932 41 3942
3481 -73.847224856288832 -11.14163633747861 268.25242602324931 47 13 25 0.44800464138224161 40 3974 50 5705 41 3943
3482 58.196578369743008 -5.5312541324624425 280.63023204639006 207 137 145 0.09384652162708669 40 3980 50 3950 41 3952
3483 39.405806334184668 -7.930084706367456 285.09920143875632 88 62 39 0.23752027591898406 40 1024 50 994 41 3959
3484 37.979723268627311 -7.9468448073345659 284.8820850630849 143 121 111 0.15288159063852161 40 3986 50 996 41 3960
3485 37.979723268627311 -7.9468448073345659 284.8820850630849 143 121 111 0.15288159063852161 40 3987 50 997 41 3961
3486 64.237839037019455 -4.2992779963196206 288.78436319143088 43 33 45 0.3598363467976749 40 3989 50 5712 41 3966
3487 66.937800257522142 -3.8098977229418183 288.08405356345776 31 30 35 0.42013841249247275 40 1044 50 1006 41 3968
3488 57.121649051994204 -4.3285165518114139 282.61134059704602 147 73 89 0.13417545341265255 40 4010 50 3978 41 3983
3489 -76.159979360285888 -8.5987166170209122 259.86930857375432 52 30 26 0.213874094788012 40 4014 50 3990 41 3986
3490 -32.883097686251723 -9.0699652088259697 246.87499130672333 131 121 99 0.40259544667474639 40 4017 50 3996 41 3987
3491 -48.651963535604871 -8.8483386020681944 244.8605060291782 92 87 57 0.37721960093153178 40 4011 50 3995 41 3992
3492 -35.630135551342008 -9.19214276301342 249.99698954773734 113 103 96 0.88982803533479327 40 4016 50 1069 41 3993
3493 86.194306406190378 0.79510958839796519 290.31130239615169 146 128 96 0.22991825559650106 40 5728 50 5726 41 4001
3494 -61.413722587206905 -7.138055840324542 242.27101005424115 152 138 82 0.17922929261839793 40 4030 50 4019 41 4007
3495 -75.85803831503236 -7.319937758066378 260.64132102645505 107 75 62 0.35308076785375547 40 1103 50 1090 41 4009
3496 -60.815679347954898 -6.8312433417883813 242.85854640057141 139 125 68 0.27187533132976011 40 4034 50 4028 41 4015
3497 82.086862074376782 1.5423318983074989 286.21735446715462 194 164 149 1.1421725336798527 50 1085 41 4016
3498 75.458766363513803 1.286120407830708 289.76158211226129 56 43 68 0.44995546301329625 40 5747 50 4015 41 4028
3499 -49.825211503666388 -6.1556840211513935 242.93000503260259 116 102 107 0.34520886097083858 40 1144 50 4045 41 4029
3500 57.908103953733658 -0.94850574813924449 282.24353842963365 67 53 68 0.18312936769148461 40 4050 50 1112 41 4030
3501 53.279630592228834 -1.4234822769384441 280.52025965461735 55 46 61 0.30822794494900602 40 4052 50 4025 41 4032
3502 -60.259710602276748 -4.3464415124776474 239.60486773223886 75 62 9 0.20371236273109292 40 1171 50 4074 41 4058
3503 82.180711430632655 5.4769366483199917 289.46624745387118 68 63 81 0.28176468163103047 40 4093 50 4065 41 4069
3504 10.112019366197517 -0.52057341019820635 208.45951570808884 34 29 35 0.27089502410773447 50 4127 41 4078
3505 -55.027199425978139 -2.2553994722401449 237.38656904756348 175 157 154 0.043616897226957878 40 4103 50 4108 41 4080
3506 -74.543201903135468 -1.492129016585884 256.41114934852328 136 127 82 0.19190419767328035 50 1231 41 4088
3507 -1.5945054666177605 -0.27623816281515751 205.51510517399879 253 223 208 0.51867694896803507 40 4116 50 1284 41 4098
3508 37.483717618904066 3.3953110786881564 210.68245955142785 36 29 27 0.1902098825367855 40 4122 50 4150 41 4100
3509 81.38340120906112 9.0584105481368358 280.45157972235114 131 125 146 0.11248015925820393 40 4141 50 4116 41 4115
3510 82.282125073574605 9.354923123216274 281.04811374063604 141 137 161 0.13566049031497729 40 1281 50 1246 41 4121
3511 -11.06621220073885 0.27629170758876381 221.93340353673116 226 196 170 0.085232238103736466 50 4163 41 4129
3512 -52.613996880226523 0.41465763247585458 226.32382087159644 164 144 137 0.20452107079952475 40 4155 50 5819 41 4137
3513 -56.256498256232916 0.53874286910420244 234.88359480859376 118 102 85 0.21065835579849454 40 4157 50 4160 41 4138
3514 84.323833574430793 11.452533611971385 282.63493214925114 29 23 46 0.3959336201521122 40 4168 50 4141 41 4147
3515 -70.052935700613347 1.9175450484104755 240.25664247060965 34 20 30 0.76690585449355309 40 5823 50 4174 41 4149
3516 -63.67405465083197 1.9696512050903576 230.32045310643178 35 21 23 0.22744269578314055 40 4172 50 4183 41 4152
3517 81.028832647840673 11.557125198413125 283.06263846184123 68 73 97 0.4423934097550612 40 1349 50 1286 41 4156
3518 8.8985043066470784 3.5194358568646456 199.74600221472539 155 120 105 0.32624102296140517 50 4204 41 4163
3519 80.527236827108609 12.359191005907356 280.37553434254522 20 17 34 0.1081226463594183 50 5823 41 4166
3520 70.900790983448886 11.231956162166483 280.51782583993889 46 48 62 0.28405230398532333 50 5829 41 4175 40 5837
3521 -59.736216397743149 3.4746483174948781 237.49221160057016 203 162 96 0.18541119486236002 40 4201 50 4199 41 4181
3522 -60.017883253019164 4.7826532031664923 227.62144058262751 30 17 2 0.3092608884093887 40 4215 50 4217 41 4196
3523 -70.304089055231785 5.3873064667876465 237.4947123168092 183 117 123 0.36127993596905955 40 4223 50 4212 41 4200
3524 -26.228023442785162 4.8181413433195255 229.30406978270395 40 19 13 0.056105982228837586 50 4224 41 4206
3525 82.090692576036048 16.044745239381587 279.56048608116555 19 12 26 0.059734395969443528 40 4237 50 5858 41 4209
3526 -22.075383285198313 6.6170453847339159 230.22274702917753 29 23 18 0.40389687114748324 50 1489 41 4243
3527 -65.18221880230567 7.3278773009157687 233.86279105307153 61 41 26 0.52026784703237683 50 4265 41 4247
3528 11.663758487186421 8.4689047999984322 198.91922569002162 77 67 67 0.083985807119994177 50 4300 41 4255
3529 78.198328027467753 18.628332885121541 276.97112880149979 39 44 54 0.69838640300078725 40 1521 50 4251 41 4259
3530 20.034020294378394 10.754569395637002 214.38401036767979 25 21 24 0.12920610536747262 50 4309 41 4279
3531 -53.288755630303072 9.2449428895922665 223.06142163843958 69 53 51 0.18045775325037777 50 4314 41 4287
3532 -56.517674515207048 9.4234700085970324 226.65922366108722 67 61 52 0.43294627606300184 50 4312 41 4293
3533 12.36340791193215 10.858414508748318 204.86306115912839 66 67 70 0.23792568236748665 40 4329 50 1615 41 4299
3534 39.32168157055505 13.798741223480127 208.61701621356653 106 79 30 0.58631147843920373 40 4331 50 4335 41 4301
3535 80.824320606065925 22.256004966575809 274.29630160663623 58 60 76 0.41217466338695824 40 4340 50 4303 41 4310
3536 21.92272491924761 12.449733364603862 209.43873156103336 38 4 4 0.093780813522991377 50 4342 41 4311
3537 -34.831937267965444 10.369207691484618 219.69298534632756 92 65 43 0.52765298956202322 50 1625 41 4316
3538 -56.859849410819294 10.988637297237172 224.63099771066342 102 84 83 0.24169068649965583 50 4339 41 4317
3539 -61.74610845303765 11.599917408608533 224.82969240018807 57 24 15 0.017048785566894899 50 4348 41 4322
3540 -24.838839461740946 11.640832296058955 216.639406206904 182 141 97 0.10541341642640245 50 1671 41 4338
3541 36.006409332271218 15.52869407414379 206.41506516229865 35 14 1 0.15504294991682188 40 4378 50 1687 41 4342
3542 50.424015041560949 17.357725210573353 202.58701452433149 182 157 103 0.30288463784798519 40 4380 50 1694 41 4344
3543 36.593937369653055 15.863395253991657 205.90986208551129 111 90 75 0.32332520092834094 40 4382 50 4378 41 4349
3544 22.896025628780361 15.183156800447232 208.87845639024667 123 73 71 0.21196778215853987 50 1722 41 4357
3545 32.645854676280692 16.452496286039427 211.65818491807386 129 110 72 0.20079925412969521 40 4394 50 1718 41 4358
3546 -27.805261518593742 13.214590885180842 216.68904368507262 170 126 96 0.17009032290858977 50 4395 41 4364
3547 -47.886744870481053 13.753201094731796 223.8250819712261 126 114 88 0.0055567627943895557 50 4392 41 4368
3548 -59.427654113781223 16.771256831006937 226.26973008735746 25 23 5 0.018212323392924751 50 4424 41 4412
3549 -63.47562135284484 18.664134916381826 226.12953131739218 35 25 15 0.2492635739579058 40 6033 50 4457 41 4442
3550 -63.47562135284484 18.664134916381826 226.12953131739218 35 25 15 0.2492635739579058 40 6034 50 4458 41 4443
3551 17.438296344471162 19.412348969401698 208.16872155879668 16 15 16 0.79268557775594872 50 4477 41 4444
3552 -62.520194330209819 18.890367153218971 225.64813828723581 102 86 73 0.024207900931231985 50 4467 41 4450
3553 -62.520194330209819 18.890367153218971 225.64813828723581 102 86 73 0.024207900931231985 50 4468 41 4451
3554 -48.348661938136438 18.173709363190731 216.01418561409488 52 50 12 0.19640126779611952 50 4486 41 4458
3555 -28.483749883186658 17.718802795768042 206.92923112724259 44 38 5 0.17578143017072353 40 1888 50 4497 41 4465
3556 -37.308260284342929 19.007049701217724 209.50436042848222 126 120 85 0.10100880182572695 40 4519 50 6054 41 4492
3557 -35.108788131510401 19.789974358534483 210.81750417389071 43 38 10 0.26255676674464568 50 1967 41 4502
3558 -44.948295400494018 20.465147757068799 217.61175231928843 55 55 12 0.09171410361732904 50 6062 41 4506
3559 -68.365425417945801 22.293598432845972 220.60778972152602 25 17 4 0.76312932796024757 40 4550 50 4545 41 4527
3560 -69.494514316356785 22.727987243528489 222.42851489343369 84 77 59 0.2399402685455336 40 4555 50 4552 41 4529
3561 -34.233169533210564 21.097371433858562 211.07370891439297 132 122 84 0.29957663573995497 40 4556 50 2015 41 4532
3562 -18.331335736489272 20.425049968865913 199.54681096641639 22 12 19 0.079669748367134585 50 4569 41 4534
3563 -37.327145723649188 21.642603434023627 208.37830103150225 40 28 0 0.17261121715264705 40 4568 50 4577 41 4550
3564 -42.345250091878022 22.720179080592096 212.82864695668709 73 75 33 0.49255286863758585 50 2052 41 4568
3565 14.515665540594862 24.090876494651248 201.28334652025839 190 170 161 0.75983017892054405 50 4599 41 4576
3566 -62.309590669335329 24.970511433472947 221.33077874056787 68 73 53 0.23802239243798987 50 6102 41 4586
3567 -21.237239477590414 22.870179021023713 200.15857947625162 182 151 132 0.54004296793570095 40 2089 50 4617 41 4589
3568 -16.567700059912195 23.102850550595893 201.50083785201241 20 20 15 0.36168105821195096 50 4615 41 4590
3569 46.307653327732666 29.002439254264186 202.06795299606912 141 125 81 0.37375233304555788 50 6112 41 4602
3570 -62.380425225119836 25.631802770853241 223.3765287972235 16 21 0 0.31395617726347053 40 4615 50 4603 41 4604
3571 -68.48072973972242 26.166525267355041 218.69433548575032 55 42 21 0.58073596512755599 40 4625 50 4621 41 4610
3572 18.631588204911335 26.834017512286291 204.47510910970394 36 48 10 0.40356795604140483 50 2146 41 4614
3573 -68.453167659840929 26.756613262719622 220.06315178509334 55 40 20 0.23547760032661805 40 4630 50 4630 41 4617
3574 -59.998167831137849 26.64176902260861 220.01293630126784 101 98 31 0.21705391546997327 50 4635 41 4620
3575 -43.635808837754119 26.819342765710363 211.81552777913765 34 13 2 0.10832338682075807 50 4675 41 4651
3576 -69.480861315655289 29.368633988097802 220.48275547497951 34 24 2 0.27734215405426083 40 4671 50 2219 41 4662
3577 52.269419206464327 33.42044174645855 202.54309237277735 36 22 8 0.58446884054601389 40 2219 50 4697 41 4664
3578 -26.172851785460423 26.710860735163955 198.91752027485882 84 73 45 0.20097163650075056 40 4677 50 4706 41 4668
3579 -67.083257969687537 31.470126139122279 220.10681321104016 51 26 0 0.19512978639291709 40 4701 50 4712 41 4689
3580 -65.905411492857993 31.277330968532631 218.30087737664198 114 91 55 0.13121216274289471 40 4702 50 2287 41 4690
3581 -24.887837109665192 28.491461976737597 197.6858160732537 200 148 99 0.31531723673374901 50 2324 41 4696
3582 33.973789977077701 31.529876300700209 189.40212076890623 43 12 11 0.14992089881647072 50 4743 41 4698
3583 28.775616728063717 31.361596528786276 188.37470683717143 103 63 69 0.60715685171308387 40 2305 50 4755 41 4707
3584 -59.263576728691966 31.869180759539542 208.70277955029243 133 65 72 0.28252234388481889 50 4766 41 4725
3585 30.732300347087108 33.37234692042545 190.28915588533656 62 20 19 0.62290809482834963 50 2401 41 4729
3586 -17.03788478461891 30.263022189340536 191.98262333484399 98 44 3 0.53851180864856707 40 4749 50 4788 41 4731
3587 50.740674765506363 36.546117465270555 185.04092450724656 44 22 20 0.15495997679305137 50 4818 41 4754
3588 -41.843238513196006 34.468220362290474 200.80269518446889 19 13 8 0.89589915886522753 50 6226 41 4798
3589 42.077638918715834 37.594021795461217 186.50136313610165 217 174 141 0.064134340897239975 50 4862 41 4800
3590 -42.091659020367814 36.226272278064123 202.11606140801055 30 26 16 0.029246491908859945 50 2528 41 4825
3591 -24.521569524570651 35.102995513264602 192.47508053672752 49 23 0 1.0558727124203575 40 4835 50 2562 41 4833
3592 5.8786708062919244 33.748364246001749 175.51720308127778 76 73 18 1.1263057662348364 50 4912 41 4841
3593 -49.830977575581755 36.885568396834557 199.9578778249741 39 13 19 0.45112336667294856 50 6249 41 4849
3594 -46.537073057490062 38.069309537793146 206.14481174823953 22 26 31 0.27717159278179215 50 2570 41 4855
3595 -46.537073057490062 38.069309537793146 206.14481174823953 22 26 31 0.27717159278179215 50 2571 41 4856
3596 11.490730872785203 35.9692871702076 172.48228304640222 62 65 14 0.39745179162726274 50 4962 41 4891
3597 -8.1698830110592748 37.823994567001307 188.33804789309934 86 62 33 0.15685566513460533 50 4952 41 4895
3598 12.384503055898827 38.118737583606617 174.93328334230722 51 48 6 0.010021625061351439 50 4992 41 4933
3601 1.8762960133997746 39.83413510859959 170.38403796927872 204 122 75 0.47297563284228072 40 2883 50 5082 41 5018
3609 -27.003129634289802 41.336007248496479 177.45191792302762 51 32 16 0.32012492682777371 40 2940 50 5111 41 5044
3615 20.366914996512669 46.120760515231318 183.45086466967425 22 11 0 0.047007910239561551 50 5121 41 5062
3626 -26.878331116844553 41.772910975669312 170.87441973956285 55 50 18 0.55577469105187449 50 5176 41 5092
3637 52.731979492354988 53.580061207383359 171.01308884369519 116 105 64 0.47264864109814819 50 3145 41 5157
3638 -11.434872886244541 46.42661290663392 172.63414226729216 133 114 93 0.13945130469952066 40 5180 50 6496 41 5159
3640 18.838498835657891 51.458075222354736 178.83936602114255 66 54 44 0.20511385820828196 50 5259 41 5183
3641 -27.054756552726261 50.455028321184919 184.77595449976965 34 25 0 0.54073177825986041 50 3182 41 5186
3642 39.601137369112884 55.828291180358917 178.30138580070559 15 8 7 0.19627197148103334 40 3250 50 3241 41 5216
3643 24.38668384402057 57.190948886784959 184.47943930221248 2 0 1 0.82369759573455714 50 5321 41 5256
3644 59.555777983573599 -46.046163418667753 308.13913581386356 157 131 136 0.50785728020433452 40 5317 50 5339 41 5296
3645 57.501636611495968 -45.274628819989786 304.77758800810983 75 45 50 0.18781366358161819 40 5320 50 5341 41 5298
3646 73.455492908902215 -42.857000991037779 307.49538631834702 164 145 137 0.8773064559308219 40 5323 50 6556 41 5301
3647 46.780549589460279 -45.901851777449224 305.34923916187211 108 75 75 0.26800665180661037 40 5325 50 5345 41 5302
3648 78.932100954293588 -42.487345281585675 311.00427845485717 115 97 94 0.11719231908598103 40 5326 50 5343 41 5303
3649 -66.3368718035846 -50.220073492146469 307.08361175881038 142 136 131 1.3785535313301225 40 3380 50 5346 41 5304
3650 58.798856178886986 -43.700413468557606 305.64200724358744 78 47 55 0.076975883438535342 40 5331 50 5348 41 5306
3651 58.886298801462779 -43.118594590989424 302.08514088395413 155 129 133 0.091400926082683354 40 5332 50 5350 41 5307
3652 -14.244259480753568 -49.217014376208716 302.09908046247023 95 84 91 0.21244045109755114 40 5333 50 5349 41 5308
3653 -18.741000299621604 -49.22185247846032 302.86436528273788 102 67 64 0.2527938538607713 40 5339 50 5352 41 5312
3654 -17.07676263851517 -48.595850901771037 302.68221443009367 108 85 82 0.13826137035822011 50 5355 41 5314
3655 82.980228630111199 -39.894375105887484 310.11136125227375 157 136 121 1.3318981473400882 40 5344 50 6563 41 5315
3656 84.046700325976374 -39.137156880023973 307.85791264261474 183 152 126 0.37359299216079384 40 5348 50 5359 41 5318
3657 -39.395129356884823 -48.136716903703999 301.76349833439497 140 125 128 0.093108448573812161 40 3402 50 5361 41 5319
3658 -35.272592503415979 -48.157306817193557 301.69287086120499 118 90 104 0.34318210984402558 40 5349 50 5360 41 5320
3659 76.800991185071581 -39.830585723351014 308.31100545136525 81 69 57 0.18194385990498926 40 3409 50 5363 41 5321
3660 76.800991185071581 -39.830585723351014 308.31100545136525 81 69 57 0.18194385990498926 40 3408 50 5364 41 5322
3661 -69.362978801233552 -47.787030550129174 306.60164840510754 100 96 86 0.32277955564742755 40 5351 50 6566 41 5324
3662 45.498811792287505 -41.813914579173293 302.26425706781754 112 92 85 0.37451806325129189 50 6570 41 5327
3663 86.472992654473174 -36.363427498102013 306.54990044297853 173 149 136 0.17140441915023774 40 5358 50 5371 41 5331
3664 75.160638749662752 -37.217193084524496 305.20768239005201 78 57 55 0.15654452921202963 40 5361 50 5375 41 5336
3665 -66.787660946673526 -41.58276099633688 282.93428533867802 156 118 97 0.24756217053715837 40 3433 50 3399 41 5339
3666 -62.818054133389786 -41.485945329150297 283.43295048404036 63 56 53 0.29829915197723533 40 5366 50 5382 41 5340
3667 -74.10239126868197 -40.416358888501897 281.53066241409095 83 79 92 0.25001763693587464 40 3441 50 3410 41 5341
3668 40.796487132439722 -40.114667378551651 301.60035981385283 89 66 62 0.50424412091333026 40 5368 50 5379 41 5342
3669 66.79358563743196 -37.151987721109734 303.80022881399827 79 58 56 0.09803465115166593 40 5369 50 3400 41 5343
3670 -71.225309147748618 -40.753465552934955 285.2027001129677 91 75 71 0.22110878959681313 40 5370 50 5388 41 5345
3671 76.316430471506777 -35.400886836498529 303.80295127032787 124 106 105 0.26982226489381955 40 5372 50 5384 41 5346
3672 -66.838988928501891 -40.560557601593288 283.36636727088256 70 47 60 0.34399367356247162 40 5371 50 5391 41 5347
3673 -62.384479307964902 -40.762768488805726 285.27802804436294 86 75 73 0.10138180205778737 40 3447 50 3418 41 5348
3674 39.922271604647626 -39.976416641181586 305.28577073203996 120 100 93 0.51111071203056135 50 5386 41 5349
3675 66.33276252940972 -36.567880530444953 304.80806275689559 140 112 111 0.16719422270819054 40 5374 50 5385 41 5350
3676 82.252972009464912 -33.848206666075534 302.64798975304916 142 125 123 0.28547205075356968 40 5373 50 5387 41 5351
3677 -17.423683098816511 -42.875956366814577 300.68538077792113 118 107 93 0.2454350134315032 40 5375 50 5393 41 5353
3678 -70.10525129256736 -39.360052118541468 281.95067257627937 239 219 212 0.077940795433481161 40 5376 50 5400 41 5354
3679 67.418041713983996 -36.011106089536668 305.97622602451588 95 76 64 0.078169326067559594 40 5380 50 5394 41 5358
3680 83.323771515301118 -33.909138520766163 309.37755536574116 83 68 59 0.045909186941403494 40 5381 50 5398 41 5359
3681 83.323771515301118 -33.909138520766163 309.37755536574116 83 68 59 0.045909186941403494 40 5382 50 5397 41 5360
3682 -44.324215727496536 -39.00738751642119 280.09733262221027 144 107 94 0.29312700012838339 40 5386 50 6596 41 5362
3683 -44.324215727496536 -39.00738751642119 280.09733262221027 144 107 94 0.29312700012838339 40 5387 50 6597 41 5363
3684 -68.30839347698813 -38.830228904460618 283.74309703012676 64 57 60 0.10273154198799057 40 5389 50 5406 41 5364
3685 70.203205425024635 -34.64302727095609 306.4744005441222 101 88 62 0.23945225448444682 40 5391 50 5404 41 5365
3686 78.935679271049111 -31.812285945905447 300.40659249484128 84 67 70 0.13193017157622555 40 5396 50 5410 41 5366
3687 80.312396290235029 -31.697273239041209 300.42893090149892 140 128 119 0.20845470542170516 40 5393 50 5408 41 5367
3688 80.312396290235029 -31.697273239041209 300.42893090149892 140 128 119 0.20845470542170516 40 5394 50 5407 41 5368
3689 -34.89598187904835 -38.776188242370139 283.1292300884183 60 44 41 0.1447581800700852 40 5395 50 5416 41 5369
3690 13.008269801112315 -39.451620541003535 300.54663456681862 163 143 125 1.2004896405090277 40 3484 50 5411 41 5370
3691 77.852990543501889 -31.458073440065974 299.50500195527928 118 100 97 0.11582569596980462 40 5399 50 5415 41 5371
3692 44.960976787898623 -36.1628362717925 303.00665920197724 180 153 137 0.29541132958529354 40 5403 50 5418 41 5377
3693 44.960976787898623 -36.1628362717925 303.00665920197724 180 153 137 0.29541132958529354 40 5402 50 5417 41 5378
3694 38.228500088436441 -36.1624964621004 298.64183614252966 127 114 95 0.093856546370192223 50 5421 41 5380
3695 40.765282694198454 -36.591504273584519 303.35218490585021 147 124 109 0.68103477772622634 40 5406 50 6601 41 5382
3696 -12.260093706884554 -40.122051424610873 300.82518925878429 161 146 126 0.2730229244899165 40 5404 50 5419 41 5383
3697 -51.331108276901425 -37.964694240065462 285.84625341388073 146 108 93 0.1864653666382132 40 5408 50 5428 41 5384
3698 -30.091798562555645 -37.776632891675519 282.73765722266836 52 30 32 0.15126543879427126 40 5409 50 5429 41 5385
3699 87.501788213088034 -30.443489298353278 307.42627461595958 77 59 53 0.2437323554661236 40 3492 50 3447 41 5386
3700 30.763056981575335 -36.988793434901453 301.15103274985341 172 147 132 0.29245454453967618 40 5410 50 5423 41 5388
3701 -38.197365085654937 -36.645688644799769 277.3179129604066 59 47 35 0.075587090536526846 40 5412 50 5441 41 5390
3702 37.52611774124599 -35.670517409391479 299.20164403744946 169 154 134 0.27053774474381637 40 5414 50 5426 41 5392
3703 -35.432596867677887 -36.618409576586849 278.9007267723465 111 98 88 0.032920653524916833 50 5442 41 5393
3704 71.349665589692933 -30.941878088020623 298.33353068073592 89 59 42 0.1001318151922625 40 5418 50 5433 41 5394
3705 -15.356622466150137 -39.260428543109555 300.03074221379455 84 89 69 0.25622710682818822 40 5416 50 5431 41 5395
3706 -12.569137086227423 -39.319639528150788 301.53580902990427 103 97 74 0.23519309788865214 40 5417 50 5432 41 5396
3707 68.566287514245218 -31.758871268367244 304.24672764456164 132 120 94 0.14797187309144036 40 5421 50 5440 41 5398
3708 -57.881608581117888 -35.972830519294973 280.47347483491575 121 117 80 0.52436759272468425 50 5445 41 5399 40 3504
3709 -55.882366276036059 -36.316974674267328 283.00361530356776 66 52 36 0.10486485163581168 40 5423 50 5446 41 5401
3710 -48.556937261722872 -35.835169120309686 278.8074545658867 180 123 98 0.092490595036650844 40 5424 50 6623 41 5402
3711 41.966392866171788 -34.579178305530107 301.15385011586017 169 146 131 0.64307434370280425 40 5425 50 6616 41 5403
3712 71.574411017230986 -29.828658129450723 296.84343933520501 146 114 109 0.12467498915212655 40 5426 50 5443 41 5405
3713 -43.151049302610765 -34.650876178145452 276.66181776278063 81 51 50 0.043651577544184084 50 5459 41 5407
3714 -39.553309205910026 -34.176035657411248 276.63290834077043 60 39 31 0.38229422489304099 40 5438 50 5463 41 5410
3715 37.326370321379699 -33.238941899226191 300.08844870969051 174 150 128 0.60690106042844039 40 5440 50 6632 41 5411
3716 39.96276790309421 -32.386181221139736 298.2269940548826 184 165 149 0.047749782144913884 40 5441 50 5461 41 5414
3717 -7.1046621539114563 -36.854914152250927 305.92681152177875 174 135 120 0.017613587818431892 50 5460 41 5415
3718 -69.319041280865207 -33.010857306364059 279.4906586772081 106 95 90 0.18242169864328858 40 5443 50 5477 41 5416
3719 -58.77868879781407 -33.80223492602785 282.08359817742837 91 96 49 0.56476613046708224 40 5442 50 5471 41 5417
3720 45.813839666059678 -31.416138767794052 299.30851293303402 185 160 143 0.24772263735847908 40 6689 50 6643 41 5418
3721 16.7863555058759 -33.865282685247053 297.67253069102594 87 79 65 0.095670692213485606 40 5447 50 5469 41 5421
3722 82.41247624375022 -26.808705372031206 305.47536330789529 77 69 78 0.41394077014048952 40 5449 50 5465 41 5422
3723 -44.596290706019218 -32.900438412512401 276.03917371728375 67 49 40 0.066961241001795693 40 5446 50 5484 41 5423
3724 39.430309449276507 -31.687095750018496 298.59541299101926 57 39 39 0.12686561847183181 40 5448 50 5470 41 5425
3725 47.35572573270646 -30.397766181639717 295.87651570788267 187 162 143 0.51627648509252089 40 3566 50 3512 41 5426
3726 22.188814923625447 -33.128217147911343 297.57937924566676 250 244 249 0.12683587103405219 40 5452 50 5475 41 5427
3727 75.607036949121493 -26.78411790474345 299.98840029494124 50 42 51 0.28906042063226478 40 5453 50 5476 41 5430
3728 34.629645470803254 -31.331350460988951 295.29683339516441 108 82 70 0.25860402759183709 40 5455 50 5479 41 5431
3729 5.4090773231842828 -33.847205421369509 297.78897290601964 52 36 48 0.2702164642920144 40 5457 50 5482 41 5433
3730 82.029382153404683 -25.982889400260138 305.67536161735313 169 167 182 0.47148743768172835 40 5459 50 5481 41 5434
3731 87.502621828657823 -25.009316876155101 305.5055892688992 166 141 121 0.43519861244120966 40 5461 50 6655 41 5436
3732 -76.966916666831708 -31.71075103698352 281.89198624150407 89 54 49 0.27151520900563203 40 5463 50 5493 41 5437
3733 10.662646612474015 -33.451848750023849 299.52079344756635 65 45 46 0.068665076871322062 40 5464 50 5489 41 5438
3734 57.36549793649322 -28.180656383268573 299.85009793395039 160 142 131 0.32261222901155945 40 5466 50 5490 41 5440
3735 -20.385365279665795 -25.11817544101174 224.91615847095665 237 209 196 0.20511845795156169 50 3611 41 5441
3736 -64.662472547546756 -31.767207905070901 282.72704565404877 91 91 85 0.28897718870128736 40 5467 50 5499 41 5442
3737 -55.500619676684053 -31.716469827539427 279.88099884635864 153 107 92 0.07996659026254789 40 5468 50 6673 41 5443
3738 52.726351215526698 -28.226399468623853 298.52509233771167 49 43 36 0.19260229246450664 40 5476 50 5496 41 5447
3739 63.4357823511573 -26.421585329056569 298.24451176728212 175 143 133 0.12470553384866655 40 5479 50 5498 41 5449
3740 -9.3851947697972484 -33.340029946160776 299.9210094361971 81 66 48 0.13139450087428817 40 5478 50 5501 41 5450
3741 -70.33662286245233 -30.470594193542354 280.4238262755278 48 31 49 0.42314393868027467 50 6680 41 5451
3742 67.677634793576104 -25.992046612794937 301.44498557199199 125 102 87 0.36415579993870678 40 5482 50 5502 41 5453
3743 71.118882302243364 -24.680262139274738 296.99966668434109 118 105 102 0.13539958807294575 40 5484 50 5505 41 5454
3744 33.280717704576482 -29.288677573085362 296.79650309173519 206 183 171 0.4066206021734729 40 5489 50 5507 41 5457
3745 11.179350880757216 -31.303910604095563 298.12183523236172 67 37 52 0.29186650380875867 40 3616 50 3580 41 5460
3746 36.724004401113696 -28.567932227450608 295.36000846966903 251 243 233 0.24001363872423284 40 5492 50 5509 41 5461
3747 63.8215295045581 -25.427668431092251 298.69872953970463 54 39 29 0.092202204482472558 40 5493 50 5510 41 5462
3748 -48.011930175537778 -30.04710167179449 278.41145243563625 54 41 34 0.68005037858450379 40 5494 50 6687 41 5463
3749 58.77243547360937 -25.280279121546933 297.25197613606139 255 240 230 0.08438169741840347 40 5498 50 5515 41 5464
3750 -66.945273359797611 -28.678630341377378 275.51307187492233 123 101 107 0.12013719092142161 40 5497 50 5521 41 5465
3751 -50.182938809187334 -28.83327912049818 272.35678443650784 113 90 77 0.36349631512774039 40 6729 50 5524 41 5467 50 6695
3752 -58.594395076087736 -29.182613599629089 280.49150422120948 53 39 21 0.08524120760407293 40 5501 50 5526 41 5471
3753 52.211997108569726 -25.555263167720646 295.72356434670752 146 146 132 0.26654865800327149 40 5502 50 5519 41 5472
3754 25.261698370776319 -28.594682321310007 298.0773843942066 81 69 60 0.19238606139792339 40 5506 50 5520 41 5475
3755 51.173167054306546 -25.270153640606093 295.48436127505863 67 59 67 0.1503589396111342 40 5509 50 5522 41 5476
3756 72.914922954930006 -22.222843536640028 296.57502333172107 174 134 114 0.2494579145841328 40 5510 50 5523 41 5479
3757 5.8792460804106481 -29.820852443639424 299.07626447918585 65 72 86 0.61516657374384087 40 5511 50 5525 41 5480
3758 -14.03398615742142 -22.978787328805602 229.09127530686155 56 61 71 0.12122301296743654 40 5507 50 5566 41 5481
3759 43.90958261686896 -25.718185197838888 295.99451111485206 48 35 32 0.53048526395485374 40 5514 50 5528 41 5482
3760 -73.11537397761451 -27.572760754540724 279.14076777764149 195 144 110 0.20791688224403662 40 5517 50 5541 41 5485
3761 42.693627331437042 -25.535821028824987 293.67578094932776 137 111 101 0.21732513114674523 40 5518 50 5529 41 5486
3762 -63.789436746339739 -27.747025882592407 278.43642449762655 42 21 33 0.033834613640728463 40 5519 50 5543 41 5487
3763 -38.907206636831312 -28.088422648874435 277.75483031527483 63 61 61 0.021565519137029358 50 5545 41 5488
3764 25.216151751501727 -27.45706893885805 298.13402390081114 119 113 108 0.4313265332440821 50 5533 41 5490
3765 25.216151751501727 -27.45706893885805 298.13402390081114 119 113 108 0.4313265332440821 50 5534 41 5491
3766 66.953200355231345 -22.534998244324608 299.88886031688077 77 51 44 0.25354905299332042 40 5522 50 5536 41 5492
3767 82.109375215312454 -20.036449206287866 298.74625788367644 57 36 36 0.096714224077607755 40 5523 50 5537 41 5493
3768 -58.699333153057601 -27.5594569708778 278.51720562729787 171 144 125 0.13375222654782801 40 5524 50 5548 41 5494
3769 31.173986934668289 -26.299022298419771 295.70821842628345 75 61 43 0.25125465391982277 40 5526 50 5542 41 5495
3770 35.771561809900277 -25.391979064970144 292.80076426310717 139 126 109 0.20855529499888989 40 5528 50 5544 41 5496
3771 -63.263070383726856 -27.173297144343952 279.51944642834377 47 25 34 0.28324441338705947 40 3682 50 5554 41 5497
3772 -57.777113246462918 -27.213373643407685 278.30201175603236 50 34 17 0.21808223289403839 40 5529 50 5555 41 5498
3773 25.643115489783344 -25.932903431686917 297.27328062400193 90 82 87 0.14083435996969204 40 5534 50 5558 41 5504
3774 61.998655797291718 -21.401750311723497 295.59539645282825 162 138 116 0.25160117327966353 40 5537 50 5560 41 5505
3775 38.773209931215803 -24.173129145729927 295.78343912853006 100 76 59 0.1172773147108221 40 5539 50 5561 41 5506
3776 71.02640906203618 -19.827256730920762 295.53303711784196 188 149 135 0.17799647086146728 40 5540 50 5562 41 5507
3777 0.22925185004959975 -26.913237314777799 292.2552051135151 33 41 60 0.36771905078810169 50 6721 41 5508
3778 -60.813597683558228 -26.191455342551869 280.88392315661804 29 20 25 0.22663987592077758 40 5541 50 3676 41 5509
3779 32.359243878331952 -24.059787231555831 291.19636505323678 59 34 35 0.054781041216573456 40 5543 50 3672 41 5510
3780 31.622032363382957 -24.508276377205455 296.06249781438106 91 50 57 0.30279980463249195 40 5544 50 5567 41 5512
3781 -41.466625014156755 -25.717121133030144 278.23761434208177 35 28 31 0.24357747907711402 40 5546 50 5575 41 5514
3782 20.467327589619774 -25.497844906270128 301.55484423433438 34 32 49 0.18611081856459963 40 5549 50 3680 41 5517
3783 21.239160032147829 -25.103342383065488 299.92578863979611 119 115 131 0.10038839737783228 50 5573 41 5518
3784 67.075493586057092 -19.446784277585081 296.10806167878758 85 71 53 0.15764680702645037 40 3720 50 3683 41 5519
3785 -29.627934798309614 -25.281975220394173 278.35374225394912 32 26 26 0.29769663263044849 40 5552 50 5577 41 5520
3786 -73.08023681556314 -24.149323073192942 276.61705188909474 67 42 42 0.13316202952680065 40 5550 50 5578 41 5521
3787 -70.680989882598169 -23.851768203614704 275.78073861306376 134 112 104 0.089464286876594856 40 5557 50 5582 41 5523
3788 -70.680989882598169 -23.851768203614704 275.78073861306376 134 112 104 0.089464286876594856 40 5558 50 5583 41 5524
3789 -43.69777892246622 -24.10660285126659 274.52803387197531 134 112 94 0.10025292466453091 40 5562 50 5585 41 5525
3790 -40.506028568764954 -24.390053092670783 277.20494347626243 33 29 21 0.16285867466481574 40 5563 50 5584 41 5526
3792 56.644239816261084 -18.560873561523355 291.42768925902539 60 38 34 0.075234603729084595 40 5567 50 5590 41 5532
3793 36.635691739832644 -21.392905302977248 297.22778587754482 107 85 94 0.13478001023660424 40 5568 50 5588 41 5533
3794 -71.711934009441535 -22.306302447263565 275.63233824711347 28 32 41 0.16978694657657048 40 5570 50 5594 41 5535
3795 -71.711934009441535 -22.306302447263565 275.63233824711347 28 32 41 0.16978694657657048 40 5571 50 5595 41 5536
3796 57.604124839587385 -18.173894273421226 292.05236438263944 126 104 96 0.12161345527519489 40 5573 50 5592 41 5537
3797 77.398637796861792 -15.591776380936667 295.92430289699797 124 108 104 0.15300132378534059 40 5574 50 6747 41 5538 40 6789
3798 77.398637796861792 -15.591776380936667 295.92430289699797 124 108 104 0.15300132378534059 40 5575 50 6748 41 5539 40 6790
3799 86.181246455580109 -13.68224952059866 293.32111182150857 111 75 55 0.067616396794053527 40 5582 50 3734 41 5545
3800 26.74106773021942 -21.255361856352717 293.26407159913401 78 81 73 0.11687050798347069 40 5586 50 5597 41 5547
3801 29.642423817102546 -20.766258628130192 292.04493606552455 167 94 105 0.10737603844975228 40 5587 50 3742 41 5548
3802 36.599831831280405 -20.038623051879739 292.75598292040371 59 42 37 0.62167801568934999 50 5600 41 5549
3803 16.224975489969065 -21.520265640102728 288.46241321861942 65 61 70 0.84231343225550137 40 5589 50 5601 41 5550
3804 59.221404515399527 -16.690281208985709 289.23855834535823 91 69 61 0.25989716015831293 40 3778 50 5603 41 5551
3805 62.653862938435964 -17.046524948058025 298.73408587457101 76 51 50 0.2770142370622854 40 5590 50 3744 41 5552
3806 62.466310252349338 -17.017888530374009 297.88071325897488 76 51 50 0.20522705820747711 50 3743 41 5553
3807 -43.07661990385796 -22.587526822901655 281.10770311298216 36 29 27 0.51002641962472028 40 5592 50 6760 41 5554
3808 48.067601743604619 -18.343683806163497 293.71646554521334 93 67 54 0.31671473981415232 40 6801 50 6758 41 5555
3809 60.249440794175229 -16.212739426979716 290.46259099635745 104 84 75 0.14826585255948166 40 5595 50 5604 41 5557
3810 -57.47623693498852 -21.64355462982353 277.56031596919229 80 69 60 0.36668045400697086 40 3786 50 3763 41 5559
3811 -52.771751631499171 -21.570148131913985 277.96394003674817 108 98 88 0.25065209574598457 40 3788 50 3772 41 5560
3812 29.27531034042234 -19.845429931995479 293.86789743364841 250 236 237 0.11918247845709219 40 5601 50 5608 41 5562
3813 30.666259237202603 -19.706209449243531 293.52407594936386 233 222 226 0.066946634349740894 40 5602 50 5606 41 5563
3814 30.666259237202603 -19.706209449243531 293.52407594936386 233 222 226 0.066946634349740894 40 5603 50 5607 41 5564
3815 -43.892644399199675 -21.447471061832207 275.65925560991775 45 30 18 0.14340381551241457 40 5599 50 3776 41 5565
3816 34.520236506558312 -19.22478389363981 295.73661983037317 94 82 96 0.2263467219614945 40 5605 50 5609 41 5566
3817 70.758717821761934 -14.219922288404726 292.79720545740491 62 28 33 0.45806023423139819 40 3799 50 5610 41 5567
3818 -70.997185358148428 -20.259333805533853 274.58327274241486 32 32 32 0.53621670621754725 40 5604 50 6767 41 5568
3819 -63.707963122492139 -20.305955819723021 277.24282326068823 42 21 26 0.065227282874255069 40 5609 50 5620 41 5570
3820 -63.707963122492139 -20.305955819723021 277.24282326068823 42 21 26 0.065227282874255069 40 5610 50 5621 41 5571
3821 35.129370185391494 -18.052503337180681 291.33485602103246 75 64 85 0.25644261934142937 40 5613 50 5614 41 5572
3822 80.856023725970715 -11.961507930005443 293.94228848839947 158 123 109 0.2459354317436146 50 5615 41 5573
3823 80.856023725970715 -11.961507930005443 293.94228848839947 158 123 109 0.2459354317436146 50 5616 41 5574
3824 34.433919354350571 -17.017798029951891 290.21159442473441 37 31 41 0.2629137667291182 40 5622 50 5626 41 5580
3825 30.16589881343306 -16.618725644294116 284.55555574492621 107 94 91 0.2500771309132111 40 5624 50 6785 41 5583
3826 -71.378873029325263 -17.300700050346652 269.02824777556799 80 70 69 0.27690596920615085 40 5627 50 3837 41 5585
3827 0.78436238860397245 -18.19701718286996 283.81751891136889 29 21 20 0.2231509811640893 40 5630 50 5635 41 5588
3828 0.78436238860397245 -18.19701718286996 283.81751891136889 29 21 20 0.2231509811640893 40 5631 50 5636 41 5589
3829 48.186702099893687 -14.781404705610985 297.70710887466902 129 111 107 0.28182938450865408 40 5633 50 5631 41 5590
3830 -38.552509519111432 -17.038769252087988 257.33808181068935 97 96 85 0.16797294761115536 40 5632 50 3848 41 5591
3831 81.640205966865068 -8.4816175148328323 291.95032235898958 54 36 45 0.35458367266894908 40 5649 50 6793 41 5599
3832 -33.309620858887058 -15.438179246581209 247.22986092369052 57 52 24 0.27876528579480347 40 5644 50 5650 41 5600
3833 -32.901503587903882 -14.772923536873641 248.42498722717741 103 95 73 0.51525190180509517 40 5656 50 5658 41 5604
3834 -32.901503587903882 -14.772923536873641 248.42498722717741 103 95 73 0.51525190180509517 40 5657 50 5659 41 5605
3835 71.121997793117757 -8.2536892492344034 290.38883624424756 247 206 188 0.17656924189008807 40 3903 50 3874 41 5614
3836 59.778644371593849 -9.2839042654611905 288.84987736586942 99 56 68 0.10559306046932666 40 5674 50 5654 41 5619
3837 10.368045690284687 -13.900963019202917 283.23599072822725 172 132 109 0.045686207137184354 40 5677 50 5661 41 5625
3838 12.184872283123223 -13.403207320520718 280.54862081590761 58 33 24 0.23340621520809415 40 5681 50 5667 41 5627
3839 -42.88546177736859 -13.156274613012712 256.24552265040978 85 77 23 0.39019164053584116 40 5685 50 5687 41 5631
3840 11.025588260530627 -12.487232157679184 273.25299109447968 151 126 103 0.38456435114631177 40 5686 50 7558 41 5632
3841 82.097533199464408 -4.4580451394235974 288.60397863678486 142 112 115 0.24495170656436538 40 5690 50 5679 41 5635
3842 43.695144961443468 -8.6668626006437606 286.66994488121719 151 136 114 0.21138739317385971 40 5699 50 5691 41 5641
3843 81.1856816196415 -3.3007481490995447 292.86121291622908 130 101 65 0.33990161500853516 40 5700 50 5692 41 5645
3844 56.75659720354966 -6.2919188570129165 283.10984961890523 208 133 138 0.19858067498085297 40 5701 50 5697 41 5646
3845 -71.669144095223956 -10.980692621637807 264.88684702931147 35 19 32 0.095721140104743488 40 5702 50 5708 41 5647
3846 79.836109404016128 -3.1416987373921104 290.83390999418253 185 158 113 0.065826567844297842 40 5703 50 5695 41 5648
3847 62.441655739520328 -5.4595550360030183 288.31220558364606 43 31 45 0.094719373568515994 40 5704 50 5699 41 5649
3848 65.145441817906473 -4.8423313832649439 286.08794864199876 45 31 36 0.23239470695435463 50 5700 41 5650
3849 3.3772362444529724 -7.4789843708382175 214.84734767485415 202 187 167 0.04034935593136136 40 5706 50 5737 41 5654
3850 63.021769396346926 -4.7808272862301253 287.65994374047364 102 98 111 0.13209681435934123 50 5707 41 5655
3851 58.08244750855475 -4.8705554801134801 283.55481780158817 127 46 58 0.30340891412685961 40 5711 50 5715 41 5658
3852 55.040097175828322 -5.1429682321403023 282.88923141173484 132 44 58 0.084164076192322398 40 5713 50 5716 41 5661
3853 37.068867143810053 -6.9100220005096347 284.84942744277896 69 57 62 0.21883699126566616 40 5718 50 6846 41 5666
3854 37.068867143810053 -6.9100220005096347 284.84942744277896 69 57 62 0.21883699126566616 40 5719 50 6847 41 5667
3855 82.808230624280156 -0.59206045145338626 289.29811505653345 156 133 99 0.14408391971304341 40 5720 50 5719 41 5668
3856 82.808230624280156 -0.59206045145338626 289.29811505653345 156 133 99 0.14408391971304341 40 5721 50 5720 41 5669
3857 -61.559013298864969 -7.5697073328638371 240.89746704302053 75 58 21 0.22999858715949698 40 5727 50 5743 41 5674
3858 -61.669213417089665 -7.5730103240824871 241.32726467428208 75 58 21 0.25549448080794046 50 5744 41 5675
3859 57.374552284098804 -3.2728146244432197 284.70026927206987 85 39 55 0.35024687148433564 40 5729 50 5729 41 5676
3860 74.114564558253832 0.30282670829531305 286.39812433008802 97 89 108 0.29372643939419596 50 5741 41 5685
3861 75.973325349940637 1.2479094920437745 288.68147654631485 65 52 71 0.45998284437589287 40 5745 50 5747 41 5692
3862 61.847135341931477 -0.17921475540672932 286.05919864453074 27 27 42 0.31028075887057488 40 5749 50 5751 41 5697
3863 61.651771751745862 0.64182900030003087 289.20053029597847 85 82 98 0.42549750797974095 40 5755 50 5758 41 5705
3864 56.119815824348699 1.2168544100986718 280.91772726902008 77 69 86 0.50214595216534896 40 4091 50 5767 41 5711
3865 -60.132393943262826 -3.4546386670707196 247.4170788060157 54 26 10 0.17473353920014398 40 5766 50 5777 41 5718
3866 -54.617166725228628 -3.2435126910020293 236.83020214471395 83 60 61 0.019895074630432635 50 5781 41 5719
3867 59.489754412149118 2.6023427955512548 280.1510146375922 51 48 65 0.30945073823440022 40 5773 50 5772 41 5722
3868 20.598804793907203 -0.05085632093852456 215.35414718633882 55 53 61 0.12403063898779601 50 5795 41 5726
3869 78.690334773176417 7.9378946383685385 286.54121810571615 70 70 82 0.47143239767158529 40 5794 50 6893 41 5739
3870 71.768160560397149 7.1656137922784344 282.99526803373766 33 32 49 0.5981838339031641 40 4138 50 5788 41 5743
3871 -59.787170774611994 -0.45728910149835861 240.66950397377519 181 146 108 0.62116828236232657 40 5798 50 5806 41 5744
3872 69.28231929351891 7.3028940948642056 284.91378667637542 63 63 89 0.31544246443253882 40 4147 50 4120 41 5751
3873 84.429522693703433 10.596809718279319 281.52813139286877 138 131 159 0.55172181530070319 40 5815 50 5801 41 5760
3874 84.429522693703433 10.596809718279319 281.52813139286877 138 131 159 0.55172181530070319 40 5816 50 5802 41 5761
3875 -71.170286451481758 2.5687363437996802 240.60978467449024 52 18 25 0.73935870596305919 40 5826 50 5835 41 5775
3876 -57.166897669612339 2.6019749867752218 236.48818009537166 122 97 77 0.43766676425097267 40 5831 50 5840 41 5780
3877 65.555340278694985 10.553731292936874 283.12433290195895 72 68 79 0.20514869712535511 40 5842 50 4178 41 5784
3878 -28.433398616751443 2.6838137068772574 229.96009126376333 189 136 127 0.18732148564232531 50 5850 41 5786
3879 -58.507365129008363 3.5725858405093796 237.65316336045112 183 154 132 0.52762020019472289 40 5845 50 6934 41 5794
3880 19.979222754717469 7.1612798947080751 210.97790661517757 32 31 34 0.60462976476843366 50 4236 41 5822
3881 77.876449949934354 16.838033913880498 284.04842830494107 42 45 55 1.3528009142316801 40 4272 50 5877 41 5829
3882 77.876449949934354 16.838033913880498 284.04842830494107 42 45 55 1.3528009142316801 40 4273 50 5876 41 5830
3883 -20.162053295179724 6.3944760226605961 227.61710611160981 159 140 131 0.028017756791739235 50 5903 41 5834
3884 0.81447352503440884 7.1103358943264956 205.19228551399337 225 181 169 0.11748583835341991 50 4288 41 5841
3885 -61.43338729926333 7.3264997820545181 230.03148661572453 55 28 15 0.1374028173449364 40 5901 50 5914 41 5850
3886 -61.923744033467003 7.659582518515859 237.69340517567937 170 135 72 0.17766747694677151 40 5903 50 5912 41 5851
3887 -46.973142115195635 7.5655522046644972 215.7950841696584 12 9 15 0.45737913398105262 40 4295 50 5930 41 5859
3888 82.521172366879881 21.187546806747658 275.2824533033471 40 47 61 0.4030141424784382 40 5923 50 5922 41 5878
3889 81.160139727304042 21.196314583659429 276.73350047268019 15 16 32 0.71420127805251044 50 5923 41 5880
3890 81.160139727304042 21.196314583659429 276.73350047268019 15 16 32 0.71420127805251044 50 5924 41 5881
3891 28.848898105168733 12.936068510888711 206.69933029081901 35 24 17 0.95191550786846346 40 5937 50 5953 41 5892
3892 55.770140850630938 20.42385738259809 207.31678500842725 163 136 104 0.22667248313301033 40 5987 50 7028 41 5939
3893 -21.93751004493166 17.101635965027945 204.49870709093716 117 94 93 0.048063944581913029 50 7064 41 5979
3894 -41.04323196598402 18.964546859238187 215.49330358303928 86 73 23 0.81922886703584341 40 6051 50 4505 41 5992
3895 51.579693831714032 24.965475094972835 201.43436477546319 178 151 78 0.087154721802459464 50 6060 41 5995
3896 51.579693831714032 24.965475094972835 201.43436477546319 178 151 78 0.087154721802459464 50 6061 41 5996
3897 -66.644054628039427 22.055727445029106 222.36232619424663 58 49 43 0.20649246624198278 40 6072 50 6065 41 6014
3898 54.816271523336297 26.685126938024165 198.31987359763068 149 120 47 0.79311105500129031 40 6073 50 4563 41 6016
3899 -45.788432995417686 21.5650474275491 213.05969407889452 111 99 58 0.0098059364479237549 50 6081 41 6021
3900 -64.831598272744117 23.604440621931424 224.65696950288523 54 54 51 0.11282348473627979 40 6091 50 6083 41 6029
3901 -67.832035962051222 24.469771583049727 219.74074603054635 36 29 11 0.6092298807090244 40 6101 50 6093 41 6039
3902 14.923533153957797 25.635266700779788 204.8554220836902 61 52 39 1.4434226472213778 40 6112 50 4618 41 6047
3903 -65.326193743536848 26.380163091975305 220.50133711705485 20 9 4 0.40145893374788311 40 6126 50 6113 41 6059
3904 -27.990916628122569 24.327991377920501 200.45633043289575 80 73 32 0.26936635736117687 40 6135 50 4655 41 6069
3905 -39.645586857910736 25.382332769049633 207.8757281780195 118 108 68 0.7149593635317828 50 6128 41 6076
3906 -62.342895553458135 27.511239683275669 221.53476609237543 40 44 7 0.18844556662167655 40 6143 50 7128 41 6077
3907 -68.469833643194406 28.010442099640592 219.0963032889992 53 40 19 0.022961115503818033 40 6151 50 6132 41 6081
3908 50.626145102232719 32.638284078437771 198.84048371434309 27 18 10 0.24513437942544636 40 6159 50 4696 41 6092
3909 -69.940192657524747 31.154788912826774 222.10505053539265 32 24 2 0.3793572955917654 40 6172 50 6150 41 6105
3910 -68.754594590158192 31.947527010808571 218.8520418462011 95 87 54 0.57276368205874051 50 4720 41 6120
3911 26.797744567013872 32.591615978896876 188.11139781970761 40 13 13 0.34784405427853055 50 4786 41 6155
3912 -14.835256101774245 32.788767930710875 181.06102165276772 115 80 56 0.99122777851762756 40 6264 50 7208 41 6212
3913 32.078742124667158 37.915387789459729 189.1818137625493 39 29 16 0.070089463183223275 50 6245 41 6219
3914 -41.778148179112421 36.91111538057072 205.29862819619035 15 15 8 0.044857779230443089 50 6243 41 6223
3915 -58.718322212117236 37.816185656392236 202.09602119925293 206 125 122 0.13879114191566888 40 6289 50 6257 41 6242
3916 22.612038341598712 41.348205650021264 187.11210142279788 101 88 62 0.081466417794809606 40 6333 50 6308 41 6281
3917 -22.87674993309286 40.159367093910419 189.25799070242493 79 29 15 0.7052601449868775 40 6355 50 7256 41 6297
3918 -10.404976368108349 39.978322821358759 180.99769536871398 108 83 57 0.97362704239702091 40 6367 50 6337 41 6309
3927 -5.4588196993617046 44.027458510589604 179.64485000612791 31 15 11 1.2712180397756756 40 7357 50 6401 41 6377
3929 1.3386463997277871 43.127355184168216 171.47700805146036 209 144 82 0.37460434607497517 50 5170 41 6383
3932 1.6106802489984275 44.218980534127404 171.32997198715975 124 63 27 0.093384824318746978 50 6444 41 6405
3935 -14.818692722801469 46.557883348862781 178.53600619664812 104 89 51 0.71068529655913204 50 6462 41 6437
3942 -8.7829110602742055 51.659116350618447 183.4074173020654 25 5 0 0.26304445977345353 40 5226 50 6515 41 6504
3943 -4.6076683085796235 53.185361896653305 182.1042208305044 120 91 56 0.52102044391786084 40 6565 50 5307 41 6522
3944 75.638221928517055 -43.39369150985226 308.77028840722664 127 113 97 0.48986614505522108 40 6605 50 6554 41 6558
3945 60.575691045462733 -42.934519065008026 305.17774777473295 83 51 65 0.17489850821609995 40 6610 50 6559 41 6561
3946 51.623240329498692 -43.179680133710882 301.64161671201515 164 111 95 0.063310436166854847 50 6560 41 6563
3947 53.874533301611159 -43.69477865475924 308.42529499400734 69 40 40 0.086126625695219991 40 6612 50 6561 41 6564
3948 67.266722691922823 -40.962796889307533 306.8688292129097 94 71 68 0.15966730789573125 40 6614 50 6565 41 6568
3949 -47.077757168050084 -43.674094268198907 280.30069664477264 123 119 103 0.95707075466234726 40 6616 50 5368 41 6569
3950 62.041092567657451 -40.51750918089661 306.33914556842365 147 109 106 0.29149012620731535 40 6618 50 6568 41 6572
3951 -37.673974101814672 -45.882715674681528 302.61150633258103 85 69 65 0.44730979189842834 40 5359 50 6577 41 6576
3952 68.236076466589665 -37.082566648904255 301.53570959928817 139 130 104 0.39022126568787369 50 6581 41 6580
3953 38.390952724392335 -43.235722282047774 317.77477005758038 144 123 108 1.5673355642710083 40 6623 50 6578 41 6581
3954 38.390952724392335 -43.235722282047774 317.77477005758038 144 123 108 1.5673355642710083 40 6624 50 6579 41 6582
3955 84.181192487538382 -34.154700056400351 301.10865714376587 134 107 91 0.28030216159856869 40 6625 50 5380 41 6583
3956 -18.537523832896515 -44.056435699916172 300.96868817889822 149 129 117 0.28524221487165519 40 6627 50 7408 41 6585
3957 -68.760990298301195 -40.072005143735943 280.7525688661454 100 85 76 0.42549428201241019 40 6629 50 6586 41 6586
3958 76.408883014376869 -35.600290991193539 304.70041909474378 124 106 104 0.33006724601570048 50 6583 41 6589
3959 -60.744858419412886 -40.720748364875185 285.31475757009969 118 91 86 0.14093132227410357 40 6631 50 6587 41 6590
3960 81.695031476396707 -34.565540540428479 306.54327591271641 134 116 113 0.11479993238041331 40 6632 50 6585 41 6591
3961 81.695031476396707 -34.565540540428479 306.54327591271641 134 116 113 0.11479993238041331 40 6633 50 6584 41 6592
3962 78.269039386660339 -34.788431579622284 306.07616857167051 69 49 48 0.1499964034549634 40 6634 50 7410 41 6593
3963 -54.64492768234421 -39.895240095241981 282.54470343787028 242 219 212 0.035547840548407761 40 6638 50 6590 41 6595
3964 34.627446056135547 -39.095238899011555 303.33143824849452 143 123 105 0.77783064515907385 40 5384 50 6589 41 6600
3965 -50.037641223407441 -38.849101625590116 280.65677101427633 160 113 98 0.11707113433391186 40 7499 50 6595 41 6601
3966 9.99600059926507 -40.148218843086951 302.05205196943984 178 152 138 0.49380855960834263 40 7501 50 6593 41 6603
3967 15.791744995193639 -39.147535898113723 300.59414606324913 159 140 124 1.0228604190680952 40 5397 50 5413 41 6604
3968 -69.29977737397401 -37.723323481342106 285.30083340888649 82 78 70 0.35631253564359455 40 6646 50 6603 41 6605
3969 -55.538331405790075 -37.241701259562014 278.39949540498958 126 109 80 0.59853703055006224 40 6647 50 6604 41 6606
3970 -51.216399511886664 -37.00012875194696 280.89161891214746 71 52 40 0.31513016716050962 40 6653 50 6615 41 6608
3971 1.7066162049538389 -38.896315302032029 299.2212022926451 140 120 113 1.2620928609404849 40 7512 50 6605 41 6610
3972 43.984867344350683 -35.796167923918411 303.98650854318146 158 128 111 0.12880855275938027 50 6602 41 6611
3973 81.379460495053223 -29.91781211654013 299.40661876930739 125 118 102 0.51280277888409143 40 6650 50 6608 41 6613
3974 79.738015299351929 -30.153564052253252 301.99339362124852 113 97 100 0.15429661471556946 40 6657 50 6613 41 6618
3975 88.434926226257744 -29.314865087098323 307.93796775580989 179 162 152 0.55672378335514483 40 6660 50 6614 41 6619
3976 -30.375139665925701 -36.535807397140012 281.74023573873103 93 63 62 0.24698386374597536 40 6662 50 6621 41 6620
3977 31.589352709891095 -34.714049407843625 292.83671890515183 124 119 92 1.1100629838889606 50 7425 41 6621
3978 76.390404780008652 -29.807062228404526 298.82326400321813 107 89 95 0.35076893455874175 40 6659 50 6617 41 6622
3979 3.189197732461214 -37.902611510962011 301.57427441037709 80 67 64 0.11677675749903142 40 6664 50 6620 41 6623
3980 40.917023490048898 -33.765959010114422 299.21107667117644 115 92 81 0.29767534964765829 40 6666 50 7432 41 6625
3981 -71.262947502978776 -34.526599653336035 280.52160169299259 86 51 55 0.20189933227300208 40 6667 50 6627 41 6626
3982 -56.097433486517254 -34.961698814865926 282.44680203711141 120 106 75 0.20767401559610441 40 6670 50 6634 41 6628
3983 -42.206122082029175 -34.491639988846131 276.74721506589486 75 51 38 0.29904239117975007 40 6672 50 6636 41 6630
3984 81.745532520027282 -27.083384632328222 297.7811711417869 128 112 106 0.32185071220745171 40 6676 50 6630 41 6634
3985 81.745532520027282 -27.083384632328222 297.7811711417869 128 112 106 0.32185071220745171 40 6677 50 6631 41 6635
3986 28.055057906604691 -33.708144451462395 297.58874907753159 169 149 131 0.36850000902206653 40 6681 50 7435 41 6636
3987 38.753715897521808 -32.952554672810031 299.21324504047493 160 140 122 0.23046915974332186 40 6679 50 6633 41 6637
3988 14.715135814219787 -34.256149819961742 296.17528488268601 113 125 89 0.79769695135394381 50 6641 41 6640
3989 44.953970489680721 -31.56947119798286 300.01210680893956 179 153 141 0.54932269014113266 40 6688 50 6642 41 6642
3990 -11.818609714559512 -35.820292077894095 299.10257143895564 52 43 39 0.097575922048574168 40 6690 50 6644 41 6644
3991 -47.087104601778542 -33.026865764089543 278.33634368008933 85 60 39 0.060537056158085446 40 6691 50 6656 41 6645
3992 -70.610229686638633 -32.477422699058941 279.9063739740061 43 31 43 0.54540121519017559 50 6651 41 6648 40 5451 41 5429
3993 3.053490486024228 -34.81798462231437 301.09192140257568 132 114 114 0.22826139063402609 40 6693 50 6646 41 6649
3994 30.59853747719529 -32.439605837799753 299.82990949097245 98 69 64 0.33191481898718811 40 6694 50 6647 41 6650
3995 30.59853747719529 -32.439605837799753 299.82990949097245 98 69 64 0.33191481898718811 40 6695 50 6648 41 6651
3996 66.692510387939578 -28.505261704928234 305.07650063500682 161 131 103 0.59577426558099955 40 6697 50 6649 41 6652
3997 -2.0511279052235847 -34.515707335910413 299.48294738963551 57 42 45 0.21317448437717901 40 6698 50 6652 41 6654
3998 28.176753127746629 -32.253831382579435 298.56509182806531 65 44 42 0.26400146085565834 40 6696 50 6650 41 6655
3999 45.411404536183625 -30.357542934681756 299.82057164643317 104 84 66 0.33060740618262241 40 5458 50 6653 41 6656
4000 -43.344157583521365 -31.928806174258309 276.15560189230251 45 34 27 0.12410069078798526 40 6701 50 6666 41 6660
4001 -42.393428288126913 -31.968463145973086 276.65326104540173 119 118 80 0.13648286120614334 40 6702 50 6667 41 6661
4002 -42.393428288126913 -31.968463145973086 276.65326104540173 119 118 80 0.13648286120614334 40 6703 50 6668 41 6662
4003 -10.207568169905326 -33.872153528164837 295.95063500410436 151 130 112 0.055710614402595594 40 6704 50 6660 41 6663
4004 74.272537203850277 -26.302561483828956 303.45634815057304 75 59 55 0.25144612210411965 40 6708 50 6659 41 6665
4005 -1.1046890505188929 -33.379921814058974 297.62286694402326 91 84 96 0.18267221124860633 40 6706 50 6664 41 6666
4006 56.309694966624924 -28.336664358513417 300.02694337948776 173 152 138 0.56433346036687326 40 6707 50 6662 41 6667
4007 11.324291923071685 -32.347862104107932 297.96347134292051 131 84 93 0.27744029699234646 40 6713 50 6670 41 6670
4008 -72.982931319417744 -30.268093963643327 276.95680161013115 56 32 38 0.2548257994333688 40 6711 50 6677 41 6671
4009 -8.5688337987270007 -33.592096897423971 299.8323266330267 142 120 100 0.25069546663828107 40 6712 50 6669 41 6672
4010 27.95351011104329 -30.960932110528688 298.6921309376774 159 138 134 0.16403265974986317 40 6714 50 6671 41 6673
4011 -68.201062076062499 -30.744640522961735 280.75464884327465 35 28 31 0.31467922094290768 40 6715 50 6678 41 6674
4012 73.831038876820088 -24.674537375052118 297.24125445872073 67 46 51 0.11162633186920363 40 6717 50 6675 41 6675
4013 9.0153777108768622 -32.182934932544626 300.03060301397869 45 43 49 0.23020402855209521 40 6719 50 6674 41 6677
4014 42.44798024504631 -28.399155842912862 296.90940603116252 60 57 63 0.21461003035807233 40 6721 50 6679 41 6678
4015 57.301214658927947 -27.11498427975036 300.65605569016179 84 63 63 0.17005465278072474 40 6723 50 6676 41 6679
4016 -10.070443557395258 -32.016363644857627 296.64206714494486 127 118 107 0.11479026311155531 40 6725 50 6682 41 6680
4017 39.331105520400889 -28.160138231890418 297.28824611982179 56 54 64 0.14089323478580945 40 6726 50 6684 41 6682
4018 57.501775280643869 -25.854871455605519 297.6754553231292 253 241 231 0.26519837152036935 40 6727 50 6685 41 6683
4019 58.917113112729226 -25.323206274182049 297.9022679781317 255 240 230 0.20716723929226188 50 6686 41 6684
4020 71.234472159899212 -23.203233286985096 296.35751304058834 60 41 43 0.23380900982771644 40 6732 50 6689 41 6686
4021 19.710894016408083 -28.987958891114779 296.84007864282705 75 51 57 0.18285243312621288 40 6735 50 6691 41 6692
4022 28.582779395096853 -28.287363285461716 296.99054100912531 241 222 210 0.081653833179781296 40 5503 50 6692 41 6693
4023 48.559029970248403 -25.738838437111646 295.39598671078562 76 62 72 0.17480012744811493 40 6736 50 6693 41 6694
4024 48.559029970248403 -25.738838437111646 295.39598671078562 76 62 72 0.17480012744811493 40 6737 50 6694 41 6695
4025 64.064876554824139 -24.279077899492336 299.74308075296773 113 111 89 0.037309653837175841 40 6738 50 6690 41 6696
4026 22.576212512910146 -28.142522326794957 296.05965746274455 66 44 47 0.46595702745963768 40 6739 50 7468 41 6697
4027 24.210594654169718 -28.308915475254175 297.60213415078471 57 49 57 0.13147820981542957 40 6740 50 6699 41 6698
4028 46.294000240368177 -25.6325965490235 296.98401162197808 55 51 49 0.4197755675526878 40 6741 50 6700 41 6699
4029 27.115446629872338 -27.707533131481807 298.45429845459813 148 130 112 0.56499499718382418 40 6743 50 6701 41 6700
4030 54.705130250322313 -23.828995748946088 292.81372618523199 63 52 62 0.75747677120774892 40 6744 50 7470 41 6701
4031 56.796925288995148 -23.904943738222396 297.06987590290743 179 173 166 0.045343213556529822 40 6745 50 6702 41 6702
4032 -38.909304425620952 -28.052643118786996 277.71010435478166 63 61 62 0.12130510181942494 50 6706 41 6703
4033 6.0969369853318511 -28.598573264695442 297.80462996002291 29 39 55 1.3008572241563521 50 6705 41 6704
4034 -30.929504834243939 -26.939858077643223 276.27017877363824 78 80 65 0.15005123080913363 40 6750 50 6716 41 6707
4035 -30.929504834243939 -26.939858077643223 276.27017877363824 78 80 65 0.15005123080913363 40 6751 50 6717 41 6708
4036 40.03944817573543 -24.608107886416931 294.51291826206983 144 121 98 0.37126009131004323 40 6753 50 6708 41 6709
4037 40.03944817573543 -24.608107886416931 294.51291826206983 144 121 98 0.37126009131004323 40 6752 50 6707 41 6710
4038 -32.658447582221633 -27.424626755611637 282.12167337562329 31 24 22 0.18193323433428618 40 6756 50 6715 41 6711
4039 21.193222156171167 -26.627431013479466 297.37305182138874 77 42 64 0.10406133973604921 40 6757 50 6713 41 6714
4040 47.826578385681188 -23.289466975654143 293.67796762647265 69 53 66 0.87479167305497452 50 6714 41 6715
4041 -63.597411190919644 -26.248400622412412 277.38690693552394 128 87 87 0.13605913001067718 40 6755 50 6719 41 6718
4042 -63.597411190919644 -26.248400622412412 277.38690693552394 128 87 87 0.13605913001067718 40 6754 50 6720 41 6719
4043 -27.82674352934842 -26.404572436663763 277.59296565399353 64 54 42 0.40159670652571156 40 6760 50 6724 41 6721
4044 38.571598216144082 -22.926500267483789 296.17404433616412 156 121 106 0.11824640571651712 40 6767 50 6727 41 6725
4045 -74.586255168608062 -24.120599347664115 278.25927365667968 147 128 93 0.25155931594913128 50 6736 41 6726
4046 59.214498305291514 -19.366182944478897 289.90915318006688 90 68 51 0.42034843392425464 40 6770 50 6734 41 6727
4047 -50.194114357176218 -24.534024881063736 275.69539429936196 57 47 35 0.097748820860099075 40 6768 50 6738 41 6728
4048 69.371380725197668 -17.886790993902714 291.0551312830973 151 114 99 0.35758995889107376 40 6771 50 6735 41 6730
4049 78.884392348297865 -16.975850494299973 297.29971505855929 161 127 109 0.12576245233067765 40 6772 50 6730 41 6731
4050 48.757929641339842 -20.834599064948311 293.46845873737328 77 48 48 0.087963072302931364 40 6775 50 6733 41 6732
4051 48.757929641339842 -20.834599064948311 293.46845873737328 77 48 48 0.087963072302931364 40 6774 50 6732 41 6733
4052 50.56754272206949 -20.471807498725365 293.73493385208133 180 133 107 0.51598886269365074 50 7490 41 6734
4053 -51.001506440353722 -23.828974951552993 274.9931578320984 90 81 63 0.31256245725662302 40 6777 50 5586 41 6735
4054 66.485409936258577 -19.049489452570825 304.93268265157769 111 86 94 0.55130971756802716 40 6778 50 6739 41 6737
4055 66.421930263688083 -17.82421512029925 293.74601319101095 63 40 26 0.16914185224932618 40 6779 50 6742 41 6738
4056 -53.184397899694382 -23.774889028287735 279.92038536151085 54 39 31 0.59889970716131025 40 6780 50 6749 41 6739
4057 6.4420088545654108 -23.14159451374481 285.60564068748494 101 90 83 0.21977935754625622 40 6781 50 6746 41 6740
4058 47.850903913538552 -19.670074408723202 292.49499374001675 150 129 109 0.52132074018913643 40 6784 50 6745 41 6741
4059 47.850903913538552 -19.670074408723202 292.49499374001675 150 129 109 0.52132074018913643 40 6785 50 6744 41 6742
4060 -62.449389593213851 -22.836301012005627 278.50536986975328 51 28 27 0.2673082460757053 40 6787 50 6750 41 6746
4061 18.832147486573028 -22.090833182352053 293.75654282985448 34 36 50 0.58765915804994184 40 6791 50 7503 41 6747
4062 72.949073531180957 -15.206109221547289 290.71858512353788 108 85 90 0.10845218765901031 40 6796 50 6754 41 6749
4063 5.4590720402320141 -21.422511918053001 282.131555208772 65 48 38 0.18629821354310708 40 6797 50 6761 41 6751
4064 56.276763879394288 -17.393336842784915 293.31610207424393 65 47 44 0.16607498796455769 40 6798 50 6755 41 6752
4065 26.105132058610664 -20.872762565514599 295.40301183039844 29 34 38 0.28944569941473741 40 6799 50 6756 41 6753
4066 -74.614169611038037 -18.839759604915091 261.50205293970583 36 32 26 1.1972373720706133 40 6803 50 7523 41 6755
4067 27.872773321422663 -19.358322586425423 288.65911194905232 39 35 45 0.14078694099826064 40 6804 50 6765 41 6756
4068 3.1435417672067967 -20.517795449632448 282.62248118993767 153 124 89 0.11050743733640389 40 6807 50 6766 41 6757
4069 76.887686225586179 -12.628389640392307 294.40502826266584 144 118 108 0.063535188907207205 40 6809 50 6769 41 6760
4070 -50.606590917453026 -20.514239420786467 279.19868424417706 54 53 45 0.44895485643399241 40 6810 50 6775 41 6761
4071 -50.606590917453026 -20.514239420786467 279.19868424417706 54 53 45 0.44895485643399241 40 6811 50 6776 41 6762
4072 64.704160970644764 -13.583892894166205 285.74494894774773 154 105 96 0.22851661771150217 50 6773 41 6763
4073 -5.7308351646043088 -19.961407643760346 281.22362263066083 119 115 105 0.0995452127534424 40 6812 50 6778 41 6764
4074 27.083850527522348 -18.487460801973874 293.47972683715295 34 29 33 0.65196210553119571 50 6774 41 6765
4075 -45.999034518491833 -19.932864696149558 276.42713800125108 31 21 25 0.03113398399504878 40 6814 50 6781 41 6767
4076 -32.113842245660315 -18.665616200145621 261.18947661067665 36 29 13 0.55580914559054306 40 5619 50 7534 41 6768
4077 -3.8020882282752799 -19.518364365603887 282.04167525177911 106 100 81 0.061746643497285168 40 6815 50 6783 41 6770
4078 -2.5298650489144929 -19.431356395451925 284.16098303336543 35 41 30 0.23762136868979233 40 6818 50 6784 41 6771
4079 5.6875391854135522 -18.303115287813306 281.04353136339381 96 98 70 0.16300518829541177 40 6824 50 6790 41 6774
4080 -29.353518942627282 -16.399458907935607 242.93790822475285 147 131 89 1.3405259955174753 40 6825 50 8025 41 6775
4081 42.714128209947539 -15.835849921343113 294.38937726093661 119 81 75 0.40943753894967144 40 6828 50 6787 41 6778
4082 42.714128209947539 -15.835849921343113 294.38937726093661 119 81 75 0.40943753894967144 40 6829 50 6786 41 6779
4083 14.20751945828933 -16.403126113442713 279.65915370830925 30 28 38 1.3046304118046648 40 6831 50 3841 41 6782
4084 49.059118604616096 -13.804613059919358 292.57041226200363 129 103 93 0.44652706875822457 40 6832 50 6792 41 6783
4085 -61.525015539333197 -17.127267573769966 273.29179716458901 36 18 27 1.0574807505184574 40 6833 50 7539 41 6784
4086 -75.783456607990431 -16.120720960441815 273.80050333372634 28 20 26 0.049147490081376942 40 6834 50 6800 41 6786
4087 -75.783456607990431 -16.120720960441815 273.80050333372634 28 20 26 0.049147490081376942 40 6835 50 6799 41 6787
4088 -70.448950484617754 -15.972294936362246 267.528971142442 78 67 68 0.084157640829155361 50 6803 41 6788
4089 -8.8387172526826845 -13.315089239095467 226.43358238609139 189 168 160 0.24016730566612579 40 7631 50 6814 41 6789
4090 3.7866984455059995 -16.254206014953084 283.13843333721934 51 38 37 0.10153822667941918 40 6844 50 6801 41 6795
4091 -30.070823227232871 -13.63571888797717 239.63152827127215 192 166 141 2.0418956738789249 40 7640 50 3904 41 6798
4092 -29.359368266665278 -13.420800876494788 233.49817608916095 192 166 141 0.39431037825960707 50 3905 41 6799
4093 7.7569874000769499 -15.398501511582525 282.55217636214746 80 58 48 0.74235659336255022 40 7637 50 7545 41 6800
4094 80.097446396583621 -7.1166373528875662 287.82435620346303 172 134 126 0.21554481528040603 40 6847 50 6806 41 6801
4095 -73.624181901872731 -14.797089134644555 271.37682175167078 38 25 33 0.19194562571162188 40 6848 50 7549 41 6802
4096 -75.262576111750263 -14.379903213435409 271.54457335795973 85 74 71 0.37847355194593751 40 6850 50 6813 41 6803
4097 -75.262576111750263 -14.379903213435409 271.54457335795973 85 74 71 0.37847355194593751 40 6851 50 6812 41 6804
4098 69.603089029787625 -8.2012533105201229 290.16423861019689 192 161 131 0.27563470717521399 40 6853 50 5653 41 6806
4099 -41.507302630241959 -14.315008313614184 259.05413923981297 141 133 98 0.032485602444223223 40 6854 50 6819 41 6807
4100 -32.535346328350478 -13.992367777992161 252.58206065684001 59 45 19 0.26569146798829185 40 6855 50 5674 41 6808
4101 75.728489420512645 -6.8921587260365431 290.42716466349839 109 48 55 0.13117836262182272 40 6858 50 6810 41 6810
4102 55.053034019806276 -9.5055196715009256 287.33376975049288 73 33 44 0.11163901656001686 40 6861 50 6815 41 6813
4103 37.102633654944334 -11.256837031977852 285.31322490326875 97 82 71 0.13125451539083904 40 6863 50 6816 41 6814
4104 74.061642543199724 -6.5089561994829515 288.77971730089865 241 195 186 0.38939673691567322 40 6864 50 6817 41 6815
4105 59.226879282525871 -8.1239502421087959 289.17987679217373 183 148 155 0.19959260097006326 40 6867 50 6824 41 6818
4106 42.229471344623214 -10.089643013422194 286.91423726050721 121 114 71 0.27699884315834572 40 6869 50 6825 41 6819
4107 75.572573042003782 -5.2379608234166311 289.15427591772578 128 107 124 0.10489001305999868 40 6872 50 6829 41 6821
4108 38.939503367317549 -9.464214557441661 284.67403566997336 137 122 93 0.063839828766597315 40 6874 50 6832 41 6823
4109 42.778200285379214 -8.6809945587149855 286.37709345772703 58 48 40 0.20026276306792865 40 6876 50 6833 41 6826
4110 -51.336419067205462 -11.468610913878779 254.89709585328757 79 69 28 1.0029153745655672 50 5706 41 6827
4111 -59.954797726621592 -9.9673471511984921 242.98568201733963 140 120 96 0.24335591149677724 40 7664 50 7573 41 6828
4112 49.538511150161121 -6.6869491112456574 284.93368497097919 88 70 64 0.1562613387578797 40 6881 50 5704 41 6833
4113 -32.243626742466688 -9.9809080424786778 248.38514880083858 86 66 48 0.036674930385363957 40 6883 50 6850 41 6835
4114 56.287255491167429 -5.1005205597283956 282.39334499656695 117 41 53 0.1075513000569322 40 6888 50 6840 41 6836
4115 12.509478189294564 -6.4032249587100836 217.73799774749497 123 112 109 0.21044668814490972 40 6886 50 7582 41 6839
4116 50.320583112088713 -4.5021471831025401 280.17880643403726 77 47 48 0.40101479221914976 40 6898 50 6853 41 6845
4117 73.867703859701777 -1.2449073184195618 284.94022202228155 37 32 48 0.35520122661513498 50 6851 41 6846
4118 48.780376064278208 -3.9007044862208753 280.07132769730003 45 35 40 0.42532832724774716 50 6855 41 6851
4119 -51.026702266291487 -7.2803784935863263 247.10937069021392 51 23 25 0.88523722009496131 40 6909 50 7586 41 6853
4120 -51.026702266291487 -7.2803784935863263 247.10937069021392 51 23 25 0.88523722009496131 40 6910 50 7585 41 6854
4121 -73.384945152081372 -4.6191964681149642 258.67508044606706 31 21 21 0.55535665569777415 40 7691 50 6869 41 6872
4122 -74.887403291208571 -3.4707562342554743 255.43561047776493 136 114 76 0.42572558122651039 40 6936 50 6880 41 6878
4123 -63.345927546128856 -2.7710953532273641 236.43057152981831 79 68 61 0.78553215891143324 40 5768 50 6885 41 6883
4124 -59.263288675947102 -2.6486567768716243 240.89527814480343 161 133 75 0.14529329984740358 40 6940 50 6889 41 6887
4125 -59.52770258245598 1.3109415962056008 226.03228309621099 42 35 17 0.69374346043469681 50 6922 41 6906
4126 83.113629676253993 11.660925400185352 281.37880312096638 133 127 148 0.21499737479823589 40 6972 50 6909 41 6909
4127 29.439889040890453 5.5171305876372259 209.48758923677013 21 11 12 0.35335147253573462 50 6935 41 6914
4128 44.077245903146697 9.2725367800168126 210.82793120106922 127 106 76 0.18179510228703016 50 6951 41 6930
4129 -65.38582729022599 6.0164446241394973 229.67402512447285 37 21 19 0.56866391557119711 40 5879 50 5890 41 6938
4130 -43.359965273011163 5.9442032584905418 224.95185166863396 23 17 10 0.15446181689565291 50 6957 41 6942
4131 -7.8514675856821876 8.2430006533070976 218.88447832650402 204 171 146 0.098087878440248091 50 6971 41 6949
4132 -42.672771050239056 8.6510284795151993 224.55867804176546 45 31 6 0.30854211895389416 40 7738 50 6976 41 6955
4133 11.513739848579297 9.8558792204886014 203.50372034504599 58 53 50 0.33272134364027189 40 7019 50 6985 41 6957
4134 81.259518239915295 21.224107099044424 274.41594342389027 17 17 29 0.53883400139790061 40 7024 50 6970 41 6961
4135 -42.54924069399538 10.144945532606002 225.13668086998845 119 94 57 0.74064136744111198 40 7746 50 5943 41 6968
4136 -65.892698691179064 11.312653050459179 232.65102082273384 39 21 18 0.25568983886141999 40 7033 50 7661 41 6969
4137 -43.628555019019387 10.195758152117662 219.33199442052597 124 104 72 0.17301705959058944 40 7034 50 6993 41 6970
4138 47.977884719651129 16.390844783322301 202.41183754427462 181 152 79 0.46422510306715115 40 7038 50 7665 41 6978
4139 -62.697398835220575 17.269289408902104 227.88342287655536 33 19 5 0.37455001830239015 40 7095 50 6013 41 7027
4140 -54.928172678882014 16.650158160893096 220.23121309909081 69 60 53 0.055553711708401517 50 7042 41 7028
4141 35.23679185485603 19.871663951785134 205.00692330743229 45 27 24 0.63094760171620656 50 7052 41 7032
4142 -38.634098406212203 17.066529423687538 218.07114441622267 55 42 21 0.270883813810608 50 7053 41 7035
4143 -67.127624751296821 19.138572810671914 218.78740573428371 68 59 42 0.2413629997632929 40 7110 50 6036 41 7043
4144 46.64396940195742 23.261862827349425 204.60730851866637 186 180 85 0.085396894270470494 50 6044 41 7047
4145 -62.405034404955579 21.242551223914912 224.64975344655423 21 17 11 0.2081704803820654 40 7124 50 7074 41 7055
4146 -13.114219163803092 19.538285593033624 200.16065176965563 24 26 11 0.13513908080815656 50 7090 41 7059
4147 -63.277988752236809 24.230295077801244 223.50761517103572 17 20 8 0.37726065232624145 40 7154 50 7105 41 7081
4148 23.274078699352614 28.355721200814102 199.33008717129732 78 87 43 0.12496231910315116 50 7756 41 7113
4149 -67.719681179070179 28.621139462427362 221.51880366192793 36 31 3 0.40761977144735367 40 7830 50 7749 41 7114
4150 56.250161233645898 32.719746294669221 190.43828356355991 93 72 16 0.24869421709092757 40 7188 50 7144 41 7120
4151 -65.769840070540383 29.895104459285719 219.16093372457055 77 55 17 0.32293927445197063 40 7193 50 7143 41 7126
4152 17.118370581805884 31.394154458006469 191.62411852860637 122 80 69 0.30146877945653355 40 7217 50 6182 41 7154
4153 -67.858397845944637 35.602013820986926 217.78907730911712 122 105 68 0.43874227654139658 40 7229 50 7183 41 7169
4154 47.894362674153626 37.56471881620098 182.69764727632057 100 45 41 0.35781082531021297 50 7199 41 7178
4155 -1.841991937047625 34.702413655677852 189.09713160656568 28 16 4 0.027886628697688626 50 6240 41 7197
4156 38.894198227418585 40.731924479030425 187.85002705541407 55 35 20 0.22437966099865464 50 7224 41 7223
4157 24.699758708618699 39.593251552830189 183.19506276078417 55 18 4 0.15141703856038291 40 7304 50 6290 41 7230
4158 41.960009747037901 42.371709399701444 183.56848007918026 69 74 43 0.2535940503939042 40 7309 50 6300 41 7234
4159 50.682672262875457 43.130813854526409 179.59737012938402 226 199 167 0.3482828423403328 50 7244 41 7235
4160 -42.542232026836857 40.072591214432059 199.19813410058777 70 50 41 0.05025333939384502 50 7238 41 7237
4161 -58.581508178203471 39.310705309732853 190.73524658026267 75 59 26 0.24143191131788727 50 7245 41 7240
4162 5.3695479715318584 39.945164548221001 173.09953625207677 176 129 93 0.70576335196753692 50 7274 41 7263
4163 -5.6802545892007155 42.262563078484526 186.2481860550017 74 57 31 0.13094892541316139 50 7270 41 7266
4168 82.364061298961147 -41.131472161764798 307.69421013942679 98 78 71 0.40195503323473619 40 7477 50 7391 41 7403
4169 -39.485407384682667 -49.701467599267055 302.64527843818956 87 75 72 0.32139923636162354 40 7478 50 7392 41 7404
4170 85.96617644165346 -39.745837400089748 307.58064886478883 151 132 115 0.51544160827391361 40 7479 50 7394 41 7405
4171 79.76468266570032 -40.76727905794197 309.80697339730227 135 127 115 0.84847456497296736 40 7480 50 7396 41 7406
4172 -67.396206045011184 -48.547081169818199 306.79341961705057 115 109 104 1.6752201905610047 40 7481 50 7399 41 7407
4173 -67.437490648041589 -48.54723725980508 306.85306979569225 115 109 104 2.194730809699494 50 7398 41 7408
4174 86.907950272408897 -37.983813666568011 309.6086708566944 75 58 60 0.46389899907549687 40 7483 50 7401 41 7410
4175 49.127688429504218 -41.894208892572848 304.36012552911575 171 145 135 0.19491807436026995 40 7484 50 7402 41 7412
4176 -33.578306647859385 -46.085432516183147 300.81067224407428 60 57 58 1.0700837460884862 40 7485 50 7403 41 7414
4177 77.877118943072574 -37.634558791203361 306.57345703148735 158 142 128 0.27621264672240831 40 7486 50 7404 41 7415
4178 -73.679129990562444 -44.006460158677775 298.09018368553797 133 123 113 1.5156949451692547 40 7487 50 7947 41 7416
4179 40.16982826026095 -41.613067473392228 305.62263593625613 168 147 134 0.59693041409884329 40 7488 50 7405 41 7417
4180 -67.381967473107935 -43.172668397597789 293.3192637811743 77 65 60 0.22318206829912293 40 6622 50 6580 41 7418
4181 -16.584453714552414 -44.066649848758047 299.91553408411386 153 131 123 0.27551192265169455 40 7489 50 7406 41 7419
4182 -16.584453714552414 -44.066649848758047 299.91553408411386 153 131 123 0.27551192265169455 40 7490 50 7407 41 7420
4183 74.330545880742704 -35.444571283038925 303.48002181064015 147 125 117 0.23175417108464327 40 7493 50 7409 41 7421
4184 -52.048092105120347 -39.884849739223093 280.3328225085337 144 77 79 1.2457618901572489 50 7413 41 7425
4185 64.582364897517436 -36.514520389794306 307.05268837064318 148 121 114 0.69804873523702315 40 6641 50 7411 41 7428
4186 -34.075253384343917 -40.066580689645747 287.76952655212955 129 120 111 0.78812458104348149 40 7500 50 7956 41 7429
4187 74.542395572041144 -32.002323821982351 300.173327986934 149 128 117 0.14133484657549208 40 7503 50 7415 41 7433
4188 88.150911020339791 -30.468013917218126 303.92297945968028 97 85 75 0.10326868130026455 40 7504 50 7414 41 7434
4189 70.335287526210692 -32.136759434309042 297.8769344248546 167 133 109 0.4056132003194079 40 7505 50 7416 41 7437
4190 -43.971736120402625 -37.15532208417563 277.88286902664476 64 40 34 0.12459327375169005 40 7506 50 7418 41 7438
4191 -43.971736120402625 -37.15532208417563 277.88286902664476 64 40 34 0.12459327375169005 40 7507 50 7419 41 7439
4192 -33.340532121979109 -37.781771083883953 281.23476639639256 53 50 51 0.24485554689145905 40 7508 50 7417 41 7440
4193 59.720559853370105 -33.904328338610988 302.56525659818408 167 144 131 0.18028498427466708 40 7509 50 7958 41 7441
4194 -73.496324942715276 -36.602976259909468 283.15643307103488 58 48 52 0.24109972301812108 40 7510 50 7423 41 7442
4195 -67.618821397884815 -37.041306780689865 284.18562043615378 38 36 46 0.4344884420101191 40 7511 50 7421 41 7443
4196 -42.674127819488731 -36.079758148830884 278.22541545759782 113 77 67 0.62321861994934891 40 7514 50 7430 41 7444
4197 35.025804916463272 -34.748717368145371 300.21012659641275 142 122 104 0.97045244841850364 40 7517 50 7429 41 7448
4198 -34.820014923022761 -35.052150372899938 278.25129427120959 50 43 42 0.3631314326110851 40 7518 50 7434 41 7449
4199 66.993622808935825 -30.338224812411429 302.91838464144513 177 153 130 0.40455139064948931 40 7520 50 7964 41 7450
4200 87.826477801883954 -27.683496226479072 306.84557463501346 78 58 66 0.56835649110385456 40 7522 50 7433 41 7452
4201 -72.935220707433572 -33.59860286668588 277.56076386747588 87 56 46 0.98034516778224157 40 7519 50 7968 41 7453
4202 -38.828072697579586 -34.218889700239629 278.42727199767216 84 69 59 0.36838002905577766 40 7524 50 7437 41 7454
4203 19.415218869479382 -34.516850709286572 297.59444867201324 225 211 211 1.4455986843327704 40 7525 50 6637 41 7455 40 6680
4204 83.58451285527893 -26.102581212314902 299.53291315259764 65 50 54 0.24427715123587812 40 7527 50 7439 41 7456
4205 83.58451285527893 -26.102581212314902 299.53291315259764 65 50 54 0.24427715123587812 40 7528 50 7438 41 7457
4206 -62.558113434390748 -33.186566690731581 281.20423594356851 50 54 37 0.12071933534192801 40 7530 50 7442 41 7458
4207 -62.558113434390748 -33.186566690731581 281.20423594356851 50 54 37 0.12071933534192801 40 7531 50 7443 41 7459
4208 23.171849500918341 -32.89346416595572 294.49721158406055 40 36 49 0.28075858199459197 50 7441 41 7461
4209 47.085214385445653 -30.237554911019281 300.8418080094325 78 58 49 0.4690612674289682 40 7532 50 7444 41 7463
4210 54.428630745732576 -28.849660908329685 299.43460971904443 166 148 134 0.2173970076203661 40 7533 50 7445 41 7464
4211 49.140752336019837 -28.740734326622363 296.78585370600513 61 39 61 0.34831238562236716 40 6710 50 6665 41 7465
4212 -62.733476664016443 -31.317394002811852 279.80402449432864 99 102 72 0.35139050409961897 40 7535 50 7451 41 7466
4213 -47.605404654944721 -31.238203143465576 275.46795014794367 109 90 79 0.10679283520157479 40 7536 50 7452 41 7467
4214 3.6739174894421489 -34.054263762747247 307.60722415513902 49 45 54 1.3700392069035421 50 6661 41 7468
4215 88.007091404046093 -23.61417166812943 303.48582421616425 72 56 50 0.27910944731100767 40 7537 50 7446 41 7469
4216 -11.597620517793402 -33.81878472349922 301.91300535813536 47 44 48 0.22276182558688773 40 7538 50 7447 41 7470
4217 66.245486003772911 -26.617312135654082 301.64589880262213 188 155 130 0.32923443210734654 40 7539 50 7448 41 7471
4218 85.41889885265698 -23.289256096255766 301.22517757901932 59 50 56 0.29883290509705951 40 7541 50 7450 41 7472
4219 48.332777380092629 -27.828685310454045 297.35958802098469 199 185 185 0.10520853416137581 40 7542 50 7453 41 7473
4220 76.909444751315618 -24.455597340127003 303.50993109874469 58 40 47 0.34769569445610227 40 6724 50 7454 41 7474
4221 19.749589992809415 -30.585332154732377 298.46453085972792 199 165 161 0.098868272880001509 40 7543 50 7456 41 7475
4222 -75.218142137890197 -29.406260016218919 278.5026667459062 43 30 33 0.098487304772494136 40 7544 50 7459 41 7476
4223 11.650530682551993 -30.526462689668122 294.91449689504191 62 34 51 0.20826913416776638 40 7547 50 7457 41 7477
4224 -62.940176501807791 -29.721961892198376 278.20435018020567 30 30 30 0.12646482488954103 40 7545 50 7460 41 7478
4225 -44.816338898300366 -29.871536390804589 276.31414838470528 55 39 33 0.086528398378305463 40 7546 50 7462 41 7479
4226 -73.63558982262488 -28.786421420495625 276.6313298305659 143 117 122 0.19619574498537809 40 7548 50 7463 41 7480
4227 2.3493658060774214 -31.657998246633845 301.91553400931065 24 32 46 0.11834287892412747 40 7549 50 7458 41 7481
4228 76.088729476199106 -22.605430889083465 296.71846193977774 165 127 122 0.089930926031021582 40 7550 50 7461 41 7482
4229 68.281940846260483 -23.065039865867668 295.50292056357296 148 110 91 0.16188100089982929 40 7551 50 7464 41 7483
4230 83.755382133947009 -21.177256252093631 301.70768836800949 118 96 96 0.046810352504241932 40 7552 50 7465 41 7484
4231 53.536798149781475 -24.523512848133972 296.52986423279151 55 56 59 0.32509715396498101 40 7553 50 7469 41 7485
4232 -4.8308438563614384 -28.954068355636313 292.26274449078068 50 55 63 0.8481796596872192 40 7555 50 7991 41 7487
4233 -33.651147303077181 -27.436409067081684 277.49014117584551 64 53 54 0.18180980774299127 40 7557 50 6710 41 7488
4234 68.547708057602094 -21.310741542182331 296.47024232526189 65 39 45 0.16257718203130878 40 7558 50 7471 41 7489
4235 68.547708057602094 -21.310741542182331 296.47024232526189 65 39 45 0.16257718203130878 40 7559 50 7472 41 7490
4236 -49.103418008840734 -26.852089456357557 275.66333722150978 54 48 41 0.96211998682400779 50 7479 41 7491
4237 66.64027048287825 -21.088646537656249 295.29711512169922 129 107 85 0.18557841722931454 40 7561 50 7476 41 7492
4238 58.869444212129856 -22.657730554574862 300.34065818112913 56 52 44 0.61802322182635205 40 7560 50 6709 41 7493
4239 -76.183095981177999 -25.763977102754733 278.10887519709371 167 147 111 0.1096401358626128 40 7562 50 7481 41 7494
4240 37.468120326776557 -24.430737849668692 294.78785591869138 62 52 40 0.11933991890491991 40 7564 50 7477 41 7495
4241 -55.31136517506777 -26.217157080144439 278.30346889767901 139 111 78 0.27081491986327794 40 6758 50 7482 41 7497
4242 -55.374195137413651 -26.247648421876814 278.67463870939241 139 111 78 0.25328420329590756 50 7483 41 7498
4243 59.24877325318753 -21.372630324401037 294.24745372319626 151 130 103 0.17505739715172394 40 7566 50 7480 41 7499
4244 -18.750685047385225 -20.670835307520008 226.39667806474668 153 127 106 0.12029079322032805 50 7499 41 7500
4245 -70.671227394752194 -24.23817886132327 272.63656867891825 52 39 41 0.52788027356591238 40 7567 50 7487 41 7501
4246 -43.611710421519717 -25.105714620452666 276.45587180386372 118 93 74 0.25269341093753989 40 7568 50 7488 41 7502
4247 -43.611710421519717 -25.105714620452666 276.45587180386372 118 93 74 0.25269341093753989 40 7569 50 7489 41 7503
4248 81.959832342535222 -16.942940276296849 295.34315984050392 171 136 104 0.10118011141512712 40 7570 50 7484 41 7504
4249 68.452350001685886 -18.976933913601552 296.57534338545514 156 130 100 0.51672903124618375 40 8084 50 7997 41 7506
4250 68.452350001685886 -18.976933913601552 296.57534338545514 156 130 100 0.51672903124618375 40 8085 50 7998 41 7507
4251 74.676896251631348 -17.935820280698504 296.3097055558556 52 35 40 0.028230991176185143 40 7571 50 7485 41 7508
4252 78.320388711634294 -17.381208417475122 300.00233479792297 47 35 40 0.066317696609625998 40 7575 50 7486 41 7511
4253 42.50920506965403 -20.991659201780138 289.98639014459678 137 110 98 0.41603491185559882 40 7576 50 7491 41 7513
4254 46.97908688565014 -20.639666696080919 295.88052349308094 70 56 58 0.13319026123062064 40 7578 50 7492 41 7514
4255 46.97908688565014 -20.639666696080919 295.88052349308094 70 56 58 0.13319026123062064 40 7579 50 7493 41 7515
4256 40.412234416979899 -20.73478845666288 293.45253299163619 55 37 34 0.055893206271108865 40 7581 50 7498 41 7516
4257 27.0839886339364 -22.310443656351698 296.27024050361098 102 98 91 0.12305662588630935 40 7584 50 7496 41 7517
4258 27.0839886339364 -22.310443656351698 296.27024050361098 102 98 91 0.12305662588630935 40 7585 50 7497 41 7518
4259 -46.052260147792495 -22.702582783133959 273.15527159186308 30 24 22 0.2616180545769502 40 7588 50 7508 41 7519
4260 -1.7479561589790251 -23.207976497366445 287.39599539003319 37 35 33 0.20449226999625117 40 7586 50 7502 41 7520
4261 -64.524147960176023 -22.364448335881708 277.32914710303208 36 26 26 0.18786752231398438 40 7587 50 7511 41 7522
4262 14.614233555203972 -21.552561973489713 284.42491134560981 57 55 65 1.1867464361318882 40 7590 50 7509 41 7523
4263 31.931469146508817 -20.966444539847799 295.40505312855493 74 55 65 0.13629104445508447 40 7593 50 7507 41 7526
4264 34.235021534106487 -20.707886391168095 295.4879585752372 40 24 39 0.3445285505159203 40 6793 50 7504 41 7527
4265 52.815556984828909 -17.844815762777323 288.96785274078456 147 99 85 0.49628121257786528 40 7595 50 7510 41 7528
4266 -18.492367388226253 -18.09266727096912 228.99637392138061 224 198 180 0.13253006226858022 50 7524 41 7529
4267 28.557027961435235 -21.253943688699088 297.55834056340166 34 32 41 0.05377390337029931 40 7594 50 7506 41 7530
4268 42.326634212542146 -18.978049357878724 295.55069988012724 50 30 42 0.21201555713528064 40 7600 50 7512 41 7533
4269 44.215724890027552 -18.604789612128993 292.95849478398679 134 100 98 0.45777774987137815 40 7598 50 7513 41 7534
4270 77.860101130906216 -13.913081409034438 294.70225784129639 70 45 44 0.073588407432983102 40 7601 50 7514 41 7535
4271 77.860101130906216 -13.913081409034438 294.70225784129639 70 45 44 0.073588407432983102 40 7602 50 7515 41 7536
4272 -45.74474689089903 -21.199217927065959 275.0851669106022 71 54 46 0.15031506776950254 40 7605 50 7519 41 7539
4273 -45.74474689089903 -21.199217927065959 275.0851669106022 71 54 46 0.15031506776950254 40 7606 50 7520 41 7540
4274 61.679621525317707 -14.980001898522563 287.8174248655173 81 68 68 0.35862027451574408 40 7607 50 7517 41 7541
4275 48.728152960811975 -16.858067829981046 294.12081535587981 152 118 100 0.1449492716702013 40 7609 50 7518 41 7545
4276 -52.933099630910107 -20.045566088217093 274.09588984351745 44 35 29 0.11683887875538417 40 7614 50 7526 41 7548
4277 59.440393721554301 -13.623975553777452 283.61097674312055 62 46 44 0.049569035090334973 40 7617 50 6780 41 7552
4278 50.625494885974184 -15.786698859347823 298.30760452044063 89 58 50 0.23248035428579628 40 7618 50 7527 41 7553
4279 50.625494885974184 -15.786698859347823 298.30760452044063 89 58 50 0.23248035428579628 40 7619 50 7528 41 7554
4280 -71.81392199188798 -18.091525040639002 269.37335589044267 65 55 60 0.0090396895408731588 50 7533 41 7555
4281 4.7099829133099025 -18.820426902859285 283.13986477793895 39 29 23 0.050221846043180883 40 7620 50 7529 41 7556
4282 4.7099829133099025 -18.820426902859285 283.13986477793895 39 29 23 0.050221846043180883 40 7621 50 7530 41 7557
4283 -56.703750101288755 -15.019384635564771 255.60083782828363 94 83 88 0.27295443725186935 40 7633 50 7548 41 7566
4284 36.401527711622869 -12.640261616385867 289.31192316599333 50 40 43 0.24736418881724961 40 7645 50 7546 41 7571
4285 36.401527711622869 -12.640261616385867 289.31192316599333 50 40 43 0.24736418881724961 40 7646 50 7547 41 7572
4286 34.280739008168354 -12.301818663506394 285.84611799202963 129 101 100 0.22650058765968337 40 7647 50 7550 41 7575
4287 89.018935616501878 -5.6946047530712987 301.80219248918388 198 161 159 1.2904387049816326 50 6809 41 7576
4288 38.79534332958815 -11.432454177619675 287.84751784168407 69 51 48 0.068382048449054475 40 7649 50 7553 41 7577
4289 61.733568581320235 -7.7814937697737241 285.33049298673029 76 25 46 0.19821828195318533 40 7650 50 7555 41 7580
4290 61.203211684015557 -7.6800616476365091 288.81172465564481 168 142 151 0.18217554814684259 40 7652 50 7556 41 7582
4291 -49.11592910149696 -12.647776550744965 263.13461928725059 84 79 47 0.26241096028177641 40 7658 50 7564 41 7585
4292 14.186682824980526 -11.647695747381688 274.40673081524398 130 91 78 0.76608860283213109 40 7657 50 7560 41 7587
4293 75.651689920853485 -4.6752910839080721 293.53191756473842 43 40 45 0.46093565643607642 40 7661 50 7561 41 7591
4294 40.43118652417634 -7.9444527366252018 284.24452893273155 170 131 97 0.11363402474045964 40 7672 50 7565 41 7598
4295 -72.345908534938886 -10.001598487889851 264.7973901465711 110 79 87 0.23087516011420586 40 7675 50 7571 41 7599
4296 -43.13489575284472 -8.9842000479277377 242.9315797146985 101 104 54 0.49897066982040067 40 7676 50 7576 41 7601
4297 -68.28047548069965 -7.4330598595087078 257.21038179574089 69 40 35 2.5328331490804499 50 8053 41 7604
4298 -36.238205908378511 -7.4015501017072767 246.94751625988229 91 110 62 0.044465665029454385 50 7587 41 7606
4299 61.135437769228673 -1.7255900489158229 284.3685064541491 113 87 106 0.43243652539616467 40 7681 50 7579 41 7607
4300 61.135437769228673 -1.7255900489158229 284.3685064541491 113 87 106 0.43243652539616467 40 7682 50 7580 41 7608
4301 -56.371217936849703 -1.7598648606618994 236.88379170799746 32 21 21 0.3596309114196124 40 7700 50 7607 41 7620
4302 80.92318855017642 10.303732873681207 282.24996343378615 29 27 45 0.46798127248785032 40 7708 50 7610 41 7630
4303 70.103893001164224 8.9097132756485777 283.13269865694519 32 31 49 0.27504254466375061 40 7713 50 7613 41 7633
4304 78.466292518544009 10.580936824497499 281.61497484550955 74 74 102 0.092252328009180207 40 7715 50 7615 41 7636
4305 0.60876831938144937 4.0664636319764957 209.72611659281517 237 201 183 1.1409849246493002 40 6985 50 6944 41 7645
4306 5.101260482588625 5.5955041424305838 199.34408379749812 233 192 172 0.38751574588437315 50 7646 41 7651
4307 30.444910609666383 8.4527951628192373 209.5409193831423 117 91 84 0.084981003915024861 50 7645 41 7652
4308 -38.562764522708235 15.898148567895504 219.83167930391761 112 90 70 0.33828409359761091 50 7696 41 7701
4309 20.94397898512964 17.654064770216088 204.54949303822511 44 43 46 0.40904630347620652 50 7044 41 7703
4310 -66.0646885178747 23.387344014436124 221.16917740044309 12 2 1 0.17256642726764312 40 7797 50 7098 41 7728
4311 -66.0646885178747 23.387344014436124 221.16917740044309 12 2 1 0.17256642726764312 40 7798 50 7099 41 7729
4312 -66.354531198714042 24.35936779913856 218.79957343693124 58 48 38 0.23702358219948727 40 7810 50 7728 41 7738
4313 23.770375110932189 25.871623991873431 203.35194605835215 77 87 35 1.6482669229692011 40 7814 50 8164 41 7742
4314 -63.385312669193212 25.555310697701778 222.59858053700117 75 80 61 0.29921529519223772 40 7816 50 7736 41 7745
4315 -66.586967767664845 28.613319059020871 220.98448722824386 112 103 63 0.29829826455004277 40 7831 50 7752 41 7753
4316 4.4726825234892322 28.249292140917515 194.54343013983146 15 16 16 0.51766523611939919 50 7769 41 7766
4317 26.670702491083009 32.838883112632892 190.10790706670437 51 18 20 1.149018352882816 50 7178 41 7785
4318 -3.6546153307072227 32.047424421622047 190.45802830756872 38 29 10 1.2372241294694131 50 7190 41 7789
4319 40.191548328772349 36.128783146616335 183.99816824374255 148 77 53 0.024977853200369413 50 7195 41 7794
4320 4.1680252043654313 31.743638819436587 177.19623186003662 132 131 69 0.61814089666713046 50 7805 41 7795
4321 -18.332973757834981 32.56701172107207 188.05312328247223 114 61 33 0.20559718207781574 50 7799 41 7798
4322 -40.720654731112532 40.809967582972156 201.21843401547758 123 115 79 0.28975917641539917 40 7911 50 8214 41 7830
4323 -58.297347901230225 40.453344034626326 189.5824850435713 49 40 11 0.41005392440552646 50 7838 41 7835
4324 -37.545662934113892 41.873472150650848 197.42872118304922 76 69 26 0.0675713439653121 50 7841 41 7838
4325 4.8605931286990698 39.600320358233901 176.17641774511935 104 51 28 1.1539303351735388 50 7849 41 7840
4326 4.8605931286990698 39.600320358233901 176.17641774511935 104 51 28 1.1539303351735388 50 7850 41 7841
4327 9.2261398971319206 41.526226356690017 170.77924500128293 129 132 70 0.85237400160890653 50 7294 41 7856
4328 21.178870093050897 47.219973085083943 182.93456193809769 19 10 3 0.43380748264260749 50 7877 41 7871
4334 -9.990296192845376 48.027481993951248 178.04819816759459 36 20 5 0.15244290212793327 40 7421 50 7908 41 7905
4335 52.93541357647122 -43.88646203353472 302.98864526991878 78 48 51 0.2318321901676911 40 8030 50 7941 41 7948
4336 52.93541357647122 -43.88646203353472 302.98864526991878 78 48 51 0.2318321901676911 40 8031 50 7942 41 7949
4337 76.064157319142382 -41.710715626164038 308.67314201980065 137 128 119 0.33334901218072516 40 8032 50 7943 41 7950
4338 -32.911631108826612 -48.2419496160066 303.19721780090299 128 114 116 0.62979651781640122 40 8036 50 7945 41 7953
4339 -14.594688725351608 -47.213961893025676 302.34412780716821 137 124 121 0.54132331010251766 40 8037 50 7946 41 7954
4340 -65.988003232433471 -44.318893963774187 294.32697891408316 136 127 119 0.85258907591222866 40 8039 50 8532 41 7956
4341 62.36217269378875 -37.322993336266968 298.7856500234646 71 55 62 0.27953661453501288 40 8043 50 7949 41 7959
4342 -73.358160250207703 -40.824806311723172 288.97362786404864 70 59 63 0.17425349999249842 40 8045 50 8271 41 7960
4343 9.0078394126371517 -41.982359018902102 300.57877183001511 136 116 105 0.21722198625692216 40 8046 50 7952 41 7961
4344 -37.752849933976222 -40.056122675958321 282.00243947241125 49 32 43 0.81021795466755153 40 7496 50 7955 41 7962
4345 40.450581885039576 -37.420552374033811 293.38377854345356 170 148 130 0.60172348994114511 50 7954 41 7963 40 7497 41 7426
4346 -35.470576462295888 -38.701813049993795 280.53933433169846 58 44 44 0.20109223327682743 40 8048 50 7957 41 7964
4347 -75.30846464364754 -35.780849255006274 279.39814119924893 81 64 67 1.5297602190802599 40 8052 50 8282 41 7969 40 8341
4348 -16.3531258561624 -29.375784426156969 228.02905514937845 110 102 89 0.83499462296557136 50 7969 41 7970
4349 -0.52345898847482919 -38.220414088513877 302.28505420237366 158 133 129 0.12478162529506702 40 8053 50 7961 41 7971
4350 21.367588799744095 -34.77920892327564 300.01650674873895 45 36 55 0.14013296315924859 40 8055 50 7965 41 7974
4351 70.920359250491003 -26.986133735929485 290.15427711761293 84 65 67 0.21761265006052258 40 8058 50 7971 41 7977
4352 16.429903396393758 -34.652723636346316 299.71232976721336 112 108 91 0.26281038265735279 50 7970 41 7978
4353 -48.618010159132943 -32.446285636217233 277.39709566349291 82 58 52 0.26628293857975055 40 8060 50 7978 41 7979
4354 50.935617231600645 -29.922145118891649 300.64109591731386 153 131 123 0.28333247776838882 40 8061 50 7974 41 7980
4355 -57.829976959207627 -32.055563046202714 279.03035278075311 118 119 78 0.99459897038290335 40 8063 50 7979 41 7981
4356 -6.2586034619335544 -33.927878800588132 296.13285370939764 167 131 105 0.20453746795630492 40 8064 50 7977 41 7982
4357 -77.552241892578749 -29.949118612817966 279.91113012604774 108 90 85 0.17999109310679898 40 8065 50 7983 41 7984
4358 45.330986501867216 -27.343324782880309 295.18277757631512 139 138 112 0.11914527319464784 40 8068 50 7984 41 7986
4359 62.923803765271117 -25.664984128239158 299.95962328131958 51 41 42 0.19093135515336315 40 8067 50 7982 41 7987
4360 58.155154498144995 -25.830583895429037 297.68181095385199 225 213 204 0.34120225101169877 40 8069 50 7985 41 7988
4361 53.034158684328538 -24.256514532260649 298.43866118780073 45 42 47 0.12705630206690571 40 8074 50 7989 41 7992
4362 -41.509793687946107 -26.168438833616754 274.67337051755322 44 35 31 0.48706185504902022 40 8076 50 7992 41 7994
4363 42.615670561003647 -23.053434687291414 295.12992866099432 44 33 40 0.15072556651919622 40 8081 50 7993 41 7995
4364 -56.996605603589465 -25.25893177934055 274.67329768749551 44 33 37 0.19248533059798981 40 8077 50 7995 41 7996
4365 62.45899455687595 -19.367480202493407 292.60289641481114 66 39 40 0.38691665917582257 40 8083 50 7996 41 8000
4366 -69.448421568979214 -23.982527229550321 276.63833791091372 29 33 37 0.16138862213256169 40 8086 50 8000 41 8001
4367 10.246378177039416 -24.201512062498953 295.89465458244609 22 23 44 0.4728635494044453 40 7577 50 8003 41 8002
4368 10.233711698456581 -24.121174882007136 294.6485995133192 22 23 44 0.1612859606545804 50 8004 41 8003
4369 45.295750178158087 -21.032534600516644 296.16804907567297 53 38 35 0.25144175881534553 40 8091 50 8002 41 8004
4370 45.295750178158087 -21.032534600516644 296.16804907567297 53 38 35 0.25144175881534553 40 8092 50 8001 41 8005
4371 -41.30263862566629 -23.149724950175212 273.30332140205587 40 35 29 0.10072567112251254 50 8008 41 8006
4372 -0.151114512985011 -23.539735280422327 285.88340040405251 123 105 75 0.41274179731162985 40 7580 50 8005 41 8007
4373 12.375230610382685 -22.736848006453179 289.58998147267721 87 74 85 0.86701653878967699 40 7582 50 8006 41 8008
4374 12.375230610382685 -22.736848006453179 289.58998147267721 87 74 85 0.86701653878967699 40 7583 50 8007 41 8009
4375 1.6314136103283712 -22.441557378014664 283.32230334532187 156 127 94 0.14413755511929208 40 8093 50 8010 41 8010
4376 -56.383923043559889 -22.591766280003394 277.39306298867928 41 31 30 0.63054356693164426 40 8094 50 8013 41 8011
4377 -54.792823553414671 -21.35651380376601 278.42100172404412 87 77 66 0.35855383749035602 40 8095 50 8014 41 8012
4378 -51.74794097163938 -19.927591468954926 275.15985153847174 32 26 31 0.29132357275694487 40 8096 50 8016 41 8013
4379 -44.628588621979205 -19.53212201340849 278.05823682158103 74 71 58 0.27650558111024792 40 8098 50 8019 41 8015
4380 51.291241215381689 -15.006470404687265 292.74000568014878 149 107 85 0.15406515098114393 40 8099 50 8017 41 8016
4381 84.412338064387043 -9.3943975523281598 294.61988631982837 147 116 95 0.24121460493964861 40 8101 50 8020 41 8017
4382 70.182886631740061 -11.118506845016785 294.49473504746368 58 31 44 0.21635132706648455 40 8104 50 8023 41 8019
4383 -16.332829014374173 -13.374271309738125 223.02199984009187 250 223 207 0.058903405120435841 50 8038 41 8020
4384 33.960679610358305 -14.260540539135027 288.79292253407203 25 24 33 0.14211496929198827 40 8107 50 8028 41 8022
4385 63.503852026426401 -10.071692124030941 286.68979243607419 99 51 63 0.27038258748076321 40 7635 50 8029 41 8024
4386 84.985315015818529 -6.9139971355976986 294.55356944945845 45 31 41 0.32370072554627938 40 7638 50 8030 41 8027
4387 39.961341161206747 -11.58914964328355 285.34530649448226 125 107 75 0.16990461594916062 40 8110 50 8033 41 8028
4388 71.896904597653005 -7.270635284527474 288.92878979129705 70 54 41 0.068655788132044704 40 8111 50 8031 41 8029
4389 -56.933929110197475 -12.174658067223184 244.02831756356954 111 97 99 1.513834594955022 40 8401 50 8339 41 8030
4390 -40.883823690600003 -11.505732678625721 253.3546586660332 81 76 45 0.37303252162042461 40 8117 50 8043 41 8037
4391 34.184465308929077 -9.6011176718856159 290.33554750558409 100 90 89 0.88330644873727826 40 8118 50 8041 41 8038
4392 -61.581744406445793 -9.6510176948283455 240.62069880057442 113 95 74 0.52042808122601769 40 8119 50 7572 41 8039
4393 47.382686982535979 -5.7351999555447337 267.31925536902963 188 125 104 1.2621307295695778 40 8120 50 7569 41 8041
4394 -55.402832387271772 -10.295186236110114 258.99033382471805 81 48 52 1.0124861762838999 40 8121 50 8049 41 8042
4395 39.796261975711481 -7.0018483987566285 289.35509931066906 61 48 41 0.28029974621942938 40 8122 50 8048 41 8043
4396 -36.478346256740657 -8.9670908049982945 247.06648941196519 33 24 34 0.12796116845316885 40 8124 50 8052 41 8045
4397 41.374827463153096 -5.8170048364796205 284.61093880493013 39 27 35 0.18503084815289897 40 8125 50 8050 41 8047
4398 84.927202513250094 2.8781072085866666 288.90945441661188 210 187 174 0.19893447650948923 40 8128 50 8054 41 8051
4399 -73.628710754858886 -2.3728321596561091 259.92930302546347 32 21 17 0.6371699610730216 40 8130 50 8359 41 8053
4400 -45.705300328663782 -1.8576573440672111 238.16024713790003 48 68 25 0.16130745606801511 50 8066 41 8054
4401 -45.705300328663782 -1.8576573440672111 238.16024713790003 48 68 25 0.16130745606801511 50 8065 41 8055
4402 68.389191750576728 8.4258949935647323 282.26199811761961 57 58 81 0.19422403091667828 40 8142 50 8069 41 8067
4403 33.964129596608018 5.4057091313211911 208.76789366656985 125 102 89 0.46046387230735247 40 8143 50 8077 41 8068
4404 78.01392336483309 12.671416155402515 281.25196184858157 24 15 35 0.29200176652325871 40 8148 50 8076 41 8074
4405 -45.62718678255937 5.7747476439233152 225.57217569371056 51 51 36 0.34144720937826345 50 8090 41 8086
4406 -59.898190382608306 8.3174922470449264 228.91440993842591 168 130 52 0.11597483793155806 40 8169 50 8100 41 8093
4407 4.4786599912573655 13.261667840369354 201.5789995026451 167 117 100 0.20414156635149261 50 8127 41 8114
4408 29.668621005190282 17.015469502020899 206.71142985036323 88 61 50 0.20623638845127684 50 8128 41 8115
4409 0.41101980886371103 17.633289678772663 208.16842857945062 208 174 161 0.086387317004317371 50 8140 41 8125
4410 -64.318042548173949 25.300423880027676 221.07146312730333 15 11 5 0.26352712389952682 50 8162 41 8149
4411 -47.131197491113667 26.151659319560682 210.09266334686393 112 114 61 0.31216510342346354 40 7828 50 8173 41 8161
4412 -22.721954149177257 25.301852913822383 195.00771834980233 111 64 54 0.46635442159008134 50 8177 41 8165
4413 -22.721954149177257 25.301852913822383 195.00771834980233 111 64 54 0.46635442159008134 50 8178 41 8166
4414 9.227277066336363 33.109624913597933 181.17395300618574 98 97 30 0.28352210022431196 40 8251 50 8199 41 8187
4415 6.4607085877083579 33.145491809496036 174.22548133712527 72 55 22 1.107322571892418 40 8255 50 7819 41 8193
4416 4.3284010768929901 33.902438057575893 177.27288825989135 141 129 71 1.869096021724755 40 8259 50 7823 41 8196
4417 37.728333894772881 39.044925817962032 187.99751325736608 207 169 144 0.17334191704655555 50 8204 41 8197
4418 -41.986556144403089 39.578975754399686 197.33336646548361 89 70 54 0.14284398762372835 50 8212 41 8204
4419 -60.87789096665319 47.325568457685861 188.95222763344137 108 95 51 0.035680412450307737 50 8239 41 8232
4422 -42.389733665489054 50.263801302564872 184.93477627458171 22 11 4 0.21315822048427274 50 8254 41 8244
4423 13.998200116807073 57.847317141470235 188.9545532422222 4 2 3 1.0561033873914678 40 8319 50 7935 41 8258
4424 -76.554075294879354 -39.929239990366248 284.51517474335623 60 39 65 0.33216864911840616 40 8333 50 8272 41 8277
4425 -76.434074600728977 -39.864880846797149 284.01834569164998 60 39 65 0.28891749417878743 50 8273 41 8278
4426 25.949352020752684 -39.376186530271738 297.52695927897946 145 124 110 0.2295084212212489 50 8274 41 8279
4427 72.633688761983166 -34.697310625461938 306.36840133626146 160 130 110 0.25638439385139394 40 8334 50 8277 41 8280
4428 72.633688761983166 -34.697310625461938 306.36840133626146 160 130 110 0.25638439385139394 40 8335 50 8276 41 8281
4429 86.237194270653134 -32.64612642644542 307.45928838268304 163 139 113 0.36137417743278499 40 8336 50 8278 41 8283
4430 70.106516801177051 -32.578072959878462 304.8746860281878 158 131 107 1.6662338843536642 40 8340 50 8281 41 8284
4431 22.534319029405477 -38.095451841626115 304.51796958613869 155 141 114 0.078097427709554329 40 8339 50 8536 41 8285
4432 75.241992411517572 -29.710821573509751 300.40512905377716 57 47 60 0.13151300371842806 40 8342 50 8283 41 8286
4433 -36.755446293486969 -34.118963481763828 277.42767033244661 42 35 38 0.1815186832534357 40 8344 50 8285 41 8287
4434 -36.755446293486969 -34.118963481763828 277.42767033244661 42 35 38 0.1815186832534357 40 8343 50 8284 41 8288
4435 9.4593867616379033 -34.610812309021576 298.43265769470975 123 105 97 0.17505451599031638 40 8347 50 8286 41 8290
4436 5.7654377071772487 -32.991584397356498 298.22863309130656 56 50 73 0.16568295103779296 40 8350 50 8289 41 8293
4437 21.601302044191307 -31.464534294173866 294.26966905724345 252 245 242 0.095522398450775106 40 8349 50 8540 41 8294
4438 37.62884983582623 -28.410163714794443 296.83030166371771 60 51 43 0.25725643345068933 40 8352 50 8290 41 8296
4439 37.62884983582623 -28.410163714794443 296.83030166371771 60 51 43 0.25725643345068933 40 8353 50 8291 41 8297
4440 50.673508552514406 -27.580259359144456 299.80134316016853 59 45 62 0.62932972792390107 40 8592 50 8292 41 8298
4441 50.931411335116479 -27.717414097901976 301.54293129940146 59 45 62 0.21870236437429735 50 8293 41 8299
4442 81.676451324288465 -22.972414455550688 300.03371527898298 47 49 63 0.53311130060186729 40 8355 50 8542 41 8300
4443 81.676451324288465 -22.972414455550688 300.03371527898298 47 49 63 0.53311130060186729 40 8354 50 8543 41 8301
4444 -8.5336493567391436 -31.538349329717679 302.34859976418852 41 37 47 0.7795152071874476 40 8357 50 8298 41 8302
4445 71.622815743534758 -23.067938403814185 299.7669328479833 73 53 46 0.46278763241052384 40 8359 50 8545 41 8303
4446 -77.72184279490925 -27.904595309804996 280.76074455726484 37 25 41 0.22645539963357098 50 8301 41 8304
4447 66.165209492758336 -23.109072609792072 295.22663858278565 103 85 84 0.20073749538388799 40 8358 50 8299 41 8305
4448 79.087141860942324 -21.154801132915434 296.8217556488288 163 132 107 0.69754397178157124 40 8360 50 8300 41 8306
4449 63.253418796860103 -23.29474223495912 302.08567247416613 159 134 118 0.46071376155836025 40 8364 50 8303 41 8307
4450 63.253418796860103 -23.29474223495912 302.08567247416613 159 134 118 0.46071376155836025 40 8363 50 8302 41 8308
4451 65.387085919938926 -20.763931162191422 296.64975181528052 172 130 108 0.14650111466696977 40 8365 50 8304 41 8309
4452 -59.622536435265545 -25.070117795461581 276.15660655986972 41 31 42 0.28561595961083303 40 8366 50 8305 41 8310
4453 -59.622536435265545 -25.070117795461581 276.15660655986972 41 31 42 0.28561595961083303 40 8367 50 8306 41 8311
4454 -63.823273481455061 -24.463923547909829 276.56533829977997 130 84 57 0.31827810442682464 40 8368 50 8308 41 8312
4455 -73.684332019415862 -23.97131673968239 280.87873904529545 56 42 44 0.30640553050661784 40 8369 50 8310 41 8314
4456 -50.64569980549107 -22.7525392127204 274.59134056193022 83 75 55 0.35843181578919947 40 8372 50 8553 41 8315
4457 54.750156948065516 -17.940221218461858 285.52807430635096 93 71 71 0.73579869696749156 40 8374 50 8311 41 8318
4458 -60.403299421190567 -22.009004422833911 274.09504666199535 135 86 75 0.3092948942919157 40 8375 50 8314 41 8319
4459 -58.364100323182029 -22.393970247086443 274.63995608621929 141 102 95 0.17560629897821858 40 8370 50 8312 41 8320
4460 36.511075199190273 -20.289622817124037 300.08131935686089 39 35 53 0.92424275671105038 50 8554 41 8322
4461 -1.0345550776844523 -20.613994127918293 282.1903097744148 122 112 74 0.19795745121987127 40 8377 50 8320 41 8323
4462 -1.0345550776844523 -20.613994127918293 282.1903097744148 122 112 74 0.19795745121987127 40 8378 50 8319 41 8324
4463 -68.742929244384825 -19.512030439439577 274.24951119333576 23 24 29 0.4594157246484003 50 8321 41 8325
4464 -61.482649098499394 -20.225647765360108 282.10944372953981 52 21 43 0.52385579113161829 40 8379 50 8015 41 8327
4465 -75.620101076524463 -17.020392196984162 271.83552056222135 28 28 35 0.47446057755326843 40 8383 50 8323 41 8328
4466 -75.620101076524463 -17.020392196984162 271.83552056222135 28 28 35 0.47446057755326843 40 8384 50 8324 41 8329
4467 66.03439250420395 -10.863452660646765 288.01994353438437 117 65 68 0.27737413808820516 40 8388 50 8326 41 8332
4468 80.666367851032632 -8.9593268024860055 294.75213712590619 41 32 56 0.31148668772996568 40 8389 50 8562 41 8333
4469 -41.555317412577253 -16.358910630185363 266.20432437831744 22 22 32 0.51583421217575709 50 8328 41 8335
4470 77.340068803689007 -8.5683562809086684 290.00457725607248 191 126 121 0.17166855276115967 40 8391 50 8327 41 8336
4471 -50.543281098863233 -13.804476863898307 244.53518343158561 141 123 91 0.25181858734360785 40 8392 50 8333 41 8337
4472 -48.897085294153008 -14.099349000806173 257.88670228733378 38 25 30 0.50893444991545267 50 8334 41 8340
4473 51.907060412690704 -4.4348226857218798 281.49783160384044 78 45 53 0.34592288295153756 40 8414 50 8342 41 8354
4474 -61.539354593801072 -7.2310240060017792 250.23565779302126 64 51 46 0.48827655555423116 40 8417 50 8347 41 8355
4475 61.435550792960029 0.71680658211946124 279.86430086842523 18 23 33 0.16259628947706312 40 8423 50 8353 41 8360
4476 32.326783332151962 1.3499912427619793 283.63091178067049 21 24 35 0.69857669666876332 40 8428 50 8361 41 8367
4477 35.633013749368594 3.8813733108066191 203.47813356600469 54 40 40 0.43835555315883884 40 8429 50 8367 41 8368
4478 -57.711062706189537 0.29769704763968691 235.87149052307441 179 158 145 0.17661142833844734 40 8431 50 8364 41 8370
4479 -57.711062706189537 0.29769704763968691 235.87149052307441 179 158 145 0.17661142833844734 40 8432 50 8365 41 8371
4480 -64.904280114608724 5.1963355141172727 235.40313802055948 55 32 33 0.53945724379939031 40 8447 50 8374 41 8386
4481 31.539644823547548 11.586750962533108 210.53043654200411 64 43 39 0.56745758810152114 50 8387 41 8398
4482 -35.441796771313548 10.529202698980134 229.8104541207037 124 97 64 0.4814437017433657 50 8595 41 8402
4483 -63.324329548941975 19.722431632798802 226.9638442599838 102 84 70 0.44645691875806587 40 8480 50 8412 41 8423
4484 -63.324329548941975 19.722431632798802 226.9638442599838 102 84 70 0.44645691875806587 40 8481 50 8413 41 8424
4485 47.255466176949447 24.95665647111052 205.45878704063418 182 169 76 1.0172057769841079 50 8150 41 8427
4486 30.982906697792817 28.799443634730654 199.812389126836 117 77 46 0.3068967838025255 50 8443 41 8438
4487 -56.700407046870104 28.939860622808162 215.00144211397762 34 34 4 0.19655488796607704 50 8445 41 8441
4488 38.390735175534076 35.206780671000793 187.8941981282245 173 119 99 0.061573847780640165 50 8461 41 8453
4489 -11.725833930355268 33.305084204377799 196.27745460571902 66 39 17 0.10788728300547509 50 8464 41 8455
4490 26.966387152422936 36.268365557015265 190.74860932564877 88 57 49 0.30552072612225761 40 8684 50 8468 41 8461
4492 12.559524737340851 42.399026797548174 173.67904008612246 70 69 32 0.21080193395419453 50 8230 41 8489
4493 -74.21345943882632 -39.391943622782009 284.63798817957991 252 249 241 0.38623730564973874 40 8584 50 8533 41 8514
4494 -74.21345943882632 -39.391943622782009 284.63798817957991 252 249 241 0.38623730564973874 40 8585 50 8534 41 8515
4495 76.499899224415856 -32.43752339836476 302.63128887824325 136 114 96 0.24126476336770963 40 8338 50 8535 41 8516
4496 -46.502300532440252 -34.773409321797956 277.60624978521616 174 143 95 0.30152552376856284 40 8724 50 8672 41 8517
4497 43.742666852286597 -32.958515409124487 301.96570369250304 160 138 123 0.13842730213271859 40 8345 50 8538 41 8518
4498 42.576026657039094 -28.899501314797408 295.30138049700423 79 79 76 0.40221760346996538 40 8590 50 8541 41 8519
4499 -71.317046686747446 -29.27623144546126 274.57576080453538 48 30 48 0.69142349370219469 40 8591 50 8295 41 8520
4500 46.001980549695418 -24.486922288953455 297.11217654991054 47 47 52 0.31244991012079509 40 8593 50 8547 41 8521
4501 33.057658167312049 -25.32503430548697 295.66742715674991 103 82 78 0.16166134816877362 40 8594 50 8549 41 8522
4502 77.661703344119459 -18.750530287165162 299.38137120291248 49 47 50 0.40721477488357999 40 8596 50 8550 41 8523
4503 28.346167427537761 -24.593481589588738 297.80308006328255 50 51 54 0.20959258480655438 40 8597 50 8551 41 8524
4504 41.340718546070669 -19.796269517334224 294.97373063493382 46 43 49 0.49042084000363112 40 8599 50 8552 41 8525
4505 38.637445137496769 -19.774049306714023 295.32249123815808 170 126 86 0.11454930108971 40 8598 50 8555 41 8526
4506 49.832365565022911 -18.484702797948088 296.5538558207956 149 108 81 0.39249781270932371 40 8600 50 8556 41 8527
4507 65.671183408018649 -16.550267729407693 300.05596062321297 35 28 38 0.43181283328919545 40 8602 50 8683 41 8528
4508 70.571192006982145 -15.132886217607375 290.37601127092245 57 47 55 0.15210195073639163 40 8601 50 8557 41 8529
4509 73.60127227760799 -13.065046525502266 288.95298325637867 56 45 54 0.17104805779919083 40 8603 50 8558 41 8532
4510 44.923366444026122 -16.001230164437587 289.56917448574495 23 23 42 0.29333339393277252 40 8606 50 8559 41 8533
4511 33.582118022465743 -14.944031380305761 290.51703441882267 27 32 40 0.23932969987542416 40 8608 50 8564 41 8536
4512 33.582118022465743 -14.944031380305761 290.51703441882267 27 32 40 0.23932969987542416 40 8609 50 8565 41 8537
4513 53.495605282836294 -10.798109282794202 286.1685634362089 36 23 36 0.51861056069187994 40 8610 50 8566 41 8538
4514 58.070196840281845 -9.9774798730196839 292.43779091129892 80 38 57 0.64941071020163232 40 8396 50 8331 41 8539
4515 32.557625509614986 -10.799284454861354 274.26949740294538 111 91 84 1.3855257941053718 40 8400 50 8569 41 8542
4516 33.370243419464465 -10.937508203345118 281.38556548156612 111 91 84 0.30035300899364786 50 8568 41 8543
4517 64.705452722817199 -7.3122827846495495 287.10106994828129 133 97 88 0.74895002948076561 40 8611 50 8691 41 8544
4518 55.782435980698651 -3.3854614515448578 284.54664774057994 81 37 60 0.4603461416813987 40 8614 50 8573 41 8547
4519 -42.242064159800016 -7.7555128977875913 245.53229494192792 42 39 42 0.22114433125137103 40 8615 50 8574 41 8548
4520 -67.246943694258505 2.2509442836809699 232.49343998338986 36 25 36 1.3301442812100837 40 8437 50 8581 41 8565
4521 81.09982164757534 13.356059856265551 279.07417121430217 17 16 33 0.68917990807828311 40 8633 50 8580 41 8567
4522 -69.27350755142227 4.3160453912615324 232.83371851170011 172 96 91 0.99283032765770207 40 8636 50 8589 41 8569
4524 -52.849307451204133 -37.920032286505581 282.18261336387752 62 50 46 0.28416994016343239 40 8720 50 8668 41 8645
4525 -33.084807759102937 -37.364578018156614 287.65284963265918 46 40 47 0.078815646360865937 40 8721 50 8669 41 8646
4526 85.828751012278602 -28.800963870105207 305.62533225631825 71 64 70 0.12529823493648182 40 8723 50 8671 41 8647
4527 -44.759584938349903 -31.406517277046795 276.43316371573974 71 57 57 0.29339928691716977 40 8725 50 8674 41 8648
4528 74.483973521866105 -21.341293545962145 299.26020381908836 184 149 111 0.33603529762102496 40 8727 50 8677 41 8649
4529 -73.004127193303034 -26.131511361403678 274.95769044260658 145 100 89 0.57362727853613682 40 8729 50 8678 41 8651
4530 -73.004127193303034 -26.131511361403678 274.95769044260658 145 100 89 0.57362727853613682 40 8730 50 8679 41 8652
4531 -55.28496194859256 -26.517633152690376 278.10760897119349 146 114 82 0.45536282763343988 40 8731 50 8680 41 8654
4532 24.404944342190564 -24.997108621122052 297.71675746499545 35 42 54 0.63489059394773617 50 8681 41 8655
4533 3.5496840517112123 -24.658459591497571 281.89416200234956 38 44 61 0.93612209108773781 40 8734 50 8682 41 8656
4534 -73.357202605433329 -21.724915155307254 275.23289008785042 25 27 39 0.35002123214112285 40 8735 50 8684 41 8657
4535 -55.934018572761168 -19.409057126020819 274.03432863787759 25 23 29 0.21588054804561665 40 8738 50 8685 41 8660
4536 -71.901463546117427 -17.30732539152643 272.71163019997977 70 61 57 1.0205541218833245 40 8741 50 8686 41 8662
4537 -0.76938027906082274 -15.159747452974198 258.92292454370568 19 29 35 0.33037584071647674 40 8743 50 8776 41 8665
4538 37.655914204357046 -13.283302661192774 287.06054236549494 72 59 56 0.64087712212864723 40 8745 50 8688 41 8666
4539 -70.779749260060854 -12.627772636526695 267.04317425195734 22 20 32 0.56498044178944351 40 8748 50 8692 41 8669
4540 -32.964600790870612 -12.154284512387143 247.13635393033107 57 51 26 0.94110720001423942 40 8749 50 8696 41 8670
4541 -43.647104069360374 -11.997294500979686 256.73466403476351 145 147 63 0.24241079553381042 40 8750 50 8781 41 8671
4542 53.28403474287321 -7.0654294292768736 281.85819023926757 235 136 113 0.46144040753495114 40 8751 50 8694 41 8672
4543 53.28403474287321 -7.0654294292768736 281.85819023926757 235 136 113 0.46144040753495114 40 8752 50 8695 41 8673
4544 77.045809038333061 -3.5663329793411416 289.12312071506699 51 47 62 0.1212323957543968 40 8753 50 8697 41 8674
4545 79.685463219992386 0.20006984073415057 288.69743173797701 225 194 181 0.20968788371114644 40 8755 50 8701 41 8675
4546 79.510874541039783 4.6103196229847256 287.60547417356025 36 33 50 0.25380061568729367 40 8759 50 8705 41 8680
4547 -75.624834472217316 -2.4961597281072612 258.71555736725992 82 71 25 0.38580870360012626 40 8761 50 8708 41 8681
4548 -55.120899254912324 -0.85687811510101075 241.06882000179812 23 23 20 0.88538679052783598 40 8763 50 8710 41 8684
4549 -64.908915051319795 16.727735952380797 226.32429198890841 23 20 24 0.074400934590237985 40 8776 50 8723 41 8698
4550 -12.792502051240271 20.21957067681878 195.8263753457897 119 115 98 0.39488463732097978 50 8734 41 8706
4551 -8.773121963962387 23.853358438494897 194.95618339439963 48 34 35 0.26500752449326864 50 8739 41 8712
4552 -3.4582170070049703 25.13785358956369 197.35268346576987 194 167 135 0.96685094609864697 40 8791 50 8621 41 8714
4553 -8.7961069503401603 32.37083259293712 191.24934195441082 54 48 25 0.98481587211568578 50 8744 41 8720
4554 -63.821034557516427 -39.541556391293824 285.42634820320131 25 35 43 0.5667315935386158 40 8815 50 8763 41 8742
4555 26.766069385224306 -36.699905370208874 300.49628276597849 159 137 112 0.49157318423208274 40 8816 50 8764 41 8743
4556 -73.448759701602796 -26.289993594214188 276.39139555130004 145 101 89 0.04854650119826661 40 8817 50 8767 41 8744
4557 -73.448759701602796 -26.289993594214188 276.39139555130004 145 101 89 0.04854650119826661 40 8818 50 8768 41 8745
4558 -67.65641365374924 -24.35319651823924 277.08606591507208 23 28 37 0.62386107690529713 40 8819 50 8769 41 8746
4559 -67.65641365374924 -24.35319651823924 277.08606591507208 23 28 37 0.62386107690529713 40 8820 50 8770 41 8747
4560 1.327343922128013 -20.794253396864718 279.08585223468464 130 103 70 0.11408208010872352 40 8822 50 8771 41 8748
4561 74.172723273469984 -8.971619533902631 289.37409455193324 226 131 118 0.31059366307304409 40 8824 50 8773 41 8750
4562 -50.341363029509147 -12.827745530629665 246.3612301991007 97 85 55 0.077148935758674625 50 8779 41 8751
4563 68.392024767184523 -6.7439732097701919 287.34862724546866 183 144 112 0.39064728311600067 40 8826 50 8778 41 8752
4564 46.236227758405725 -9.0389090884702163 286.1599156714214 125 94 85 0.25899052372694026 40 8827 50 8780 41 8753
4565 65.991544133195646 -2.1159744376798835 288.46550006792006 20 27 41 0.40488143392794934 40 8828 50 8783 41 8754
4566 -61.636767198689505 2.1712376374092468 237.82672850060564 51 43 23 0.29367160666542408 40 8834 50 8789 41 8760
4567 -60.13683166740001 -34.285924184055368 279.77744148452035 98 108 68 1.0409682916617939 40 8869 50 8818 41 8798
4568 76.174003240741825 -26.999799750050407 299.06664435015267 48 45 51 0.10908100885983103 40 8870 50 8819 41 8799
4569 -48.07443318394273 -27.98466051203015 278.43723973203493 59 52 52 0.45113182445404082 40 8872 50 8820 41 8801
4570 82.01007702462924 -14.433669033676903 292.42773038553048 140 109 71 0.54092430682169546 40 8821 50 8822 41 8802
4571 50.418217803570862 -18.201992053280104 291.20012219135094 151 99 73 0.34689128784168766 40 8873 50 8823 41 8803
4572 50.418217803570862 -18.201992053280104 291.20012219135094 151 99 73 0.34689128784168766 40 8874 50 8824 41 8804
4573 73.399524891945447 -14.901219544865638 287.84633117236933 72 70 69 0.56082200428251816 40 8875 50 8825 41 8805
4574 -62.090159677768447 -14.942037186514805 256.19936506776799 15 18 25 1.0229443878386999 40 8876 50 8826 41 8806
4575 73.424490539383171 -2.786599508580863 289.79493957799014 43 43 53 0.066432902764310298 40 8877 50 8827 41 8807
4576 -60.834370681578001 -6.9850863515314563 237.72204497212175 90 75 24 0.33817125658840358 40 8878 50 8829 41 8808
4577 -55.926274845445064 2.3325466993717825 232.66957655522657 158 135 114 0.35124905443696486 40 8879 50 8832 41 8809
4578 66.752249795577725 -29.555952278887453 301.176391668924 173 147 122 0.16464089372987847 40 8906 50 8859 41 8834
4579 41.046909421419414 -10.906516472108951 284.88175406353798 98 83 47 0.17626172713044663 40 8911 50 8862 41 8840
4580 32.607858536398673 43.192210793793059 185.38173616937931 54 46 31 1.3579301497058891 50 8889 41 8872
4581 -65.560309291900666 22.393253668295042 226.88561717576803 13 8 7 0.58573236734385514 40 8954 50 8899 41 8879
4582 -32.172741800410286 -26.066504529657411 264.10000279381063 66 54 56 1.1565744609992639 40 8961 50 8906 41 8886
4584 21.359129199739876 -23.294575291655995 295.89962424660649 39 40 69 2.0730039118744772 40 5566 50 6741 41 5531
4585 -29.992597145664845 30.363903623761804 194.63852144027453 24 15 0 2.1932716105482299 40 7223 50 6196 41 7160
4586 -3.525629947341649 -8.0888878404393303 212.84004688158137 46 33 32 2.2114770328682014 40 8613 50 8702 41 8546
4587 -41.696705997728081 49.294117060685863 201.82776606497947 15 8 11 3.3796589371856882 50 8656 41 8628
4588 -45.671314685302839 -1.155163981953703 231.84848773296943 55 74 24 2.2799900803231794 40 8831 50 8831 41 8757
4589 -25.899722671124113 -5.1377501391780536 227.53829235021794 234 200 178 2.0828575693487195 40 8950 50 8894 41 8875
4591 21.207708979186499 7.9628597744211911 194.83102935786866 15 16 22 2.2848264063841892 40 8975 50 8923 41 8900
