# 3D point list with one line of data per point:
#   POINT3D_ID, X, Y, Z, R, G, B, ERROR, TRACK[] as (IMAGE_ID, POINT2D_IDX)
# Number of points: 4557, mean track length: 2.8354180381830152
1 -14.692974183275771 -23.838848634882176 221.28121392494674 85 69 56 0.36410362755022807 47 295 37 328 46 317
2 -16.090629553896498 -21.707382277727167 214.78407695872238 42 22 14 0.13141128928651025 47 367 37 380 46 383
3 -14.793994642551867 -21.704750579549856 216.18328460464087 209 189 180 0.16759239918680502 47 376 37 389 46 385
4 -11.628549358787883 -21.827474658718295 216.91867460425394 71 65 71 0.20038480189589145 47 373 37 390
5 -15.963522380616608 -19.790939563182526 216.96464960253383 154 125 103 0.085328109368925098 47 463 37 484 46 478
6 -15.963522380616608 -19.790939563182526 216.96464960253383 154 125 103 0.085328109368925098 47 462 37 485 46 477
7 -15.866012227982246 -19.314184479817598 216.78576046499043 222 197 178 0.24496822269953578 47 479 37 504 46 496
8 -17.255397259571005 -17.932015739775039 216.7569375905625 248 234 213 0.14279084093540531 47 545 37 560 46 563
9 -15.020110605083492 -16.904391222725682 217.61889238351861 110 91 77 0.24577521193265703 47 592 37 618 46 608
10 -14.666525132053446 -16.732337801780872 217.8403876786661 153 138 129 0.1484755865905478 47 599 37 631 46 3751
11 -15.406853745134162 -15.032163111000996 218.0609651374763 151 125 104 0.34307358522344722 47 679 37 700 46 696
12 -14.432546010393226 -10.925815417418356 213.73505612470802 181 133 125 0.099070151183101376 47 826 37 852 46 845
13 -13.107809444827842 -11.162110183805083 218.29348378889904 46 28 31 0.23402173200887044 47 824 37 857 46 840
14 -24.199824670994111 -10.157610581803192 219.69461447804633 50 31 2 0.20641582977305464 47 858 37 884 46 873
15 -8.6209916885477185 -9.4272592659744348 210.42403235419309 50 16 18 0.090608234663921469 47 877 37 891 46 894
16 19.824170847985307 -7.3709348090097215 206.55188762725587 227 211 196 0.14796329803865194 47 3872 37 908 46 3952
17 -41.553283043406324 -9.9554365699837906 234.89603206053278 123 112 96 0.27389684091050887 47 864 37 924 46 885
18 -7.1186531409244278 -8.6457443917526966 210.99714210212412 247 214 205 0.15396778981023543 47 3879 37 930 46 921
19 15.497932218580505 -7.4494594429403449 209.64949574744662 139 118 107 0.22251478833412353 47 917 37 934 46 929
20 -7.4201362442855165 -8.3779666794068426 210.84532229013166 54 26 15 0.15566662247740387 47 925 37 940 46 938
21 14.524279750155429 -7.3131068503165455 209.30219235854784 157 137 128 0.26389930827229752 47 927 37 941 46 947
22 -21.601063877696948 -8.3072525913390241 214.95952594166556 198 175 160 1.0301134892475585 47 3892 37 962 46 3981
23 -22.674441117262319 -8.2741919512240543 217.61013877352443 153 126 106 0.18848196148925303 47 940 37 970 46 957
24 19.052153014740874 -6.1525893246100978 206.84955031765321 232 209 196 0.12623068601561896 47 965 37 974 46 980
25 -1.8164992597312919 -7.5557450575702712 212.52809839746578 59 43 37 0.07887423733555872 47 958 37 983 46 975
26 -5.5560084454392289 -7.2640034386627432 207.04121478185519 219 182 181 0.13640489708747852 47 976 37 987 46 990
27 -33.035723579279903 -9.3747565185579109 242.94472094784101 53 50 25 0.29860644814774323 47 905 37 993 46 926
28 -33.035723579279903 -9.3747565185579109 242.94472094784101 53 50 25 0.29860644814774323 47 906 37 994 46 927
29 13.917852394847628 -5.980646791612811 209.22059464571143 248 223 204 0.10429726582604054 47 991 37 1013 46 1008
30 13.917852394847628 -5.980646791612811 209.22059464571143 248 223 204 0.10429726582604054 47 990 37 1014 46 1007
31 -20.727112036793951 -7.3286402500852148 216.51154371897655 124 100 72 0.26463614397286778 47 983 37 1018 46 1003
32 13.334008382520521 -5.7477912758217853 209.70818686552133 254 231 207 0.05018466665691991 47 1008 37 1034
33 16.338935320664987 -5.2805103981873298 206.81354472030847 152 124 113 0.072831304131378921 47 1019 37 1035 46 1032
34 2.4816035059743116 -6.0553605564752688 207.07558791478755 51 30 17 0.12312599796088868 47 1025 37 1038 46 1038
35 -26.968933578502707 -7.6589746496674707 237.35370603221835 61 42 19 0.31689323338676972 47 3905 37 1068 46 4004
36 -23.168388419426073 -6.5989103590083387 218.63671728520072 212 186 163 0.071005324168013043 47 1024 37 1069 46 1037
37 -13.40472994859703 -6.3243547206970154 215.1430697044033 177 142 117 0.058570653254020034 47 1035 37 1078 46 1052
38 -12.049819860567068 -6.1909266294422709 214.46036593365258 176 141 114 0.036820509923103026 47 1039 37 1083
39 -3.2684808226732502 -5.2154565791576353 203.72978180599935 234 192 189 0.19327864071693401 47 1066 37 1089 46 1067
40 -4.4792736692829394 -5.1575645400045023 205.85808616483101 227 205 190 0.051636525161780751 47 1068 37 1103
41 -41.603944689393444 -6.1514731082686893 234.72636581569083 96 89 58 0.33715598688008092 47 1028 37 1110 46 4027
42 -9.4743389585430293 -5.4079293308414416 212.03439701743039 244 208 188 0.13303636854667045 47 1065 37 1112 46 1074
43 -41.853746788834655 -5.7327669496003875 234.23531390119061 60 54 18 0.43851132533431586 47 1046 37 1126 46 1062
44 17.032384917097001 -3.4850788481887198 205.16426540872712 206 184 172 0.046867712086507009 47 1087 37 1134 46 1096
45 -1.3335171771581087 -4.0963302869354701 200.81804004643251 242 177 183 0.084202343287989159 47 1099 37 1143 46 1110
46 -1.3335171771581087 -4.0963302869354701 200.81804004643251 242 177 183 0.084202343287989159 47 1098 37 1144 46 1111
47 -8.3465364270773321 -4.8047569836951132 211.87988669894705 241 212 188 0.1744437161345086 47 1084 37 1147 46 1094
48 20.514051327075443 -3.0252093277185956 206.43310719263434 57 57 69 0.12152392212569119 47 3974 37 1149 46 4072
49 18.729681951336943 -3.1393293585596584 207.0928060070282 97 95 105 0.36509828619750406 47 1094 37 1155 46 1103
50 -14.758527280805122 -4.8481487866469708 215.60626852333345 163 128 103 0.15559063102798057 47 1081 37 1161 46 1091
51 -12.046733955971897 -4.8722024809937245 215.6939108732997 234 201 176 0.18174461297641012 47 1082 37 1162 46 1092
52 15.544623949040343 -3.0977819092294347 204.13221316264509 61 45 42 0.16565160468157281 47 1110 37 1163
53 -41.39040638634286 -4.9391861737278751 232.74691547232715 95 90 63 0.5185369228943113 47 1067 37 1167 46 1083
54 -2.742042346540571 -3.7960841318492857 202.80191518523759 251 235 225 0.090890111394039574 47 1119 37 1172 46 1122
55 3.8825761560594678 -3.6526797253459389 206.22796830477245 233 213 200 0.10489530711938054 47 1112 37 1173 46 1119
56 -7.3084235681511505 -4.1350620830397684 210.20241454550847 246 217 196 0.13662111697891896 47 1109 37 1175 46 1117
57 -10.105502326730557 -4.3044730745048749 214.17087819892038 223 189 167 0.088245298334261743 47 1105 37 1178 46 1114
58 -11.662695275454176 -4.2596110566130641 215.39799564173484 235 199 177 0.093547273938014555 47 1108 37 1179 46 1116
59 13.669846204917436 -2.5741026483561038 202.87389995399928 33 27 34 0.10161095333547017 47 1134 37 1185 46 1143
60 3.60326483657661 -3.1801660646392484 206.51559009463423 47 28 26 0.40455156677851423 47 3989 37 1189 46 4091
61 19.676410892771713 -2.1134514636756401 205.52481792807311 53 53 65 0.11846976962082996 47 1135 37 1190 46 1144
62 -11.792023839921857 -3.7821525523931925 212.91096063745243 217 182 159 0.89844253154120424 47 1126 37 1191 46 1133
63 -5.8204634574905425 -3.3837637952941084 207.51527993217536 249 220 200 0.082330235010607142 47 1141 37 1194 46 1146
64 12.029691011116187 -2.3394037428255583 202.23490745914376 203 194 205 0.19271835468763066 47 1150 37 1197 46 1159
65 -15.632983143262782 -3.7283039190216503 216.25041803390064 231 205 180 0.45192378466205652 47 1125 37 1202 46 1142
66 -3.0345688962849366 -2.8089068092134934 203.37599331828224 217 194 174 0.61013481337991127 47 1153 37 1206 46 1164
67 -16.462484958750075 -3.4895520328045886 215.3941049286839 220 196 170 0.17249438194709935 47 1139 37 1207 46 1151
68 -7.6845211957827475 -3.2053934824934691 210.45173999711795 228 195 170 0.10245813124670038 47 1145 37 1209 46 1157
69 6.9883035676668612 -2.0280379047718253 202.09839414789414 59 38 36 0.11119497528440914 47 1162 37 1219 46 1175
70 6.9883035676668612 -2.0280379047718253 202.09839414789414 59 38 36 0.11119497528440914 47 1163 37 1220 46 1176
71 -40.324810264534044 -3.2270968570237999 231.17029466786147 157 146 153 0.12764289953756328 47 1132 37 1223 46 1139
72 -40.324810264534044 -3.2270968570237999 231.17029466786147 157 146 153 0.12764289953756328 47 1131 37 1224 46 1138
73 16.051792488705168 -1.2660305465083539 204.11269879048635 74 74 84 0.30670230627149303 47 1168 37 1227 46 1185
74 -50.005042444148451 -2.5173258647467254 231.31977186917763 130 105 102 0.11818734479736874 47 1137 37 1229 46 1149
75 20.250416244546056 -0.99597579894118848 206.14247362925497 88 84 95 0.10263578034654768 47 1166 37 1231 46 1183
76 -7.4237238949225341 -2.4474186309269137 210.98235935049684 255 224 201 0.091262010894015991 47 1165 37 1232 46 1182
77 -6.2704221341744626 -2.3765199983850405 208.61458529830975 205 175 151 0.20706304876496914 47 1167 37 1233 46 1184
78 17.477477706968617 -0.71568064352294947 206.44158745276218 48 46 56 0.11661292674272312 47 1177 37 1241 46 1194
79 -13.248090256701124 -2.2521418911523639 215.87679453764605 218 188 172 0.09529453598663902 47 1170 37 1252 46 1188
80 17.782747728707797 -0.50894776891750237 205.2231909540067 91 89 99 0.23767185347687758 47 1180 37 1253 46 1199
81 21.846400404212147 -0.31403879993188838 209.65301682076995 106 105 120 0.32947016783690813 47 1174 37 1254 46 1195
82 -4.9482255179597168 -1.4333484395224267 206.28712470902735 163 130 105 0.24981935471473618 47 4029 37 1260 46 4121
83 0.10934068361858709 -1.0112946302356223 200.10533981519544 250 216 196 0.46920709958264673 47 4039 37 1261 46 1203
84 -37.159849241458595 -1.9689358734086684 231.41186732203636 90 101 62 0.51302668987101829 47 4011 37 1263 46 5816
85 9.0915410222583013 -0.46633414134166118 200.41659038027723 57 42 40 0.082254246948107596 47 1197 37 1266 46 1209
86 8.6840304021474761 -0.41145393790218587 200.25479238039966 226 210 204 0.11386253886907664 47 1199 37 1270 46 1213
87 -50.591679628846897 -0.363679491178104 216.08254658076606 46 26 0 0.064435943049558755 47 1182 37 1273 46 1200
88 -4.2839401768304191 -0.94447163607051021 206.18292861263961 145 110 85 0.1529531385789151 47 1198 37 1276 46 1212
89 -8.0623362648970698 -1.0923392756633044 210.92319025941578 229 207 184 0.26386798759276803 47 1193 37 1279 46 1206
90 7.0393143285212041 0.02491786593843278 202.5008158246122 34 22 16 0.048217061942780949 47 1206 37 1285 46 1228
91 -29.863171548339135 -0.83520074545897149 217.62403598202383 154 79 68 0.19897961720204257 47 1194 37 1289 46 1211
92 9.3247909592302687 0.35530999736206126 201.05470221361449 74 74 82 0.1563884425360067 47 1212 37 1290 46 1232
93 16.735148221277495 1.1012372615185544 206.08414660267712 80 80 90 0.10767827485801597 47 1218 37 1301 46 1242
94 16.735148221277495 1.1012372615185544 206.08414660267712 80 80 90 0.10767827485801597 47 1217 37 1302 46 1241
95 2.0284029853372245 0.61691757378994416 196.07130764582917 193 158 145 0.031120580084734256 47 1236 37 1305
96 2.4006058494930218 0.58101542662618011 198.29952266523077 251 216 201 0.18659376903615199 47 1230 37 1306
97 -13.980699140402264 -0.12256519931993723 216.01989974433431 148 109 84 0.36565780298847811 47 1215 37 1310 46 1236
98 21.698739157707625 1.6841681972351219 209.2393612261003 79 82 91 0.011732726842494936 47 1222 37 1311
99 13.357302027183124 1.3892524252470511 202.54591610046688 37 37 47 0.14331656483170746 47 1237 37 1313 46 1253
100 31.676868011162455 3.406191671260816 200.82042932039602 34 20 20 0.40864766243672884 47 1251 37 1322 46 1272
101 -23.108461080808777 0.28612445034327477 219.14434218022097 240 205 178 0.11967985818048943 47 1220 37 1324
102 -50.385923636701037 1.586182531597762 217.80480265651718 55 43 15 0.075742984861048593 47 1225 37 1326
103 -4.90809776207543 0.91485838436397404 207.64878037218102 245 216 196 0.13413370189459903 47 1245 37 1327 46 1267
104 29.406832294698233 3.3658127069651864 199.43859186002089 125 92 94 0.35862029924603012 47 1259 37 1328 46 1278
105 11.995250213438215 1.8503769251605573 201.42442165825349 29 29 39 0.69380565267554695 47 1257 37 1330
106 -21.559031030681833 0.72695772783190271 218.51189374657602 216 155 139 0.27921002081633001 47 1235 37 1336 46 1256
107 -13.40621947778979 0.73148063550651587 218.99387793144172 138 95 71 0.42281470071535193 47 4072 37 1337 46 4153
108 33.731696761147916 4.0799071662423216 199.59029888902231 35 28 31 0.55334749914526593 47 1271 37 1340 46 1282
109 3.8019267106770878 2.0292396066059317 196.15196720319022 236 196 171 0.19849500490571961 47 1288 37 1346 46 1299
110 -20.088203024064917 1.1124667643231794 217.19803805038674 222 192 166 0.30796124195874203 47 4080 37 1348 46 4161
111 14.828446260637884 2.5675003451031961 211.24272581869843 45 43 53 0.17855276127442343 47 1270 37 1354 46 1286
112 33.829874396974162 4.6798954985915966 199.13845576793432 155 138 122 0.3337665620865104 47 1293 37 1355 46 1307
113 -12.689658916762028 1.5131999696893803 217.44904091421765 164 117 83 0.27343871133554498 47 1261 37 1359 46 1285
114 -33.041505751952656 1.8295447968446179 217.63584838737802 177 178 147 0.13528107109374382 47 1268 37 1365
115 -1.8409218513844683 2.1704500653696304 201.71590941463683 244 219 202 0.63886466533379538 47 1296 37 1366 46 1311
116 5.6328495206452498 2.5885494642723987 193.90207914813618 231 189 165 0.26586927660367105 47 1307 37 1367 46 1317
117 -32.560982694404878 1.9182971592829459 218.13827871912332 51 43 31 0.18150460486892103 47 4087 37 1372 46 1290
118 -45.36275954422203 2.7125997819610692 218.02982929816537 33 16 14 1.4064618192724012 47 4094 37 1379 46 1296
119 20.193349591874654 3.8613112055129641 208.65569775934659 93 93 103 0.040369248147609289 47 1300 37 1384 46 4190
120 2.4412060835421285 2.9924086552782492 197.87292879168137 213 170 155 0.061098218326752274 47 1331 37 1386 46 1339
121 30.698280832972628 5.1703722703093051 199.20615430549776 119 97 90 0.13037236714875533 47 1329 37 1387 46 1342
122 8.4914531952223395 3.7052659756107045 192.85113690625323 187 153 135 0.15458009998503761 47 1358 37 1396
123 -12.523812039089437 2.645048649958909 215.65129676219328 140 96 66 0.23373326358843993 47 1306 37 1400 46 1326
124 -1.5954821574878584 3.1267202137054539 201.18939192259592 251 225 204 0.06174397701388374 47 1335 37 1401 46 1347
125 -6.4036492301683099 2.9964605773557436 210.0613923425928 85 58 40 0.20533358490966683 47 1326 37 1409 46 1338
126 12.235436367429187 3.8463713253405216 203.9727788014917 24 27 39 0.23991926255340748 47 4115 37 1410 46 4205
127 -21.66892156202233 3.0237477858540229 220.11296065253021 124 78 60 0.19386218150883958 47 1324 37 1419 46 1336
128 6.163586522560121 3.9298069946561234 194.01427019532349 221 187 169 0.20521269714794052 47 1361 37 1420 46 1373
129 6.163586522560121 3.9298069946561234 194.01427019532349 221 187 169 0.20521269714794052 47 1360 37 1421 46 1372
130 -7.4957304613319184 3.29999107970503 212.35579356023354 54 15 1 0.05946982803878989 47 1334 37 1425 46 1346
131 -0.71078203814535512 3.6098759614506002 199.18210639224657 252 223 203 0.17289946027566006 47 1357 37 1426 46 1368
132 13.283856624208239 4.3137356037817174 203.33960196997808 75 77 91 0.083826623592979807 47 1353 37 1428 46 1366
133 19.95497850733345 4.9330661515465284 208.22356171956002 47 47 57 0.16788645312657516 47 1352 37 1434 46 1363
134 9.003174721043381 4.4451793168395826 192.78697456521763 188 156 140 0.076984063607964101 47 1376 37 1436 46 1381
135 9.003174721043381 4.4451793168395826 192.78697456521763 188 156 140 0.076984063607964101 47 1375 37 1437 46 1380
136 -8.5191229295024762 3.6278653430648062 211.77423829959119 223 186 160 0.3467228857629126 47 1349 37 1438 46 1365
137 21.04442729738722 5.2382286754420013 210.09990425139532 92 92 102 0.23843537092316439 47 1359 37 1440 46 1369
138 -0.42633766176246368 4.3873723661386022 199.71461540416013 252 223 203 0.47715338465914869 47 1381 37 1450 46 1386
139 -51.494124980354698 5.2646342491152769 227.89389000643311 158 119 82 0.1442455273392923 47 1356 37 1460 46 1371
140 -43.25203932142194 5.0742168237607199 213.60010051947597 52 39 44 0.91037761507823844 47 1366 37 1463 46 4223
141 3.4677543744212436 4.9974965672430631 197.82565683849589 182 141 122 0.27540007848851628 47 1394 37 1465 46 1401
142 21.848982685306009 6.0605783370174002 211.20722520917883 79 78 87 0.1876116908120733 47 1370 37 1466 46 1383
143 37.773906809041961 7.997531311840385 198.12063285454252 41 22 8 0.37316107705329493 47 1401 37 1469 46 4240
144 -26.389528513655538 4.6014893610982224 220.57656603350006 159 140 135 0.13153950468399658 47 4135 37 1473 46 4221
145 -15.458566103850442 4.5334890464420736 217.27153915140079 71 45 26 0.16692153730687001 47 1369 37 1474 46 1379
146 0.32179185083894191 5.1840862904404705 200.40192622834508 245 213 197 0.13317991211423971 47 1404 37 1476 46 1402
147 35.555608091222119 8.0288652688267383 197.88775059103861 135 112 82 0.20881117625131007 47 1414 37 1479
148 2.4375638657261338 5.4220365501769301 198.33308619798942 241 200 184 0.15158999100277015 47 1417 37 1481 46 1419
149 2.4375638657261338 5.4220365501769301 198.33308619798942 241 200 184 0.15158999100277015 47 1416 37 1482 46 1418
150 16.047262579073649 6.3584306035420646 205.50206639726196 45 45 53 0.10842346055256206 47 1409 37 1488 46 1409
151 20.674605193443696 6.7953278550228466 210.63110370642298 65 68 77 0.2679735659974482 47 1398 37 1491 46 1403
152 -6.822483860730495 5.5438652798226302 210.11327576634656 145 104 77 0.2542219444772687 47 1413 37 1495 46 1415
153 -11.299136561783246 5.5313960489314384 215.13517059848874 101 73 44 0.24033767893653338 47 1408 37 1499 46 1408
154 13.861143981800314 6.6757707872393661 203.99462302735122 8 11 20 0.28286350651088571 47 1422 37 1502 46 1430
155 -22.586611345510384 5.7328486292154404 219.41553070777675 71 34 22 0.32239636136599864 47 1406 37 1505 46 1414
156 -23.908972151963233 5.948586226691142 219.85481582064173 148 111 103 0.15624882235911339 47 1415 37 1511 46 1420
157 -16.25085956810727 5.8631175520334429 220.94519559710915 153 131 123 0.33074890826309389 47 1412 37 1512
158 -8.9791699239700034 6.0200968472946137 213.21309923445196 216 189 158 0.18826645699878583 47 1420 37 1513 46 1428
159 -42.977937059445885 6.7312534121673275 215.32067442504746 67 64 70 0.13562880632546523 47 1421 37 1514 46 1427
160 3.8750547843171717 6.6681662212816368 195.25924684209551 60 19 3 0.06760604369773042 47 1457 37 1516 46 1461
161 3.8750547843171717 6.6681662212816368 195.25924684209551 60 19 3 0.06760604369773042 47 1456 37 1517 46 1460
162 -44.787576838467686 7.0519958727907017 213.95086910720477 151 124 117 0.4721257340009008 47 4159 37 1518 46 1442
163 -9.3615820021925131 6.334467582766429 214.53151089989586 156 132 99 0.19583326675685328 47 1430 37 1520 46 1438
164 -9.3615820021925131 6.334467582766429 214.53151089989586 156 132 99 0.19583326675685328 47 1431 37 1521 46 1439
165 -5.1713315654537695 6.4775679504122099 209.3397063956557 224 188 159 0.09135955956468772 47 1438 37 1525 46 1443
166 35.458345563425901 9.8465106136395963 197.8258400072466 71 46 2 0.11123666581964657 47 1472 37 1533 46 1478
167 -51.747082640272687 8.0226835324761385 219.05784956044647 154 132 107 0.44203223692077276 47 1439 37 1534 46 1447
168 -21.320707452723077 6.8057630554624522 217.96497659381063 148 111 102 0.34048332702535777 47 1437 37 1535 46 1448
169 13.557323329666547 7.8421684225175321 204.52819697294046 84 87 98 0.07676044405234278 47 1459 37 1537 46 1470
170 35.521707603790027 9.9346325131806097 196.24907208410244 160 137 93 0.11996632069471543 47 1484 37 1539 46 4284
171 -13.61983664519509 6.9612585781712744 216.09541211811231 43 20 7 0.17335745051221149 47 1447 37 1541 46 1454
172 -26.321474801894855 7.1506394716134132 219.41858093991442 56 50 55 0.48334481491918346 47 1446 37 1543 46 1453
173 -14.088693815376622 7.1638624833151319 217.13101759458175 159 136 125 0.29084051478581774 47 1451 37 1548 46 1456
174 -12.197239380220212 7.1821765270562832 216.5607772848482 223 193 167 0.35741973346079803 47 1452 37 1550 46 1458
175 37.028959567230103 10.421609299412884 197.14496902356234 135 113 68 0.3215835453998358 47 1495 37 1552 46 1501
176 -49.391996579967021 8.179848139959379 222.73095160807952 140 111 62 0.1603030448705248 47 1444 37 1558 46 1452
177 -3.6763281970224062 7.4157274237287929 205.73211600105469 245 214 200 0.10745481813038416 47 4187 37 1563 46 4283
178 3.544393105996734 7.6834948508914822 197.25633342553891 190 149 131 0.29309605145433087 47 1498 37 1564 46 1503
179 -21.217024233176907 7.4282843232411899 218.10293688111656 29 8 8 0.067892808758604095 47 4180 37 1568
180 18.503134022639077 8.7830175946594267 208.1613155439037 66 63 67 0.31520622924904318 47 1483 37 1570 46 1491
181 -5.1877318369727803 7.5977135703220124 207.45975403463291 107 71 45 0.12202139053574235 47 1489 37 1571 46 4287
182 4.0475831820107127 7.9013548420330295 196.9587503343507 162 121 103 0.33964696440774916 47 1505 37 1573 46 1508
183 31.284058346036737 10.012384142434161 197.15176656453485 62 43 27 0.56972544941887082 47 1504 37 1575
184 -22.758727906706856 7.6892600341813155 218.95982547776717 18 5 5 0.59453329775463193 47 1466 37 1578 46 4280
185 29.223472045134876 9.9321873788522677 199.74840979383242 150 123 106 0.3943397104643514 47 1502 37 1579 46 4302
186 -9.3185723029316172 7.8645574577686199 213.19306473754747 192 166 145 0.80664105164994271 47 1488 37 1581
187 -36.08531675166634 8.2794877810579024 215.07208603962312 80 73 55 0.16011411663952246 47 1490 37 1585 46 1499
188 21.258778761220572 9.4938508505062629 207.22974960168352 38 34 45 1.0304803189766427 47 4203 37 1586
189 21.248604981314347 9.490877595090792 207.30514498014355 38 34 45 0.88697585378770105 47 4202 37 1587 46 4299
190 -19.347661355676557 8.0037123174969285 217.41546910860379 39 15 19 0.36928265231231755 47 1487 37 1588 46 1495
191 -53.71969315195814 9.3444667808187329 223.27667460021016 49 23 2 0.16342539267109479 47 1481 37 1590 46 1493
192 -18.724238945454722 8.0580777820691694 216.51732773543878 33 22 20 0.19264309501759583 47 1494 37 1591 46 1500
193 -54.449593116636962 9.5865328098147629 224.47800846037123 174 145 109 0.40921471277861837 47 4190 37 1592 46 4288
194 -25.575298270650112 8.2359066497209756 214.57534824111787 57 38 42 0.96023332318712207 47 4198 37 1593
195 -33.80485752672827 8.5964432292181545 216.97143204950157 142 130 93 0.1164919720287183 47 1497 37 1594 46 1507
196 -3.3430647969815217 8.6406097354147136 205.83379333676811 193 159 139 0.14590867195778254 47 1518 37 1598 46 1524
197 -2.282867067334692 8.6789055219685931 206.37364766656529 247 211 191 0.60230626383578245 47 1519 37 1599 46 1525
198 5.7795370768488592 9.0146250730049786 194.45483041177397 162 116 98 0.19464236278249958 47 1549 37 1603 46 1547
199 5.7778092618180246 9.0131942254882347 194.24823495448877 162 116 98 0.16826435734576178 47 1550 37 1604
200 13.553418629146627 9.584599143244704 203.32025337919828 51 51 61 0.095270805977008807 47 1532 37 1606 46 1536
201 -44.385991882048877 9.4883779658806144 213.74270063729969 74 41 43 0.13220040562919391 47 1517 37 1607 46 1523
202 -4.3475672901857143 8.8441297833907644 207.38869684128403 245 211 189 0.22171716900606686 47 1530 37 1608 46 1534
203 5.151839131952662 9.129937981448851 195.07139262156332 209 162 145 0.16645936373082554 47 1552 37 1610 46 1551
204 -26.646556453228051 8.9895938268155948 212.02829257893211 124 81 88 0.068120859853549057 47 1528 37 1611 46 1532
205 -12.283468732750906 8.9941540954021768 214.76322195037631 173 145 105 0.50000615922963088 47 1526 37 1612
206 -49.066777787465035 10.394076640769685 215.60916596035304 58 46 11 0.20090372940573806 47 1535 37 1618 46 1543
207 0.83268971197167063 9.5684306181667971 200.05667946747531 215 184 171 0.12690159652393757 47 1567 37 1624 46 1564
208 -25.246717249555296 9.5275145504922669 211.61085118679358 115 72 66 0.17385528087523353 47 1547 37 1628 46 1550
209 -11.365170235376489 9.5901891865748112 213.27367401076043 145 116 82 0.0260260980380904 47 1544 37 1629 46 4325
210 -3.489247038940015 9.5742355073627419 204.53867033421898 195 162 137 0.23880418491850164 47 1557 37 1630 46 1558
211 -55.398554454051727 11.127207779120052 224.6250185964268 166 136 92 0.16365267528535876 47 4223 37 1633 46 4320
212 -53.427473061921205 10.996893394987246 222.97038836848006 49 30 10 0.15936003905004081 47 1534 37 1634 46 1542
213 -26.488334876551033 9.7843673046973514 211.4460064025331 49 5 6 0.19773223808838783 47 1555 37 1638 46 1557
214 -36.008587941778103 10.285656066151386 216.5291303766833 131 108 77 0.23830262514261069 47 1554 37 1645 46 1556
215 -23.651027671686304 9.9498824259236844 210.46626576497891 112 75 69 0.2625383127004467 47 1571 37 1646 46 1571
216 4.5938503123863903 10.159492468295721 196.63337813597226 202 159 158 0.19235252135205194 47 1588 37 1647 46 1586
217 -49.316842562846915 11.053522488645827 214.5211792534536 38 32 9 0.22010051809297068 47 1561 37 1649 46 1569
218 -32.785984671135203 10.367963527564806 214.90115955232116 125 92 67 0.24734498489127457 47 1569 37 1652 46 1570
219 -32.040191211717605 10.472782958793429 215.8335435070083 69 65 30 0.19569687732972427 47 1570 37 1653 46 1575
220 -7.1644864879499863 10.387552508365397 212.78469461921347 203 179 146 0.13920931961508271 47 1576 37 1654 46 1576
221 -13.107788752764133 10.498169917899288 212.91156782437457 133 119 105 0.30643076532004049 47 4246 37 1663 46 1581
222 -49.025222082395402 11.722816280085718 215.55411106094618 80 70 66 0.12544609012469232 47 1585 37 1667 46 1584
223 -16.936135348344042 10.708580526868131 215.57422198539183 74 71 67 0.49245753750550192 47 1578 37 1668
224 36.065462743538568 13.436394838556469 194.49715258165949 159 130 79 0.66668103796044953 47 1608 37 1670
225 -46.929360240131949 11.758521268569707 216.45303687008726 36 25 21 0.1805514799742155 47 1587 37 1675 46 1588
226 34.776503714619473 13.649267846524667 195.27448510110509 171 145 95 0.18212355587380233 47 1621 37 1681 46 1612
227 -5.6046223419792307 11.205820349219277 210.12041697349386 220 193 164 0.14633089313981437 47 1599 37 1682 46 1597
228 5.2676061948349036 11.26576586869537 195.50401777226932 57 24 22 0.27849132881884503 47 1625 37 1683 46 1611
229 3.8960515689646327 11.307924127324711 197.017546927057 199 158 142 0.14107827651654473 47 1624 37 1685 46 1617
230 -51.007550065718284 12.489468099824174 216.39954093543599 30 17 10 0.33218940418732545 47 4264 37 1688 46 4361
231 -6.0143111951353205 11.463011161364989 210.64390406908581 116 96 66 0.13117820918007547 47 1605 37 1691 46 1600
232 -2.7206564225521666 11.523577669591107 204.44973459740945 233 202 192 0.032313315031685275 47 1620 37 1700
233 10.728389955219129 11.912049801267955 194.87008342398047 115 102 98 0.14975105055922236 47 1633 37 1701 46 1626
234 -9.4103904200094295 11.576018435785819 210.87770563385624 43 40 1 0.34249774556951668 47 1611 37 1703 46 1604
235 8.0841349315584541 11.802173039655706 194.17972979081679 228 200 195 0.085227143485790677 47 1636 37 1704 46 1630
236 -33.631416484282553 11.981686603311449 214.75078317629479 101 79 60 0.27117469675803652 47 1610 37 1708 46 1603
237 -21.617502599632292 11.692919476619268 210.09183610786314 135 89 75 0.55818175350739729 47 1618 37 1710 46 1615
238 -0.92403352153340801 11.928023201244054 204.05316827460527 177 151 126 0.031473340627842454 47 4275 37 1712 46 4371
239 -57.499656816948402 13.542769863208381 210.61933091333145 43 34 28 0.26697275827553324 47 1628 37 1715 46 1620
240 16.86718958397881 12.984413802485919 202.84806329001941 142 128 133 0.15222999046420269 47 1637 37 1718
241 -29.63732849483338 12.104006000230159 211.18390834557619 99 70 50 0.23782725911151439 47 1629 37 1720 46 1621
242 6.3676013000622476 12.228912837239873 194.18291742142409 191 142 128 0.24646968586486309 47 1653 37 1724 46 1651
243 13.233022141036018 12.813281939792066 200.11158516778559 40 43 54 0.2166923957155158 47 4281 37 1725 46 4381
244 -23.72778862269298 12.25642795435984 210.5828314519444 152 123 94 0.13701377794850622 47 1635 37 1728
245 42.378382397639747 15.803104769008955 196.155139069679 202 172 87 0.12824734422555206 47 1654 37 1736 46 4392
246 -51.319163796881874 13.74813502025629 217.23543037377848 31 26 12 0.20750072481431009 47 1634 37 1740
247 -24.163730215022678 12.510427760093615 211.24512799805197 62 31 5 0.083036157419731471 47 1644 37 1741 46 1634
248 28.966782477793881 14.490273447256087 195.73448612345487 87 69 37 0.41146280974096605 47 1667 37 1747 46 1667
249 30.72933717448322 14.715200720075583 198.38969112060749 78 57 35 0.25575027713886123 47 1661 37 1748 46 1662
250 -34.963776758021588 13.007768696473491 213.87708008328335 136 122 95 0.3261687090422718 47 1643 37 1751 46 1636
251 4.9870825853986123 12.846817728249333 193.90145202724972 155 126 115 0.27784803059495083 47 1683 37 1753 46 1683
252 34.927977735358425 15.46166270363817 198.49102639837079 69 47 15 0.10573000429653456 47 1670 37 1755 46 1677
253 34.927977735358425 15.46166270363817 198.49102639837079 69 47 15 0.10573000429653456 47 1671 37 1756 46 1676
254 -56.282761033145668 14.488293251776474 215.72298555714301 19 6 4 0.14659003954803682 47 1645 37 1757 46 1647
255 -51.542489243829948 14.161516026977932 215.1062883200905 26 24 4 0.22559437209535482 47 1650 37 1758 46 1648
256 -22.489592036120897 12.956983374244443 210.43614988113384 132 101 84 0.22457494642336559 47 1658 37 1762 46 1656
257 21.684932740956736 14.360242524237249 201.2722754245469 70 7 15 0.20348597781883485 47 1669 37 1763 46 1675
258 -34.617307648881834 13.353693003475996 213.15880568458212 53 40 17 0.099726144956533161 47 1652 37 1764 46 1654
259 -24.675844182051385 13.20862582418429 212.62583595643383 75 35 10 0.15001349694196361 47 1656 37 1765 46 1659
260 -20.759734490002717 12.994855262006581 207.75421708233145 185 147 101 0.22219703956427164 47 1666 37 1766 46 1670
261 -18.338160030877905 12.987127216291645 207.8769889621685 102 46 24 0.13870977760008762 47 1665 37 1767 46 1672
262 3.8483030181388482 13.23961469796383 196.46502752651622 216 169 160 0.0092117345696209746 47 1690 37 1769
263 -17.765731735865796 13.238400031982918 206.59306759876324 164 99 89 0.083942813496274818 47 1681 37 1774 46 1681
264 -56.097532396931662 15.015091818594952 214.258060676448 104 91 88 0.17728195012219858 47 1668 37 1776 46 1673
265 17.580995255021833 14.474005797358629 199.99384825143198 14 18 22 0.22911719969669198 47 4305 37 1777 46 1691
266 -33.148619693557293 13.874405465372847 213.22999308952814 66 57 50 0.21702425458224595 47 1672 37 1780 46 1678
267 -29.806521139412613 13.722770507058557 211.38215006167846 60 30 15 0.08499552573218988 47 1676 37 1781
268 13.05496351805226 14.121155202032718 196.10902574872429 43 35 43 0.27296157221231204 47 1706 37 1782 46 1701
269 -26.61174991875972 13.799880612978255 213.61613186718535 133 100 68 0.1502852029375914 47 1678 37 1783
270 -26.61174991875972 13.799880612978255 213.61613186718535 133 100 68 0.1502852029375914 47 1679 37 1784
271 -30.528894050581748 14.257157074500812 209.74502490687553 70 55 46 0.24063946620327728 47 4311 37 1791 46 1698
272 -5.0492490009883504 14.194274017954402 207.85982524480224 177 156 135 0.019004863490022277 47 1704 37 1792
273 0.41405082738594312 14.179684861619453 201.00826449821935 206 175 156 0.050487488675188756 47 1717 37 1793 46 1712
274 4.6700873499185338 14.167195568645862 196.22517630339792 238 193 183 0.066621732156625882 47 1725 37 1794 46 1719
275 26.918096700397282 16.008216767168001 202.87944036627565 43 22 20 0.4039442467284286 47 1713 37 1795 46 1710
276 -17.08374846814403 13.958899245848738 202.64382932027252 131 98 103 0.18309406565186237 47 1715 37 1797 46 1714
277 -4.7044989914229651 14.469036234354119 211.40934681060816 50 24 10 1.2202892560083094 47 4307 37 1798
278 -38.742492844536812 14.90495266910246 210.74942813168889 142 126 68 0.21129240050228579 47 1712 37 1804 46 1711
279 22.095889719232986 15.823529837993613 201.21323158819783 54 16 10 0.1480116663612466 47 1726 37 1806 46 1720
280 -4.9623754689229065 14.742781351277637 206.88173940432881 47 28 14 0.21032064099894029 47 1724 37 1809 46 1718
281 -1.9973488495771945 14.956343781240578 205.28333588540661 222 198 165 0.10054578550158917 47 1739 37 1816 46 1731
282 22.048554000070578 16.387435247300559 200.83809446440685 126 86 79 0.21739740331626192 47 1748 37 1822 46 1744
283 22.048554000070578 16.387435247300559 200.83809446440685 126 86 79 0.21739740331626192 47 1749 37 1823 46 1745
284 23.189068065431705 16.46172885310391 201.66999062512036 39 0 0 0.4428846628618075 47 4330 37 1824 46 1746
285 3.8998983276446428 15.105828142925819 197.3077192862296 199 159 150 0.065987835159463978 47 1762 37 1826 46 1756
286 -56.974755332188572 16.765112768978401 209.22936095726169 84 73 58 0.10674866670650413 47 1742 37 1830 46 1737
287 -34.186278001079017 15.637611301367446 214.02497055812125 53 47 38 0.32670851940433265 47 1735 37 1831 46 1729
288 -34.186278001079017 15.637611301367446 214.02497055812125 53 47 38 0.32670851940433265 47 1736 37 1832 46 1730
289 22.388338312059826 16.532870178635736 200.55855968852842 58 10 7 0.16331836494854343 47 1756 37 1833
290 -36.60807476144501 15.659776608588036 211.16603064211213 64 54 12 0.37442031358820205 47 1743 37 1837
291 -30.033060620230234 15.487748650187207 211.02963584247601 171 132 102 0.27423362048416283 47 1740 37 1838 46 4435
292 -21.425285707097625 15.226517833922465 208.90096934651052 71 39 5 0.17288415740460961 47 1744 37 1839 46 1736
293 -3.4170725369007764 15.394160834399795 206.17788151972533 161 142 115 0.048021156170927413 47 1753 37 1841
294 21.27414665949577 16.597919660075501 198.55262840090032 92 57 60 0.15817954090893474 47 1771 37 1844 46 1767
295 -2.3413182223837774 15.64425052792585 204.00373739466434 198 174 139 0.19876881565742377 47 1768 37 1852 46 1766
296 42.509702609635916 18.881336151194805 194.39681652291179 74 48 0 0.33177713895594035 47 1783 37 1855 46 1780
297 -30.441476184949281 15.970898741764627 211.54302779746283 72 39 6 0.18897850165726629 47 1761 37 1858 46 1755
298 -13.625330603553984 15.304532380490548 200.92615967600224 121 62 65 0.5793735471436755 47 1775 37 1859
299 11.740567724980345 15.878112704169999 193.58146579502284 163 147 143 0.16411509448333364 47 4342 37 1860 46 4448
300 -49.281317140826459 16.97388779879692 215.28577120950587 36 32 15 0.18172971449860456 47 1755 37 1864 46 1752
301 15.973493294118461 16.608182398606012 199.45500915939039 19 19 29 0.28522416312278981 47 1782 37 1865 46 1783
302 22.703545535277463 17.180234133321722 200.66203920458341 65 11 21 0.20428292410370549 47 1778 37 1866 46 1779
303 -54.396910029676548 17.366237484847819 214.6734991332807 32 21 16 0.33548792746384626 47 1759 37 1867 46 1758
304 7.8503349410622159 15.91288628802519 194.66646468455176 182 153 132 0.44706227865178638 47 1792 37 1868 46 1786
305 -50.908683037145295 17.437163543982457 216.87677411365445 31 26 12 0.08320378586029091 47 1766 37 1872 46 1763
306 -50.908683037145295 17.437163543982457 216.87677411365445 31 26 12 0.08320378586029091 47 1765 37 1873 46 1764
307 -13.141425619797072 15.734168255453861 202.25984883413881 37 7 6 0.079873948220386445 47 4341 37 1877 46 4446
308 4.0782889944559457 15.999049216709507 196.90102397171529 194 145 136 0.09808710302372424 47 1796 37 1878 46 1792
309 23.089107837957204 17.593090515070209 201.30224453086916 149 92 97 0.16717788961990845 47 1789 37 1882 46 1788
310 6.5559572333377574 16.253838460542195 195.16866703818224 186 140 122 0.17174779574999532 47 1806 37 1884 46 1807
311 33.399385590305563 18.625350766671708 197.55908351214057 166 137 100 0.26217553960933576 47 4356 37 1887 46 4456
312 -22.214097496810581 16.385727141068983 206.68413680833859 62 29 3 0.066366520636478563 47 1795 37 1888 46 1795
313 50.121066279570819 20.890686154840044 194.77478446062415 175 136 102 0.8328962200715383 47 1816 37 1890 46 1814
314 -3.1103728391767311 16.593922673169125 204.77778120113737 166 151 129 0.10109778695594944 47 1799 37 1894 46 1800
315 1.9672981583270113 16.450744976793491 197.93957939907148 148 102 88 0.16384338467347062 47 1809 37 1895 46 1813
316 3.8230444842373723 16.403477566232237 196.50646040194215 148 91 84 0.048053802598748196 47 1814 37 1896
317 -3.5566513819651879 16.676581228925695 204.8102684150405 43 32 15 0.055590752949096676 47 1801 37 1897 46 1801
318 44.286368885387354 20.084756288038879 191.31010717445528 192 163 99 0.12308418697542915 47 1833 37 1898 46 1832
319 12.00384119334454 17.209788264516792 198.16171027923954 138 124 125 0.14423095200370931 47 1817 37 1903 46 1817
320 41.849018372208683 20.111541847034744 197.02467363240061 173 161 106 0.16167421595201262 47 1830 37 1904 46 1822
321 41.839501936621048 20.107698800094873 197.01305745448275 173 161 106 0.033616794751974946 47 1831 37 1905
322 11.367830202884537 17.219450745675822 197.23323380040949 158 141 138 0.26133650050313301 47 1823 37 1907 46 1826
323 11.34232036456382 17.201840768674693 196.89486881342276 158 141 138 0.18658530211456098 47 1824 37 1908
324 10.386268265134975 17.179169923609944 195.52651553572028 78 54 46 0.12437394977581286 47 1835 37 1916 46 1835
325 36.928998663066416 19.64887087996679 198.27942401189151 26 17 8 0.29207099219569704 47 1829 37 1918 46 1827
326 4.6633455444817544 16.82138700457336 193.90653578594541 167 124 109 0.29385575388546309 47 1839 37 1920
327 -51.517939520479011 18.662798339710456 217.63648490577083 26 23 8 0.73977888123675584 47 1800 37 1925 46 4460
328 -13.131058541906686 16.956626112061205 199.23676061264607 209 171 150 0.25235716346508025 47 1843 37 1933 46 1847
329 14.090712634039308 17.833177243226416 195.20527546732279 34 19 17 0.25767370803870604 47 4381 37 1935 46 4480
330 -41.376522034633666 18.314893686185773 213.68567306055604 27 36 4 0.4956708190823389 47 1820 37 1937 46 1823
331 -41.376522034633666 18.314893686185773 213.68567306055604 27 36 4 0.4956708190823389 47 1821 37 1938 46 1824
332 41.612639841709623 20.867842619613967 194.2669306057592 197 181 96 0.54802284724517769 47 1859 37 1948 46 4494
333 2.4880985490142828 17.858041652075752 199.81042802325683 140 80 70 0.12496709526425585 47 1848 37 1951 46 1861
334 2.4880985490142828 17.858041652075752 199.81042802325683 140 80 70 0.12496709526425585 47 1849 37 1952 46 1862
335 -40.877521606438371 18.678769455578028 211.07997813423094 81 90 51 0.21976410789463796 47 4379 37 1954 46 4479
336 -40.633833328042613 18.691693592065736 212.83023457735774 77 78 41 0.24764191893840815 47 1840 37 1955 46 1845
337 5.5394241713649075 18.053488480479377 194.81729243406821 188 129 119 0.14214737295937493 47 1869 37 1960 46 1882
338 41.488524096047335 21.490323140691917 195.44928662670551 114 97 30 0.20368402070097302 47 1873 37 1962
339 6.548631947329091 18.368088910798104 195.36901306993693 244 181 168 0.11317464489262963 47 1874 37 1965 46 1888
340 9.8522737096561332 18.612772521858947 195.22008715253889 97 73 65 0.1131797349561724 47 1878 37 1967 46 1889
341 -53.374358369149228 20.376532272437462 216.38186375664742 90 73 63 0.15386056277292787 47 1854 37 1972 46 1869
342 -18.058634903524361 18.211510992222255 197.97410830634206 40 25 25 0.31289063299144926 47 1882 37 1976 46 1894
343 -12.57328865689804 18.252438793550198 198.39210006245781 75 60 27 0.20652210903702137 47 1883 37 1977 46 1895
344 8.3109302586488543 18.747924278430929 194.43891611605855 221 187 169 0.21965418969484599 47 1888 37 1978 46 1900
345 30.063157879059347 20.709533133142322 198.18111324551606 39 29 20 0.089185878359328966 47 1884 37 1980 46 1897
346 29.218770795467787 20.742278503419207 196.27517094165066 22 10 11 0.34404271871961162 47 4423 37 1982 46 4525
347 32.672818514432365 21.207478518072914 198.66525743071784 82 68 64 0.36659668145808239 47 1889 37 1983 46 1899
348 42.758264331760948 22.075740682545664 192.9819546640594 68 48 0 0.20645771695314993 47 1896 37 1985
349 19.871924645881915 20.167542927058737 197.14402643490652 10 11 16 0.61696993795000576 47 4432 37 1992 46 4530
350 -58.381854199858033 21.197263801400421 212.51050000089413 36 29 12 0.2067623090812151 47 1877 37 1993 46 1892
351 3.4722703982583911 19.201400086739547 197.53638059882118 195 142 128 0.093210249590612096 47 1897 37 1997 46 1903
352 -45.520324214694249 20.247969265304192 207.43966727972139 93 74 19 0.19319625894675144 47 1890 37 2001 46 1902
353 11.036785687124647 19.863508338191945 194.91451264138325 137 125 125 0.18106139433145899 47 1917 37 2009 46 1921
354 21.5574367734182 21.065563054897105 199.80750904666357 37 35 36 0.077486817843859038 47 1912 37 2013 46 1915
355 21.5574367734182 21.065563054897105 199.80750904666357 37 35 36 0.077486817843859038 47 1913 37 2014 46 1916
356 -29.416402179407772 20.202654908614871 207.98489379034547 67 69 12 0.1801349242809093 47 1903 37 2017 46 1909
357 39.041679987384384 22.935664715637092 196.87953754870418 170 147 107 0.27803100113796292 47 1935 37 2019 46 1936
358 39.001951707720472 22.919750504124522 196.73981374493121 170 147 107 0.027584659991844097 47 1936 37 2020
359 -22.571698028251816 19.987117996241828 204.85822337402922 45 27 6 0.15349146005604999 47 1911 37 2023 46 1920
360 34.321937740621728 22.461881479585699 198.09646892490602 81 57 31 0.079678439771248236 47 1926 37 2024 46 1935
361 -30.168350384191282 20.51939805483013 208.82288687885026 37 32 2 0.26634697937705082 47 1910 37 2027 46 1919
362 -48.224809422570871 21.542145114862592 212.22866852637836 70 65 24 0.2342992916776738 47 1909 37 2029 46 1912
363 -42.709419447088315 20.79997366323763 205.72113031919159 94 72 27 0.22725037150997904 47 1919 37 2031 46 1929
364 -46.080326426712993 21.276884828661643 207.43584951022669 140 129 65 0.22490781332358736 47 1931 37 2036 46 1941
365 -42.328752184096743 20.93494363197599 205.36945640455934 140 123 81 0.12142027970728211 47 1932 37 2037
366 -42.328752184096743 20.93494363197599 205.36945640455934 140 123 81 0.12142027970728211 47 1933 37 2038
367 11.427159699042329 20.584300244469301 195.90257971731734 76 59 58 0.32259929663709264 47 1941 37 2039
368 -17.896265830856656 19.713810053474322 194.40796029279838 32 31 4 0.16101491549615357 47 1951 37 2046 46 1959
369 -2.0513973620228843 19.181742092305438 181.77683961860723 115 96 84 0.15926828357234876 47 1987 37 2047 46 1984
370 9.9764084534903468 20.993551746481412 196.63471928521088 176 154 142 0.052111313401170235 47 1959 37 2049 46 1964
371 25.27919025326603 22.366139363036673 198.32733948811847 121 56 33 0.052544440774083524 47 1963 37 2056 46 1966
372 24.655986258302026 22.486104691175957 199.66493770263085 109 53 31 0.170380014310479 47 1961 37 2060 46 1967
373 6.4395512970607927 21.028861988463415 195.87133946516403 123 65 55 0.13886514193008295 47 1978 37 2064 46 1978
374 33.639706071959552 23.348739676539999 197.01528392179924 15 8 1 0.2546386994820779 47 1971 37 2065 46 1976
375 -17.993234833221713 20.098125743769778 191.68663032335965 138 140 92 0.2435244561033186 47 1986 37 2070 46 1983
376 22.856970143787908 22.426869028835661 198.68518053196476 84 73 57 0.24782392456832056 47 1970 37 2071 46 1975
377 44.28887037900423 24.559927777398318 193.66716592433275 69 49 3 0.087511640472626662 47 1984 37 2072 46 1980
378 40.864526959883221 24.345499312533516 197.26202116644436 95 78 13 0.13469571043670422 47 1979 37 2076 46 1979
379 4.8728960942929831 21.388498712115066 196.88710834850744 184 152 150 0.11379641569958793 47 1988 37 2081 46 1988
380 42.248024385461846 24.759926306650659 197.50756430150969 145 151 61 0.23717977248371666 47 1983 37 2082 46 1986
381 4.4923783011000786 21.626818781493576 197.28351180433941 44 16 20 0.17262904348289129 47 1998 37 2087 46 1994
382 39.412549048781365 24.606372495663525 197.31734515574493 26 7 0 0.41052458622348381 47 1999 37 2089 46 1993
383 -10.587259639841477 20.557227327833434 188.82898408072492 27 19 8 0.43728016613627174 47 4492 37 2091 46 4592
384 46.410850880453246 25.345039025323015 192.69987917712643 192 165 103 0.54383075688401739 47 4487 37 2093 46 1998
385 -15.096660726628897 20.823928948520049 192.03949839280193 20 7 8 0.064249148867486158 47 4490 37 2095 46 4590
386 -15.096660726628897 20.823928948520049 192.03949839280193 20 7 8 0.064249148867486158 47 4491 37 2096 46 4591
387 21.074774898586629 22.926968150198707 197.45617983911129 89 93 57 0.2180293498551088 47 4485 37 2097 46 4588
388 35.303550225621471 24.367033220620037 196.66499185791682 11 0 0 0.2891015248338929 47 2005 37 2099 46 4589
389 -5.7569093440015138 21.195633917138785 191.73194945602631 212 166 155 0.10502090453215883 47 2020 37 2100 46 2013
390 14.457089980262136 22.353092745660817 193.02394732347597 203 192 184 0.088711603601524414 47 2021 37 2101 46 2018
391 7.4596013715629841 22.253063829678318 196.24718038564265 177 156 143 0.20834659230146921 47 2013 37 2103 46 2015
392 11.627253661940284 22.50034933033972 196.73562266279359 162 129 120 0.1244205206405169 47 2010 37 2104 46 2010
393 45.294363989618503 25.699203346987627 191.85607457481044 189 168 87 0.52471171707887176 47 2029 37 2110
394 0.84648085365379211 21.002042904724863 182.06559896362967 63 47 48 0.14043724262071081 47 2053 37 2113 46 2047
395 -32.386363279806723 22.378439677410856 201.49648997121045 44 28 1 0.14414516288673476 47 2019 37 2116 46 2021
396 -34.291769313868947 22.635859108568969 202.28678162542769 137 122 82 0.10661048217194136 47 2022 37 2117 46 2022
397 14.781012242926758 22.902495992112534 193.56410506106744 50 46 38 0.023407772832326215 47 2034 37 2118
398 19.144252424158793 23.463797920290769 196.8077228583106 72 76 49 0.18372417200491731 47 2028 37 2119 46 2025
399 -8.4969136998459085 21.900688519280649 193.3118524618055 104 59 38 0.30315075464228719 47 2041 37 2123 46 2037
400 9.0133223117806782 22.876443103732054 196.43198725946837 173 156 148 0.11142262270906689 47 2033 37 2124 46 2031
401 -48.424822082668314 24.132834789025711 211.01932188880144 139 133 67 0.14233731077761627 47 2011 37 2127 46 2011
402 -25.472687183282197 22.211560111027548 196.95724471773036 147 137 84 0.32309547492022311 47 4505 37 2128 46 2034
403 -9.6003111543692583 22.07257716938669 194.38875880094173 114 91 79 0.19765131690540758 47 2040 37 2129 46 2040
404 -22.1973045854653 22.516498448089813 200.50652721858393 143 125 73 0.25348121026129977 47 2032 37 2131
405 -11.616388501212194 21.788364746685531 191.08128226604737 69 42 11 0.51768652933579884 47 2046 37 2133
406 -26.597547737034652 22.51501477883777 196.96135402168517 115 98 72 0.80759338896292443 47 2045 37 2138 46 2043
407 -11.24717842266829 22.106090521974281 191.5772499539666 161 118 83 0.22541339843385189 47 2056 37 2140 46 2058
408 26.789892996397054 24.92030578544512 196.33594848934104 188 127 88 0.2135032537876049 47 2060 37 2152 46 2061
409 26.789892996397054 24.92030578544512 196.33594848934104 188 127 88 0.2135032537876049 47 2061 37 2153 46 2062
410 -31.018947534677935 23.55720776864619 202.77131323314984 64 49 4 0.10423898619541017 47 2055 37 2157 46 2057
411 -11.11506627156488 22.72468414963992 193.04227091439188 78 33 0 0.14216575195765613 47 2074 37 2160
412 -37.001208943695318 24.224941732631009 206.305635124736 77 84 49 0.49388264959253919 47 2058 37 2162 46 2060
413 50.401751135149098 28.188606761551416 195.49985918006524 181 160 87 0.3174598470945918 47 2077 37 2164 46 2077
414 29.007110540609172 25.378428223581754 193.57095871778506 130 70 68 0.22586509027112869 47 2083 37 2173 46 2086
415 45.207398192554869 27.307328552027474 192.71810456300494 177 148 98 0.10488440828837649 47 2090 37 2175 46 2094
416 46.432506971522926 27.457608121175785 193.39888235788351 48 24 0 0.15833536054545502 47 2085 37 2176 46 2081
417 46.432506971522926 27.457608121175785 193.39888235788351 48 24 0 0.15833536054545502 47 2084 37 2177 46 2080
418 14.736994024327602 24.325610903771196 195.04769661309967 34 36 21 0.2216616697856626 47 2082 37 2178 46 2085
419 -9.7944402112517643 23.419043801094613 195.76874946098744 97 72 62 0.22798662982289611 47 4531 37 2182 46 4630
420 -60.171456106350035 26.592471356888652 212.37485440176678 44 38 15 0.20361151081834974 47 2062 37 2183 46 2068
421 -33.611679666682463 24.143711603381188 201.62036362586412 61 49 12 0.1640385730526594 47 2076 37 2184 46 2078
422 -9.2423242783500115 23.234070719204464 191.97054197449378 53 20 2 0.11574199912267015 47 2096 37 2186 46 2104
423 15.693317977220016 24.695604163022022 195.06959298837978 50 55 36 0.16848041371409631 47 2095 37 2190 46 2099
424 -51.305632425673053 26.068360129876151 212.65079852262747 100 91 30 0.26583388230165889 47 2067 37 2192 46 2070
425 -34.566493711462165 24.484238772485089 203.45923621952008 74 57 18 0.10542889355549152 47 2080 37 2193 46 2083
426 27.401530491964671 25.823242497606767 194.89252542931482 190 129 95 0.22443794202015008 47 4541 37 2196 46 2106
427 43.0325984664738 27.562746580321477 194.92932948292403 48 24 0 0.38457129936416884 47 2098 37 2197 46 2101
428 -37.322398720701337 24.934741118935783 205.38880022366851 27 30 0 0.19575524633109118 47 2086 37 2198 46 2090
429 46.447684680121434 28.032119865181205 192.89874986064919 181 161 113 0.18036703171766247 47 4544 37 2200 46 4642
430 -10.117372882461225 23.754603401721649 192.58148728139915 73 34 6 0.087501557351769621 47 2108 37 2203 46 2113
431 -36.883175722129486 25.364565597023834 207.56898428460269 81 83 57 0.49573314333407953 47 4537 37 2205 46 4636
432 9.0286176393493509 23.31409876020858 176.4537705569243 54 5 1 0.10123514690098014 47 2160 37 2215 46 2150
433 -44.665630294251848 26.100798139981681 207.50486354987819 81 70 26 0.22379022171389482 47 2102 37 2216 46 2109
434 43.571925224748519 28.292101298707934 192.70522324871979 85 63 4 0.42215646693070796 47 2127 37 2221
435 46.712718779906965 28.810709948189928 193.56084936788471 42 20 0 0.054494606533586155 47 2129 37 2222 46 2124
436 26.470456328223452 26.560407373908305 195.20898078702453 97 75 30 0.30294352818525366 47 2120 37 2224 46 2123
437 -17.492924021750177 24.170375694319169 190.83318570369588 186 147 125 0.092337953006572229 47 2139 37 2231 46 2134
438 16.084750015231005 25.848821790319125 192.99423758458036 49 62 35 0.55919654282835574 47 2146 37 2235 46 2140
439 -39.766271405161532 26.345380911364053 206.61728146061188 146 139 98 0.16486486831355177 47 2118 37 2237 46 2121
440 -31.904163415124348 25.559068555108382 200.84790883694424 127 114 74 0.058646984396853952 47 4559 37 2238 46 4667
441 -8.4695243866772838 24.536351752715539 190.85546939893578 83 59 25 0.22903057196460597 47 2154 37 2240 46 2146
442 -32.557834312738564 25.815653965471149 202.5326495677912 43 30 0 0.18695888602003016 47 2132 37 2241 46 2130
443 -6.4452422415035082 24.52913709557307 189.10988532010083 60 44 45 0.37128308414940792 47 2159 37 2245 46 2149
444 -10.484961735707001 24.712139162590518 191.31964449781682 116 67 10 0.10155553233114932 47 2157 37 2249 46 2147
445 -57.242042909780814 28.495086471321834 214.30976949310107 33 20 13 0.36344316621007478 47 2125 37 2253 46 2125
446 -57.242042909780814 28.495086471321834 214.30976949310107 33 20 13 0.36344316621007478 47 2126 37 2254 46 2126
447 -53.615755767953821 28.185843831050395 213.44356393492319 64 71 17 0.21499804187514879 47 2130 37 2257 46 2127
448 -45.048893716348807 27.197930376018135 208.27322983193164 120 114 67 0.53176281122492697 47 2138 37 2260 46 4670
449 -53.261850731207893 28.267701296336195 213.47728444028053 134 136 78 0.41999261434315027 47 4558 37 2262 46 4666
450 41.227362115043832 28.946769451887473 190.44324705815097 115 120 78 0.1460545856019061 47 2177 37 2266 46 2178
451 -60.1718702625259 29.186240552440907 213.88469760463306 84 70 52 0.3731688492923867 47 2149 37 2267
452 -60.1718702625259 29.186240552440907 213.88469760463306 84 70 52 0.3731688492923867 47 2148 37 2268
453 -35.884829058166737 26.834126527424409 202.93771419979032 30 23 1 0.086408705984760983 47 2165 37 2275 46 2161
454 -49.39145317943715 28.290995687550271 209.25617596764599 121 114 57 0.30723261000340357 47 4571 37 2282 46 4680
455 -44.745309956795246 27.94563228037865 207.80885370748661 49 42 0 0.46681671486542814 47 4573 37 2283 46 4685
456 -7.9638417502719596 25.735139759565342 190.62659449240414 122 103 68 0.076069947561045612 47 2199 37 2289 46 2194
457 -7.9638417502719596 25.735139759565342 190.62659449240414 122 103 68 0.076069947561045612 47 2200 37 2290 46 2195
458 -47.472982374848606 28.324508584685031 208.33312525056928 148 138 86 0.38470277392565971 47 2169 37 2293 46 2166
459 -61.464941413212451 30.103708352972149 213.09797881003166 138 129 98 0.25866182252746089 47 2172 37 2296 46 2171
460 -49.80139839592691 29.275210630581167 209.34067926992878 114 111 67 0.19594997125052543 47 2192 37 2311
461 -48.184665547496415 29.060464187860333 207.14969893890378 122 119 68 0.095671494993133141 47 2208 37 2313 46 2206
462 -27.408835660160698 26.799143568753227 192.03716361459885 96 65 12 0.0074146552783972306 47 2232 37 2319
463 -34.154612650482335 28.251153152925042 203.86287658448165 31 40 10 0.24698980082839106 47 2218 37 2321
464 -20.33621905634697 26.575606729919887 190.30462701275036 175 125 87 0.087368173423041331 47 2236 37 2322 46 2230
465 9.355607562100051 26.107916652169514 177.74430061378189 47 8 2 0.094977018167141103 47 2252 37 2326 46 2245
466 51.586250786005905 31.588591193015215 184.68483831054021 154 138 84 0.23985522580850685 47 2247 37 2327 46 2240
467 -6.8093145092242482 27.015894877563287 189.87064685894291 23 16 0 0.14820354725440105 47 2246 37 2331 46 2239
468 0.11163101531648199 26.197135966951546 180.06460869929242 141 123 102 0.33375596178618899 47 2262 37 2335 46 2253
469 0.11163101531648199 26.197135966951546 180.06460869929242 141 123 102 0.33375596178618899 47 2261 37 2336 46 2254
470 -56.630637617266451 30.67868170379873 210.07000133151888 61 35 0 0.48008883430663518 47 2224 37 2337 46 4719
471 -52.045968727840176 30.529444102789544 209.93636347074192 113 120 76 0.21663032014277131 47 2230 37 2340 46 2224
472 -48.413406271579106 30.202666600589371 207.40159433864181 123 124 76 0.26440471645121466 47 4615 37 2345 46 2235
473 5.7890909645330915 27.531547008937064 185.09810277159283 30 3 8 0.12751763818340958 47 2267 37 2346 46 2260
474 -7.8892225249870389 27.886671993638231 189.24377721567862 65 46 8 0.25211314448166683 47 2275 37 2354 46 2266
475 -7.8892225249870389 27.886671993638231 189.24377721567862 65 46 8 0.25211314448166683 47 2274 37 2355 46 2265
476 -0.47205785260620547 27.240534600064883 180.98367864401186 138 121 86 0.096216398307019599 47 2296 37 2357 46 2286
477 -49.326315866765682 30.989327910275978 208.86130058178924 31 34 2 0.3860362275885123 47 2250 37 2358 46 2244
478 -43.903737180980805 30.246614940938262 204.20903643489763 25 24 0 0.44662009415524523 47 4630 37 2360 46 4738
479 14.104155256415684 28.690851280401922 185.66210917597229 107 58 61 0.46116794122711263 47 2294 37 2361 46 2280
480 -24.470015098258504 28.531610548396159 193.00533779636012 21 23 0 0.15724985581240827 47 2285 37 2364 46 4746
481 38.639766377508565 31.211003169170162 186.05520714138569 28 9 11 0.42559631814691506 47 4644 37 2365 46 4752
482 -48.195462514908066 31.055421631814266 207.1560312594813 146 146 85 0.1093639886799314 47 2263 37 2367 46 2258
483 -46.765189718869237 30.826491149426467 203.91968096783719 123 122 70 0.37312146893386955 47 2272 37 2371 46 2271
484 -1.2461812692875156 27.754134110013339 181.0006752846823 69 48 19 0.46115942492527046 47 2319 37 2379 46 2304
485 -1.2461812692875156 27.754134110013339 181.0006752846823 69 48 19 0.46115942492527046 47 2318 37 2380 46 2303
486 -49.418057587486217 31.560617225092614 207.44207236167088 130 133 102 0.086936292753858946 47 2271 37 2383 46 2270
487 38.266701228667841 31.484985505474459 183.97107701315619 78 43 50 0.41554075501375737 47 2322 37 2384 46 2307
488 38.266701228667841 31.484985505474459 183.97107701315619 78 43 50 0.41554075501375737 47 2321 37 2385 46 2306
489 -44.447529233721021 30.935789008163116 202.60220829642699 38 38 4 0.17285710042950206 47 2291 37 2389 46 2284
490 27.474984715883831 30.215865974627107 182.49553948779544 107 67 69 0.32142104018728107 47 2326 37 2392 46 4768
491 28.627091702779595 30.433143697143198 183.14069250347836 111 63 61 0.18720723253603952 47 2327 37 2393 46 2308
492 29.042138127144273 30.211382196658928 180.9117733730109 115 64 67 0.10554326516482941 47 4667 37 2394
493 -50.838031007947677 31.323712668359484 200.31835706190932 75 22 21 0.43274904064841069 47 2298 37 2400 46 2293
494 18.344583384503792 30.069392863690723 186.04753336876169 66 28 32 0.20293699014251562 47 2330 37 2402 46 2310
495 -8.9719154041867153 29.251321772487767 189.22236330448774 30 20 0 0.3412698681061867 47 2329 37 2404 46 2316
496 38.178117026700306 31.918268555405881 183.35780221129937 47 0 6 0.65237617166600359 47 2338 37 2406 46 2325
497 -9.4743906216470481 29.4834318411806 190.10031659781086 35 21 0 0.34574127428183282 47 4669 37 2415 46 4775
498 27.313593896969092 30.766264725597402 182.3782345837746 56 10 12 0.33582040115098327 47 2345 37 2418 46 2330
499 34.773823994916597 31.715949464248993 183.58336553439008 118 59 70 0.2952948710349384 47 2341 37 2419 46 2331
500 13.496217963746941 30.002665577063301 184.44868854751036 155 118 99 0.20494427603354679 47 2342 37 2425 46 2336
501 13.496217963746941 30.002665577063301 184.44868854751036 155 118 99 0.20494427603354679 47 2343 37 2426 46 2335
502 -26.981213679770729 29.719782276100275 188.94014594791642 71 36 0 0.1609489328555781 47 2348 37 2434 46 2342
503 -6.5221193199542604 29.744987570349014 186.43492952838952 35 23 0 0.20211942427423057 47 2353 37 2439 46 2348
504 -58.123388037341066 34.420445445519718 210.16852585566352 89 58 4 0.32752056154868048 47 4670 37 2446 46 4779
505 -43.668602548029696 32.452816037089455 202.97212912547988 39 36 26 0.28796519477902377 47 2340 37 2447
506 -43.160314123760664 32.594527915955226 202.7999241593717 15 9 1 0.61902184190613474 47 2346 37 2451 46 2340
507 35.910841362101273 32.884940421427601 181.00473726101879 96 33 29 0.1304986252238878 47 2379 37 2462 46 2372
508 35.910841362101273 32.884940421427601 181.00473726101879 96 33 29 0.1304986252238878 47 2378 37 2463 46 2371
509 40.089812668117673 33.572280316891444 180.56707357678943 122 38 48 0.17880416960857792 47 2386 37 2472 46 2380
510 37.141835420219316 33.216718955151521 180.28901767416923 116 46 38 0.26028387800049158 47 2393 37 2476 46 4830
511 -18.158794166796159 30.28741432278181 183.08199150289107 170 107 72 0.2382651733744322 47 2390 37 2479 46 2385
512 25.212419990894389 32.422139620004401 183.64330225010565 68 43 42 0.63224455948764202 47 2392 37 2481 46 2379
513 -42.318186547934395 33.379625968498701 201.96714407305112 17 6 5 0.20269835385724222 47 4705 37 2482 46 2361
514 -46.529832282745488 32.891863455086956 195.67126748642943 73 3 9 0.13008064961369523 47 2375 37 2484 46 2368
515 -3.2605579593256273 30.608397323879153 181.6106741812913 114 108 61 0.077095298655041319 47 2401 37 2485
516 18.04124005726176 32.055782379861981 184.38497140012277 63 35 26 0.39641689433362243 47 2397 37 2486 46 2386
517 -61.491936024205813 36.234206480308025 212.36926555248775 132 107 59 0.53984038990833627 47 4701 37 2488 46 4805
518 -25.972750052159448 32.079034061901197 192.74941099065379 48 38 28 0.048648364588312037 47 2389 37 2497
519 -9.9097588543746635 31.462460431301093 187.44040666681522 25 10 1 0.0081644352250340932 47 4733 37 2498
520 29.989352298605137 33.244186396140613 182.46377098740626 158 107 97 0.18998649818761595 47 2406 37 2499 46 2404
521 37.565491676760352 34.132059058189768 181.34717180847474 183 108 92 0.18564319598800991 47 4746 37 2502 46 4845
522 20.956542660304947 32.656766439702878 183.59819585885347 108 87 87 0.25502933538618017 47 2409 37 2506 46 2407
523 -51.342774101827281 34.697933827518327 202.0848664850952 95 39 38 0.13766724701853192 47 2388 37 2507 46 2384
524 44.158052580292527 34.844306397887188 176.01493883812208 235 186 185 0.19783083511697233 47 4772 37 2514 46 4865
525 -45.913899192818334 33.833059571435975 194.13118824386987 220 142 148 0.21858943261138802 47 2412 37 2519
526 18.037545975034107 33.168710433105701 184.58548195878359 156 135 124 0.19699078892729235 47 2429 37 2520 46 2421
527 -36.773892259493074 33.584673622276007 195.02519058409794 44 41 45 0.32746107136337926 47 2413 37 2522 46 4854
528 27.516319452456582 33.942798554751725 183.34070175313803 82 61 61 0.3511493722649664 47 2431 37 2526 46 2426
529 47.749760800043113 35.906535612090956 176.68351022821659 53 31 39 0.29250035311285727 47 2450 37 2529 46 2443
530 -45.755783334717655 34.173203908727722 194.54141379202912 69 2 9 0.038279486425359333 47 2428 37 2531
531 9.2867679600288575 30.83297150870947 169.30193778057449 151 143 83 0.20053697374508869 47 2475 37 2537 46 4883
532 43.886154740968621 35.251239163243802 174.70993671432299 103 39 37 0.15442975556041938 47 2469 37 2540 46 2458
533 -28.258389531783578 32.516334587116972 186.55674722661698 167 127 75 0.2217149043393 47 2436 37 2541 46 2431
534 26.470832242269719 34.17316114603355 182.70011308143125 44 20 14 0.37761727135117801 47 2449 37 2542 46 2442
535 41.606288565251646 35.161300293892324 176.22864657639045 188 129 125 0.15015606991876987 47 2461 37 2544 46 2457
536 16.875074357317761 33.458218016819743 183.10826669253441 170 154 129 0.34375645464287663 47 4777 37 2548 46 4875
537 23.650031736721395 33.905951294294411 182.34526979698754 126 104 95 0.1321086234197166 47 2448 37 2549
538 -52.158713845054784 36.043988926870362 201.89800783065567 138 65 60 0.29640366023683362 47 2427 37 2550 46 2422
539 -26.656961691853891 32.750627449005236 186.84357852228058 121 92 62 0.10871306077300673 47 2444 37 2552 46 2437
540 -9.3084942174809306 32.893687123333201 187.19740746449088 121 92 70 0.14559736951433636 47 2443 37 2553 46 2439
541 -0.040797157344314008 32.646172716835196 182.75476957947564 16 7 1 0.12669836115271169 47 4780 37 2557 46 4877
542 17.56904098451427 34.232180788090417 185.38803441720106 188 177 160 0.17291484916024757 47 2459 37 2570 46 2463
543 17.56904098451427 34.232180788090417 185.38803441720106 188 177 160 0.17291484916024757 47 2460 37 2571 46 2464
544 38.581215413748737 35.998346976776048 182.0847358789369 124 66 42 0.2824045965222759 47 2473 37 2572 46 2470
545 -28.395563386026627 33.404521240557251 187.81130588032696 82 42 0 0.35982135224345274 47 2466 37 2574 46 2465
546 -28.395563386026627 33.404521240557251 187.81130588032696 82 42 0 0.35982135224345274 47 2465 37 2575 46 2466
547 -5.537837102215815 33.370613563778299 187.33340929588633 99 90 52 0.1946971392265725 47 2458 37 2581 46 2461
548 35.744899592282955 35.809922826139164 180.97257412950319 145 92 69 0.48622393654444573 47 2487 37 2592
549 44.591498510258369 36.100101514330845 173.42973402979862 124 74 70 0.50197300090878993 47 2500 37 2593 46 2491
550 45.577454177872696 36.2637582299445 173.37670127569896 143 98 103 0.35887471995394521 47 2501 37 2594 46 2492
551 42.299652132457531 36.277063248731601 175.52673618019563 178 130 114 0.49296951436701625 47 2506 37 2602 46 2501
552 37.028535411005286 36.401277336634124 181.2314925777797 163 100 78 0.35863268920948244 47 2496 37 2608 46 2498
553 38.759405303372105 36.828499669117889 181.21486943500958 202 179 139 0.21551448148304411 47 2505 37 2612 46 2500
554 9.4820359719055016 31.598503550823366 164.33000036670521 44 35 0 0.62186908221439186 47 2543 37 2616 46 2537
555 24.760661469671852 35.694644852095628 183.3979265343728 126 100 88 0.29348109551104201 47 2504 37 2617 46 2503
556 -1.8976426151663244 33.927101903594824 182.18640138920657 122 117 74 0.20482067102759013 47 2512 37 2619 46 2508
557 47.263609584912821 37.359186384983211 171.83859790325565 128 81 83 0.25331264818447757 47 2547 37 2621 46 2538
558 28.286882254425283 35.933981274195645 180.15810919335911 43 29 15 0.013686445800165118 47 2524 37 2625
559 32.176416707180664 36.395781331815527 180.02072936519883 178 143 116 0.28811575109667492 47 4812 37 2626 46 4911
560 31.322589945296077 36.779084222928901 183.13549231681748 172 141 126 0.13886517332147438 47 2525 37 2631 46 2521
561 38.170535297096123 37.289089614174884 180.91521123087651 196 172 143 0.11347410930914893 47 2527 37 2632 46 2525
562 41.997048506660043 37.199827121778426 174.68677761122504 236 207 178 0.49923147462284434 47 2549 37 2638 46 2545
563 -28.353553541795097 35.050333350832688 186.74021628378443 170 142 74 0.052632983806722711 47 4816 37 2639
564 -1.4835952952026754 34.515047961330474 181.63311751598744 98 86 55 0.3129872028365297 47 2538 37 2644
565 47.009705320868306 37.718850816261288 171.18710414595623 114 61 62 0.39619423255363495 47 2564 37 2646 46 2561
566 31.97256875980748 37.357029205046565 182.84846497221423 57 38 13 0.1475757840151872 47 2546 37 2650 46 2544
567 -1.7550043418083121 35.105301049683263 181.85130558506361 13 0 0 0.24369420002454381 47 2559 37 2661 46 4939
568 23.785410018222507 36.348988908285236 178.88611685378788 34 16 1 0.43205125462091692 47 2579 37 2665 46 2582
569 48.726861741264067 38.653252629570048 170.84788225855388 61 43 41 0.17040259938519778 47 2605 37 2670 46 2591
570 46.031748317418185 38.717328608001253 173.35948614152301 216 190 158 0.075541760284531911 47 2606 37 2674
571 11.861194830928151 34.078942835050512 166.9582050568284 61 61 8 0.075326702861684428 47 2636 37 2687 46 2620
572 -33.606099359860607 37.51926434229253 192.88186798767967 59 56 41 0.24470045579203256 47 2573 37 2688 46 2572
573 -33.606099359860607 37.51926434229253 192.88186798767967 59 56 41 0.24470045579203256 47 2572 37 2689 46 2573
574 10.532142230345213 34.013681421950054 166.92555768966264 119 119 75 0.21388626036616143 47 2635 37 2690 46 2619
575 38.082982950213143 38.688575431236984 179.14400949238328 119 119 76 0.18364569543114984 47 4861 37 2691 46 2598
576 44.002192131026476 38.991441979078203 175.00323298412735 193 170 141 0.62113454393667689 47 2621 37 2692
577 46.541957088379611 38.928357582405425 171.6152753481272 218 190 158 0.29798863871551623 47 2625 37 2694 46 2609
578 39.91892893615303 39.373835674777915 180.94591570827859 227 209 190 0.2978851502218906 47 2607 37 2696 46 4957
579 -46.421747450109066 38.428882046523455 191.88308650899043 126 38 46 0.10965748575090305 47 2596 37 2704 46 2594
580 -34.998866067728123 37.87077444882943 191.80281363880985 17 6 0 0.97035465000968346 47 2597 37 2711 46 4953
581 -1.6768510428740442 36.915698160989272 185.02961217724996 10 2 0 0.065128431124414216 47 2611 37 2713
582 -1.3036244583002905 36.635038604686542 183.27997082650259 55 44 32 0.22378069233795161 47 2618 37 2714 46 2608
583 44.902500026873959 39.43946014375269 173.0303897797302 220 196 163 0.32650706059400741 47 2652 37 2718 46 2638
584 -30.72881561731058 37.659043674650853 189.57208787835205 43 26 0 0.10165774991180465 47 2609 37 2719 46 2603
585 12.269486379763382 34.640524895720255 166.20876222119045 43 40 0 0.41885267242035984 47 2664 37 2720
586 -30.953571320157216 37.682658211238525 188.63485173900443 118 100 70 0.21380356223152922 47 2624 37 2731 46 2614
587 -3.8929681451086027 36.515877678659052 180.69331518041901 87 70 46 0.035841872569876559 47 2642 37 2735
588 -3.8929681451086027 36.515877678659052 180.69331518041901 87 70 46 0.035841872569876559 47 2643 37 2736
589 1.1603813352479044 36.87597075757224 181.70795481613726 74 65 54 0.32230296530829206 47 2644 37 2737
590 -44.259873590642954 39.066638166647465 192.86217308276687 76 69 81 0.18421412183456767 47 2622 37 2739 46 2612
591 44.265568895635191 40.016523138228209 174.26979365371164 159 137 109 0.19628171260972568 47 2665 37 2745 46 2651
592 12.085215758095407 35.112013945498518 166.28715976826118 132 130 83 0.16255361694107026 47 2674 37 2748 46 2668
593 37.877822589628181 39.548866026708716 177.03695830357239 120 118 89 0.21919350173918092 47 2663 37 2749 46 2650
594 44.975967820973658 40.169613728816323 173.57492041849835 160 136 103 0.21887408759552432 47 2668 37 2751 46 2657
595 -32.146076916686816 38.653467162077504 191.55474773289126 8 2 0 0.54280876954487589 47 2633 37 2753 46 2629
596 -45.228280485303706 39.767291644124846 194.43364851197816 75 61 76 0.2813754911238095 47 4875 37 2761 46 2626
597 24.630587062102133 38.068012623593951 175.37095277024247 161 122 109 0.21974168583791853 47 2671 37 2772 46 2662
598 37.470648885001324 40.390194472243046 180.08570201712823 61 54 38 0.32547855965838851 47 2667 37 2774 46 2656
599 11.221010239339547 35.574823137186712 165.42196659092505 58 62 5 0.21535420680751458 47 2704 37 2780 46 2705
600 11.221010239339547 35.574823137186712 165.42196659092505 58 62 5 0.21535420680751458 47 2705 37 2781 46 2706
601 11.510825242580729 35.58626638622416 164.83283374656961 120 123 63 0.08724603362352755 47 2715 37 2788 46 2710
602 11.510825242580729 35.58626638622416 164.83283374656961 120 123 63 0.08724603362352755 47 2716 37 2789 46 2711
603 20.235403535972345 38.853512000718212 179.93530905564353 19 9 0 0.11056614324899794 47 2675 37 2790
604 25.089951107095857 38.759787630980675 176.58940706749394 49 5 0 0.29052398262666101 47 2689 37 2791 46 2677
605 -1.3573636180098709 37.83840846053603 180.74731739980783 13 4 0 0.082068223967703191 47 2677 37 2796
606 -53.859207213812773 39.369730075093067 181.08318486947425 49 36 9 0.62961409951459546 47 2681 37 2797 46 4992
607 -53.300986989488344 40.219857726094496 185.49502240091692 59 45 2 0.31521384071605918 47 2682 37 2801 46 2678
608 32.73868078209064 40.283506839684698 179.08887880742429 35 27 5 0.33033021829212555 47 2694 37 2804 46 2689
609 35.241323905665205 41.055130576462993 180.88319507920434 22 19 0 0.42951402483106249 47 2695 37 2807
610 -46.29335030012686 40.854113411624425 191.6177151256131 93 50 72 0.14791259112453051 47 2686 37 2813 46 2680
611 -6.3287188285033613 38.734761870096492 183.59461432773659 55 32 3 0.12763305006659242 47 2699 37 2814
612 -52.632981588904101 40.331847121857599 183.67515125238845 109 94 58 0.30850137273790162 47 4914 37 2815 46 5001
613 45.629683150985358 41.811952937411746 173.21114298788288 177 148 117 0.45616918336569773 47 2731 37 2816 46 2732
614 45.629683150985358 41.811952937411746 173.21114298788288 177 148 117 0.45616918336569773 47 2732 37 2817 46 2733
615 -40.559038541457106 41.224670919331061 194.56597832485332 5 1 20 0.20806206882565351 47 2690 37 2818 46 2684
616 -4.1977363144608493 38.260693441433538 179.3851264027968 66 51 40 0.42098444494230508 47 2719 37 2821 46 2719
617 43.528698867118386 41.990841404990618 176.14038637671683 189 160 136 0.29931422614050751 47 2727 37 2826 46 2727
618 22.175622568902707 39.762166471483944 178.18266692182635 55 42 10 0.21943408135563736 47 2724 37 2830
619 -48.861161321504056 41.811246651380728 191.81727065917946 124 45 51 0.15226649639577386 47 2711 37 2838 46 2718
620 -36.992765816063937 41.146057322734315 192.41383261262729 32 10 12 0.32693943555399241 47 2708 37 2840 46 2715
621 -0.1390118714629992 39.422240273390457 181.71337510334544 36 15 4 0.22023341376886788 47 2740 37 2842 46 2742
622 45.810336965966322 42.526299236499874 173.99387565600225 228 194 162 0.033807604159949982 47 2756 37 2845 46 2752
623 -52.922243248279358 41.079722459615425 183.46636472668453 65 51 8 0.24184550554622497 47 2738 37 2846 46 2743
624 48.374067490153017 42.801798785877025 172.05954400160849 79 51 42 0.29883020086612599 47 2764 37 2850 46 2762
625 -0.45368350960487991 39.438885594645441 180.5685849424606 63 51 41 0.086052284931786766 47 2755 37 2855
626 -0.45368350960487991 39.438885594645441 180.5685849424606 63 51 41 0.086052284931786766 47 2754 37 2856
627 25.074854413369252 38.743509874611668 167.76156857541412 108 87 70 0.2074240244627128 47 2777 37 2857 46 2774
628 21.988603330362693 40.048435574532085 175.71123852766317 70 53 18 0.43847384304555986 47 2763 37 2859 46 2766
629 47.866318893579802 42.903744784516427 171.07079945590132 147 121 109 0.46032452810090141 47 2778 37 2860 46 2778
630 47.866318893579802 42.903744784516427 171.07079945590132 147 121 109 0.46032452810090141 47 2779 37 2861 46 2779
631 34.468590611679282 42.412150768631506 178.96753056534087 25 32 0 0.36179679408382243 47 4952 37 2875 46 5038
632 -4.3915584280770519 40.404819328955625 182.6361842844951 33 12 0 0.24668152470456275 47 2776 37 2879 46 2777
633 34.059344307947732 42.768201437894128 179.54579449067501 88 91 66 0.5047189019688062 47 2784 37 2887 46 2783
634 19.185392412499095 41.583649885538023 180.80538475670218 79 68 65 0.180441898019258 47 2782 37 2890 46 2788
635 19.185392412499095 41.583649885538023 180.80538475670218 79 68 65 0.180441898019258 47 2783 37 2891 46 2789
636 -52.629368639025273 42.544786120760001 184.88075026084948 25 9 0 0.19322575002222739 47 2780 37 2892 46 2784
637 31.927341751223036 42.533698108382431 177.81185964014762 96 85 68 0.24549330344660869 47 2794 37 2903 46 2797
638 33.097268815377873 42.93227629741132 178.72025734883655 32 28 11 0.54893532836510994 47 2795 37 2913 46 2802
639 34.458843077972176 43.051355032101576 178.54042971231056 94 104 67 0.35314659906555712 47 2796 37 2914 46 2798
640 48.701636082837901 44.3705752578012 172.0554491902036 137 111 102 0.26736052364592106 47 2811 37 2916 46 2817
641 34.872476138507608 43.380018700751599 178.64873312615123 27 33 0 0.040259348843743714 47 2809 37 2928
642 48.204202333269663 44.448389587719035 171.54422961062696 88 62 50 0.41538467213712632 47 2820 37 2929 46 2824
643 3.1519071060291313 38.2603017421579 165.33843827755118 100 29 1 0.56874345412805838 47 4997 37 2936 46 6411
644 41.201324758229205 44.098474938597967 176.53234084434641 24 18 8 0.3997258713685401 47 2813 37 2939
645 42.187655276344508 44.103505701655706 175.45363766703073 79 70 53 0.39240859560523145 47 2818 37 2940 46 2820
646 -50.621030987338536 43.13200836968776 184.98325071820761 41 33 6 0.060949705334786296 47 2802 37 2944 46 2810
647 36.694607019791356 43.543204397605784 176.47478050045422 56 49 31 0.36173637253230034 47 2817 37 2947
648 49.553463601567465 45.547386901371411 174.2302810494067 96 71 53 0.29133328424461274 47 2824 37 2948 46 2830
649 -52.873895325206348 43.674743714390793 182.87791015287524 33 25 3 0.12953086801173622 47 2826 37 2958 46 2836
650 21.916121979384116 42.687322942270761 177.83776090138377 130 111 74 0.1240501754987559 47 2835 37 2963 46 2839
651 35.941270663158519 44.536498573791846 178.04550009366372 29 22 3 0.37892916807050625 47 2848 37 2967 46 2853
652 -1.7961466704318634 41.842571810185234 179.88919899352382 60 50 41 0.25938392276098882 47 2839 37 2972 46 2849
653 9.5726091082331823 39.580539881132204 165.14714200460375 124 132 73 0.19289968015936285 47 2890 37 2973 46 2896
654 -50.36411088810874 45.900832883624318 193.97547695498798 214 190 190 0.107436730626616 47 2827 37 2974 46 2837
655 43.293562166895256 45.586315108520793 175.56006957325849 141 116 113 0.25452588370232859 47 2877 37 2976 46 2878
656 43.293562166895256 45.586315108520793 175.56006957325849 141 116 113 0.25452588370232859 47 2878 37 2977 46 2879
657 47.856929100111756 45.937828095962352 172.54536770079457 111 85 64 0.30382272280635086 47 2881 37 2981 46 2888
658 -3.3246026985951298 41.995439876025564 178.49687448422139 34 17 7 0.15205353903294788 47 5031 37 2985
659 -49.144571325857875 45.71583723185514 191.70462394975789 160 137 138 0.11028402832848172 47 2849 37 2987 46 2855
660 -49.144571325857875 45.71583723185514 191.70462394975789 160 137 138 0.11028402832848172 47 2850 37 2988 46 2854
661 -51.480290885243932 47.246846733590573 197.00999247236024 33 9 13 0.21449132697118087 47 2854 37 3007 46 2860
662 -50.696581952631938 45.342489795005235 186.17100670153408 45 29 12 0.57387605030751909 47 2885 37 3013
663 19.295115446462141 43.871962745783897 178.55751833983626 23 12 3 0.067351967019614947 47 2898 37 3020 46 2904
664 18.409246350941835 43.726721926725226 177.26647544751651 24 11 4 0.48651843207361684 47 5053 37 3023 46 2915
665 -51.770324664507477 46.053533802047689 186.48323147472095 172 159 132 0.10762665248359421 47 2903 37 3030 46 2910
666 -4.3114495738817107 43.104610166554423 179.23146158442967 27 16 1 0.089588299804136476 47 2915 37 3032 46 2920
667 -54.884023217211968 46.077515435771765 183.02041576183933 81 73 46 0.32204818075854602 47 2917 37 3034 46 2925
668 18.499374843047782 44.448392587836167 177.63239128776482 55 38 30 0.074452587914838192 47 2932 37 3050
669 11.243127084970926 42.266743296531885 168.77771121782732 12 13 0 0.4724984030537695 47 2954 37 3059 46 2962
670 -34.166380178077247 46.275602451348163 189.84882361808252 43 36 39 0.37770719388304719 47 2929 37 3070
671 -6.152200881099418 42.670745712279974 172.21495253413752 27 13 0 0.28825816100534846 47 2961 37 3079 46 2972
672 -2.7937611577836035 45.386582719963997 184.38669921866594 59 51 40 0.043379381700862349 47 2944 37 3080
673 -2.7937611577836035 45.386582719963997 184.38669921866594 59 51 40 0.043379381700862349 47 2945 37 3081
674 -5.613212258667029 44.839138330536542 177.95959351265282 37 20 2 0.45155900983465541 47 2979 37 3112 46 2993
675 2.7979346119020576 43.324740520401797 168.59615703615188 112 43 3 0.62939948621173614 47 2998 37 3117 46 3007
676 1.7864568100965419 43.268810780674336 167.90828530679926 89 17 0 0.094196811164385427 47 3000 37 3129 46 3021
677 -3.8494151672423653 46.29208973875469 181.92143311199726 20 3 0 1.1630628777424259 47 2988 37 3133 46 5202
678 1.5832629892620176 43.095425855596353 164.63077782236644 207 140 91 0.45265876205547223 47 3047 37 3150 46 3069
679 13.401757285928712 46.520463592742779 175.93310160856066 27 7 1 0.13256657838235872 47 3022 37 3167 46 3050
680 14.7488969689756 46.868926033996068 177.05467274502999 23 6 0 0.3844255457203351 47 3023 37 3168 46 3045
681 20.628714626354846 46.873324285124696 175.11321221063673 94 84 62 0.054450669036207357 47 3024 37 3169 46 3051
682 -53.168509705825095 49.523344157412112 182.93035711376538 44 32 1 0.35331862729101826 47 3034 37 3175
683 -1.914787025914126 46.345452734949973 177.35532672702695 44 23 2 0.14621546899643945 47 3041 37 3178 46 3062
684 1.7663876894514015 44.20832637997318 166.09618190859501 221 164 93 0.398266690535926 47 3078 37 3185 46 3100
685 13.849807728811395 47.684893872017376 175.98644484328867 35 4 0 0.21831954420553581 47 3079 37 3199 46 3102
686 -52.083789017061711 50.863260822127636 185.96317658729842 24 14 2 0.090618137555323164 47 3061 37 3201 46 3083
687 -9.244018824849956 44.665872548896004 165.82490573785108 50 32 13 0.81616956505949689 47 3107 37 3219 46 3136
688 -34.64056602607458 50.006960238872253 186.54525744460636 71 57 30 0.12327555912339207 47 3086 37 3233 46 3115
689 14.560134675695615 47.679319186123983 172.77517253176859 35 11 3 0.37856025623290906 47 3102 37 3235 46 3133
690 -2.3695789324802967 47.002395273810357 172.92513514860832 86 61 37 0.51205464208141549 47 3109 37 3242 46 3140
691 -2.8698367414095141 48.24498050065273 177.74338352286949 46 24 6 0.17263264593585451 47 3103 37 3249 46 3137
692 -10.315510720243308 45.765774235276751 167.71004391392853 37 21 4 0.30218958372435695 47 3137 37 3253 46 3159
693 19.390739578520797 48.980655476985334 174.37110790966904 37 27 3 0.23020417835794887 47 3119 37 3254
694 -18.659460662910806 46.178544476681864 168.29446216587687 118 55 9 1.4823150686585747 47 3142 37 3259
695 -53.773690754262319 52.587025240439928 184.62549505034025 77 65 50 0.25553888553328247 47 3123 37 3262 46 3152
696 -4.5384248994930925 48.404478680036341 175.19136910971227 66 45 34 0.58057330159945686 47 5193 37 3269 46 3169
697 -53.625987568985778 53.092006341753908 184.93732916508478 21 11 2 0.21233796548295211 47 3134 37 3273 46 3162
698 -53.625987568985778 53.092006341753908 184.93732916508478 21 11 2 0.21233796548295211 47 3135 37 3274 46 3163
699 -8.3007643722438491 46.693461511561281 167.5154504351529 32 13 2 0.21967315090381814 47 3174 37 3281 46 3200
700 -3.0337705799302253 49.524992178745585 178.17283189009686 37 7 0 0.049914762901333364 47 3151 37 3288 46 3187
701 -18.757187307564696 47.352625394416087 169.89777819017729 196 133 102 0.18982445371877599 47 3171 37 3291 46 3195
702 17.513523611835399 50.00623947960257 173.88622582701086 62 47 38 0.024268437127418836 47 3164 37 3297
703 -46.449970182898817 53.037412418991394 184.01364685543027 150 133 107 0.10892966272543357 47 3176 37 3313 46 3208
704 -48.424987107654651 53.359833759258493 183.11405410717757 74 57 17 0.15819196969237961 47 3180 37 3319 46 3216
705 -54.305315400385886 54.446082390804477 183.13914402667183 53 50 35 0.4181697380847979 47 3183 37 3324 46 3226
706 36.142381310869467 52.669319162011675 168.94438364878039 15 8 8 0.27334262539627929 47 3224 37 3339 46 3275
707 -45.50602721366139 54.434600372750232 184.32551274663234 23 8 1 0.53341577300921517 47 3207 37 3345 46 3257
708 -45.487519987417933 54.417969387108243 184.29695387520798 23 8 1 0.60994869065983748 47 3208 37 3346
709 -46.140010358458866 54.523641140480535 183.64309946138076 39 25 1 0.12986561021064905 47 3214 37 3358 46 3263
710 -48.54746463425073 55.045096387895121 183.50593397069957 39 12 3 0.18762877600028358 47 3226 37 3370 46 3277
711 -36.826154600125655 54.774781633345405 187.11179060780816 65 24 4 0.11797339598860761 47 3215 37 3376 46 3271
712 -44.530770667234826 54.671580805893932 183.01939118312177 28 0 0 0.10495084122132602 47 3234 37 3377 46 3284
713 -45.021774695778653 56.022151867422025 188.65061799592789 22 1 1 0.74977586520373085 47 5251 37 3378 46 5334
714 -19.937941874816978 51.265837025060385 175.23071186190796 63 24 0 0.33785439312965643 47 3245 37 3379 46 3293
715 -44.5038068551777 55.140124698000733 184.54128052568407 140 112 106 0.13057846277846774 47 3235 37 3381 46 3285
716 -47.657508041532267 56.231233006061515 182.51454494764789 16 0 0 0.15901929877588816 47 3262 37 3420 46 3315
717 -14.481875864922339 -23.778310581195377 223.1142291671521 186 173 159 0.14363492570049036 47 3471 37 3640 46 3551
718 -14.612521712909468 -22.224419786803153 218.47484425425247 21 6 0 0.28478388911950481 47 5466 37 3655 46 3588
719 -17.356698655706612 -21.877646504799571 216.06860782373184 208 190 178 0.26402623808740971 47 3515 37 3657 46 3590
720 -15.167834745658871 -21.418649902039508 215.55352846910083 120 98 90 0.19665522546153011 47 3535 37 3664 46 3607
721 -14.545030721032123 -20.552015828471806 215.35998747066483 49 36 33 0.10782046648124427 47 3555 37 3689 46 3627
722 -12.285844313600203 -20.73870652859263 218.10800959270185 65 68 75 0.18477372155980135 47 3556 37 3695 46 3631
723 -14.008405863928653 -20.218745306438777 217.21817080778993 44 39 41 0.25009102683326961 47 3570 37 3704 46 3644
724 -19.176616650403062 -19.741730380801826 219.83974220937651 50 33 33 0.22933674649443986 47 3582 37 3725
725 -13.989006340555656 -19.275879031750488 218.10521623732308 42 38 42 0.19135524075317364 47 3587 37 3734 46 3672
726 -16.546736092048732 -18.854015117589839 216.7120838726533 203 181 161 0.22987196472063529 47 3603 37 3744 46 3685
727 -15.711403700342139 -18.543898466465329 217.15436515772066 167 145 127 0.1722833655885796 47 3616 37 3751 46 3697
728 -18.140174500258873 -16.660601591869941 218.55620531161907 164 144 112 0.19923672489364419 47 3684 37 3819 46 3756
729 -14.372291343281693 -16.032285629644011 217.53729527282178 81 65 59 0.15179642090031065 47 3698 37 3828 46 3772
730 -14.372291343281693 -16.032285629644011 217.53729527282178 81 65 59 0.15179642090031065 47 3699 37 3829 46 3773
731 -13.317612516887779 -14.854653111278322 219.04789862422666 72 71 76 0.19295986133247425 47 3726 37 3870 46 3806
732 -13.261516227441383 -11.031206702370257 214.60857622513885 200 167 168 0.11180003170003172 47 3822 37 3977 46 3908
733 -11.211946603538262 -10.568601903464904 212.38294234524818 211 173 173 0.2041145678807369 47 3834 37 3980 46 3916
734 -14.981086602332152 -9.9102818486127067 214.8534673522993 250 220 198 0.049766202017891413 47 3848 37 4005 46 3931
735 -9.7884338133780258 -8.9545021581431303 212.24289792677141 249 233 217 0.10798917205745595 47 3871 37 4017 46 3956
736 -28.709880235886441 -10.182871450478839 236.94881300156433 93 86 66 0.38716900865395315 47 3854 37 4030 46 3942
737 -44.055844862792419 -9.1914108871457039 233.64742810717163 137 122 106 0.23230357913964603 47 3861 37 4033 46 3948
738 -4.8227563694859485 -8.5146217735380869 214.8680058081647 53 38 29 0.12677611227335533 47 3886 37 4036 46 3971
739 -2.5838166216001963 -7.371507625987916 214.16498431149731 54 47 32 0.16011069088836469 47 971 37 4054 46 989
740 -17.156100424321252 -7.3268687037079285 215.62513524665479 199 168 149 0.80383576894352404 47 5689 37 4065
741 -14.628837661953837 -7.3469498054990723 215.096867304684 238 203 178 0.10261475066227881 47 3910 37 4066 46 4001
742 -12.418960805181863 -7.1618346266292265 214.18742715274388 186 155 127 0.35803797744229654 47 3915 37 4070 46 4007
743 -21.306423191863491 -7.1412279357988311 217.24604254301465 226 196 170 0.325633427202287 47 3914 37 4073 46 4009
744 0.094841680357627814 -6.493968292070142 211.3638023885236 67 41 31 0.14068954868822128 47 3926 37 4074 46 4019
745 0.094841680357627814 -6.493968292070142 211.3638023885236 67 41 31 0.14068954868822128 47 3927 37 4075 46 4020
746 -20.302607655431473 -6.9616843490290963 216.43647883530738 186 163 133 0.51905964144144556 47 3919 37 4079 46 4014
747 -13.858409796641121 -6.7796802419202606 213.92481120679122 233 200 175 0.10480093446462975 47 3924 37 4080 46 4017
748 -13.858409796641121 -6.7796802419202606 213.92481120679122 233 200 175 0.10480093446462975 47 3925 37 4081 46 4018
749 -0.66638364973673414 -6.039734860870559 210.29086177690616 55 35 26 0.1651289924931959 47 3934 37 4090 46 4026
750 12.267560343515497 -5.5465651602499815 211.89037928585611 36 25 26 0.81159076804467589 47 6825 37 4092 46 5762 46 6924
751 -6.9179213527534653 -5.8974226943400918 207.71108682643253 196 168 155 0.51345394718996851 47 3942 37 4095 46 4034
752 4.2255266783146102 -5.1390301020642131 206.50220430546784 65 44 42 0.078223603178711174 47 3948 37 4102 46 4040
753 -21.015161470844163 -6.1961534300804892 217.60229448683856 242 211 192 0.122991407279661 47 3937 37 4105 46 4032
754 -21.015161470844163 -6.1961534300804892 217.60229448683856 242 211 192 0.122991407279661 47 3938 37 4106 46 4033
755 2.2790772255207408 -4.9945339647871876 207.95069317717989 87 63 55 0.016713134110549605 47 3951 37 4111 46 4043
756 2.2790772255207408 -4.9945339647871876 207.95069317717989 87 63 55 0.016713134110549605 47 3950 37 4112 46 4042
757 -20.001117493088508 -5.7683439224270021 219.88469223485171 146 125 100 0.40520842939361562 47 3947 37 4116 46 5778
758 16.341651586900479 -3.8226469842093556 205.9298747732102 159 139 119 0.13398180899417103 47 3960 37 4117 46 4051
759 20.234379724272678 -3.5439500623807123 207.05110438429264 109 109 119 0.10047952680413845 47 3961 37 4119 46 4053
760 -22.435472253291287 -5.7009750651863502 219.73783320313228 159 128 105 0.13329805348269072 47 5712 37 4120 46 5777
761 -2.1687197181413138 -4.5746518947090902 202.58160499597344 244 201 202 0.20906332412180814 47 3971 37 4121 46 4068
762 -2.1687197181413138 -4.5746518947090902 202.58160499597344 244 201 202 0.20906332412180814 47 3972 37 4122 46 4069
763 3.0003871587633348 -4.5807617852494147 206.99355767644622 76 61 50 0.045017370145778286 47 3965 37 4123 46 4056
764 3.0003871587633348 -4.5807617852494147 206.99355767644622 76 61 50 0.045017370145778286 47 3966 37 4124 46 4057
765 -10.036319810762361 -5.0566372023210899 211.70002717405208 137 103 83 0.4388852275738464 47 3959 37 4126 46 4049
766 1.8202601079429332 -4.5826482119747887 208.53917202420365 202 191 180 0.12154047674400541 47 3968 37 4127 46 4064
767 -0.47149715554044425 -3.8997238110237538 201.29154248287711 235 219 206 0.070764436928266325 47 3979 37 4132 46 4078
768 -13.876339969705375 -4.8729344843815028 215.44139367837036 205 169 147 0.11606520123674269 47 3970 37 4133 46 4067
769 4.187865246874825 -3.8919689105001556 205.70695097361747 70 51 37 0.063367887143311361 47 1101 37 4135 46 1113
770 -29.596983826225657 -5.3897228037852045 234.287537010459 114 105 99 0.45868745716136411 47 3952 37 4140 46 4046
771 -29.596983826225657 -5.3897228037852045 234.287537010459 114 105 99 0.45868745716136411 47 3953 37 4141 46 4047
772 -52.292120034445588 -4.0346808087160886 229.98344645520251 77 61 26 0.22728970830229275 47 3957 37 4144 46 4059
773 5.094941866819247 -3.4272052507622695 204.51187428166929 60 37 36 0.18269998297368592 47 3984 37 4145 46 4083
774 -18.139666610998869 -4.437750238286883 216.90101823601529 210 184 163 0.11167680401092282 47 1097 37 4149 46 1109
775 20.222450172052373 -2.2500731074755973 206.51787690531708 108 108 120 0.25585417853642123 47 3986 37 4151 46 4088
776 0.033158110588491038 -3.056691421714961 198.64037123707655 211 158 156 0.089848187763526696 47 3992 37 4152 46 4095
777 4.1629546294567943 -3.1166735834079935 204.54358417379905 58 40 44 0.095730671982265189 47 1133 37 4153 46 4092
778 -1.4179345043720353 -3.0178419489010477 200.88792304876077 249 218 206 0.11201912163403845 47 3995 37 4155
779 -42.572837234827269 -4.1051539865990812 234.2182489285328 93 82 67 0.31741357371271012 47 1093 37 4156 46 1105
780 -24.305717137850941 -3.9836374256543254 219.91434173160999 41 13 1 0.049575973945381067 47 3983 37 4158 46 4082
781 -52.516913436289407 -3.1728877105006319 229.98953207610384 152 137 79 0.096162957192061929 47 3977 37 4159
782 0.82115664621564055 -2.6158567161892066 198.98638361020232 200 139 142 0.14642804583888688 47 4004 37 4160 46 1165
783 0.82115664621564055 -2.6158567161892066 198.98638361020232 200 139 142 0.14642804583888688 47 4005 37 4161 46 1166
784 6.2176421703059601 -2.4893151840975731 203.10601202632378 62 39 36 0.035936635573312385 47 3999 37 4163 46 4101
785 6.2176421703059601 -2.4893151840975731 203.10601202632378 62 39 36 0.035936635573312385 47 4000 37 4164 46 4102
786 18.336382897461089 -1.8065999264491261 206.12035991877818 98 101 112 0.14067101773979201 47 1151 37 4165 46 1161
787 -52.081219776172908 -2.9119194315205763 230.86381768459597 139 125 71 0.2754643841461894 47 1117 37 4166 46 4084
788 -10.03344063452105 -3.3362984566093123 214.20563459465217 251 216 201 0.080521781496933106 47 1142 37 4168 46 1155
789 -13.103387502120571 -2.8454684885921488 216.14719155179355 36 10 8 0.077322260681663077 47 5748 37 4174 46 5805
790 9.5562946447920201 -1.2054006964559472 199.2707148318438 29 23 32 0.31318399216641307 47 5756 37 4177 46 4118
791 -42.429431965696281 -2.5177517100844642 230.93957853452255 111 102 103 0.28096731127339675 47 3996 37 4179 46 4103
792 -4.8201116498003467 -2.0101555189941931 206.68827046819314 249 220 198 0.043329350167887692 47 4021 37 4180 46 4114
793 -9.2619112505210168 -2.1722478784117198 211.44584051159626 244 222 204 0.25182279261377311 47 4018 37 4181 46 1190
794 -13.709492896433863 -2.323211909991354 215.95253762117744 200 179 167 0.095624215158522194 47 4017 37 4182 46 4109
795 -5.5945707891842993 -1.9223711647474282 207.66372659243493 154 126 99 0.13799002049937162 47 4023 37 4183 46 4116
796 1.7784634528185821 -1.2757640443757552 198.47029293810732 33 5 0 0.072553865394669181 47 4030 37 4184 46 4122
797 1.7784634528185821 -1.2757640443757552 198.47029293810732 33 5 0 0.072553865394669181 47 4031 37 4185 46 4123
798 -14.756719874427647 -2.2591430433503561 215.80039886225822 176 144 125 0.28909124579507012 47 4016 37 4186 46 4112
799 3.0313570897774786 -0.95476068561072291 196.15238062419684 201 142 138 0.063468480857034035 47 4040 37 4189 46 4128
800 3.0313570897774786 -0.95476068561072291 196.15238062419684 201 142 138 0.063468480857034035 47 4041 37 4190 46 4129
801 16.091330338309895 -0.34913528180233488 205.2010504117892 78 78 90 0.29133835131422492 47 4033 37 4192 46 4124
802 -27.78243818340858 -1.6363553507522561 219.66975729964824 81 9 13 0.2299761112268098 47 1179 37 4202 46 1197
803 -14.558184971378694 -1.6824227278251174 219.00067205193199 167 129 107 0.22813444944888786 47 4026 37 4203 46 4120
804 -50.582946824422841 -0.31764050680141026 217.96798093295402 155 138 90 0.17563676288383223 47 4034 37 4204 46 5822
805 -2.9772734519692943 -0.80158195118430253 204.68768319740667 240 206 186 0.1625381293899664 47 4044 37 4206 46 4133
806 7.5246045150375274 -0.26772290190148018 201.39779890838039 89 66 63 0.10764906312696181 47 4046 37 4207 46 4136
807 -28.229393092641804 -1.0001003938622464 217.66404458924623 81 5 11 0.23208447551609623 47 4037 37 4212 46 4130
808 6.1453795975925036 -0.10353269366011408 204.70296234488148 24 24 27 0.088734091122401895 47 4050 37 4213 46 4139
809 2.95200923301178 0.47130584697854494 195.90280117258573 241 207 185 0.14338245731584801 47 4068 37 4221 46 4148
810 -10.427984865861474 -0.36491310601471277 214.32485147629339 179 151 119 0.30595369347538071 47 4053 37 4222 46 4142
811 -29.930102516500394 -0.23068596236580999 218.3443380330348 94 1 4 0.099040083527879907 47 4052 37 4223
812 31.468303115447736 2.8304953572759119 201.66807368378159 78 66 66 0.26426061239397436 47 4070 37 4225 46 4149
813 -7.4653747794330556 0.092459138614641848 211.26542282850855 246 222 198 0.16438468635326675 47 4060 37 4226 46 4144
814 -30.783883355757411 0.25765363985572504 219.35145700247276 68 13 13 0.48962508507416552 47 4059 37 4229 46 4143
815 4.6219434142066573 1.1716930520528421 195.37985510416181 216 175 169 0.44572726228158704 47 4081 37 4230 46 4160
816 16.712665026335074 1.7570795554964234 206.18655302717872 17 15 23 0.13855735654623713 47 1238 37 4232 46 4155
817 -47.105816932508233 1.0476818622967445 226.15063912676504 173 157 151 0.10345869659702456 47 5770 37 4235 46 5836
818 -19.891721418830056 0.49657878192327087 217.62379047494767 177 147 121 0.34264159471660588 47 4067 37 4236 46 4151
819 15.143706452957606 1.9405706574724824 205.34086232979971 45 45 57 0.10640388651419176 47 4079 37 4237 46 4159
820 -5.3050470136284336 0.91109647988111819 208.65785263019302 48 15 8 0.09561760190786267 47 4075 37 4239 46 4158
821 -11.256746812082339 0.87691964013965362 214.32591682056827 171 134 105 0.36415999931408133 47 4074 37 4241 46 4157
822 -0.59835356912716076 1.4741334182271768 199.99843724224758 246 216 201 0.34100520613348312 47 1274 37 4243
823 13.42824226903163 2.1049751476872136 202.64202167026053 84 84 94 0.22060063816431538 47 5787 37 4244 46 5852
824 -31.352401894539149 0.9278179662251469 223.29082648850502 98 53 61 0.71742500952753196 47 1234 37 4247 46 1254
825 18.588510205556751 2.5712830270637368 206.38691378876428 77 77 85 0.3501191750584704 47 5788 37 4248 46 4163
826 1.7680856866925849 1.9447926848160404 198.57528412761118 223 190 176 0.30862732890931205 47 4096 37 4249 46 4179
827 -7.5396876495914125 1.613056570621209 211.55385527141681 244 213 192 0.13942228905048507 47 4086 37 4251 46 4172
828 -0.01430533980051564 2.084674916840672 200.43755341987151 183 151 137 0.13994864846089791 47 4100 37 4253 46 1304
829 11.892959543233507 2.6183557524630245 200.72506449923449 72 73 82 0.22484185375002841 47 5793 37 4254 46 5859
830 15.100170436792707 2.8885672809145704 205.42507819144927 30 30 42 0.079377067742965435 47 4097 37 4257 46 5860
831 13.079452656080012 2.9807008194900892 202.92681678527995 65 64 79 0.27801515613091293 47 4105 37 4259 46 4185
832 -18.402395366632316 1.748782119674916 218.01401484949719 205 176 152 0.21928976768618166 47 4090 37 4261 46 4174
833 13.963724655908621 3.2327263601860516 204.41103443913926 38 38 50 0.27274669673620572 47 5798 37 4263 46 4189
834 17.358649864324757 3.4518890091783794 206.28717182135711 29 27 35 0.11833900350925124 47 4107 37 4264 46 4187
835 14.411730003041921 3.5372968549431212 203.66892893077835 93 91 101 0.21770852139201372 47 4110 37 4265 46 4197
836 -8.9298495443566779 2.3758385540014548 215.36559749040364 228 195 169 0.079374512272226472 47 4104 37 4267 46 4184
837 13.427548147505163 3.4821500782225301 202.91108562549914 124 125 141 0.085575007063241657 47 4109 37 4268 46 4196
838 -28.868081156724532 2.5910964328686608 220.886022569452 69 8 8 0.3502221174191682 47 4102 37 4269 46 4186
839 -28.848735179692625 2.5973026449945746 220.68430228313844 69 8 8 0.39142191291693523 47 4103 37 4270
840 13.106537595202715 3.7374246962776563 204.63110168759482 61 63 78 0.40879725334587619 47 1327 37 4271 46 1340
841 27.10608791415742 5.182333924801358 199.6431864737749 31 19 21 0.79575000439259658 47 1346 37 4278 46 4206
842 36.223259393160369 6.1652396049662128 202.01605558451752 159 134 90 0.42709328567282606 47 1337 37 4279 46 1348
843 27.668767854386843 5.3102777603981135 199.97012793608187 81 61 63 0.27970028642089684 47 1347 37 4283 46 1360
844 -17.399302791669815 2.8727736834396658 218.75950416924709 167 142 112 0.19458043091093344 47 1320 37 4284 46 1334
845 12.58318602118139 4.1619498626502107 203.46870568897481 109 111 125 0.12116079187525981 47 4125 37 4285 46 4212
846 -25.249477119607889 3.1983773241916431 224.02674805888714 86 58 41 0.39413716651292113 47 1323 37 4287
847 11.912828105117788 4.3688293931017972 202.98808285732727 93 97 99 0.19461898849919126 47 4126 37 4288 46 4213
848 16.872825099991108 5.1672862563491142 207.77821010075462 90 86 95 0.12177103991198845 47 1362 37 4298 46 4219
849 21.327339355705011 5.5078935210294171 209.34097334059021 47 45 55 0.26966320606837818 47 4131 37 4299 46 4218
850 6.1831577250505454 4.8322790438783905 192.22079024372414 208 174 156 0.1552831272990077 47 4146 37 4301 46 4235
851 -17.398396215957703 4.4625914927247141 214.80488964767173 163 132 109 0.088076926969262351 47 5826 37 4305 46 4222
852 -7.4460493126699863 4.5888289379264036 210.41309105192178 154 117 91 0.074287466112942499 47 4140 37 4306 46 4224
853 28.229204381871234 6.9412278782912908 200.29025291783825 74 45 39 0.58880559813588018 47 4148 37 4307 46 4237
854 -18.185058860220025 4.8058739198447169 217.9409591674542 89 56 35 0.42346695139688562 47 4139 37 4311 46 4227
855 -13.618415757688098 5.0121805255012424 217.26386269763501 118 93 76 0.22147070831220461 47 4142 37 4315 46 4232
856 -49.771648178271761 6.2829376812561506 227.5044998084438 177 151 131 0.21024956686437754 47 1387 37 4318 46 4231
857 -49.771648178271761 6.2829376812561506 227.5044998084438 177 151 131 0.21024956686437754 47 1388 37 4319 46 4230
858 -59.730845738576903 7.1019655681470448 225.70474320939985 155 110 116 0.44043446436666711 47 5835 37 4320
859 -51.026341425625894 6.380297175092708 225.38305758659371 203 161 102 0.13109522366357598 47 4143 37 4322 46 4233
860 8.0536603617746856 6.2494234772407937 193.3058629508958 223 187 169 0.096440413550818185 47 4162 37 4324 46 4253
861 -14.610418413320227 5.559836173962764 216.42641320155698 190 169 146 0.27885427448473843 47 1407 37 4326 46 1407
862 -30.09705294590912 5.8649290815359363 211.28064610436297 51 31 42 1.7188305955533618 47 5854 37 4328 46 5919
863 -26.348966265131452 5.8037405519597609 219.62806966904685 203 181 183 0.13077886673265424 47 4151 37 4329 46 1413
864 9.959840013436617 6.5770578697139603 194.26921241105035 95 61 57 0.24788979220521123 47 4166 37 4330 46 4259
865 -24.435406394812592 5.8240647228895561 220.60858894460321 36 9 7 0.12895447197282536 47 4152 37 4331 46 4243
866 6.3808636999175947 6.6746277117255097 193.71914004165336 153 115 94 0.1687990448306049 47 4176 37 4334 46 1462
867 6.3735082100630196 6.6760393571399437 193.407793214409 153 115 94 0.034281943489915215 47 4177 37 4335
868 -13.083322251898624 6.2805326059869495 215.08170141272828 196 170 156 0.35611517789658809 47 4158 37 4339 46 1437
869 -51.843103437669264 7.5314660363316923 218.13067168243813 30 16 0 0.242016342466435 47 1424 37 4340 46 4252
870 19.062032670651018 7.8235002309130763 205.52451025343476 138 127 124 0.32385086720393952 47 4167 37 4341 46 4261
871 4.308694850271662 6.9491650141801893 196.61998184775734 208 165 146 0.072342598393790314 47 4182 37 4343 46 4276
872 32.96150774060569 9.331279718810169 198.0797233576078 76 53 40 0.21091427816410604 47 4184 37 4347 46 4274
873 -36.139192108151633 7.0405723416005968 215.75308431668313 22 26 11 0.28209512561639116 47 4163 37 4348 46 4258
874 -35.097500214219963 7.0592632525798837 216.51595209363819 116 116 84 0.22890217714811026 47 4164 37 4350 46 4260
875 -23.727145359550573 6.8014335817974843 219.17812396536721 36 7 8 0.27543761856770782 47 4161 37 4352 46 4255
876 15.90280398794811 8.2509344701257241 206.97942869551053 71 71 79 0.26631280619832104 47 4185 37 4355 46 4279
877 -49.460052824203579 8.2407991074396296 218.24668496430451 64 32 0 0.42034268960048043 47 4174 37 4356 46 1469
878 -17.45689644324402 7.2407127760481806 216.86578773698278 176 157 140 0.07172291596292879 47 4175 37 4358 46 5931
879 -26.14690227187462 7.3473451462241171 214.84110169387682 23 6 15 0.61240576071179686 47 4179 37 4360 46 4275
880 -18.244818066007181 7.304536218832693 219.68306279933307 53 32 20 0.13295134190786351 47 1450 37 4361 46 4269
881 -45.673408032140372 8.3426691736775638 215.05285439779379 183 145 135 0.19292817677648677 47 1469 37 4363 46 1482
882 -45.673408032140372 8.3426691736775638 215.05285439779379 183 145 135 0.19292817677648677 47 1470 37 4364 46 1483
883 1.149750279256299 7.7958772574782786 199.65548289789425 200 161 147 0.26824132899136166 47 4201 37 4365 46 4298
884 -31.026383343208845 7.7741344074698739 214.22770525466083 188 173 153 0.12892475577116019 47 4186 37 4366 46 4281
885 -18.335313899354787 7.6605435843874936 216.35054407910428 132 119 112 0.22561650952802151 47 1475 37 4367 46 4282
886 -42.90130983430403 8.4398255326769558 214.89849653337674 82 71 78 0.2299380655259744 47 4191 37 4370 46 4285
887 -39.779997689556211 8.3185894988905922 216.18408074280163 44 45 37 0.17702034800504274 47 4189 37 4371 46 4286
888 -50.434429833294587 8.9462029004180934 219.33693924154375 64 39 5 0.17894904114601304 47 4188 37 4372
889 -35.752016517269404 8.2765943565688378 219.77900236946198 44 35 6 0.092968655863416794 47 5880 37 4373 46 5939
890 -14.686482026180427 8.054387522748053 216.27853722662834 150 131 124 0.23226756664443701 47 4193 37 4374 46 4291
891 7.615628279114552 8.5268133506750772 194.24762400170215 243 204 187 0.10271715607066173 47 4217 37 4375 46 4313
892 28.619461670427231 10.312206949221565 201.17318884961949 132 111 100 0.44900235094210056 47 4214 37 4377 46 1518
893 29.897937557899755 10.428345273777046 201.49223500431563 69 46 31 0.20147822618201547 47 4211 37 4378 46 4307
894 43.370037568858478 12.026109913752355 215.86052253128994 54 38 23 0.96958832272373507 47 4194 37 4379 46 4292
895 -43.250541190310706 8.8098267040256069 214.58980376890057 39 28 31 0.28775888095698127 47 4197 37 4380 46 4297
896 -16.650262771408812 8.1678426283960253 217.99435571303962 160 142 137 0.12854514985216256 47 5884 37 4381 46 4290
897 0.68140872133404695 8.4188365978661697 198.60862751840861 237 200 187 0.18593858411802047 47 1527 37 4382 46 1531
898 -32.46472289765719 8.445092754312352 214.05861804741056 130 124 82 0.15246239671307418 47 4205 37 4383 46 4300
899 -32.46472289765719 8.445092754312352 214.05861804741056 130 124 82 0.15246239671307418 47 4206 37 4384 46 4301
900 27.73421183964696 10.421740581811822 202.59646598266886 37 20 12 0.33191046955435005 47 1520 37 4385 46 1521
901 34.752348367423053 11.197458901696386 197.73183157276296 151 131 75 0.36975222871088825 47 4220 37 4386 46 4317
902 28.087864701341349 10.701337188470415 200.13071533853395 38 21 11 0.24377665043912411 47 4225 37 4389 46 4318
903 31.486397688269694 11.040048511590316 200.4202777916606 119 99 79 0.24419708252453121 47 5903 37 4390 46 5962
904 -5.2046179600546028 8.7937550203879571 208.49109320390897 232 197 170 0.19373862915235915 47 4216 37 4396 46 4312
905 2.2848440899152118 9.3911524952902834 198.09487477913027 154 108 99 0.059880998025219991 47 4234 37 4399 46 4330
906 -31.316615793115702 9.6469374280029552 213.75169307205044 132 127 88 0.20831075163136614 47 1537 37 4406 46 4322
907 -27.040456740888295 9.5218981564644949 212.07919309922229 39 6 10 0.13515619820310074 47 5909 37 4407 46 5967
908 -34.31409803497646 9.9367029144467907 215.87525339562197 178 138 113 0.17467384434676414 47 4228 37 4408 46 4324
909 -13.039383785645651 9.8576096490478538 214.76440768838904 41 21 3 0.24792834140503692 47 5913 37 4410 46 5969
910 33.441639463311041 12.409243509579348 199.08240980336819 45 28 10 0.090842419815099704 47 1579 37 4411 46 1578
911 -37.439087641012506 10.386553056929225 216.61878269126413 100 81 66 0.21855347329152988 47 4232 37 4412 46 4329
912 -10.481741959935633 9.9741464470368495 212.89279093188807 37 17 0 0.090508239949012026 47 4233 37 4413 46 4333
913 -32.891416969883061 10.267407028364794 212.42047226861555 166 127 95 0.27071015566878542 47 5917 37 4416 46 5975
914 -47.327697820174308 11.127719044830158 215.11271828230653 56 54 50 0.35575356836939132 47 1574 37 4418 46 1574
915 -11.214186597521989 10.272817491362183 212.4013484634994 37 23 1 0.085755442210077623 47 4243 37 4419 46 4335
916 0.23216153554018959 10.423854718822215 200.18690059905859 251 225 211 0.59980299663801662 47 4259 37 4421 46 1590
917 -1.2820944523383622 10.619461421845244 204.87791458318981 249 221 198 0.48488435211791109 47 4255 37 4424 46 4351
918 -6.8596305365491856 10.711062418190227 212.2526023381437 55 26 9 0.22388513258176404 47 1581 37 4425 46 1585
919 -54.494662428856955 12.235694844145575 224.46663770823034 37 22 2 0.21378415157645078 47 4245 37 4427 46 4338
920 -49.006703498765383 12.335555026776129 216.3897682523608 35 24 21 0.21330451756875982 47 4263 37 4430 46 4362
921 -0.41061115389813807 11.748116840249869 204.54610523901513 252 228 206 0.14432315890159111 47 5933 37 4434 46 5996
922 -9.1596845155086424 12.127111421324839 210.86431381871915 106 104 60 0.4531422044473295 47 4273 37 4436 46 4370
923 26.212801363229989 13.81622876898364 201.85367390490623 71 60 56 0.45976271793986173 47 5943 37 4437 46 6002
924 38.285550822457729 15.175515633177987 198.32106735380461 156 135 93 0.22027381084885689 47 4288 37 4439 46 4385
925 3.8674697694700737 12.31108055012737 196.36170120442443 202 155 146 0.068200290669461608 47 4290 37 4440 46 4391
926 -7.9207539917333269 12.34951152591117 209.36375346451672 107 106 69 0.15697605751360644 47 5940 37 4442 46 4375
927 21.8333031738382 13.674094909542797 201.53095826034732 94 43 52 0.17429754505075831 47 4286 37 4443 46 6007
928 7.0278701949396147 12.56844152370582 194.35142541544687 150 80 74 0.086978670084454826 47 4296 37 4444 46 4399
929 7.0278701949396147 12.56844152370582 194.35142541544687 150 80 74 0.086978670084454826 47 4295 37 4445 46 4398
930 -38.860841055221144 12.954570208067988 210.80859594293159 159 144 104 0.20534377160139858 47 5947 37 4447 46 4379
931 7.5116255897593165 12.635900754518941 194.29098517235221 216 148 155 0.072349942513358731 47 4297 37 4450 46 4400
932 -16.627791486583025 12.659959298958958 205.92898418017521 123 75 68 0.12664848302131007 47 5955 37 4452 46 6016
933 12.307680951518826 13.400615626876005 195.81041767963109 24 20 29 0.29652800453492539 47 4300 37 4456 46 4403
934 -28.410760513357612 13.060447491170665 209.51299997196568 57 32 4 0.33342047441160877 47 4292 37 4458 46 4397
935 -23.65286059050251 12.966718336551542 210.03789235847842 149 112 85 0.31432274886634737 47 5954 37 4459 46 6013
936 -23.65286059050251 12.966718336551542 210.03789235847842 149 112 85 0.31432274886634737 47 5953 37 4460 46 6012
937 32.49159870759334 15.302403269165366 198.35449427689349 39 18 5 0.20215135915733562 47 1674 37 4461 46 1680
938 30.064113782565279 15.797006180425566 199.44364887104999 72 54 22 0.0571281790256426 47 4310 37 4465 46 4411
939 7.4581162715314235 14.019693747880082 193.58036836694706 155 89 84 0.17357542697960601 47 4321 37 4466 46 4424
940 7.4581162715314235 14.019693747880082 193.58036836694706 155 89 84 0.17357542697960601 47 4322 37 4467 46 4425
941 12.668033166225539 14.482332326507183 196.8478813896042 49 37 37 0.059089710414324335 47 4317 37 4468 46 4422
942 -49.551061326503621 15.323559439605358 215.7980477963373 43 33 21 0.18159767627812937 47 4304 37 4475 46 4408
943 4.3025544874730297 14.459686157236634 197.13059014252161 47 13 9 0.082566577704421926 47 1732 37 4481 46 4427
944 -23.762262790539285 14.722532794486364 211.14974093904564 172 128 100 0.1848021723945559 47 4315 37 4484 46 4421
945 -52.862766283217425 16.19915050912633 216.39861568534238 95 78 68 0.26497373158058046 47 1714 37 4489 46 1713
946 -54.722239907898917 16.337596882605439 212.78181765170589 63 47 40 0.39094937032301119 47 4323 37 4492 46 4426
947 -54.456591918621079 16.863097772534442 216.21153532095798 88 71 61 0.062237139816061229 47 4324 37 4502
948 -53.431747841263373 16.930021677842429 215.06582578371382 87 70 60 0.16802905154031189 47 4329 37 4506 46 4437
949 -49.743992621478064 16.7300369155362 215.509543667104 81 77 59 0.37658230027177386 47 4332 37 4507
950 -37.247547899578507 15.927950100385861 210.51611253466922 112 100 45 0.38831893092157244 47 5981 37 4508 46 6048
951 -28.56660655044028 15.505786636461259 208.91751699861862 65 35 9 0.30914239243977804 47 4333 37 4509 46 4438
952 -22.263992496132015 15.538782163961082 208.77216684774427 112 74 34 0.33529352178260358 47 4337 37 4510 46 4439
953 49.788796191586627 19.915577765405487 191.66796411203597 179 135 95 0.48941638700030737 47 4344 37 4514 46 4449
954 10.020467867273917 15.785275826817509 193.81686910238642 165 143 136 0.060345133226538387 47 1786 37 4515 46 4447
955 -25.222747368466301 16.045369624249364 209.74568483749155 47 29 10 0.14402155683311232 47 5990 37 4516 46 6054
956 -54.429226112288632 17.730546353813626 217.17144432093355 40 26 15 0.1030045272591311 47 1764 37 4518 46 1762
957 41.915075461902859 19.56213378502742 196.42559391697071 58 42 2 0.59448285045102789 47 4357 37 4520 46 4458
958 -18.01231650526902 15.93568289668578 199.52417860078543 16 9 2 0.048694506850221954 47 4354 37 4522 46 4455
959 38.583950504218777 19.232386281828436 196.77285583115514 200 169 107 0.11591667060030063 47 4361 37 4523 46 4457
960 -43.647735974680387 17.153378471705718 211.01635451893446 41 40 13 0.50356647467484617 47 1787 37 4525 46 4451
961 18.757347805156961 17.424975185111798 199.11145176904736 29 29 34 0.14475383411706169 47 6005 37 4526 46 6070
962 31.58683169710277 18.774541935175147 200.70912499039437 32 10 2 0.33649532736109861 47 4355 37 4527 46 4463
963 39.436822775230254 19.386727252612125 195.16943669730261 189 156 96 0.22584199779327666 47 4364 37 4528 46 4467
964 -51.427950353561549 18.003507266697309 216.65898905851031 103 101 83 0.13961763565844929 47 4340 37 4529 46 4445
965 -36.671084622570447 17.222622912759938 211.7157577126994 41 29 1 0.81210893714538379 47 6001 37 4534 46 6064
966 -23.835581563891338 16.971722186026224 209.8113402694637 62 29 17 0.55531184086773488 47 4351 37 4535
967 35.436107516439897 19.425083960197188 199.11579108660627 137 117 87 0.08702901141785209 47 4365 37 4536 46 4470
968 -14.369325976905481 16.55336347484397 200.90931501499807 34 23 4 0.17447602328428688 47 4370 37 4537 46 4471
969 -0.24284060019369677 17.06427867606196 202.06853569269123 224 194 168 0.1090116275965063 47 4371 37 4539 46 4472
970 -5.7426541555097863 17.391426063352288 205.27048799795455 21 27 18 0.28922634298195021 47 4373 37 4543 46 4474
971 6.4274527543345901 17.399883452548913 195.37917716809537 221 177 155 0.086241882765708253 47 4380 37 4544 46 1851
972 -23.594122222032269 17.568225194350966 209.2626095714939 105 72 59 0.053248297316242754 47 4372 37 4546 46 4473
973 35.363743129681176 20.083930269144211 199.90450214973771 40 12 4 0.15868985540841798 47 4378 37 4547 46 4478
974 38.522655072053709 20.341619547055807 196.8601915481907 169 143 111 0.23094527418311217 47 4384 37 4548 46 4481
975 -57.219330608041446 19.286973127789523 210.94704799420276 30 25 11 0.36147649847410457 47 4374 37 4549 46 1833
976 -30.872310121459247 17.872812702384422 209.77590907597818 100 79 59 0.31697481995544202 47 4375 37 4550 46 4476
977 30.417102480420802 19.557226249550254 197.97234077514145 74 52 32 0.13715832545839224 47 4382 37 4551 46 4483
978 32.009382551391518 19.709629394106987 194.81931677864287 79 57 43 0.24122210685508558 47 4388 37 4552 46 1863
979 12.69841972050132 18.289162275024072 197.67408567523245 217 203 177 0.23297435660080432 47 1858 37 4554 46 4489
980 -12.881295037274748 17.55380429520239 200.73401998935566 209 185 163 0.25689651717967571 47 4386 37 4560 46 4486
981 44.290310754322668 21.173176108931948 190.89191411119268 194 169 95 0.1814225811400938 47 4400 37 4561 46 4500
982 14.13518771605299 18.219838749641831 193.84620968346243 60 47 42 0.13104079909412258 47 4398 37 4562
983 6.0822063395248893 18.153917714217201 197.63573573059585 108 43 33 0.22726603659179159 47 4397 37 4563 46 4496
984 18.53574594610361 19.089108058235865 198.22065586348157 55 58 65 0.35737792153958453 47 4399 37 4566 46 4499
985 -36.119896158502087 18.646113764030478 208.91891057080215 22 12 0 0.14267215324146817 47 4385 37 4568 46 4487
986 16.227248422589685 19.063511796200483 198.72946202163041 13 12 15 0.40772187256134101 47 4402 37 4571 46 1879
987 41.698759047745412 21.725763493873799 198.37499944479913 158 140 78 0.24139486262607091 47 4403 37 4573 46 4506
988 -13.97206781132178 18.109348253382642 199.32205399572368 73 90 50 0.29769545248771107 47 6024 37 4576 46 6091
989 -12.180964537082987 18.060879319668047 198.17593489241204 220 178 169 0.17371360104561542 47 4408 37 4577 46 4510
990 -54.952802947324557 20.501539585630294 216.79068564297219 33 24 12 0.2876631275232488 47 6020 37 4578 46 4491
991 30.509682882144787 20.702767916006273 198.68327710007173 102 90 78 0.11201428146685598 47 4413 37 4580 46 4515
992 42.563670703474294 21.993007179019965 193.74053475061621 195 179 95 0.15722824833875523 47 4421 37 4581 46 4521
993 48.461646765166265 22.946751260193846 196.26784027792399 79 53 14 0.97923744609049479 47 4418 37 4586 46 4517
994 -56.184091588398452 20.595540343282824 211.59954900176862 105 101 93 0.1132335079508634 47 4404 37 4587 46 4507
995 -29.359867695488031 19.274384849637418 208.37545822536293 128 124 89 0.12897619522454273 47 4411 37 4591 46 4513
996 6.7201800185474125 19.065433789732172 195.94884890125843 116 54 41 0.13697722884886857 47 4425 37 4592 46 4526
997 14.722946170417874 19.561417408203361 195.48124722260718 42 33 25 0.22195959090062392 47 6035 37 4593 46 4529
998 -53.592786951210776 21.100239671398668 217.36091946079856 41 28 19 0.21741504927545829 47 4407 37 4595
999 13.42476862346979 19.652726267367346 194.23706679627409 162 142 124 0.31357418935470466 47 1907 37 4601 46 4536
1000 13.42476862346979 19.652726267367346 194.23706679627409 162 142 124 0.31357418935470466 47 1906 37 4602 46 4535
1001 -24.812823154544137 18.998664674079727 196.95849893653838 92 79 27 0.1984472075167163 47 4437 37 4604 46 4538
1002 23.822557011510298 21.016931215304794 199.9499174424399 133 86 73 0.47692441880425457 47 4435 37 4605 46 4534
1003 -52.599758027662489 21.393767428370605 216.01662459229684 21 12 4 0.84284701370781567 47 4415 37 4606
1004 -18.343742859409822 19.000181320014896 196.54298061177505 36 30 11 0.1250218598563915 47 4439 37 4607 46 4539
1005 50.896708335869697 24.06263628555207 191.45168798754264 186 148 77 0.37613083204563641 47 4448 37 4608 46 4548
1006 -28.234776204496068 19.949189272338042 208.10752088075296 58 54 11 0.37819622305444095 47 4431 37 4609 46 6105
1007 36.380138771074904 22.684543279822854 197.13686283752656 104 83 70 0.17234496374228522 47 4447 37 4613 46 4550
1008 44.485224663403557 23.743113628268109 193.41619940722316 186 162 89 0.34055073924401658 47 4458 37 4615 46 4556
1009 20.812072808430102 21.395871996907395 197.20270179773729 15 14 7 0.5590693480426564 47 4455 37 4616 46 4553
1010 24.541932202877 21.923116864090993 200.14673492460651 137 81 59 0.28300580452279411 47 4450 37 4617
1011 46.220542480325982 23.950716550326295 192.41394132873319 174 148 75 0.31476898173167311 47 4459 37 4618 46 1956
1012 7.1760577655783138 20.520148668630661 196.37257763038366 234 189 172 0.16746277346295124 47 4457 37 4621 46 4554
1013 9.5025730896742999 20.748214377754785 195.55441198758314 109 79 64 0.32593239339842045 47 4461 37 4624 46 4558
1014 46.747477950121478 24.358301797916628 192.61219921897742 71 44 1 0.079541645073152756 47 1965 37 4625 46 1968
1015 46.747477950121478 24.358301797916628 192.61219921897742 71 44 1 0.079541645073152756 47 1966 37 4626 46 1969
1016 41.513128432606202 24.039292992885269 197.16978282094084 163 157 80 0.40844039213494671 47 1964 37 4628 46 4560
1017 -22.807739918498612 20.659258485982118 202.46543931804356 147 125 85 0.15484678647775973 47 4460 37 4630 46 4557
1018 -49.437726758936819 22.455941665970467 213.79006873957709 120 113 72 0.1009472335048794 47 4451 37 4631 46 4551
1019 24.980442488098376 22.467233548120603 199.27370639518833 162 99 77 0.14287872741027408 47 4465 37 4633 46 1965
1020 24.961713791472054 22.454490472473275 199.09113979451311 162 99 77 0.060116312944934372 47 4464 37 4634
1021 -11.329912317330757 20.094076304983325 191.98359118494986 35 30 23 0.12742085670886125 47 4472 37 4636 46 4574
1022 46.454354515419752 24.754558756534088 193.04144646843037 75 47 0 0.06896465814588483 47 4474 37 4637 46 4577
1023 -29.138324053611441 21.21532218149342 204.05181343484043 61 59 10 0.41556623959997524 47 4466 37 4639 46 4566
1024 -17.168223870638474 20.13962713511529 190.66963940845082 113 104 100 0.57702872922290827 47 1990 37 4640
1025 9.8215179699258446 21.440648948585103 195.35207560109629 192 169 156 0.095884125908633225 47 4479 37 4643 46 4579
1026 -38.101994697610372 22.092191636844444 208.50749096473353 83 87 45 0.22595984855749449 47 4469 37 4644 46 4567
1027 -50.529816748497957 23.188041804439752 214.65641251495222 122 121 83 0.26552449572786913 47 4463 37 4645 46 4562
1028 21.740791086252909 22.724011755057401 197.35881520911079 65 64 39 0.37278092564592175 47 4481 37 4647 46 4583
1029 -59.842772874142085 24.190768478260864 213.11653014507152 25 17 4 0.54919225682582506 47 4471 37 4654 46 4578
1030 -17.191140761611674 20.912303508005259 191.8182933044906 34 16 15 0.11317417155403291 47 4495 37 4655 46 2012
1031 -17.19027040161696 20.912714612738554 191.8282358171594 34 16 15 0.13754113311277177 47 4496 37 4656
1032 22.807477387822733 23.175389855361278 196.32693884606982 41 38 14 0.22078997984868176 47 2006 37 4659 46 2004
1033 -34.149549384835595 22.283396535149688 204.05590354860277 56 44 2 0.33251926484804967 47 4484 37 4660 46 4587
1034 -16.263871884710376 21.314989582401143 192.34232294280332 123 110 105 0.28084955020003988 47 6071 37 4663 46 4601
1035 23.735808817273412 23.592105384067064 197.29964693171064 84 81 46 0.42473730219725958 47 2016 37 4664 46 2019
1036 6.3702165709128415 22.464627594427366 196.24449442439521 46 23 28 0.94515520573749401 47 2027 37 4666 46 2024
1037 -5.2811829820305967 21.703137846765614 191.50291292280434 182 149 130 0.096529109535332558 47 2039 37 4668 46 2039
1038 -32.147554770336264 22.695348885730592 201.89331967750758 43 32 0 0.17543540603479379 47 4502 37 4671 46 4600
1039 -24.204484682726083 21.961346726319945 193.96917014509845 155 139 94 0.10319465059073857 47 4506 37 4677 46 4606
1040 -24.204484682726083 21.961346726319945 193.96917014509845 155 139 94 0.10319465059073857 47 4507 37 4678 46 4607
1041 -34.766602279377842 22.843525554863369 200.78571494206415 145 137 85 0.13823384889763227 47 2030 37 4681 46 2030
1042 8.7354781766537464 23.313909908962192 196.218315473789 41 33 34 0.10433364862682244 47 4516 37 4684 46 4610
1043 44.730887937884482 26.467207047789913 192.37294307954906 44 11 1 0.17480081253128454 47 4518 37 4685 46 4612
1044 14.053628932198048 23.99327321144235 196.9197139329994 186 166 157 1.077588594647555 47 2059 37 4694 46 4618
1045 17.161321318123324 24.495344504774007 196.23260327450186 45 52 27 0.24645791632507022 47 4526 37 4698 46 4622
1046 42.125681484595958 27.192822386872027 196.69802041072737 30 21 2 0.17833377038594975 47 4528 37 4699 46 4625
1047 42.125681484595958 27.192822386872027 196.69802041072737 30 21 2 0.17833377038594975 47 4527 37 4700 46 4626
1048 -39.098251750164053 24.422533351739055 203.58939092555295 45 36 7 0.22417210299017665 47 4524 37 4703 46 4620
1049 -26.886763092317761 23.71216408269418 196.76215809769852 140 105 70 0.5310348701453641 47 4535 37 4705 46 4637
1050 -17.674780696520305 23.217815724148316 192.75882962927938 178 144 123 0.077350186694873022 47 4540 37 4706 46 4639
1051 31.417924455789819 25.819820198445754 190.46465614697607 146 79 79 0.22439601417804067 47 4543 37 4711 46 4641
1052 -35.539793262055795 24.840499289526011 205.29405282625905 155 139 101 0.16459637290306106 47 4529 37 4712 46 4627
1053 -23.270745210142863 23.561138577444293 194.29443258499248 124 114 63 0.53833350165168059 47 6096 37 4713 46 6162
1054 -46.09355146239659 25.978632363173862 209.88852962107558 126 114 75 0.25049881221697506 47 4533 37 4717 46 4633
1055 -46.09355146239659 25.978632363173862 209.88852962107558 126 114 75 0.25049881221697506 47 4534 37 4718 46 4634
1056 -42.297071531410992 25.645223436657648 207.67207962291207 41 30 2 0.024034194751638052 47 4536 37 4720 46 4635
1057 -10.976740268376204 23.789671220279491 190.86297256017198 216 172 92 0.18085411228914197 47 4555 37 4724 46 2122
1058 -42.94619491157129 26.069521584872064 205.78263895909072 90 86 51 0.34984555919870758 47 2111 37 4726
1059 -60.513382594250466 28.095693222832487 213.17594349455183 54 43 24 0.79276702443694513 47 4545 37 4730
1060 -53.656494403571941 27.509928642369019 213.4235467274938 108 115 68 0.13973115686812235 47 4546 37 4731 46 4643
1061 26.622307292372096 26.732444640446566 193.63407751750313 104 76 36 0.18271124383013118 47 2141 37 4732 46 2136
1062 -46.699110073148638 26.774479861421515 208.09136035357773 80 68 27 0.26192484875304067 47 4551 37 4733 46 4653
1063 -41.888029991283538 26.500352507158034 207.50150447819871 35 39 1 0.1139819124725326 47 4554 37 4734 46 4655
1064 -41.197040962785103 26.424844807536314 206.35498127670914 105 106 56 0.052909977537523356 47 4556 37 4735 46 4659
1065 8.358624759031855 23.849398151793949 176.3629968273755 36 9 3 0.37052003634241421 47 4586 37 4736 46 4692
1066 -60.21936649075159 28.600011005477594 213.54370444750353 55 43 24 0.33248899648303393 47 2123 37 4738 46 4657
1067 29.575321489237432 27.375708140579146 192.59866701690461 69 15 8 0.1409579502546813 47 4569 37 4740 46 4678
1068 46.907239706464573 29.665281303144862 193.88803976031119 165 144 104 0.088363205370860842 47 4570 37 4741 46 4677
1069 -6.1473906800038431 24.97285092988767 190.13058855237696 43 21 17 0.073197165305059084 47 4574 37 4745
1070 40.587496389571221 28.684925534225584 190.87163100451752 123 126 91 0.16414705370432886 47 4578 37 4746 46 4683
1071 40.587496389571221 28.684925534225584 190.87163100451752 123 126 91 0.16414705370432886 47 4579 37 4747 46 4684
1072 29.899192558792887 27.575379675383381 191.778435880947 122 74 60 0.60134593880772058 47 4577 37 4750 46 4682
1073 -37.282591229053054 26.767325874043859 204.49137933966148 201 179 170 0.12865684414677159 47 2156 37 4751 46 4674
1074 26.802684864627711 27.587273288600986 193.92824630188176 149 133 100 0.15556852517388708 47 4576 37 4752 46 4687
1075 28.185190771128852 27.623158116209616 192.58094389499203 116 76 40 0.26163948332877279 47 4583 37 4753 46 4688
1076 44.434543191798305 29.748655482594334 193.69663611479444 38 21 2 0.11786864513773522 47 2171 37 4755 46 2170
1077 -33.463310452680929 27.134275979210738 204.20448087874937 130 125 86 0.33294665814171581 47 6131 37 4761 46 6200
1078 -37.136087112704296 27.40596202422212 204.49628551850503 48 34 15 0.32970083116635157 47 4584 37 4769 46 4691
1079 48.955564790504475 30.993742336072362 194.4608786867889 54 30 0 0.15636135616583077 47 4593 37 4770 46 4699
1080 24.607827522763291 28.000068099624823 193.19154225016027 79 87 52 0.64316614176661913 47 4595 37 4771 46 2197
1081 29.553242591509136 28.69993228755926 194.50267454975832 58 26 21 0.39220454089616014 47 2205 37 4772 46 2198
1082 29.737868734124287 28.539804712041036 191.57218392086094 102 62 55 0.30134004893616323 47 4600 37 4773 46 4710
1083 27.552368971367983 28.472005691988979 192.09898876949026 99 86 64 0.63413595992869864 47 6143 37 4774 46 4712 46 6218
1084 31.900611387298003 28.749349797507811 190.76684940437866 158 96 85 0.35711543028821691 47 2216 37 4775 46 2210
1085 41.757506751075084 30.234375721990528 191.3856887915895 27 28 9 0.55900621319541755 47 2220 37 4780 46 4715
1086 -38.045183194507715 28.278450964230142 203.76180166816116 173 151 136 0.16777183046896396 47 4602 37 4784 46 4711
1087 46.506132633709917 31.242801840337531 191.78642424336252 40 23 12 0.22296222242164396 47 4611 37 4785 46 4722
1088 31.167276278563644 29.367332228965186 191.87983593934641 50 10 2 0.55302414362819319 47 6146 37 4787 46 6220
1089 -11.154049916099835 26.623862609745689 188.86395488417477 154 123 74 0.32252264154554861 47 4619 37 4788 46 4730
1090 -60.504114362964764 30.803870791276385 211.52575325585934 40 27 4 0.16374347228848604 47 4601 37 4789 46 2211
1091 -22.151656893852106 27.140670949653494 192.70305670760592 77 67 36 0.15749785216090034 47 4618 37 4793 46 4727
1092 48.244599209642608 31.74158988077038 188.52475069375808 45 28 0 0.59535012433662526 47 6149 37 4796 46 7219
1093 -40.406727800065383 29.017096166849509 204.37671770501524 38 32 0 0.14861242983738968 47 2227 37 4798 46 4723
1094 -0.64289477491504943 26.741606177123586 181.39844717769748 53 35 5 0.12539029731406776 47 4634 37 4805 46 4741
1095 34.889214415035227 30.182159678040115 185.96767586778637 154 104 99 0.098412262460669808 47 4635 37 4807 46 4740
1096 -56.399017567965515 31.30032001792005 209.83351017105505 152 122 80 0.2328696271646972 47 4621 37 4808 46 4734
1097 -23.74261831719279 28.232397611538186 194.18147049592895 17 18 0 0.5027812154060789 47 6158 37 4809 46 6229
1098 -8.1963344920839543 27.970313142340505 188.29102992136114 133 114 88 0.074879392845940765 47 4641 37 4812 46 4747
1099 -37.49359393773009 29.792020945379555 201.99526624249077 126 114 84 0.25319368248814994 47 4632 37 4813 46 4739
1100 -0.32428825966121799 27.494289507261424 178.8193892950155 31 15 2 0.7715921694624347 47 4663 37 4814 46 4763
1101 28.197198175121926 29.864162383137138 182.31206700893668 29 5 6 0.25555105974826842 47 4657 37 4815 46 4758
1102 -46.142165073837567 30.859794175750416 202.96726125431505 45 44 0 0.19390615742298503 47 4637 37 4817 46 4750
1103 -23.729065893157888 28.818391806527426 191.96169572184522 45 50 32 0.2769857435433582 47 4647 37 4818 46 6233
1104 -23.696879241978078 28.786055701222068 191.66499474918163 45 50 32 0.26695614734192075 47 4648 37 4819
1105 -58.577404644927682 32.805443322727371 211.97575821410464 52 23 0 0.17451945613941869 47 4633 37 4820 46 4743
1106 -57.668337867681565 32.64294750623759 210.72355131986893 113 91 55 0.2207033667655357 47 2270 37 4821 46 4744
1107 -2.4647681562900088 27.749526260630265 179.55668756307233 65 45 13 0.14419550901812259 47 4666 37 4824 46 4770
1108 20.894870962008895 29.67845816225125 183.28499765046175 77 49 51 0.76565703154052889 47 4664 37 4825 46 4767
1109 -52.059105460297864 31.594822004443145 203.29299916995225 110 66 56 0.063372170700031455 47 4645 37 4826 46 4753
1110 51.025524718918575 33.380758117667192 181.43198172873832 115 98 72 0.19491933119223961 47 4668 37 4828 46 4772
1111 -28.827291102197908 29.184252331206654 191.25254813107995 174 119 68 0.46344648732688176 47 2317 37 4830 46 2300
1112 26.761483223990759 30.323874256095237 182.91623044572313 100 59 64 0.43851879560705459 47 2331 37 4831 46 4771
1113 -27.189675430329107 29.115733644033153 187.93116898042251 148 105 60 0.20596511150666066 47 2335 37 4834 46 2320
1114 -27.189675430329107 29.115733644033153 187.93116898042251 148 105 60 0.20596511150666066 47 2334 37 4835 46 2319
1115 -6.1878915412382716 28.92208655638645 184.91292036419318 106 90 59 0.20518012040489361 47 4676 37 4836 46 4781
1116 32.047440098452142 31.24766751372162 181.91642985561816 108 39 42 0.034521301585271232 47 4691 37 4838 46 4788
1117 2.1110913847340176 29.263315296747393 183.19233953592445 66 49 41 0.12093612377559804 47 4695 37 4840 46 4794
1118 -47.912663371593887 31.688495060800836 197.48437046420619 212 145 147 0.10422317260053982 47 4675 37 4843 46 4780
1119 6.6470696918680856 29.595973893111296 182.25714712495622 135 78 40 0.08546629858360566 47 6177 37 4847 46 6250
1120 -60.918769337277489 34.431372979391384 211.54849221980609 103 82 58 0.31606500594360293 47 4662 37 4848 46 4769
1121 -27.390536113298239 30.076964877904796 189.05762085515556 78 36 1 0.18060610157486354 47 2352 37 4850 46 2347
1122 20.337356973574845 30.996177287875788 183.75157265562791 63 41 42 0.3456001825524373 47 4700 37 4851 46 4801
1123 -41.018706530898626 32.221391794354695 202.8503212170861 19 16 3 0.32055731035956309 47 4679 37 4854 46 2327
1124 -0.24892362404507271 29.699030427991261 183.0888306189203 30 17 0 0.39034102304301327 47 4703 37 4855 46 4803
1125 -52.739957685475176 33.161665091786666 203.33108344224874 88 39 32 0.37387893452715071 47 4684 37 4856 46 4785
1126 -52.753750606426642 33.167960006141691 203.40821539647683 88 39 32 0.45213500533951911 47 4685 37 4857
1127 -53.639446063314587 33.293324952910822 203.03096516358795 159 128 107 0.18786483769016582 47 4683 37 4860 46 4789
1128 -51.979626113039473 33.09417172624093 202.4155459264513 134 70 73 0.17097150363600475 47 4690 37 4861 46 4792
1129 -42.337746396776957 32.655132736882457 204.02246743942356 101 97 76 0.099221749408450979 47 4687 37 4863 46 4786
1130 38.967169030960804 33.160986385442364 179.9220769223684 190 101 106 0.27488398305132417 47 4723 37 4869 46 4826
1131 0.27835117960671707 30.331805701765386 182.58950725912851 124 110 89 0.22361247893193723 47 4721 37 4870 46 4824
1132 -34.611428492115031 32.311999730912405 198.92188569864172 106 111 76 0.12753449335905312 47 4702 37 4871 46 4806
1133 2.3183837635519873 30.539030559461629 183.11062386503218 189 168 153 0.20893213052506995 47 4722 37 4872 46 4825
1134 -59.292045844469939 35.685425885459594 211.76249469628453 92 63 14 0.36265784331646261 47 4696 37 4875 46 4798
1135 14.010048578715512 31.549205601123063 183.42977338685967 171 145 133 0.078346669712615682 47 4728 37 4877 46 4829
1136 32.964142815465515 33.216950549902627 182.50606434175722 177 124 101 0.17961310282627427 47 4731 37 4878 46 4832
1137 46.206068057371979 34.793305334471086 179.1031761792961 57 32 29 0.22668246956194937 47 4740 37 4880 46 4839
1138 26.27508424493562 32.767527898364733 183.65901560869935 65 44 44 0.65309100569485234 47 4730 37 4882 46 6274
1139 -28.159771300774828 31.18728359202095 186.82618603116879 103 60 7 0.40414105027892616 47 2398 37 4883 46 4833
1140 -52.1719265720333 34.278425474449229 200.75537238546704 152 78 80 0.11160119055469897 47 4715 37 4886 46 4827
1141 -45.764978871779483 33.105655300823365 194.15478784173618 60 3 11 0.25121094427085033 47 4727 37 4890 46 4831
1142 -53.229657025197412 34.953210922062993 202.80847959182387 96 28 10 0.18130599853791929 47 4724 37 4894 46 2382
1143 -5.6387618051828268 31.396807752557404 184.12287588692669 33 25 7 0.15182080156356356 47 4748 37 4895 46 4846
1144 -36.042924606783046 33.232382497270301 195.83601461990165 54 48 46 0.67291643108429822 47 2404 37 4898 46 4837
1145 -21.067202414780034 32.155444889091896 189.08943038031742 173 138 84 0.13606206943763582 47 4747 37 4899 46 2411
1146 43.877683390411796 35.069890488981564 178.01803279878996 145 102 105 0.1569079007408283 47 4768 37 4901 46 4864
1147 -53.797706128245359 35.140970384174857 200.52976580475936 210 158 98 0.37643256641639761 47 4734 37 4902 46 6275
1148 -34.161043746065459 33.765983409298443 197.83978167019467 32 14 0 0.40975532179515339 47 2407 37 4905
1149 -53.309193571540384 35.501024130751411 201.75505638625742 187 129 87 0.10350790598059882 47 4742 37 4909 46 4842
1150 -30.810129850283868 32.443019625246187 188.28978605683747 160 115 64 0.23440439642647376 47 4755 37 4910
1151 16.179466218357334 33.059972809782387 183.67717952139247 75 49 35 0.25881149652989893 47 2434 37 4912 46 2425
1152 -54.775019847716216 36.738875101364641 209.11337462032537 89 38 11 0.6438621268673197 47 4736 37 4916 46 4840
1153 24.477487093516327 34.123520594200834 184.72072388663946 61 37 31 0.33864791268011968 47 4773 37 4917 46 4869
1154 22.185728055432875 34.176535469748188 185.01456122144799 34 21 16 0.69551024446566012 47 4775 37 4920 46 2450
1155 -6.5593238030440997 32.585126823579934 185.09398365098863 59 52 25 0.35835633004791501 47 4776 37 4922
1156 -5.1056613637715804 32.58967827663416 184.65602847535263 56 55 8 0.11688379250574917 47 2445 37 4923 46 2446
1157 -26.32350774727978 33.252473811785975 189.17974196224569 36 22 0 0.54025751031053704 47 6214 37 4924 46 4873
1158 24.547797909667537 34.342528917796606 183.21346388661277 112 84 82 0.27583692553605133 47 2455 37 4927 46 4878
1159 8.7817437213808738 31.412189385070068 170.01826449849742 167 158 102 0.15488654906853583 47 4799 37 4934 46 4891
1160 37.540414257056028 35.709566368774816 181.34415736222789 133 60 39 0.14922853072248457 47 4786 37 4936 46 4881
1161 22.305144233772026 34.569495996105331 183.2035860388855 146 125 123 0.10697191820680489 47 4788 37 4937 46 4884
1162 -50.971466388465885 36.103533243194775 198.20313308917034 89 7 2 0.25359333403964396 47 2451 37 4939 46 4876
1163 27.482444291767123 35.02971321550509 182.47252544473474 40 22 21 0.12970278121339154 47 6226 37 4941 46 6296
1164 36.453908525815812 36.047585694247502 181.53968515686927 148 94 71 0.17631002422223649 47 4793 37 4943 46 4889
1165 -27.852081608489495 33.710551018898059 186.11982780932479 183 140 82 0.21001565549631809 47 4794 37 4947 46 4890
1166 2.4156626120442195 33.668956592931202 182.97307896904712 52 23 17 0.23977277725397453 47 4798 37 4948 46 4895
1167 9.0728383719328107 32.182334307151557 169.18985273356927 135 140 69 0.1219283893612646 47 4811 37 4951 46 4910
1168 45.704907493328491 36.815338775795283 172.04220943227097 108 64 63 0.17323161650817939 47 2531 37 4954 46 4912
1169 2.0173602893717759 34.51283794408927 185.44729059723738 173 132 130 1.0491159614730092 47 4805 37 4955 46 6307
1170 23.93171193386295 35.857492862785044 183.23645873557962 32 21 7 0.38463475856011664 47 6236 37 4961
1171 47.828600811746441 37.343672250473432 170.9136043264198 143 109 110 0.16837160848637556 47 4830 37 4962 46 2539
1172 -2.8689773624916355 34.371460911284558 182.44041692789938 29 19 0 0.17560911881603289 47 4810 37 4964 46 4913
1173 38.745899801810239 37.528565628377123 180.37653392781749 65 51 15 0.22773211465709697 47 4819 37 4966 46 4923
1174 10.995646565415257 32.947610774191766 167.80713362859831 102 101 48 0.15152335265291403 47 4842 37 4967 46 4943
1175 -2.4284772115715851 34.623073291895167 182.34751852609318 142 134 100 0.13097083217043134 47 4820 37 4969 46 4920
1176 -2.4284772115715851 34.623073291895167 182.34751852609318 142 134 100 0.13097083217043134 47 4821 37 4970 46 4919
1177 1.2678731303396358 35.01439727599292 183.65041198530568 161 130 121 0.22333975575110554 47 4822 37 4971 46 4921
1178 46.320309730025443 37.896505554605902 172.75431550120769 224 181 168 0.33381941870851389 47 4840 37 4972 46 4941
1179 37.012005037795447 37.70629333559279 181.45837297985759 196 161 140 0.26320303368420089 47 4829 37 4974 46 4929
1180 3.0427723240780402 35.115197436811087 182.28984186013514 41 19 16 0.24415125795913281 47 4831 37 4978 46 4930
1181 48.166034608888424 38.033453921133862 170.05357030190754 129 102 101 0.12584710847114988 47 2587 37 4980 46 2583
1182 -47.933871874328602 37.763854507661804 195.88328524475941 219 122 125 0.57592696351793771 47 4817 37 4984 46 2530
1183 -30.493460400318611 35.72110678718311 188.18148692543906 163 135 81 0.50410575077900954 47 4826 37 4985 46 4927
1184 -7.7979524557006625 35.300659043974107 185.31717436560533 37 23 5 0.34555408163724949 47 2548 37 4986 46 2546
1185 10.733827916064502 33.702611363454373 169.85671900359964 44 39 0 0.17437237618548421 47 4851 37 4987 46 4946
1186 24.085469545914226 36.034902780441953 178.19183166909963 59 49 38 0.50675825836993604 47 2561 37 4988 46 2559
1187 -5.8837764558785501 35.297600477124412 184.19750291812221 130 112 72 0.29124718464497684 47 4835 37 4989 46 4933
1188 -50.215989453443072 37.969986084077085 192.51860030672771 77 1 8 0.34130334166721749 47 2552 37 4991 46 2554
1189 -0.56258025324246108 36.089560258734615 185.39378210781547 26 9 0 0.4111315983701484 47 2568 37 4992 46 2569
1190 36.915318597721757 38.418425792514931 181.03539330562481 77 60 36 0.20701754203824216 47 4847 37 4993 46 4947
1191 27.163523025229829 37.322542423773513 179.8510139543813 20 11 5 0.47275471099340577 47 4853 37 4997 46 4949
1192 34.883943019122228 38.703993882929403 182.15361960634016 74 43 28 0.41614869604066573 47 4856 37 4998 46 2589
1193 -43.957855007949611 37.68000761305867 190.33032490704147 51 13 32 0.35989189142444961 47 4849 37 4999 46 4948
1194 -33.005019267981218 37.328894489416932 191.63059679893203 27 10 1 0.27149183584403408 47 4846 37 5000 46 4945
1195 16.002103051872314 36.573986556382515 180.02169017983479 123 84 56 0.43025917742975545 47 4860 37 5001 46 4954
1196 1.4315697786980233 36.552076605141885 183.72395405136561 41 25 19 0.31064124651796482 47 4858 37 5002 46 4956
1197 -36.555764877744281 38.155384994709046 194.26791113552272 25 15 3 0.096996916938789521 47 6264 37 5005 46 6330
1198 16.906596715865838 37.254233204519586 181.90753914941604 44 19 2 0.177224480563377 47 2612 37 5009 46 4959
1199 -30.083750255539385 37.301121254421048 187.93376824590004 164 143 87 0.23151827584396203 47 4864 37 5015 46 4958
1200 37.168635703394983 39.033262123997005 177.98340557986683 36 31 3 0.1491012081430296 47 6277 37 5016 46 6344
1201 11.394672971393625 34.884035350292343 167.15320555186605 48 55 0 0.13535840441570701 47 4899 37 5019 46 4982
1202 -32.815911096493302 38.46113280878162 192.88219469951156 18 8 0 0.47904479516193693 47 4867 37 5021 46 2613
1203 -35.845464464688177 38.708988550779885 193.22233819115047 41 28 7 0.058682115931027214 47 4870 37 5022 46 4962
1204 -35.845464464688177 38.708988550779885 193.22233819115047 41 28 7 0.058682115931027214 47 4869 37 5023 46 4961
1205 19.719058996861687 38.54844098882338 182.05111841093156 72 63 51 0.64212158736459335 47 4889 37 5030 46 4975
1206 24.121267417118244 37.685753168408496 174.64067507045587 50 12 3 0.14239351477874548 47 6287 37 5031 46 6357
1207 -37.222051196686564 39.465215861133096 194.06649077420832 62 51 46 0.11963867709031691 47 4880 37 5032 46 4967
1208 -6.1568402216040834 38.05949771409086 186.47876229233296 87 64 33 0.082525546870612115 47 4888 37 5033
1209 -6.1594289402781124 38.0622560413901 186.4946765740718 87 64 33 0.07910493686143448 47 4887 37 5034 46 4973
1210 -42.993268645222599 39.271164378812919 190.2456150783041 76 68 85 0.83300246938945921 47 2656 37 5035 46 4972
1211 -1.0360587380019559 37.815673795826278 182.29735881176279 54 42 30 0.19105941872253696 47 2670 37 5040 46 4988
1212 44.963861651713387 40.915099146124454 173.31896076936479 231 208 177 0.32392196814169233 47 6302 37 5049 46 6368
1213 24.375649486902443 37.86689712208689 169.30783380327739 128 90 73 0.70974492550589863 47 2725 37 5053 46 5013
1214 23.058665568554105 38.933575874948367 175.51410686612402 46 2 0 0.35892005877056343 47 2709 37 5056 46 5004
1215 31.607291150070587 40.701385949357309 180.1721500429079 28 26 4 0.32039905141136599 47 4917 37 5058 46 5000
1216 31.494779089967441 40.58817003057429 179.58075389027894 28 26 4 0.012350289192983631 47 4918 37 5059
1217 -47.875713185432737 41.190233333011903 193.11610447315672 101 30 43 0.31853941455783369 47 4905 37 5060 46 2676
1218 4.103679308486579 36.287238302532394 166.94289551819631 101 38 3 0.20446644866075045 47 4943 37 5064 46 5026
1219 44.958591483405158 42.032569050654146 174.62847746640867 236 203 178 0.28900240609763933 47 4936 37 5068 46 5023
1220 -35.996045059717027 40.725348983636586 192.42150629586502 82 61 51 0.15886865006674522 47 4907 37 5070 46 2697
1221 -33.890686983756687 40.564241986067067 191.77511129326615 56 45 12 0.18230784016170032 47 4908 37 5071 46 4995
1222 20.210010069274183 39.877595366456426 180.19671476056789 24 13 1 0.09808423268196749 47 4922 37 5072 46 5011
1223 -50.105266290057187 42.045604140200929 193.4692970294987 221 170 168 0.40445810145905453 47 2701 37 5075 46 5002
1224 24.482029346795834 39.630520299463015 174.88902854877225 154 109 74 0.26557626615796054 47 6316 37 5079 46 6381
1225 46.713296650548372 42.46028784117172 172.57755313986854 227 200 166 0.25301950634219139 47 4946 37 5082 46 5033
1226 1.4498351533342502 39.996378785342458 181.92835043034628 107 90 55 0.11822519795591135 47 4944 37 5086
1227 -46.528293210448119 42.47387551062296 192.46815516554469 73 53 72 0.50327512476695013 47 4939 37 5088 46 5028
1228 -32.366975712690852 40.935395244141375 188.4189590972106 71 62 32 0.17269580713842134 47 4941 37 5089 46 5030
1229 -6.0704744221870115 40.100234894632855 181.67856403687748 73 57 40 0.28690823573071533 47 4951 37 5095 46 5036
1230 -45.819044994641551 43.272710137127575 190.82078617167579 85 80 96 0.39758565382006733 47 4960 37 5106 46 5048
1231 21.909538901576994 42.271616210593066 179.13630053887599 38 23 3 0.092842951966361512 47 4979 37 5112 46 5065
1232 -53.405728059235578 43.372694896473817 184.16958461569243 93 84 55 0.11904806536744024 47 4977 37 5114 46 5063
1233 -49.944824513350682 45.238524704292217 193.85530637647173 42 16 25 0.059971495473922033 47 4981 37 5120 46 5067
1234 35.101755133447973 44.195589741448543 177.55026183098477 41 36 6 0.23988611023529249 47 5004 37 5124 46 5086
1235 35.101755133447973 44.195589741448543 177.55026183098477 41 36 6 0.23988611023529249 47 5003 37 5125 46 5085
1236 -54.465973972953556 44.457324448335996 183.87694472757389 61 46 0 0.50145766255907753 47 5007 37 5135 46 5087
1237 -5.2883419759254799 41.788285038443 179.57294996091818 97 72 50 0.2325299365247831 47 5016 37 5139
1238 -5.2883419759254799 41.788285038443 179.57294996091818 97 72 50 0.2325299365247831 47 5017 37 5140
1239 9.2885111603024324 39.991982869263431 166.78600292346576 71 75 17 0.24104765001889081 47 5036 37 5143 46 5117
1240 43.626019038539383 45.60576716900168 174.93627834896077 171 129 118 0.33573524053646442 47 5033 37 5150 46 5112
1241 -3.9879074701705415 42.576470381668408 179.05726764513244 64 48 31 0.22225549848887147 47 5040 37 5169 46 2899
1242 -2.4088322180610695 42.505563587397447 178.69045187083478 56 48 35 0.21689040136126689 47 5041 37 5171 46 5121
1243 -49.114648859357992 46.43676629002352 191.32942139528186 21 0 8 0.1301649682291047 47 2886 37 5179 46 2893
1244 -55.166733110053428 46.152526398175631 182.13257639335532 45 30 0 0.1611726044905423 47 5068 37 5194 46 5143
1245 -4.9658770413763271 43.985235469783547 181.49941875904594 25 11 2 0.18522746971281043 47 2925 37 5195 46 2934
1246 3.2926075688021492 40.869568962182619 165.18754649400586 98 25 0 0.99029554448677748 47 5088 37 5196 46 5168
1247 -33.037134156899739 45.633134203091899 187.75950867927793 192 173 180 0.098522277452292986 47 5067 37 5204 46 5145
1248 -54.835658664284907 47.104556039553934 184.07253864149408 37 29 5 0.35267091725865068 47 2946 37 5209 46 2950
1249 -5.1695094264679105 43.892894831862698 178.26339164856276 66 51 32 0.13378338315686927 47 5085 37 5214 46 5166
1250 3.5912034084884099 41.628938881590415 165.64424319443245 203 139 89 0.6166979500199633 47 5109 37 5215 46 2983
1251 3.5925340863426669 41.529050748527702 165.16297571252622 203 139 89 0.61319938406440222 47 5110 37 5216
1252 19.382521265157049 45.120701035318589 176.63660509035958 65 56 39 0.10926703066286796 47 5091 37 5219 46 5175
1253 -50.021976685232374 48.356024780823333 184.57782247582588 60 45 36 0.50471763655243862 47 5128 37 5253 46 5208
1254 -2.7282174728221835 46.291928972450393 180.16183598479728 97 83 67 0.28397502019409643 47 5142 37 5258 46 3018
1255 2.1879080154276656 43.575629231556604 165.70742255167519 203 138 83 0.48700508072885912 47 3050 37 5264 46 3074
1256 -12.208982596133229 43.890262978029149 167.28897942981982 31 18 0 0.19464338901605335 47 3064 37 5267 46 3085
1257 -12.208982596133229 43.890262978029149 167.28897942981982 31 18 0 0.19464338901605335 47 3063 37 5268 46 3086
1258 16.55126275630273 47.315015945027753 174.97094292876483 101 81 70 0.12318574607912541 47 5164 37 5275 46 5244
1259 16.55126275630273 47.315015945027753 174.97094292876483 101 81 70 0.12318574607912541 47 5163 37 5276 46 5243
1260 15.222618666900347 47.547855389983205 176.44084373101234 30 7 8 0.26751739015871662 47 5161 37 5278 46 5238
1261 15.806690775410543 47.85044949701647 177.09117373687852 26 5 5 0.6066392493683308 47 6439 37 5281 46 5242
1262 18.598471110320325 47.836454097465761 174.28433769967603 30 14 0 0.26959295122276256 47 5173 37 5291 46 5256
1263 18.230868934094072 48.234959236688297 175.34262025805072 32 16 3 0.24563698455617014 47 5174 37 5293 46 5257
1264 17.553880515861479 48.023358810544345 174.2072919238181 96 75 65 0.23158680953960722 47 3098 37 5298 46 5261
1265 -16.724932662450001 46.377943609138043 168.66748377883454 101 51 7 0.57530655387047469 47 5195 37 5317 46 6558
1266 -18.511954570885074 47.418826633633557 171.26161050741257 87 23 0 0.247828947063612 47 3157 37 5327 46 5288
1267 14.480220948729066 50.365115034984676 177.41651405981671 28 6 1 0.59453946748184894 47 5201 37 5334 46 5286
1268 17.880730897874184 49.713640298759202 173.98915755313865 35 18 10 0.10668236499087869 47 5203 37 5335 46 5287
1269 17.952915110950272 49.083243958543946 170.32955288646008 61 48 37 0.093101841167978039 47 5213 37 5342 46 5299
1270 -46.965002742183707 52.609231346184927 182.60115803922918 41 27 8 0.17099696171983572 47 5212 37 5347 46 5298
1271 17.152683152977193 50.213579493184845 172.91155063660094 14 3 0 0.29005906666637277 47 3187 37 5350 46 3232
1272 44.826007886002429 55.591925340150929 172.1772830220946 33 20 15 0.028799895488176942 47 5255 37 5369
1273 16.151424361890847 51.777052567097499 173.2645159376211 15 6 0 0.40445359319319568 47 5257 37 5375 46 5337
1274 -46.142166099659484 55.557926091789554 184.27379917218138 60 25 5 0.16533963067283941 47 5258 37 5380 46 5340
1275 -52.603175536980856 56.809765741304787 184.91789458114454 74 63 58 0.2895401867181151 47 6513 37 5382 46 6598
1276 -46.548908959453179 55.464966511777185 183.01970079028118 133 107 84 0.16028550453893656 47 5261 37 5383 46 5341
1277 -45.399229685897893 55.319881365523159 183.21616919938398 168 135 110 0.15546556394951275 47 5262 37 5384 46 5342
1278 -47.892873218089207 55.840086117553355 183.54300571814827 177 154 118 0.39548735821848896 47 6516 37 5390 46 5345
1279 -52.543662986006197 57.622788549187128 184.68479846302989 4 0 0 0.1664792999539049 47 5271 37 5398 46 5355
1280 -49.291223960188852 56.628797836669989 182.71568944861477 10 0 0 0.052879967649016896 47 5274 37 5405
1281 -12.055903427444992 -23.092995758177224 219.28841115806696 231 220 211 0.18626005658126576 47 6642 37 5566 46 6734
1282 -14.930128635277141 -22.067287042608864 215.11049670791991 205 189 180 0.21430155345909765 47 5463 37 5572 46 5540
1283 -16.431674869650294 -20.487942456379141 216.46892206107577 251 221 206 0.15364050925897962 47 5490 37 5593 46 5566
1284 -16.431674869650294 -20.487942456379141 216.46892206107577 251 221 206 0.15364050925897962 47 5489 37 5594 46 5565
1285 -13.258028455675236 -20.506808395462023 217.54186663703902 92 92 97 0.15080586646631058 47 6674 37 5595 46 6771
1286 -15.092622893623721 -20.195208157817262 216.70449536388432 216 202 186 0.11435983830203696 47 5492 37 5602 46 3643
1287 -11.765671304242789 -17.657777205886447 220.42150264142617 69 74 82 0.38204473254130278 47 5542 37 5652 46 5614
1288 -11.734314523497526 -10.034288836556145 213.68518884135275 57 32 31 0.4366496419816881 47 5632 37 5761 46 5705
1289 -11.734314523497526 -10.034288836556145 213.68518884135275 57 32 31 0.4366496419816881 47 5633 37 5762 46 5704
1290 -14.118228843723733 -9.9893415814320079 214.27499021573934 250 221 206 0.255725826716726 47 5631 37 5765 46 5708
1291 14.128509104495331 -8.4685657707235631 210.76664887176764 208 188 179 0.15372318818179098 47 5644 37 5772 46 5713
1292 -28.30790609313215 -11.19962408140883 236.86247094449476 61 53 31 0.29979648717306939 47 5628 37 5778 46 5701
1293 -4.39418694799582 -8.9148620568960695 214.37811775646054 206 185 172 0.20558907561975789 47 5653 37 5784 46 5724
1294 -13.989324376950853 -8.9302622250484198 215.08342249637522 169 143 120 1.5552154878232753 47 5661 37 5786 46 3955
1295 -22.510413486224987 -8.9095329175735873 217.45968271885792 219 191 182 0.10645736382459547 47 5660 37 5789 46 5732
1296 13.405043584090214 -7.3317409666937925 209.98142344646485 246 220 200 0.064175067453671977 47 5668 37 5791 46 5736
1297 -1.6624106573397288 -8.5057578132735117 219.11059666487361 211 200 186 0.46467422396418206 47 6809 37 5794 46 6903
1298 -11.867663868449583 -7.8908997632052698 212.16378144228221 225 193 169 0.69552788249824349 47 5673 37 5801 46 5744
1299 -44.161415650814128 -8.194042981354956 233.42963299491007 81 64 54 0.43434490770094047 47 5666 37 5804 46 5737
1300 0.39680573351824766 -7.0112115515047293 209.13598332921322 200 179 166 0.34423827004993496 47 5685 37 5806 46 4000
1301 -50.072971902490558 -7.5191957558373881 232.02002507042599 47 40 40 0.23396102692219153 47 5671 37 5808 46 5740
1302 -22.426764569554489 -7.3506945039802689 216.78508214340059 227 201 176 0.3400310679316767 47 3906 37 5810 46 4005
1303 -22.426764569554489 -7.3506945039802689 216.78508214340059 227 201 176 0.3400310679316767 47 3907 37 5811 46 4006
1304 1.1340751953622328 -6.5936327567236486 209.20340577644069 197 176 161 0.26254565223275234 47 3918 37 5812 46 5756
1305 -13.003670954981017 -6.9376325011626694 213.38352614280902 237 207 179 0.57053360309095025 47 5692 37 5817 46 5755
1306 2.0154889613970388 -6.1759651928019146 207.88367745562937 215 191 165 0.049382765844202571 47 5697 37 5818 46 5759
1307 0.81236128887705106 -5.9012534037953746 209.54163907349977 65 50 49 0.085891586540059864 47 3936 37 5824 46 4028
1308 4.4133902370430294 -4.5569069074911628 205.79061383319606 217 197 190 0.13980039374354017 47 5721 37 5833 46 5785
1309 -26.941077643082966 -6.2598722587281328 235.2758956484214 105 83 61 0.38502333314863063 47 5708 37 5840 46 5772
1310 19.93846718593932 -2.8724267844069575 206.45076573641191 63 66 77 0.17534741216861058 47 5728 37 5847 46 4074
1311 -33.109737274181526 -4.939499869563674 233.98049589844001 79 73 67 0.30596759713925453 47 5719 37 5853 46 5787
1312 -52.975472417252575 -3.6438219379281116 230.03878946435543 74 57 20 0.43276804300383587 47 5723 37 5854 46 5788
1313 -21.084526594642789 -4.2491899463122076 217.00257801812049 230 197 170 0.68640197280738668 47 5729 37 5855 46 4075
1314 -40.787186836995389 -4.2262240854602489 230.56602089280813 45 37 24 0.18486917549680054 47 5726 37 5860
1315 -0.92325655438999099 -3.1325814058666204 201.19286199877811 41 13 10 0.15347895801687292 47 5743 37 5861 46 5797
1316 -20.0446598564643 -4.0592663935750037 218.55960237795082 228 199 177 0.46907330207828424 47 5734 37 5862
1317 -7.2447324619212772 -3.2598012949205044 210.03552089644504 146 115 92 0.10331765187617621 47 5742 37 5865 46 5801
1318 -10.984766425747251 -3.3836888910324889 214.56749119189786 243 212 192 0.23493944597121605 47 5740 37 5867 46 5796
1319 4.9818469232034515 -2.3004007280973977 203.65215348185083 46 42 42 0.12365659910729783 47 5750 37 5870 46 5806
1320 8.4741207829949765 -1.8196958243097301 201.1078653826946 236 215 204 0.080733711778024977 47 5752 37 5872 46 5812
1321 -13.86797705002258 -2.915646834818741 214.88961286222857 24 11 8 0.089779949127582873 47 4003 37 5873 46 4104
1322 -24.359721270727313 -3.0171757381091515 220.52261199243722 52 21 9 0.10940284912582976 47 5745 37 5874 46 5804
1323 -40.597964530226484 -2.8290567804889899 228.88073640745122 27 22 24 0.46562904646753039 47 5739 37 5876 46 5802
1324 8.3452326814259798 -0.92448277356834518 200.93159303940519 78 48 50 0.091193317458964654 47 4032 37 5881 46 5821
1325 -4.081320970657349 -1.4772330571245198 207.62114919034971 223 188 166 0.52416617196883508 47 5758 37 5887 46 5819
1326 1.426061600997079 -0.69352155054815245 197.99303144753713 245 208 195 0.031798061118065386 47 5766 37 5890 46 5826
1327 -0.36211886685579042 -0.76427148156377722 200.39894051734984 189 160 140 0.20405073614071545 47 4045 37 5891 46 4134
1328 -7.5556955482831443 -1.127328084158572 210.40048739240549 250 224 203 0.22456978635248914 47 5761 37 5893 46 5824
1329 2.2896903267242528 -0.15135742657129478 197.79376189946427 238 192 174 0.12079438950096262 47 5768 37 5894 46 5830
1330 19.996330608947922 0.58682963985237724 210.27209609798317 53 53 63 0.2162811210600972 47 5764 37 5895 46 5827
1331 -20.444519890472122 -0.72053804004230315 218.21462399290411 190 160 134 0.48737071630897272 47 5765 37 5901 46 4135
1332 15.013940124725011 0.80156119244138679 204.77859532365815 35 35 45 0.35330810956770281 47 5769 37 5902 46 5833
1333 -12.04223302633163 -0.43675261498261325 216.25596540489406 243 207 183 0.070025060587938434 47 4049 37 5904 46 5829
1334 -5.2042291725997227 0.0081987412287740386 206.10361592760722 32 3 0 0.3677574142550053 47 5771 37 5905
1335 3.6366570089902481 0.65686629597883739 195.43566971909627 233 199 181 0.047370883264552466 47 5776 37 5907 46 5841
1336 -47.172635132205421 0.14947028104162091 227.73484355206952 84 63 63 0.37612510696809776 47 5763 37 5909 46 5828
1337 15.669632403956648 1.1342167708706914 206.14032044098968 87 87 97 0.044404757106443156 47 4061 37 5910 46 4145
1338 15.669632403956648 1.1342167708706914 206.14032044098968 87 87 97 0.044404757106443156 47 4062 37 5911 46 4146
1339 18.843359415590882 1.4128783615852971 207.82607458670617 56 54 62 0.26203080155026176 47 5772 37 5915 46 5837
1340 19.445983047348314 1.9027159957584938 208.08978128777122 100 100 108 0.095383727396513573 47 5777 37 5919 46 5842
1341 17.379184302595512 2.2664861724911503 208.45787454721852 79 77 85 0.11693020682642585 47 5782 37 5922 46 5850
1342 -43.411163374263282 1.4314177507330104 228.55880323232108 97 109 78 0.82986449097150994 47 6869 37 5924 46 6967
1343 -3.5129157664074047 1.694154722241751 205.64064291081283 252 222 196 0.13591317747302414 47 5792 37 5925 46 5856
1344 3.0331753315769707 2.2341005642293923 196.66092607262527 250 209 193 0.028488004155820517 47 5797 37 5927 46 5866
1345 -10.667308154813107 1.5236181924005718 214.75393967086302 205 161 135 0.30236405789796844 47 4085 37 5928 46 4169
1346 -51.105737661116173 2.8192528267338068 228.64611203222697 187 151 104 0.39139318354752195 47 5789 37 5930 46 5855
1347 -12.10692713493132 2.1516859387673684 216.04079404062225 223 182 151 0.09403598040526788 47 5794 37 5931 46 5861
1348 -20.470466855073006 2.3048186840775617 219.43724097761185 227 198 167 0.26136843606077498 47 5796 37 5934 46 5863
1349 -5.3389404850989441 2.6291081277749813 207.30595532177651 183 157 130 0.13280360880863462 47 5804 37 5935 46 5870
1350 -1.9852553027975446 2.8695090758121653 203.08112268408411 57 26 16 0.1082792553484182 47 5808 37 5936 46 5873
1351 -1.9852553027975446 2.8695090758121653 203.08112268408411 57 26 16 0.1082792553484182 47 5809 37 5937 46 5874
1352 -0.035538357675256579 2.9464462012086585 201.12440054375472 249 220 200 0.36797877839637433 47 5811 37 5938 46 5875
1353 -27.953258636562765 2.5409414154043262 220.35059868200995 50 10 17 0.42054354994746168 47 4106 37 5939 46 5864
1354 -23.527694259176158 2.7126388227964284 221.08749392112944 219 165 147 0.16994896811660817 47 5799 37 5941 46 5869
1355 -16.47872287780174 2.811235051674922 218.24311252473541 185 157 130 0.11392827122888442 47 5805 37 5942 46 5871
1356 -43.292566488630662 3.7740358917921299 215.73070482571185 30 12 7 0.15691152803390945 47 5810 37 5946 46 5876
1357 -20.303629004208094 3.196669624687174 216.25725358971135 116 86 58 0.59537189134579172 47 6891 37 5947 46 6984
1358 -2.5778950618381962 3.5589286849951853 204.04931746343334 249 228 205 0.10521687185139116 47 5817 37 5948 46 5879
1359 10.469693513292684 4.8990312280473187 192.93274745514429 117 92 89 0.35104550971501292 47 5834 37 5954 46 5899
1360 36.659749713332879 7.3837519355641881 199.154329311672 57 36 18 0.2456986630355372 47 5832 37 5955 46 5892
1361 -8.4908599618126246 4.4354555104341742 212.4753179139573 173 138 113 0.091574572669650037 47 5827 37 5956 46 5890
1362 -23.350011980176529 4.4507329984146775 221.1919633626282 82 17 12 0.38053212874866799 47 5822 37 5957 46 5887
1363 -38.464489852025551 4.9694896439121088 217.46279827308763 43 45 42 0.38902882253442234 47 5825 37 5958
1364 -38.464489852025551 4.9694896439121088 217.46279827308763 43 45 42 0.38902882253442234 47 5824 37 5959
1365 17.211828094263002 5.9059656197390957 207.48191854139077 30 26 35 0.32389852246523282 47 5833 37 5960 46 5900
1366 31.686534925939021 7.3872280602610827 197.69777319023686 58 34 25 0.15491280482680445 47 5844 37 5962 46 5906
1367 -49.180653511627682 5.556375481987156 226.28727042498534 125 98 80 0.12476232769010713 47 4132 37 5964 46 5889
1368 15.521341852757756 6.0717549400231894 204.32601651815773 63 63 71 0.12861691662608701 47 5843 37 5965 46 5905
1369 -23.950376302621425 4.9571508267282915 220.49802265965872 193 140 129 0.22084854825224576 47 5828 37 5967 46 5895
1370 -23.950376302621425 4.9571508267282915 220.49802265965872 193 140 129 0.22084854825224576 47 5829 37 5968 46 5896
1371 -22.779126309271145 5.0006137560975947 220.56690615244418 163 113 102 0.22357686756461725 47 5831 37 5969 46 5897
1372 1.20532179729212 5.49452052607257 199.09357176004119 221 187 167 0.047319775428831125 47 5855 37 5971 46 5915
1373 37.289765840976102 8.5077667582536787 196.7088322754912 176 149 109 0.27184358515772944 47 6923 37 5972 46 7012
1374 7.1613689628912285 5.9787514080481952 193.3386388491995 209 172 157 0.15288293064304947 47 5862 37 5977 46 5922
1375 7.1613689628912285 5.9787514080481952 193.3386388491995 209 172 157 0.15288293064304947 47 5861 37 5978 46 5921
1376 -23.231784378933376 5.4455246428485102 218.61037398257631 63 14 5 0.37433941986857211 47 5838 37 5979 46 5903
1377 17.445806855981857 6.7558710246927447 207.00815241246832 55 52 58 0.55256146218311042 47 5852 37 5980 46 5916
1378 28.219069211040203 7.7554175216871135 200.54585410346169 112 81 71 0.23206282371819553 47 5860 37 5981
1379 -50.153526908937266 6.470832626724274 226.41513931221101 185 153 128 0.36926271377259751 47 5836 37 5982 46 5901
1380 -16.807651316399962 5.6196935786542648 217.54889320010577 147 121 98 0.11072225795996556 47 5848 37 5983 46 5911
1381 -34.645940936948101 6.029668505005378 216.17839560364754 93 91 70 0.1513043312735505 47 5851 37 5985 46 5912
1382 12.363718144442764 6.8077463923869956 202.66705932236366 86 89 100 0.1897641207429128 47 5864 37 5987 46 5923
1383 -50.688015881216714 7.1107252383846085 224.29551225727332 183 145 79 0.11335170772917778 47 6917 37 5989 46 7007
1384 36.347981023176203 9.4192012725152061 197.86826075349606 146 122 78 0.2004716400371972 47 5871 37 5992
1385 8.3690155601067957 6.9114629733818811 192.53757539618937 156 119 104 0.15290780910488719 47 5874 37 5993 46 5932
1386 -3.7092526873229668 6.4912468902036879 206.01130826073287 234 207 191 0.041470316136130926 47 5867 37 5994 46 5929
1387 26.44675268254986 8.4732593303777364 201.12563312797644 25 13 13 1.2162707821897984 47 5870 37 5995
1388 -15.403649119492187 6.4822313006242709 216.55886563431014 156 135 122 0.094404838165123239 47 5863 37 5997 46 5926
1389 18.529541195891497 8.1021682328798601 204.57648285893416 31 29 32 0.30469378501119149 47 4178 37 6000 46 4271
1390 -16.301864692581635 6.8285963848777422 216.1827449543558 78 58 49 0.21116445348579579 47 5866 37 6001 46 5930
1391 28.911968466732496 9.140668760081935 201.11412968146567 100 73 57 0.34165956235257311 47 5875 37 6003 46 5935
1392 7.1094831013783253 8.2449614928252242 192.64796529399874 58 21 6 0.049787619857946518 47 5897 37 6014 46 5955
1393 7.1094831013783253 8.2449614928252242 192.64796529399874 58 21 6 0.049787619857946518 47 5898 37 6015 46 5956
1394 -6.9359413651225807 7.9838385686070072 213.3318168879087 209 175 143 0.077817251583754438 47 5883 37 6016
1395 -6.9359413651225807 7.9838385686070072 213.3318168879087 209 175 143 0.077817251583754438 47 5882 37 6017
1396 16.264981428194204 9.2678757054880272 207.37921085633053 15 15 23 0.15048841929133444 47 5891 37 6021 46 5949
1397 -14.224736812287533 8.3278610922954712 217.745991182479 50 34 28 0.24828204455464231 47 5886 37 6022 46 5943
1398 -14.224736812287533 8.3278610922954712 217.745991182479 50 34 28 0.24828204455464231 47 5887 37 6023 46 5944
1399 30.619017679068396 10.852016197234001 198.64288025295275 86 63 48 0.31221473262540228 47 5902 37 6026 46 5961
1400 -25.441908168975921 8.896835454154008 213.29241645099961 33 0 0 0.58467202548148489 47 6941 37 6030 46 7031
1401 -13.697265175780872 8.904636904941162 215.62512160821768 172 150 140 0.38732414420329331 47 4212 37 6031 46 4310
1402 -13.697265175780872 8.904636904941162 215.62512160821768 172 150 140 0.38732414420329331 47 4213 37 6032 46 4311
1403 33.145761953917109 11.510839421213312 197.93435407767922 55 36 22 0.16851964744105405 47 5911 37 6033 46 5966
1404 7.8463061319010121 9.3402905961413651 193.94158984862469 155 112 97 0.43464208688275696 47 5916 37 6035 46 5970
1405 -12.651648806045779 9.1051208688681715 214.36229209631261 145 121 88 0.56129305127269236 47 5901 37 6038 46 5959
1406 -35.204003033845574 9.4356116719354137 216.59666984531293 136 107 74 0.19719960767404374 47 5899 37 6039 46 5958
1407 -22.221563447941172 9.2599385813239561 216.57014254433676 54 49 43 0.52292929231348728 47 5900 37 6040 46 5960
1408 27.593247102993676 11.637603350319651 202.4972860872877 96 74 68 0.20277290350223512 47 4238 37 6042 46 4334
1409 -48.714586902614414 10.843410774312121 217.173180402643 24 25 17 0.15448339602753677 47 5912 37 6046
1410 -6.9882371385785182 9.9045038791102566 210.59515903025076 225 195 169 0.11949065515883302 47 4237 37 6047 46 5971
1411 -6.3275900867118624 10.752041271444176 211.22535758088279 221 192 169 0.23105897657565166 47 5920 37 6050 46 5982
1412 5.4235437482837447 10.718470735540476 194.74505387818868 192 155 141 0.050236207411531737 47 5923 37 6051
1413 41.733794169183234 14.114516782477303 193.80963522458762 198 160 94 0.16810849332986488 47 5926 37 6054 46 5988
1414 -57.264316091723273 12.29638080441547 209.74791603988646 57 43 33 0.28909892878662841 47 4254 37 6055 46 4354
1415 9.7079902344706763 11.138119790200902 192.63926963236918 163 132 120 0.2502665332281801 47 5927 37 6057 46 5991
1416 11.731150267089703 11.369574318361311 196.89022054229937 62 63 66 0.23179384773319231 47 4267 37 6058 46 4365
1417 34.928654698164237 13.660694802301123 195.34088090624124 160 134 82 0.36579278739478255 47 5930 37 6059 46 5994
1418 38.110358320401019 14.138941140548148 197.72154607032152 88 66 19 0.27912242659834996 47 5929 37 6060 46 5993
1419 -12.506162226029875 11.409440722804357 211.33032908397198 37 23 7 0.22432397682615565 47 5922 37 6063 46 5986
1420 11.011991770853788 11.807897388414432 191.71840931116049 51 47 48 0.11144510034877624 47 4276 37 6064 46 4373
1421 -22.880590452845812 11.959918073667176 211.15571080429237 97 55 41 0.2295181897468572 47 5932 37 6066 46 5998
1422 -16.893045299198675 11.902096541004074 206.49103635864594 37 27 11 0.44024267907690118 47 5938 37 6068 46 6001
1423 -10.970093306194084 12.065053047514191 209.20461289091583 25 15 1 0.24321485871706874 47 5937 37 6069 46 5999
1424 -18.523921759822244 12.079156130233041 207.24863551810381 124 72 55 0.20165493708105328 47 6984 37 6070 46 7065
1425 -52.274320941924643 13.740151949692601 216.02004421009562 115 104 94 0.20199158681528973 47 5939 37 6071 46 6000
1426 21.029265888895843 13.724913690843108 201.56531754474321 89 20 23 0.1970301513743217 47 5951 37 6072 46 6010
1427 -54.154367258878821 14.062164462287059 215.98201726404241 81 46 25 0.19492688411848211 47 5942 37 6075 46 6005
1428 -26.462099177432016 12.636145793658612 211.42070399993904 143 99 71 0.30685673063642954 47 5946 37 6077 46 6006
1429 -19.267182295749556 12.896211730998541 207.44463462067219 137 116 70 0.10496138701217943 47 5959 37 6079 46 6019
1430 -19.267182295749556 12.896211730998541 207.44463462067219 137 116 70 0.10496138701217943 47 5958 37 6080 46 6018
1431 -3.0932891862402547 13.139155898812348 207.31397926843596 219 192 174 0.24863115289677995 47 5960 37 6081 46 6020
1432 5.3016907342824808 13.3299693572013 194.27848095162659 194 154 131 0.21703139303240893 47 4308 37 6084 46 4409
1433 -6.0945458918884841 13.449694761158719 209.09233705367407 40 37 11 0.11867335333976567 47 5962 37 6085
1434 8.0758675606030401 13.847073167150686 194.32694842826029 214 188 178 0.08760463964938435 47 5972 37 6089 46 6033
1435 36.635226070968272 16.631128675482486 197.34347364661039 151 131 102 0.23951106269206512 47 5973 37 6092 46 6034
1436 -53.488762824386669 15.384980609463355 219.51886535276702 70 53 43 0.020101849857878204 47 6989 37 6094 46 7071
1437 28.881519712664311 16.036094237232962 203.26515946507658 115 96 82 0.22797282554981804 47 7000 37 6095 46 6030
1438 -0.18261099386585727 14.096779010529925 202.09969056600542 245 215 199 0.028795119713523318 47 5971 37 6099 46 6032
1439 1.5142802579819297 14.248055761463377 200.31816805923685 84 33 28 0.09602433378137569 47 4316 37 6101 46 6036
1440 9.1779847628937912 14.415016983256336 194.82534929711653 150 122 109 0.33040762619718839 47 5979 37 6102 46 6039
1441 40.911541644072571 17.308969482614351 191.87293249338691 200 169 82 0.045954846893195588 47 4326 37 6103 46 4428
1442 -52.45764492263671 15.84683308544073 216.87520696001147 80 72 59 0.099124071980677644 47 5969 37 6104 46 7088
1443 43.249662876691474 17.966173502744006 194.46002324307116 76 46 3 0.43166493222208957 47 7010 37 6106 46 7095
1444 -18.258132917198928 14.393212725572887 204.60227009776381 149 113 98 0.24118828006906343 47 5978 37 6108 46 6038
1445 7.4199282477697457 14.943432145772404 195.56676220227405 221 178 163 0.10980480640096442 47 5982 37 6109 46 6043
1446 -27.371746249560626 14.891322622316816 208.42617300697722 130 110 62 0.18904458055376253 47 5977 37 6112 46 6040
1447 15.559027680742171 16.051250100812489 198.32247498324071 47 50 59 0.29780848701638524 47 5989 37 6116 46 6053
1448 4.3164555192602441 15.343737112387233 196.34444037942711 61 21 12 0.053439820296925268 47 5992 37 6118 46 6055
1449 14.197935732489208 15.964539915281975 197.19844007523389 100 91 96 0.33959563875356069 47 5993 37 6119
1450 40.617469137960178 18.684814490703136 200.73936410506846 65 37 2 0.37307888143147278 47 5987 37 6120 46 6049
1451 -14.680132850123012 15.251656851497088 204.20486976953632 48 17 12 0.32738552970093432 47 5986 37 6122 46 6051
1452 -35.490356057434262 16.234936593270476 210.64455991666458 42 33 9 0.47608808213884962 47 7015 37 6124 46 7101
1453 -3.565167231463787 15.937376285225394 205.73805856424491 126 111 89 0.10624132469742875 47 5991 37 6125 46 6056
1454 42.030325109978214 19.109446017893635 194.48268680314422 193 175 86 0.15761980698881342 47 6000 37 6126 46 6061
1455 41.427763073805771 19.397172166212862 196.48747445533306 58 45 11 0.51996450226933033 47 4349 37 6129 46 6066
1456 15.474995182758095 17.012662304611318 196.87809150163903 24 24 32 0.32877659941593634 47 6006 37 6131 46 6069
1457 -37.331565834287183 16.940352947788107 210.66758641877706 65 54 8 0.07613717789498245 47 5998 37 6133 46 6063
1458 -37.331565834287183 16.940352947788107 210.66758641877706 65 54 8 0.07613717789498245 47 5997 37 6134 46 6062
1459 -5.4411764236698676 16.535400912859792 204.79213754169223 67 66 59 0.35347761564885438 47 6003 37 6135 46 6068
1460 46.42857191005983 20.45815612003555 195.4480376961713 62 40 6 0.087649873682474191 47 4366 37 6136 46 4468
1461 -21.408020734593233 16.744995615216524 209.00615471334888 43 10 0 0.057813191628165082 47 6002 37 6137 46 6065
1462 24.361417249050014 18.267965212992696 199.71740493143696 147 82 75 0.1093366831686246 47 6009 37 6138 46 6076
1463 50.045574449900833 21.248943601724179 195.48371142114979 65 31 1 0.7649580495530649 47 6011 37 6140 46 6078
1464 -54.789946711166401 19.088198111511609 217.763910259939 81 69 56 0.15379083781887889 47 4358 37 6142 46 4464
1465 -45.908006710046777 18.156771966332254 209.6558051466144 51 37 23 0.2329931707320988 47 6010 37 6143 46 6077
1466 4.5973204018608458 17.647734766919879 195.78140725088792 205 164 148 0.56691861962617807 47 7043 37 6146 46 7130
1467 50.485082212832516 22.807025818293479 191.66559934754295 183 144 60 0.7345765117051859 47 6026 37 6150 46 6101
1468 -48.01950117487447 19.893038402824267 213.42124938367758 37 22 11 0.44371012916226338 47 4390 37 6151 46 4498
1469 40.205767544055902 21.871908932409138 196.97303815975877 121 91 30 0.11218516366778951 47 6030 37 6152 46 6099
1470 40.205767544055902 21.871908932409138 196.97303815975877 121 91 30 0.11218516366778951 47 6029 37 6153 46 6098
1471 50.213673752564091 23.314872404992979 193.18932147887759 213 176 91 0.36291564578543717 47 6037 37 6154 46 6106
1472 -10.095148307198141 18.685753488729723 195.85309616336798 136 137 127 0.69491096618307269 47 6039 37 6156 46 6108
1473 38.532060179510836 22.098184626781357 195.74225174428443 40 12 5 0.37127105064591243 47 6040 37 6157 46 6107
1474 -22.113397009037616 19.387046135684098 205.94910581917685 42 22 4 0.32520241916452314 47 4422 37 6160 46 6103
1475 -3.410956079471426 18.243106867425325 185.49276800412898 102 80 72 0.78497419675155911 47 7057 37 6161 46 7146
1476 49.836481596441281 23.882629579145934 195.99669422807742 93 59 16 0.19954093283652227 47 6042 37 6162 46 6111
1477 50.139341186519445 23.983563766281996 195.05823806963463 115 79 31 0.1603021313567897 47 6044 37 6166 46 6114
1478 -21.336454205962621 19.468192013474109 203.07828178567382 145 123 103 0.19555985948679236 47 6038 37 6167 46 6110
1479 38.273180448221069 22.577224025892903 196.68919708585182 127 104 88 0.2376510442039356 47 6045 37 6168 46 6115
1480 40.432437610140376 22.869635569672759 197.31050133200733 181 155 74 0.24298722734877068 47 6046 37 6169 46 6112
1481 -35.005641775249885 20.072808418834253 205.83579303606774 92 83 27 0.25409522760234032 47 6041 37 6170 46 6109
1482 7.6742202582702728 20.243250044669114 196.58374660505959 225 194 175 0.066428050519754533 47 6049 37 6174
1483 7.6742202582702728 20.243250044669114 196.58374660505959 225 194 175 0.066428050519754533 47 6050 37 6175
1484 -17.398663648661191 19.671295032586524 196.37399738895283 14 12 10 0.19854134862324993 47 6051 37 6176 46 6117
1485 -20.762262666550754 20.066656189422083 202.14449598918841 67 43 19 0.040038981724309031 47 6048 37 6177 46 6116
1486 15.035398369806815 20.727318123733017 194.50391795482744 35 35 35 0.12236367929340804 47 6055 37 6178 46 6118
1487 22.474789042653306 21.716288766666963 198.69310064707577 76 65 55 0.52672122088572271 47 6052 37 6180 46 6119
1488 33.682225763870363 22.799381908283266 197.58302526017334 134 127 106 0.12240415776260509 47 4456 37 6181 46 4555
1489 48.35505243392241 24.504310935241381 193.67321375774767 187 159 89 0.30632683167571845 47 6058 37 6182 46 6123
1490 -38.816249386734455 20.966592275101142 204.04178160203114 119 101 68 0.2968015704700403 47 6053 37 6183 46 6120
1491 25.844827820473267 22.27643183737775 195.28269084923011 173 110 84 0.30617111710174083 47 6061 37 6188 46 6126
1492 43.098318351395598 24.418471002712767 197.18849294071975 181 172 75 0.3602037994288228 47 7067 37 6189 46 7155
1493 50.726173386145675 25.366448459400516 193.11850667768238 107 71 11 0.41400051619556216 47 4476 37 6190 46 4572
1494 50.726173386145675 25.366448459400516 193.11850667768238 107 71 11 0.41400051619556216 47 4475 37 6191 46 4571
1495 38.987540532976787 24.347527341112869 197.90645447537102 23 6 1 0.037956635729188969 47 4478 37 6192 46 4580
1496 5.7641026247065072 21.56147249089571 195.87031229112614 206 167 161 0.078710967276541852 47 6066 37 6193 46 6131
1497 6.6699423386699381 21.769525121777104 195.98758836339229 186 154 145 0.11754778006558268 47 6067 37 6194 46 6132
1498 -44.576378491349352 22.845436638161395 209.32509202135284 124 116 81 0.40729840695687303 47 6065 37 6195 46 6130
1499 -46.395000873538152 23.790690647720371 210.94783596728473 124 116 66 0.24661506164869648 47 4486 37 6202 46 6134
1500 -15.579022208735894 21.661288456422774 189.21779395487783 35 14 14 1.1267779111833067 47 7090 37 6204
1501 46.338904480005262 26.58651628320905 194.38433346371181 195 173 102 0.15876517665159909 47 6076 37 6205 46 6144
1502 -56.333848133903722 25.224174821825027 215.94833305645909 52 52 49 0.31022127823136297 47 6068 37 6206 46 6135
1503 43.568880678252292 26.453380726079068 194.32572763785853 170 162 79 0.19466720239194438 47 6078 37 6208 46 6146
1504 43.544779290890389 26.442901043453386 194.22025548610776 170 162 79 0.25295112071901205 47 6079 37 6209
1505 -9.1846397514306268 22.576003616983488 193.45237898646297 75 37 18 0.13091407061633067 47 6087 37 6212 46 6153
1506 -45.106401859746619 24.674260145222689 209.56826019145464 124 110 73 0.069538478111292504 47 6074 37 6213 46 6145
1507 44.585132820041487 27.135772682833977 193.04039873580061 167 150 73 0.43519768413496368 47 6092 37 6214 46 6157
1508 -30.222291669651277 23.587806496405648 199.43980952048386 68 36 2 0.5691883149889071 47 6089 37 6215 46 6155
1509 -59.482348274281726 26.314956150350181 212.66086362736382 33 26 8 0.11420566111113832 47 6082 37 6216 46 6147
1510 16.121438742644493 24.446809129074335 192.57858895555103 47 52 32 0.35267229723277893 47 6093 37 6218 46 6159
1511 -2.6893854654700955 23.419059937711257 189.04975601952768 169 131 110 0.98146490054330504 47 6100 37 6221 46 6169
1512 29.356806311237545 25.986691274512577 192.50217163101306 87 33 17 0.24561505724750096 47 6098 37 6222 46 6164
1513 42.091763592908791 27.77275680525047 195.35252250603452 143 127 84 0.23716475629923287 47 6097 37 6224 46 6165
1514 44.294181120442772 28.042045742449684 194.04982714137543 179 157 79 0.73334043566823648 47 6102 37 6227
1515 44.311986317433472 28.049743219608001 194.20372169846183 179 157 79 0.70169776847676946 47 6101 37 6228 46 6167
1516 44.919721048226073 28.102838946331563 193.02979554484472 84 58 4 0.40604652057070262 47 6104 37 6229 46 6174
1517 -18.532567442725856 23.455149139763495 187.99640900994584 81 35 19 0.28320745795713526 47 6113 37 6230 46 6180
1518 27.800042981271446 26.378689520866121 193.95575125326957 185 123 99 0.20243786013815102 47 6109 37 6231 46 6178
1519 -36.066624727085895 25.603876611117517 204.90218831596695 19 9 0 0.18109623000713734 47 6099 37 6235 46 6171
1520 -35.30100831829396 25.742007141776416 205.74262175862765 175 151 116 0.31599770600354021 47 7101 37 6236 46 7820
1521 -38.995095255610529 25.935938184624689 206.3268059678017 25 20 0 0.35817193890066013 47 6103 37 6237 46 6170
1522 40.452530309468592 27.725439591895299 188.874365459231 32 26 2 1.7387025236037819 47 6118 37 6239 46 6188
1523 47.37684596919744 29.187611146421876 194.42231996938736 31 10 0 0.29004797463063592 47 6114 37 6240 46 6184
1524 49.751548970138806 29.70765849083233 196.29973113209957 44 27 0 0.27259219868716861 47 6112 37 6241 46 6181
1525 -56.916244129017784 27.88892378497572 212.17868550586539 18 9 1 0.21044134644988532 47 6106 37 6245 46 6177
1526 -36.881779500931636 26.158225524800645 205.45464364660518 25 9 3 0.1057432206978209 47 6111 37 6247 46 6183
1527 -33.263567896705823 25.854646585264067 201.70874868803838 75 64 31 0.15348196211686504 47 6117 37 6250 46 6186
1528 -33.263567896705823 25.854646585264067 201.70874868803838 75 64 31 0.15348196211686504 47 6116 37 6251 46 6185
1529 42.498069685136137 28.958214078880218 193.31735214246754 26 15 0 0.54684018686802116 47 7110 37 6253 46 7192
1530 -54.06818452338927 28.809686664656859 212.6294728631826 37 41 3 0.38375278128867829 47 6122 37 6255 46 6196
1531 -59.833240385631214 29.596186577712373 211.07826463000737 48 37 14 0.11434460209324311 47 6130 37 6260 46 6201
1532 -37.631381210511897 27.698289127727033 204.45574937490406 31 15 2 0.12941152393110175 47 4588 37 6262 46 4696
1533 -23.77329390080995 26.558148305005712 192.03835373267518 139 133 85 0.23357411537699135 47 6145 37 6264 46 4716
1534 -49.19279973942831 29.374576630864144 209.08898009878752 44 39 0 0.059580548607421679 47 6138 37 6266 46 6211
1535 -49.19279973942831 29.374576630864144 209.08898009878752 44 39 0 0.059580548607421679 47 6139 37 6267 46 6212
1536 -21.173236658702287 27.472939665784867 190.5578844727971 194 150 98 0.16512324430640413 47 6153 37 6276 46 6225
1537 -53.358582077666505 30.719619330951183 205.08044375758186 118 98 71 0.28737000951907887 47 7131 37 6280 46 6223 46 7215
1538 47.278571547050561 32.168062845025837 185.66070431821399 132 113 87 0.80178228255944894 47 7134 37 6283 46 7223
1539 47.321695179113171 32.188991800258925 185.9227967467973 132 113 87 0.71613851123811445 47 7135 37 6284
1540 -60.68892419500061 32.391648484850286 212.3155993609478 31 25 2 0.30435189030053383 47 6151 37 6285 46 6224
1541 -55.097612498105832 31.678382459935918 208.84598490115488 47 31 0 0.16625615360169468 47 6152 37 6287 46 6226
1542 -0.784247368915853 27.20794412172696 178.52591399816353 141 119 83 0.56580572340799529 47 6163 37 6288 46 6237
1543 1.4896148855617835 28.125502837028929 185.01800282253581 18 13 15 0.13789095841897311 47 6161 37 6289 46 6234
1544 -16.096006044458502 27.636901883882032 182.96736546452004 166 106 83 0.3298748911017067 47 4653 37 6290 46 4760
1545 18.886221393412118 29.364969348059791 185.15153836910031 97 62 63 0.42259792633487697 47 6162 37 6291 46 6235
1546 39.754433433142715 31.284207936945251 182.6702836802412 22 7 4 0.80539385261155449 47 7139 37 6292 46 4761 47 4659
1547 50.429175158464794 33.275715961291027 182.52935955456678 126 125 69 0.34350408645002961 47 6167 37 6297 46 6241
1548 39.199290696851378 31.743268250237687 182.71176463850472 102 57 65 0.57809164709477623 47 6168 37 6298 46 6244
1549 -23.279534461448588 29.366566719275376 193.20997581447173 8 9 0 0.17103266970815789 47 6165 37 6299 46 6238
1550 -10.91803182584523 29.093584916217576 190.28078725012048 47 15 1 0.21813203030199346 47 4660 37 6300 46 4764
1551 -60.951849248664161 33.572361592374868 211.56824833504817 44 35 12 0.40883215061732542 47 6159 37 6306 46 6232
1552 -11.549620854322203 29.376414959372276 191.34354633840087 113 81 53 0.28292835507471487 47 6166 37 6307 46 6240
1553 -35.630432937720649 31.527848769965036 201.26242171490924 117 122 86 0.13934293839632991 47 6169 37 6310 46 6245
1554 39.5504268265748 32.516429267166714 180.86677069118196 84 16 31 0.70964568445336162 47 7157 37 6311 46 6256
1555 -0.86994929802088716 29.340242986356618 181.68605981457728 59 44 6 0.24921793377208523 47 6183 37 6312 46 6257
1556 -0.86994929802088716 29.340242986356618 181.68605981457728 59 44 6 0.24921793377208523 47 6184 37 6313 46 6258
1557 24.104058699110809 31.122400529251667 183.38492707390122 101 58 59 0.13676953153593394 47 7155 37 6314 46 7241
1558 17.707352923694739 30.598039838215765 182.79083869890201 70 42 33 0.21014718457301262 47 6180 37 6315 46 4800
1559 -2.0618248769288017 29.060688951964355 178.80997341516576 67 52 16 0.75408940966628968 47 4707 37 6316 46 4809
1560 -7.6910026553858968 30.446380116106415 189.85716624860621 34 22 1 0.35734342749577136 47 6179 37 6319 46 6255
1561 23.534941243340548 31.640289264442565 185.25094145512602 33 8 10 0.23069232642171134 47 6186 37 6321 46 6262
1562 -3.4770061362326046 29.724788047159784 183.06057476571516 47 44 4 0.27648803860685472 47 6187 37 6322 46 6263
1563 25.92057705704995 31.394556748533702 181.43246313262918 44 13 15 0.37238154999107947 47 6190 37 6323 46 6265
1564 -42.66535025240313 32.825886448424285 201.89268636866797 94 84 76 0.20318820394968676 47 6175 37 6325 46 6252
1565 -34.064851505579959 32.399038786359426 200.00357078919313 62 39 1 0.27241516248305481 47 6181 37 6328 46 6259
1566 3.0086515150664712 30.695597661248321 183.12220398138129 157 141 126 0.57436260783193105 47 6196 37 6330 46 6271
1567 3.0166647881939275 30.637661978548508 182.66645367597036 157 141 126 0.47431776547068094 47 6197 37 6331
1568 -29.492363349879582 31.071425704904428 186.76385800307168 177 131 65 0.11920184161952725 47 6199 37 6334 46 6272
1569 -34.783808667828012 33.017060668307415 198.43331024366424 24 28 11 0.30796063185066885 47 6195 37 6337 46 6270
1570 -0.75232330300298045 30.765942781039985 179.9377554237785 37 29 7 0.24073586591807697 47 4744 37 6338 46 6278
1571 -58.01298355894648 36.050606721717003 209.16428622474464 117 91 64 0.13594871211809154 47 6193 37 6339 46 6268
1572 40.848344565623059 34.937344528908305 178.97485057958926 223 143 145 0.10482510071768751 47 6213 37 6345 46 6286
1573 19.2512857598573 33.218834495171301 183.83406518672328 152 123 113 0.091118188411788856 47 4766 37 6346 46 6283
1574 -26.850213373730622 32.133747906319215 186.02352833010227 88 51 10 0.2042269034140988 47 6205 37 6347 46 6285
1575 -5.9210712408209307 32.661448980601826 183.76753136127377 32 19 1 0.22307954986188774 47 6218 37 6353 46 6292
1576 -5.9210712408209307 32.661448980601826 183.76753136127377 32 19 1 0.22307954986188774 47 6219 37 6354 46 6293
1577 3.0042514606230286 33.480427130762102 183.24186478846414 67 30 27 0.10529417133372054 47 6227 37 6360 46 6299
1578 30.749675599076912 36.173249601118833 183.62417877000223 151 113 94 0.11948130570780098 47 6232 37 6369 46 6306
1579 49.75467276323679 37.941520496486611 173.42540816001147 98 81 83 0.52149142948629557 47 6248 37 6377 46 6311
1580 22.320202276053877 35.658854452786279 182.77295047515233 26 16 10 0.2317382203956907 47 6235 37 6379 46 6308
1581 27.591688466162466 36.117413988409538 180.60561449840199 24 14 2 0.55202308370254272 47 6246 37 6383 46 6309
1582 25.112619437862776 36.144407758938691 181.76376785311589 21 14 0 0.63417156003352493 47 6244 37 6384 46 7285
1583 -0.78100860454148158 34.637768666648206 180.81244498678191 86 74 48 0.30664177440170143 47 6254 37 6391 46 6316
1584 22.900909771542434 36.179570980910619 179.81870150903839 27 17 6 0.39269123275125289 47 6256 37 6394 46 6319
1585 37.570172175589782 38.035923578663848 181.01310034574328 63 47 14 0.22570657874559674 47 6258 37 6395 46 6321
1586 47.436748222577485 38.143280339984386 170.05646382831034 127 79 77 0.22690209166451605 47 4854 37 6396 46 6331
1587 32.440778176754201 37.777844531784083 181.80229086873959 53 37 11 0.20711062457705501 47 6261 37 6398 46 6326
1588 -51.765038524991169 38.912485646844701 196.52754616388214 213 134 127 0.19891487284999568 47 6255 37 6401 46 6322
1589 49.902940221537371 40.463262378859994 174.33094737219309 123 101 95 0.14226148386659099 47 6280 37 6408 46 6345
1590 9.7786248716581632 34.891256036298948 167.82172423780412 58 56 7 0.36474654452648264 47 6283 37 6413 46 6352
1591 -42.199293599994249 38.989759193746629 193.73917114883449 71 60 72 0.75348659246429894 47 6272 37 6415 46 6338
1592 -51.290224408190475 40.338123662639688 195.74843883138956 211 138 136 0.16086212801173919 47 6275 37 6417 46 6343
1593 -31.310092727940479 38.837292526076766 192.94955527778501 28 17 1 0.48950513773157467 47 4876 37 6418 46 4966
1594 -55.059736968463056 39.39533916583482 184.34102835857644 40 29 4 0.29094253091569316 47 6282 37 6422 46 6350
1595 -33.406160076112215 38.651508162190794 190.14237699943732 26 18 1 0.23366050507232269 47 4886 37 6423 46 6349
1596 -52.834551169487945 39.562878359082426 184.46759388028127 66 51 13 0.34909344225573286 47 6292 37 6428 46 6360
1597 21.056536890180439 39.233952618766253 181.64089574689746 26 14 4 0.34153292854775602 47 6293 37 6430 46 6362
1598 49.681660838003417 41.815073148748134 172.90319096654846 193 171 151 0.23848039781113306 47 6303 37 6431 46 6369
1599 35.468473763142057 40.591535688560263 179.10612827322734 55 46 27 0.30614076960245745 47 6300 37 6434 46 6364
1600 35.468473763142057 40.591535688560263 179.10612827322734 55 46 27 0.30614076960245745 47 6301 37 6435 46 6365
1601 -54.583687608527029 40.044805161503234 182.04519155759422 119 106 75 0.21327580463040965 47 4911 37 6438 46 6370
1602 46.848157883655283 41.691472247279208 173.12589689662568 155 128 96 0.20291340724201445 47 4923 37 6440 46 5007
1603 -33.324609595108463 40.036198031630214 191.51502387966863 148 145 106 0.12870593341500863 47 6295 37 6441 46 6363
1604 21.283790442218969 39.649401919364564 179.96267077034364 95 83 57 0.18070989700906395 47 6308 37 6443 46 6373
1605 43.546458492216658 41.624393096158592 174.58649230520842 237 211 188 0.36499977772248693 47 6311 37 6447 46 5021
1606 -35.27135880395462 40.607847003226681 191.30159456208824 38 17 6 0.13292322976258827 47 6305 37 6449 46 6372
1607 -3.8127968820850695 38.626120169983928 180.24361461016332 24 12 0 0.6871122143874091 47 4930 37 6450
1608 -52.722701380937977 41.082614539384153 185.35466040655263 32 16 0 0.35749675263249286 47 4926 37 6451 46 5015
1609 -52.722701380937977 41.082614539384153 185.35466040655263 32 16 0 0.35749675263249286 47 4927 37 6452 46 5016
1610 10.809989081107672 36.578131171847041 163.38037573100999 53 57 2 0.54260840178866077 47 6324 37 6453 46 6390
1611 -48.603837373515688 42.070326216569647 192.54605715670036 159 83 93 0.22923995379564691 47 6310 37 6454 46 5009
1612 -49.625079297557598 43.148571382809799 193.27883581549133 177 100 117 0.39383811926157203 47 6317 37 6463 46 6383
1613 -54.29897591705582 42.0143672108224 182.36894290887511 125 108 58 0.21651342553227948 47 6322 37 6464 46 6391
1614 9.3834918847967614 37.999793035327272 166.27539030535689 143 153 87 0.44288874765887559 47 6333 37 6465 46 6398
1615 -34.933471347211089 42.283053527789335 191.57188194817292 36 16 9 0.325144916275667 47 6321 37 6466 46 6389
1616 -3.766813849516339 41.062296871885003 178.94772851745159 72 55 30 0.23671482305096 47 6342 37 6473 46 7345
1617 41.470360139041482 44.21132348461434 174.32478402890126 82 73 56 0.26534418187841702 47 6347 37 6474 46 6414
1618 43.204381884953143 44.651833124616537 174.47338481227649 80 47 35 0.37375431460046116 47 5006 37 6475 46 5079
1619 15.125353428003024 42.156629185216858 176.85905408539944 15 4 0 1.0106554518880091 47 6352 37 6480 46 6418
1620 -50.518544464251399 45.050154098234621 188.05382239367506 178 157 143 0.21810736646242279 47 5011 37 6486 46 5093
1621 -0.89547987714552557 42.932669375605528 182.65284797634658 22 11 4 0.41288061129408654 47 6353 37 6487 46 6421
1622 -53.151739814012601 45.506880985265965 182.47132410552834 116 108 73 0.14396454887353269 47 5054 37 6502 46 6438
1623 -0.91430457553472366 44.564683498525447 179.40112205957382 27 13 3 0.23655811638693225 47 6384 37 6518 46 6456
1624 -2.9937230165438744 45.484650174871184 179.75649493825998 20 7 0 0.17801504593585879 47 6401 37 6532 46 6467
1625 -52.807983952985104 48.392813840716158 183.87142547734675 111 99 70 0.3659399629675944 47 6405 37 6538 46 6473
1626 2.6431898158692531 42.553927396799999 163.81729185954276 113 44 6 0.10636458908141971 47 7307 37 6543
1627 9.2007599043361772 43.62508763629576 165.50767783713701 112 87 65 0.088268648771580721 47 6430 37 6548
1628 15.46050658346353 46.791353674357943 176.59512953710916 83 58 55 0.22246875455699047 47 6424 37 6551 46 6488
1629 15.46050658346353 46.791353674357943 176.59512953710916 83 58 55 0.22246875455699047 47 6425 37 6552 46 6489
1630 -50.952421928790478 49.027273958814895 183.2257290947189 89 84 67 0.30942959364431016 47 5153 37 6556 46 5227
1631 -50.952421928790478 49.027273958814895 183.2257290947189 89 84 67 0.30942959364431016 47 5154 37 6557 46 5228
1632 20.719263688417403 47.78465754044165 175.14655616783222 43 32 13 0.37284297378046555 47 6440 37 6572 46 6508
1633 -35.521826015655023 49.690307822506917 188.08311652374201 60 28 11 0.10824151835616036 47 6434 37 6574 46 6503
1634 -8.5397262349701268 45.152382721311398 167.75323569299994 32 9 0 0.57536877774917328 47 6462 37 6580 46 6530
1635 -8.5329623236765926 45.178638909249777 167.87472658236504 32 9 0 0.61396288497308216 47 6463 37 6581
1636 16.375040911354805 48.444961619375839 175.8436803131878 27 5 0 0.22575501721220789 47 6455 37 6584 46 6519
1637 19.023997915380168 48.150963801381316 173.8477264005451 103 90 67 0.28673246645351141 47 6456 37 6585 46 6520
1638 -52.62669935326899 51.123669490117905 183.46587852193474 30 21 6 0.28818050650438792 47 5175 37 6587 46 5259
1639 -19.221933717467365 45.868476870972216 170.48660564623654 180 123 65 0.55586416327060784 47 6461 37 6588 46 6529
1640 14.204328103347843 48.87386593668495 175.92060357957439 113 84 75 0.11804840594822578 47 6469 37 6598 46 6540
1641 14.204328103347843 48.87386593668495 175.92060357957439 113 84 75 0.11804840594822578 47 6470 37 6599 46 6541
1642 -25.847412205274491 45.8348247522581 165.21131328276272 62 53 9 0.40117159748882641 47 6490 37 6615 46 6564
1643 -25.847412205274491 45.8348247522581 165.21131328276272 62 53 9 0.40117159748882641 47 6491 37 6616 46 6565
1644 -53.870037975065912 52.613127777155462 182.77626865170404 30 21 2 0.1728299188538226 47 6477 37 6617 46 6548
1645 -17.483521794292397 47.133364833373427 167.36469062682963 136 86 37 0.45597106598126275 47 6494 37 6629 46 6570
1646 -12.25375971685212 47.485978500277028 167.16716062716449 93 84 57 0.50084753049370623 47 6496 37 6638 46 6578
1647 18.344314990770194 50.812716748485776 172.84867620475933 23 13 3 0.11226766448365781 47 6497 37 6645 46 6580
1648 -37.609878060117488 53.141672402663104 184.41301391729792 41 27 9 0.31683812406825923 47 5227 37 6652 46 5310
1649 -36.453753682391699 52.942620436746935 183.29845435537104 148 110 71 0.31182273856250192 47 6495 37 6653 46 6581
1650 -21.764911518373168 50.464276597322801 175.26380350227248 90 53 13 0.94863472532440751 47 6503 37 6655 46 6587
1651 -50.737576082514089 56.199887590679623 186.93438166958774 36 18 7 0.27665886393980577 47 6508 37 6661 46 6592
1652 -39.133825352453179 54.488227627838292 182.75102414441739 32 30 31 2.1731452935794846 47 6517 37 6666 46 6596
1653 -16.374077693279585 -20.483580350136748 216.48881845846961 250 220 205 0.1056151352677383 47 6673 37 6810
1654 -16.16636075756978 -18.539137759260367 215.52783420260999 214 194 174 0.12307841372145095 47 6693 37 6839
1655 -17.080782771623539 -17.582169921748037 216.93583358666299 235 221 201 0.10119748511878006 47 6711 37 6854 46 6809
1656 -15.570184870679769 -17.465636166422129 216.86528545073978 193 171 153 0.26236842765003882 47 6712 37 6855
1657 -12.478436920929639 -16.726516068057407 218.50851068454787 29 29 37 0.23449341085018896 47 6721 37 6867 46 6814
1658 -17.37880539916361 -15.133847621614537 218.07247368497698 194 167 135 0.19415990730817012 47 6743 37 6892 46 6835
1659 -7.0055526691662537 -9.9858281072463537 217.04920004955679 185 156 157 0.34874493728047545 47 6790 37 6947 46 6886
1660 -12.265088983528006 -9.4993724346268209 213.23415259866727 237 209 205 0.21664155033182467 47 6799 37 6950 46 6891
1661 -4.8584773172479716 -9.0751982739997796 214.02249979023762 189 179 178 0.97873852944361539 47 6803 37 6955 46 7632
1662 -18.199993112531999 -8.3396627588559102 217.0588665177327 89 61 59 0.43992221896627709 47 6813 37 6968 46 6910
1663 -6.0768524562672459 -7.3516554196060335 207.27876250996948 43 22 21 0.080291446916432238 47 6816 37 6972 46 6915
1664 -6.0768524562672459 -7.3516554196060335 207.27876250996948 43 22 21 0.080291446916432238 47 6817 37 6973 46 6916
1665 -10.259324015305875 -6.8890710061162386 212.04443928338691 231 202 180 0.39610886399725076 47 6820 37 6981 46 6920
1666 2.7912090578805655 -5.4114126696059035 207.37266608904116 223 193 178 0.10129142115704244 47 6828 37 6989 46 6929
1667 13.730678059628827 -5.0610737626094622 213.80310005033201 141 112 88 2.0156144098878839 47 7555 37 6991 46 7654
1668 -2.761917182313665 -4.5083666014976416 204.05911706859214 28 5 4 0.26655964886374611 47 6834 37 7000 46 6935
1669 -8.0283320083783085 -4.1127481119173162 210.01953831791312 187 153 131 0.38235232383862944 47 6837 37 7005
1670 -8.0283320083783085 -4.1127481119173162 210.01953831791312 187 153 131 0.38235232383862944 47 6838 37 7006
1671 11.698539196904571 -2.9851552321572274 204.80478517295856 41 24 28 0.54253815514997383 47 7566 37 7008 46 7665
1672 6.7443284613268357 -2.7640854686408018 202.30026873576983 219 197 179 0.065635557192867955 47 6844 37 7010 46 6941
1673 -10.398516378745986 -3.4624188403287324 214.06579966406372 43 9 3 0.18643223021286756 47 6842 37 7014 46 6939
1674 -10.398516378745986 -3.4624188403287324 214.06579966406372 43 9 3 0.18643223021286756 47 6843 37 7015 46 6940
1675 5.5934581666745649 -2.5164271217415961 203.97266921847444 242 215 200 0.054412263918514357 47 6845 37 7016 46 6942
1676 19.071932960569576 -1.3332151840090505 203.90663832680821 95 95 105 0.13825870310390509 47 6847 37 7019 46 6944
1677 -43.712353976971073 -3.4381221991501194 235.88673710732752 58 27 31 0.25702240509677798 47 7565 37 7022 46 7663
1678 -43.712353976971073 -3.4381221991501194 235.88673710732752 58 27 31 0.25702240509677798 47 7564 37 7023 46 7662
1679 17.266640420086159 -1.3899328956924346 205.61656982317939 96 94 104 0.086903672153927983 47 7570 37 7024 46 7670
1680 -8.7419966208779769 -2.4800432898542919 211.55153093744897 46 20 8 0.12945209670600979 47 6849 37 7025 46 6948
1681 -8.7419966208779769 -2.4800432898542919 211.55153093744897 46 20 8 0.12945209670600979 47 6850 37 7026 46 6949
1682 19.962320719849789 -0.92699190425169653 207.1002596892065 20 16 27 0.097493823324669007 47 6855 37 7027 46 6951
1683 19.962320719849789 -0.92699190425169653 207.1002596892065 20 16 27 0.097493823324669007 47 6854 37 7028 46 6950
1684 -17.69486459917913 -2.6444486937151099 216.58040744039585 230 204 181 0.13971057767746425 47 6848 37 7032 46 6945
1685 6.6647511134356145 -1.3340286180763115 201.54719881483857 69 53 52 0.092096962529462367 47 6859 37 7034 46 6954
1686 -16.528368384233229 -2.0565985648861571 216.81848576793763 169 140 105 0.17613560336615111 47 6856 37 7035 46 6953
1687 3.6248942882862316 -0.28933909947948488 196.60897092632203 40 21 22 0.60499806427776881 47 7579 37 7037 46 7678
1688 -6.0755588076533273 -0.83229661989129566 209.76448992066466 238 211 190 0.23151693860663516 47 7576 37 7041 46 7676
1689 16.150945966457964 0.50084801937897283 205.49823089401272 28 28 38 0.27818645883649618 47 6865 37 7042 46 6962
1690 17.481239967784603 1.0766370161353882 205.75635603168601 99 97 107 0.33609329358062306 47 7581 37 7045 46 7681
1691 17.481239967784603 1.0766370161353882 205.75635603168601 99 97 107 0.33609329358062306 47 7580 37 7046 46 7680
1692 -24.261285368955228 -0.51160960156857549 220.51284800969481 232 184 165 0.065341011740612479 47 6864 37 7048 46 6961
1693 29.316851490327245 2.659025038491535 198.40242707070789 33 23 34 0.4294043390357945 47 6871 37 7050 46 6966
1694 -50.787957594042062 0.85785940142813366 229.38828178017332 162 134 76 0.14545223754664222 47 6866 37 7054 46 6963
1695 -5.9852767640091891 0.49223899256117148 207.5895300338824 249 218 196 0.64490917785660995 47 6870 37 7055 46 7684 47 7585
1696 -2.905807067328452 0.83425736600485878 202.90113077438772 145 111 84 0.16851645222181003 47 6873 37 7056 46 6968
1697 18.047919556660716 2.1734945942982855 208.05690195751833 38 36 44 0.39410458314074875 47 5780 37 7057
1698 31.435507765152067 4.1917447560712162 200.34144761416414 88 65 66 0.15483388309888685 47 6881 37 7059 46 6973
1699 -19.059387676587729 1.5586859342590451 217.57376299982991 226 196 172 0.54578098551061383 47 7588 37 7062 46 7687
1700 -9.5522880457903767 1.9698767886749748 212.3487792291067 226 193 168 0.26866770716663135 47 6880 37 7063 46 6975
1701 -27.318971033605035 2.6713231998652174 221.0642801104041 57 47 46 0.17439139456109273 47 6883 37 7065 46 6977
1702 -14.690349307749559 2.7422116231374862 214.40547979389027 149 115 95 0.43784005436125428 47 5806 37 7066 46 5872 46 6979
1703 -31.325864847616842 3.0815365027029022 219.21768728496866 105 81 85 0.15798778811813505 47 7602 37 7067 46 7695
1704 -32.615903329997579 3.4960073006663768 219.59513613447734 94 83 78 0.19000215517990068 47 6890 37 7069 46 7696
1705 14.216924317424482 4.6098388761875952 203.3623863633992 29 29 39 0.081434448613252844 47 6896 37 7070 46 6989
1706 -15.414180306187136 3.6458712284915764 216.83421743158161 186 154 132 0.047162457556028992 47 6895 37 7073 46 6987
1707 12.950631588476174 4.8649605990336591 203.22054813269332 20 22 36 0.13007863975423448 47 6903 37 7074 46 6994
1708 19.504036432803559 5.4335750223649262 207.51947165945225 56 56 66 0.56727666578252112 47 6900 37 7075 46 6995
1709 -50.765106022056855 5.3089443103801042 217.75349372467682 41 33 13 0.21790620977927042 47 6898 37 7076 46 6993
1710 35.251489354693 7.4358429455898136 196.01437276584647 144 124 78 0.94529045491046304 47 6911 37 7077 46 7001
1711 38.820224991582336 7.997454863752318 196.8422224785256 125 114 95 0.47250641672055743 47 6913 37 7079 46 7705
1712 10.4223642094599 5.8286669766696368 192.3591378281084 128 110 105 0.43446396736415371 47 5859 37 7084 46 5920 46 7010
1713 20.990478824050083 6.5457856891371842 211.21822948548254 64 67 76 0.25983001584132104 47 6910 37 7085
1714 -21.346503724643746 5.1433271886469196 218.56727592606248 139 63 54 0.19335644646564731 47 6907 37 7086 46 6998
1715 -21.346503724643746 5.1433271886469196 218.56727592606248 139 63 54 0.19335644646564731 47 6908 37 7087 46 6999
1716 14.841866233625996 6.4343034169663396 204.68925495761533 26 24 32 0.21630003231106906 47 6921 37 7088 46 7011
1717 27.112972875490122 7.6257689136520428 203.8535375571208 85 61 62 0.16482753611246839 47 7612 37 7089 46 7710
1718 -19.128370893450388 5.7245589767875957 217.29702558234609 96 63 46 0.19315499367639702 47 6918 37 7091 46 7008
1719 -19.133685556294243 5.7247686781634108 217.32747090493621 96 63 46 0.24867643839438927 47 6919 37 7092
1720 -11.492711189424719 6.044077725915753 217.05054806927095 113 88 58 0.22541556379980443 47 6922 37 7093 46 7013
1721 29.298239049924035 8.486475386663006 201.04982376884635 134 108 94 0.26044066064617793 47 5868 37 7096 46 5928
1722 29.298239049924035 8.486475386663006 201.04982376884635 134 108 94 0.26044066064617793 47 5869 37 7097 46 5927
1723 -14.333555927699335 6.3968587796855871 216.58183088910059 80 66 48 0.22624233548964054 47 6925 37 7099 46 7016
1724 27.41860770992237 8.9436143118592568 200.79482121587398 111 87 79 0.44033130813233851 47 6934 37 7100 46 7021
1725 -2.0007844653829823 7.3501391990655085 204.30151779070823 150 119 100 0.11415409505893291 47 6933 37 7103 46 7024
1726 -13.574706729855025 7.2953322249700001 217.60647366404416 104 78 67 0.02307285341620554 47 7620 37 7105
1727 -36.5600480161741 8.1617905757040159 212.59338933649701 19 15 9 0.20930541524755389 47 5881 37 7111 46 5941
1728 -17.169724434209925 8.075805179042419 216.49728650988052 47 28 22 0.071407624424508959 47 6936 37 7112 46 7028
1729 -7.7589796886978242 9.3358290144201614 213.9996132674496 223 198 168 0.36578362048946927 47 6942 37 7114 46 7033
1730 0.45958056589918506 9.3272756669205119 199.25302221441461 53 22 12 0.059408721701309918 47 6948 37 7115 46 7039
1731 -49.453699863180837 10.861964846672763 216.02010501135061 53 44 15 0.60528265963076378 47 7632 37 7119 46 7035
1732 -18.97767366748166 9.7939647090745758 214.11865365586399 48 47 40 0.5863064560315957 47 6946 37 7120 46 7037
1733 -2.932274029582226 10.038073367488423 205.83414960290901 244 210 191 0.10664119405514878 47 6955 37 7121 46 7048
1734 -44.834842693324752 11.004076164725053 214.46188121235369 66 54 56 0.63114330364368121 47 6953 37 7122 46 7045
1735 -36.701847771869126 10.752664257434407 216.6478888494984 46 32 7 0.37871185952129677 47 6954 37 7123 46 7046
1736 -11.442637110873468 10.374823528405397 212.76240510708882 61 44 21 0.57602416606741524 47 6957 37 7124
1737 19.795437947421032 11.757556456960504 206.05511802731166 169 143 132 0.39107118472668007 47 6960 37 7125
1738 19.795437947421032 11.757556456960504 206.05511802731166 169 143 132 0.39107118472668007 47 6961 37 7126
1739 -49.448737362810931 11.750039402392789 210.82432700317182 47 34 21 1.3760637888221534 47 7635 37 7130 46 7053
1740 3.7396328151703013 10.927053909560863 196.23056826557806 202 161 145 0.20383433400431425 47 6969 37 7131 46 7059
1741 12.705726212589898 11.519217144357373 203.39620236573404 13 14 19 0.22223042642196808 47 7638 37 7132 46 7733
1742 -22.255760092594681 10.990980116239569 209.63680490235745 137 84 72 0.14486827787230369 47 6963 37 7134 46 7054
1743 -10.886036912079117 11.167026005573153 211.2714670585755 88 76 53 0.19649158175497108 47 6964 37 7137 46 7055
1744 -38.420699822215681 11.984818435736273 212.37184414184205 35 23 13 0.74518762658866722 47 6965 37 7140
1745 -37.42222547905385 12.100052674410607 210.67750145837988 123 101 67 0.19865952941958009 47 6978 37 7142 46 7062
1746 -20.101277501880588 11.73987603539951 208.47454369283986 170 121 94 0.13830845352024085 47 6979 37 7143 46 7063
1747 15.881242035338628 12.668130896805609 203.58799761408952 131 121 125 0.14466411048558375 47 6980 37 7144
1748 -56.846919293076439 13.717391865387359 222.2700203523838 33 17 17 0.38679738366273481 47 6973 37 7145 46 7060
1749 -29.158972875062137 12.398294861982821 211.3374622938563 168 144 112 0.19845301633528556 47 7643 37 7146 46 7741
1750 42.894184950589036 15.7723573561212 194.12176630313814 185 155 78 0.65512127474445736 47 7646 37 7148 46 7069
1751 20.443340995663558 13.814747724212216 201.91049907038681 177 116 123 0.11825031377771482 47 6986 37 7151 46 7067
1752 -0.14455330131754146 12.745511335150463 202.37779634424655 89 57 41 0.23891222450492364 47 5956 37 7152 46 6015
1753 -27.648430041993127 13.203827283808664 209.87200643568386 134 108 69 0.33515029307601107 47 6987 37 7153 46 7070
1754 -25.855186088356692 13.527623960914854 212.65478216349524 89 54 23 0.16445859541059019 47 6988 37 7157
1755 6.9741795935249806 13.620602548873473 194.82334596893818 189 134 121 0.097230022350365611 47 7002 37 7163 46 7086
1756 -3.6132713092675735 13.695389323561479 205.24176962964859 183 158 140 0.23165392686093442 47 6995 37 7166 46 7079
1757 -22.103603522734119 13.909767421397712 209.75643674687731 75 34 18 0.57296600787587171 47 6993 37 7168 46 7077
1758 8.2629219117141073 14.070639942658408 193.7515068707722 217 187 172 0.88756891272711125 47 7659 37 7169 46 7757
1759 9.8202506988216953 14.120690740257473 194.78178499084083 103 82 67 0.10514308481976992 47 7004 37 7170 46 7090
1760 -30.002697561282215 14.152590010495476 211.37393963272623 53 23 8 0.074327174945045246 47 6992 37 7173 46 7076
1761 -43.81313210823793 15.053718760849337 212.8494818116173 30 29 22 0.25222865440790171 47 7653 37 7174 46 7751
1762 -20.229659245935341 14.445688923211575 208.7081959693158 65 42 13 0.19707311837420347 47 7657 37 7175 46 7755
1763 -3.2441079217232009 14.482689375246709 205.87160833702043 61 35 14 0.090799436746743442 47 7003 37 7177
1764 -22.600040974155569 14.817856150173961 207.59554053770646 201 156 94 0.18498533657249452 47 7005 37 7180 46 7093
1765 14.964184628824063 15.641589291921353 198.81653863826767 18 15 21 0.2207727052380313 47 7661 37 7183 46 7097
1766 34.074693008645468 17.476373872312326 197.76608089856055 163 144 91 0.328534664161096 47 7662 37 7184 46 7098
1767 -4.60511693065766 15.363530898820867 206.57927472602302 194 175 161 0.17811658460090077 47 7009 37 7187 46 7096
1768 12.955842762962069 15.837007504889668 195.58794430445005 212 202 190 0.082033101949982382 47 7019 37 7188 46 7106
1769 -44.334738623830447 16.370419332082573 210.02051643812891 92 85 65 0.16369773650966249 47 7013 37 7190 46 7100
1770 -23.152910379742927 15.523531048020093 206.65245912143007 92 53 31 0.20078803305377271 47 7016 37 7193 46 7102
1771 12.48536993121783 16.28659013887593 197.50494625190709 55 41 35 0.13429267552918581 47 7022 37 7194 46 7108
1772 19.298608164580415 16.997549545071056 199.67149764487019 66 63 67 0.062664176495444424 47 5996 37 7197 46 6060
1773 44.64412030261191 19.817221574667467 194.03006637893523 172 144 76 0.3487509482640716 47 7028 37 7198 46 7111
1774 -26.89955051835878 16.277079424640377 206.23376374171343 137 127 77 0.54618906548564317 47 7021 37 7199 46 7109
1775 -57.144658072828527 18.210889951077387 210.93781346575716 66 62 45 0.052278743205883126 47 7023 37 7200 46 7110
1776 14.67620071445498 17.001677996996492 197.2226028666513 112 105 105 0.32690221815077458 47 7025 37 7201 46 7114
1777 19.66002942907701 17.81589083296031 199.41514224433749 39 38 41 0.35033891811555445 47 7031 37 7202 46 7120
1778 30.408468475485709 18.803024035264421 201.25505056961725 115 95 63 0.10153011080967067 47 7027 37 7203 46 7116
1779 -6.1727846099382271 16.894651147256258 205.72199233627282 71 66 59 0.10816344899829859 47 7024 37 7204 46 7113
1780 39.411833891250247 19.862157072813869 196.11892008163642 192 168 73 0.075033889690867703 47 7037 37 7205 46 7124
1781 -53.687326640953316 19.004471999457461 216.12135848649942 31 17 3 0.24128154430476503 47 7030 37 7206 46 7119
1782 -42.90375781445487 18.178400773120337 211.50910186803191 94 96 48 0.84698414406404388 47 7034 37 7207 46 7122
1783 18.963826607785773 18.526390662770218 198.51517160013617 28 27 30 0.41546894965581477 47 6017 37 7210 46 6086
1784 8.5405927898628367 17.888190523043647 196.11861806077479 129 102 78 0.22448495847298242 47 7678 37 7211 46 7775
1785 -33.079422895365305 18.406113285596064 210.11043662907025 51 37 19 0.29967753054869212 47 7041 37 7212 46 7129
1786 29.108729241109057 19.971673956035364 198.20282884602204 69 55 41 0.28016284900409039 47 7045 37 7214 46 7134
1787 -41.797015181154748 19.481309561515282 212.01155632943176 79 88 42 0.14134243681825179 47 7044 37 7215 46 7133
1788 7.3233606398551787 18.741340571643935 194.17680417902042 215 184 163 0.053514061656364853 47 7049 37 7217
1789 33.600215166178899 21.166843952482601 198.18586381578214 34 18 5 0.36950272999768446 47 6027 37 7219 46 6097 46 7138
1790 -11.035265745726829 18.766355434149379 194.34722869751627 34 13 9 0.026855791995964787 47 7054 37 7223 46 7144
1791 41.693095937483221 22.933915749144958 198.47755836938612 46 21 0 0.55231300678394346 47 7688 37 7225 46 7143
1792 -35.367235530351294 19.931411439030033 204.48085245250851 121 116 55 0.34461496278439907 47 7686 37 7226 46 7786
1793 -22.832755560991071 19.814412181335182 203.80139237513563 26 14 2 0.18607615609274872 47 7687 37 7227 46 7787
1794 10.157411908091808 20.116340991249452 194.89649085505673 172 155 145 0.17542587591944203 47 7059 37 7228 46 7147
1795 21.831022930172846 21.891926028791353 198.96399950256585 23 19 11 0.073545897270036159 47 7063 37 7235 46 7152
1796 48.326498237949842 24.501169654880343 193.62143385704582 183 155 84 0.28134742717258676 47 7064 37 7236
1797 49.663485679458063 24.79299909024807 194.37021340638222 183 151 72 0.19480562587100181 47 7065 37 7237 46 7153
1798 -54.214566721662415 22.957152050092887 216.03693505581273 22 18 12 0.33198696222618579 47 7058 37 7238 46 7148
1799 45.291422868059207 24.660101861479223 194.89415472743741 48 20 7 0.069083482821027373 47 7072 37 7240
1800 -5.2760203629162419 20.228782886534503 190.08970874917335 20 17 4 1.2705038943605473 47 7076 37 7242 46 7164
1801 -41.434431868431645 21.849263457824307 205.27311128723716 87 78 41 1.0636340136815068 47 7066 37 7243 46 7154
1802 -32.756021272254607 21.435403229915607 203.09397786082897 147 132 81 0.17450484367698213 47 7069 37 7244 46 7156
1803 -31.590413212010002 21.172002435790652 201.87771824178904 45 39 11 0.19341112598720978 47 7070 37 7245 46 7157
1804 -14.820998647305377 20.515284831887421 194.46831559026845 126 116 107 0.24522344106272601 47 7075 37 7246 46 7160
1805 -14.820998647305377 20.515284831887421 194.46831559026845 126 116 107 0.24522344106272601 47 7074 37 7247 46 7161
1806 11.962767482046001 21.842260971852387 197.01552743646553 69 46 42 0.11165545202309955 47 7077 37 7248 46 7162
1807 -45.853657009190087 22.641234743644478 209.412294063779 91 82 37 0.38420815614396198 47 7068 37 7249
1808 -15.738148139732335 20.79095299834206 193.10698708788857 109 102 102 0.30499405032669741 47 7079 37 7250 46 7166
1809 44.515092080342463 25.381097348625527 193.33290678127568 182 161 80 0.12407688155360068 47 7080 37 7252 46 7168
1810 44.515092080342463 25.381097348625527 193.33290678127568 182 161 80 0.12407688155360068 47 7081 37 7253 46 7169
1811 45.268659667250255 25.735706939615419 193.21427960984002 154 127 54 0.38925631886947815 47 7083 37 7257 46 7171
1812 48.934944428747997 26.943084073344206 197.21131532363046 35 6 0 0.37030906240411982 47 7084 37 7259 46 7172
1813 41.609315678972614 25.948750527133303 196.1760777264366 124 139 71 0.11730382088448481 47 7085 37 7260 46 7175
1814 -54.941574508880514 25.75980089100895 214.78683561295671 17 21 10 0.25827103578030608 47 7086 37 7261 46 7173
1815 -51.374801987548487 25.240044695943368 212.01884157661738 129 123 75 0.40878002886716941 47 7087 37 7262 46 7174
1816 -22.274353505503377 23.478220017107144 201.27554239417188 59 49 11 0.50018861120842073 47 7093 37 7263 46 7178
1817 -11.556278579441273 22.681868371352238 191.98812331899819 169 120 53 0.37225607756883505 47 7097 37 7264 46 7182
1818 48.111038966752282 28.284920987823739 195.3701128062869 27 13 4 0.30110243522866748 47 6094 37 7266 46 6158 46 7184
1819 -31.209045009871719 24.601752402993515 199.95581945793515 37 14 2 0.68016518033452023 47 7711 37 7270 46 7815
1820 -33.18152604486616 25.196565565669527 203.62117507548294 110 91 50 0.25486848927737127 47 7099 37 7271 46 7185
1821 43.102409740204799 28.359139489420567 193.2990018547311 169 154 93 0.2483055414829998 47 7105 37 7274 46 7188
1822 -10.111132491471066 24.526763120435291 191.65257395734881 177 136 66 0.11891209491172183 47 7109 37 7276 46 7189
1823 -26.09407300333061 25.900073146410442 195.44287370955249 67 52 12 0.82070011888051131 47 6133 37 7280 46 7199
1824 41.557700704563466 29.355455131498246 190.54712043617874 92 98 57 0.50091907133417279 47 7119 37 7281 46 7204
1825 -58.553237969731114 29.845519383817379 211.36133034521845 36 29 3 0.46997033050126963 47 7118 37 7285 46 7201
1826 -50.566060860568797 29.05170555741039 210.03759337712378 134 129 75 0.22565709204284609 47 7113 37 7286 46 7202
1827 -5.3152466059496 25.25741256868557 180.79816430944808 55 31 16 0.50478843279135677 47 6147 37 7287 46 7208
1828 -25.50369176197789 27.020977847180387 196.91136595287921 44 33 0 0.12621828268086688 47 6144 37 7291 46 6219
1829 32.026531654487783 28.87452203392137 189.24063625474469 152 93 80 0.60936855214696073 47 7732 37 7292 46 7839
1830 -44.356299936067209 28.703022974635704 203.84146623513089 33 25 1 0.20597790295763807 47 7126 37 7293 46 7207
1831 5.061033852004055 27.644866815374463 187.26389045478706 14 16 16 0.10678613367615568 47 7736 37 7300 46 7846
1832 -52.998615323210963 31.255305544819262 206.15408294947579 45 25 5 0.12089019710919684 47 7132 37 7301 46 7221
1833 -52.998615323210963 31.255305544819262 206.15408294947579 45 25 5 0.12089019710919684 47 7133 37 7302 46 7222
1834 37.249650000088245 30.941103010707796 184.44281262887418 113 61 69 0.26762649137448524 47 7137 37 7303 46 7226
1835 37.249650000088245 30.941103010707796 184.44281262887418 113 61 69 0.26762649137448524 47 7138 37 7304 46 7225
1836 -3.6038640587636559 27.608193148153909 179.98348538934962 158 137 92 0.38095022039839149 47 7146 37 7307 46 7233
1837 48.032712553740652 32.978069167726296 183.5614088969906 142 133 89 0.092546618005410794 47 7148 37 7309 46 7234
1838 4.15622320565849 28.760639064548666 183.29066798643336 102 95 93 0.19232663403445374 47 7746 37 7311 46 7236
1839 4.15622320565849 28.760639064548666 183.29066798643336 102 95 93 0.19232663403445374 47 7747 37 7312 46 7235
1840 31.322544318362507 30.9129054808093 182.51970177232243 118 49 55 0.53012147949924138 47 6170 37 7314 46 6246
1841 -44.541978886262115 31.488209257334528 202.05351897489822 44 48 10 0.10800625620242708 47 7142 37 7315 46 7229
1842 -47.091357662618165 32.096767127310052 204.47805836813993 43 38 10 0.1290489512718701 47 7140 37 7316 46 7230
1843 16.199333631173737 30.184704325442812 183.51168340706715 126 86 77 0.40026429957616311 47 7153 37 7319 46 6247
1844 -21.600333245626487 29.42114322305931 184.55605600367377 10 4 0 0.84192593367223323 47 7156 37 7321 46 7240
1845 46.311456082092036 34.100028857429763 177.12343745207997 198 177 173 0.094290648074502992 47 7167 37 7326 46 7253
1846 -46.09234458395516 32.940153638413982 195.20849295861603 57 0 9 0.28312577980438364 47 7162 37 7330 46 7250
1847 1.296264100633497 31.006543533372728 183.62413557771987 51 14 12 0.16394372970713314 47 7166 37 7331 46 7255
1848 44.258571182576809 34.254043996440771 177.31331755575241 30 5 5 0.60341271037553623 47 7172 37 7332 46 6277 47 6201
1849 -59.431098741629725 36.85550633447032 209.9852887154909 133 111 73 0.4075753828940884 47 7165 37 7337 46 7254
1850 26.639359780166188 34.1209263779309 184.46330491269518 49 26 23 0.049921366267604544 47 7176 37 7341 46 7263
1851 40.077861495575007 35.431611915242108 179.62066057211578 163 83 67 0.1188090978143526 47 7181 37 7342 46 7266
1852 42.914760840427938 35.255063888044468 176.00922279447772 75 21 28 0.34822279884184248 47 7182 37 7343 46 7267
1853 -21.781794123996693 33.024535303954508 187.24368872832667 135 111 56 0.40446179148012473 47 7180 37 7346 46 7265
1854 0.74044101884040292 33.331641313508051 186.08547334166551 34 23 17 0.37655976724407564 47 6220 37 7347 46 6291
1855 -29.703858877068207 33.89647160099036 187.42777375357929 172 143 64 0.11811594917374478 47 7186 37 7353 46 7271
1856 -19.140053405052651 33.229649748682412 182.05370219073646 179 108 66 0.12966406778977135 47 7771 37 7355 46 7885
1857 -16.594863716425749 33.376014619152521 182.82487835842946 102 43 24 0.50179045137881251 47 6234 37 7356 46 6305
1858 -9.4866410610533922 33.856413462609353 184.34098464681418 44 24 9 0.47510017824991307 47 7774 37 7361 46 7887
1859 29.576791160898807 36.217190053636763 182.50946308343487 45 30 17 0.28040495175506391 47 6239 37 7363
1860 29.576791160898807 36.217190053636763 182.50946308343487 45 30 17 0.28040495175506391 47 6238 37 7364
1861 -47.682191764191082 36.524784881228939 194.1918394700873 85 1 10 0.34718534828182546 47 7190 37 7365 46 7277
1862 -47.682191764191082 36.524784881228939 194.1918394700873 85 1 10 0.34718534828182546 47 7191 37 7366 46 7278
1863 -26.239616751692584 34.187737722039927 184.93586094145502 131 117 62 0.33057717910513978 47 7193 37 7367 46 7280
1864 3.1655613166455692 34.459537067466826 183.23077998314272 122 83 80 0.17740570475227727 47 7194 37 7369 46 7281
1865 -45.130088823871269 36.946991739878612 191.87248742107289 121 43 61 0.15232898232792183 47 7198 37 7376 46 7286
1866 -33.206253070625202 36.26479420136635 191.23422613687362 29 15 0 0.43370579196955089 47 7199 37 7377 46 6312
1867 29.196772250754297 36.968384466678543 180.19726293053805 72 66 42 0.31387178185585485 47 7202 37 7379 46 7290
1868 -51.345910052939729 38.020392896262031 192.84907874521406 68 25 10 0.11848741951752484 47 7200 37 7380 46 7288
1869 32.337695165549668 37.682070681565854 181.23284439501685 53 37 11 0.10950851844522266 47 7204 37 7381
1870 8.9627950242808936 33.640664738110452 166.65363163984958 134 138 71 0.31269168835557359 47 7213 37 7382
1871 23.881608675099944 36.666688503155235 176.45460550935857 24 6 2 0.49275023771520871 47 6271 37 7386 46 6336
1872 33.519392234021083 38.620781523566144 182.13776319807127 102 83 56 0.81006534515013751 47 7210 37 7387 46 7294
1873 18.445545614826649 37.448537427984682 183.65054502695094 22 6 1 0.43852123128946457 47 7209 37 7388 46 7293
1874 38.777912841017056 39.382669799572696 179.93916477903241 26 18 0 0.42567315462148508 47 7215 37 7392 46 7301
1875 -39.03672066216231 39.183570015461576 198.03556975197793 2 6 10 0.75424104233987188 47 7787 37 7395 46 7898
1876 -21.882191205480648 36.923176920602408 185.31989819223705 43 29 11 0.90173002955213899 47 7217 37 7396 46 7901
1877 -21.882191205480648 36.923176920602408 185.31989819223705 43 29 11 0.90173002955213899 47 7216 37 7397 46 7902
1878 0.68422368365602548 37.367238811180741 182.98281582203131 10 0 0 0.15898806337534957 47 7218 37 7398 46 7305
1879 11.931873091769848 35.213884945450957 166.95789533599972 108 106 56 0.22445294367232979 47 7225 37 7399 46 7311
1880 23.448918593439551 38.651986824668946 179.24204440222675 55 19 11 0.37254227889728025 47 7223 37 7402 46 6356
1881 34.964424981039514 39.905702761371877 178.94847103545061 30 21 4 0.31199778062953148 47 7224 37 7404 46 7310
1882 31.764079684615048 40.216018892760829 180.67458990010041 30 23 5 0.72884593031112777 47 7228 37 7408 46 7313
1883 3.7994584355723258 35.658952789080111 166.90967717629351 185 130 80 0.5602954922444644 47 7233 37 7410 46 7322
1884 -42.504205863454885 40.850411913139737 193.36698113467511 72 64 83 0.24973340069960492 47 7226 37 7413 46 7314
1885 -32.574651748525447 40.129328494779955 191.10677140350745 17 7 0 0.055049722265500256 47 7229 37 7414 46 7317
1886 35.82145183369876 41.351535385071756 178.56011460466115 16 8 0 0.20093152083521745 47 7234 37 7417 46 7328
1887 -54.829707144376194 41.34428272337253 183.36847909023234 40 24 3 0.28502526290715785 47 7238 37 7421 46 7331
1888 0.79489098516984513 39.880677512316211 182.59985287787114 32 16 6 0.33134776624859053 47 7241 37 7423
1889 37.025945298400167 42.099492090123775 177.50404425715001 18 14 2 0.50942429699361058 47 7243 37 7424 46 6386
1890 37.025945298400167 42.099492090123775 177.50404425715001 18 14 2 0.50942429699361058 47 7244 37 7425 46 6387
1891 -44.530043375130553 42.222471958672195 192.10628580970007 92 83 105 0.16287117009820851 47 7239 37 7426 46 7332
1892 34.929436670527409 42.312440206032569 178.71738752892125 66 69 34 0.36181435826993558 47 7808 37 7428 46 7918
1893 34.929436670527409 42.312440206032569 178.71738752892125 66 69 34 0.36181435826993558 47 7809 37 7429 46 7919
1894 35.82860383581874 43.421937833506071 179.61546301561509 42 43 17 0.14369414522392396 47 7246 37 7438 46 7338
1895 36.124189151989356 43.548429414820951 177.80305843967017 64 60 41 0.52170984658765918 47 7247 37 7439 46 7340
1896 43.503905806029934 43.984117088055022 172.89475305919393 235 190 167 0.36856818653779427 47 7254 37 7440 46 6410 47 6345
1897 19.406965984186659 42.487165073607777 180.29376173880843 25 15 4 0.33306458752338503 47 7249 37 7442 46 7341
1898 10.214181556100055 39.776957555055994 167.89268465992495 47 54 11 0.17174988675498584 47 7260 37 7444 46 7351
1899 5.0847646652973353 40.901802647408807 166.28785702370394 95 49 8 0.33492516381264048 47 6380 37 7462 46 6448
1900 -3.6969079345612705 44.0126325879788 178.58910468187904 31 16 7 0.18914204038140855 47 7272 37 7468 46 7365
1901 -52.733227954703111 47.073177250157791 182.15181228453676 49 36 4 0.26335649773804265 47 7282 37 7474 46 7369
1902 -1.7667205519793086 45.0171659839028 179.20407938813213 31 12 1 0.38968663656195462 47 7289 37 7476 46 7373
1903 -51.632442687135416 48.466415868112925 186.30553063047711 26 16 0 0.11328303697373286 47 7292 37 7482 46 7376
1904 -52.483085603814509 49.388964281227899 181.90084840085089 36 22 4 0.42077349089173599 47 7313 37 7502 46 7393
1905 -50.784445892983207 49.86440526885103 185.28780852679949 16 7 1 0.21972223558171525 47 7311 37 7503 46 7389
1906 -19.040059516418722 46.661067080393813 178.93303147150993 85 33 4 0.63981908446069768 47 7856 37 7504 46 8301
1907 13.497734138568855 47.680235333936317 177.22124086066214 86 58 49 0.24074002981060802 47 7321 37 7508 46 7399
1908 21.527875370716131 47.867461851841249 175.02378077027814 29 15 1 0.22333796196574465 47 7322 37 7509 46 7400
1909 21.527875370716131 47.867461851841249 175.02378077027814 29 15 1 0.22333796196574465 47 7323 37 7510 46 7401
1910 -36.127411693243168 49.382189427287749 184.21232970800074 76 31 9 0.11750089072706532 47 7329 37 7523 46 7407
1911 -51.486498540118774 52.330025967841344 185.44883770933583 13 7 1 0.49368775443722979 47 6473 37 7539 46 6544
1912 13.789316935936505 49.653321185727783 174.21037542844729 24 5 0 0.10151642981185031 47 7875 37 7544 46 7989
1913 20.860183848573296 50.052332242673444 173.19247788310199 113 97 61 0.13065711196840252 47 7351 37 7545 46 7431
1914 20.860183848573296 50.052332242673444 173.19247788310199 113 97 61 0.13065711196840252 47 7350 37 7546 46 7432
1915 21.39529618782705 50.934637774065123 172.97297646582575 35 14 1 0.087822303211849251 47 7355 37 7550 46 7440
1916 -51.772778748462635 54.914062865520535 185.39789226346596 20 16 8 0.18118367700158089 47 7352 37 7552 46 7433
1917 -48.126157362495974 54.725520737199481 183.35737857024097 41 12 8 0.08280603183759401 47 7358 37 7559 46 7443
1918 13.727578753544933 51.710323263413294 172.67007614012934 88 69 57 0.18110585083705594 47 6511 37 7561
1919 -5.8938563647206497 53.959933371573939 179.96151414204368 6 0 0 0.68284778298330751 47 7367 37 7572
1920 -13.299511303526488 -23.025658857302613 218.29018868312221 220 210 198 0.29319545529582386 47 7921 37 7627 46 8039
1921 -13.282003507052876 -21.702549593509346 216.87101347882592 63 56 55 0.70264912984954475 47 7432 37 7635
1922 -9.6488573300101361 -9.6314644412837449 209.75275420604885 28 4 0 0.22166292043332725 47 7531 37 7719 46 7625
1923 -19.236175598072013 -10.06984651279685 224.19374831104611 250 224 210 0.66586293190759704 47 7977 37 7722 46 8094
1924 -7.6998500836691255 -8.5830168288880078 209.23937563253625 32 22 23 0.14714498851388993 47 7537 37 7726 46 7636
1925 14.153044665495299 -7.5750909532135973 210.15305329664565 40 20 13 0.38064814436556627 47 6807 37 7730
1926 -1.551315084043309 -7.0693074650267915 214.28677561824202 59 53 60 0.21045307882347805 47 7547 37 7737 46 7645
1927 -11.526464539058514 -7.0018856259629674 213.85382901993137 197 158 130 0.17629881971587424 47 7550 37 7742 46 7646
1928 -11.526464539058514 -7.0018856259629674 213.85382901993137 197 158 130 0.17629881971587424 47 7549 37 7743 46 7647
1929 -9.1519904361637643 -6.0273787101165803 212.55880625372592 240 211 189 0.065811390952883755 47 6827 37 7750 46 7653
1930 19.437190172087313 -3.5894937468496426 206.17965768139419 99 99 109 0.25263473368805794 47 6832 37 7757 46 6932
1931 -9.6347656853949548 -2.79492750258221 212.58588397142893 251 214 199 0.12251086784576111 47 7568 37 7768 46 7668
1932 -9.6347656853949548 -2.79492750258221 212.58588397142893 251 214 199 0.12251086784576111 47 7569 37 7769 46 7669
1933 -47.200440641155396 -2.7023930786636412 231.82942030855293 142 106 100 0.57782263716353355 47 7567 37 7770 46 7666
1934 1.4132933132576919 -1.6234450768631608 198.48309384801436 23 15 3 0.14254886148021065 47 7573 37 7773 46 7672
1935 1.4132933132576919 -1.6234450768631608 198.48309384801436 23 15 3 0.14254886148021065 47 7574 37 7774 46 7673
1936 8.9837238889410358 -1.2111823124919341 200.60954182796101 231 211 204 0.024843434884874935 47 7575 37 7775 46 7674
1937 18.626462215940936 -0.89855233544043234 206.37375406888813 44 44 54 0.21856916887871933 47 7571 37 7777 46 7671
1938 -50.500036321083122 0.70523106774051481 217.26296695602778 38 24 6 0.080463993417376936 47 7577 37 7779 46 7679
1939 0.84989756421786211 1.3870416640394083 199.32301928751059 248 217 205 0.24899370369200827 47 6878 37 7780 46 6970
1940 0.84989756421786211 1.3870416640394083 199.32301928751059 248 217 205 0.24899370369200827 47 6877 37 7781 46 6969
1941 -2.3025292832286013 1.4125600757262564 203.48984875064679 243 217 192 0.12673551194547297 47 7589 37 7782 46 7688
1942 20.208227426270344 2.6936061108230014 209.3808063838172 11 11 19 0.088826328680252975 47 7586 37 7783 46 7685
1943 15.838199814691478 2.8623300067914594 205.18744542109445 121 121 133 0.11137330150941566 47 7591 37 7784 46 7690
1944 -17.638822283283339 2.2492694804215785 216.87623157558733 195 169 146 0.088754398639546053 47 7595 37 7785 46 7692
1945 -50.659487554262171 3.603758042652816 216.95848865362461 85 84 59 0.30675170313716166 47 7597 37 7786 46 6976
1946 -46.513747391859418 3.458122892585922 219.7836540915437 169 153 138 0.18818272518166937 47 8017 37 7787 46 8129
1947 -8.2748282086830311 2.8210972891917381 213.18702490837413 240 205 183 0.38273999376028262 47 6888 37 7788 46 6980
1948 15.833699370045142 4.2257010969786259 204.26694193280915 30 30 40 0.38600237212060234 47 7605 37 7789 46 7698
1949 -51.232285172597969 4.1562011287967575 227.2769951480233 84 49 23 0.65344308374869697 47 7601 37 7791 46 6982
1950 -44.738804319617095 4.1611845472597411 215.33930795914344 47 26 26 0.56810097925868164 47 7603 37 7792 46 7697
1951 5.2972508743963802 4.230574040244564 193.21478167105215 205 167 148 0.21141564123439738 47 6904 37 7794 46 6996
1952 30.264208665079344 6.0530000903916275 199.18551856841484 123 100 89 0.03048913684039839 47 8022 37 7795 46 8134
1953 -30.130786800268137 3.6937931723899835 218.38107423360219 97 64 68 0.25905897789185545 47 7604 37 7796 46 7699
1954 -16.501873876093981 4.0458696406982657 219.12950647344422 64 34 17 0.16690655579897978 47 7607 37 7801
1955 19.905741560286344 6.8545310692945014 209.02921789418227 38 37 40 0.57938816842231222 47 7611 37 7807 46 7708
1956 -35.816033554529866 5.8704487616002217 217.20464705223233 75 78 65 0.18843163048510569 47 7610 37 7808 46 7707
1957 5.3874903810162085 6.7321905046460184 194.60285372335372 234 191 174 0.17047204373862465 47 7621 37 7810 46 7715
1958 11.54285229029772 7.084791464742211 198.97293208809657 43 47 49 0.32063908317435669 47 7618 37 7811 46 7018
1959 -27.04810126428934 6.7597189370446991 219.84360878089899 18 16 19 1.3260832603256372 47 8031 37 7815
1960 -19.394679227653093 7.185960122564877 217.76110484351443 136 103 96 0.38857727047227003 47 7617 37 7816 46 7019
1961 -37.198170494884501 8.6650793690174339 220.1228444788413 75 64 46 0.52549295407999486 47 7624 37 7821 46 7719
1962 -8.9829845361983942 8.6163557640581665 213.1719292379872 64 36 27 0.24673008895745532 47 7631 37 7823 46 7727
1963 -38.330197413779743 9.0031422575670383 217.34619579362317 29 25 17 0.14324795040305319 47 7630 37 7825 46 7725
1964 13.540492339903516 10.193239283328543 206.03726980226139 45 45 53 0.074339379383776535 47 6944 37 7826 46 7728
1965 -1.8582552191831874 10.946507471316561 204.45499011322514 180 151 127 0.14561188297882216 47 7639 37 7828 46 7735
1966 -47.294569736346901 12.250750669248498 216.65994901582869 50 37 34 0.43768877348123003 47 7637 37 7833 46 7734
1967 8.2459068295523288 12.819177128388494 194.88704206905831 23 1 4 0.056120357730575977 47 7648 37 7838 46 7747
1968 -22.899648776800774 13.424976066304955 208.76449028607149 71 38 13 0.14058804493338092 47 6990 37 7841 46 7074
1969 -14.384078770924168 13.611632941163672 205.21657662118554 142 78 80 0.11564458945523855 47 7650 37 7844 46 7748
1970 -14.384078770924168 13.611632941163672 205.21657662118554 142 78 80 0.11564458945523855 47 7651 37 7845 46 7749
1971 -35.002245157815004 14.358210906366603 203.64555432800213 68 62 16 0.84222506506465122 47 7658 37 7847
1972 -44.890701736846843 15.314468428862785 212.02345660980961 32 26 19 0.34764530837883578 47 7656 37 7848 46 7754
1973 -46.201064931403742 16.159651630601928 210.25346315169537 35 26 18 0.45967525983285062 47 7660 37 7849 46 7760
1974 0.81957550945645874 15.484995973476783 199.65580593271704 232 203 183 0.21053960435278304 47 7664 37 7851 46 7761
1975 8.3559993403025192 15.729244676187809 195.15710398383536 157 126 105 0.49215856073266867 47 7667 37 7852 46 7766
1976 -33.405681907760055 16.29001010647594 211.18929569948966 25 20 8 0.70528544758651623 47 7663 37 7854 46 7762
1977 49.309619425013253 20.606511500316635 196.40858701223235 64 50 21 0.15644503029953108 47 7672 37 7855
1978 -43.497655187340413 17.204061088238497 213.52260658566735 33 37 10 0.56911816841077945 47 7666 37 7856 46 7765
1979 -52.263457881395901 17.904072644832475 215.73576318019019 28 25 12 0.16431232230317316 47 7665 37 7857 46 7764
1980 -40.12730070025988 17.298175243676333 211.65863200965981 47 41 9 0.27243636368819701 47 7668 37 7858 46 7767
1981 -38.793290988017347 17.100599031698458 209.72999971066392 157 144 81 0.093803975174275037 47 7669 37 7859 46 7768
1982 38.665391120168842 19.789287936076914 198.21360655200957 101 73 17 0.12141198907287548 47 7674 37 7860 46 7770
1983 38.665391120168842 19.789287936076914 198.21360655200957 101 73 17 0.12141198907287548 47 7675 37 7861 46 7771
1984 -33.113647451039576 17.388448150282919 212.26263526508643 114 90 68 0.47011374902284425 47 7670 37 7862
1985 -30.334780021065033 17.16568573067126 210.38526933744922 110 95 55 0.32167686751277563 47 7671 37 7863 46 7769
1986 36.084293794367362 19.440927392871615 196.66253697541129 135 127 92 0.36996334451345653 47 7036 37 7864 46 7772
1987 32.372453667474247 19.321103887964714 194.6594759501148 136 113 81 0.15650320433457388 47 7042 37 7866 46 7128
1988 24.872830049572702 18.940989042737677 198.41394820819568 179 111 90 0.22445562119362253 47 7676 37 7867 46 7773
1989 20.394702637668217 19.414838251112098 200.07115570961668 1 2 5 0.14529287640806601 47 7679 37 7872 46 7776
1990 -24.471200263921528 17.859526087968753 196.50941724570364 134 119 68 0.1720990494473924 47 7047 37 7875 46 7135
1991 -38.264639233443695 19.436225675042238 210.86230344534232 73 57 24 0.17913318416371177 47 7046 37 7877
1992 -36.633378462860918 19.248123438358586 209.59616296668639 52 44 18 0.076782466445228528 47 7680 37 7878 46 7777
1993 15.621226797912396 19.303810827012807 195.64233722293764 89 89 89 0.28673577262233579 47 7683 37 7879 46 7782
1994 25.144262818151294 21.060778996970605 202.8125354970451 125 63 52 0.54936956212455101 47 7684 37 7880 46 7783
1995 19.932591348295055 20.669630235108997 202.7769041881582 46 47 52 0.76567113186539582 47 7050 37 7882 46 7784
1996 -57.032384081660105 21.976572145558698 212.77205289645323 25 19 12 0.8270198587226586 47 7685 37 7884 46 7785
1997 -37.506691112302093 21.058170258380379 210.18553822804054 96 100 46 0.18905379191683805 47 7689 37 7886 46 7788
1998 39.658358735925042 23.535168642731804 198.1267093825214 176 155 77 0.18525993860734802 47 7061 37 7888 46 7149
1999 -9.9520264445177098 20.030103345756274 196.05979605070476 23 20 15 0.2965978121133761 47 7691 37 7889 46 7789
2000 -18.082083778114168 19.679339582443763 189.5089604653333 143 142 86 0.34429442800797666 47 7693 37 7891 46 7791
2001 24.040072166292603 22.816276978543037 198.83012282368261 90 55 32 0.34370446709895197 47 7694 37 7893 46 7793
2002 -16.756028756018683 20.722912191799118 191.49543305052708 21 12 8 0.20952132900289802 47 7696 37 7894 46 7796
2003 4.1795148316338846 21.84225680826713 198.16517589762014 43 27 35 0.41034118678172105 47 7695 37 7895 46 7795
2004 40.524069609463766 25.390165944496335 197.70882970370283 147 145 67 0.40071757627789556 47 7698 37 7896 46 7797
2005 -19.394404294153436 21.565930381646513 194.26903196632105 37 14 1 0.15762813187821131 47 8106 37 7897 46 8210
2006 -57.692010304797797 25.124314768514029 213.66900761775304 12 3 0 0.70793440726666412 47 7699 37 7898 46 7798
2007 -57.683607314216587 25.11892787542082 213.6797161132753 12 3 0 0.8789973544031251 47 7700 37 7899
2008 11.338194121340717 22.858336035486818 193.74571893823727 111 91 61 0.1572408740288134 47 7703 37 7900 46 7801
2009 -2.5283677005850063 21.793992372674325 186.60251033761529 63 34 25 0.33307566789292198 47 7706 37 7902 46 7808
2010 47.138438609971963 26.771269885752019 192.43324799843558 136 117 55 0.71495833752761229 47 7091 37 7903 46 7176
2011 14.24857291217246 23.723524905710647 194.9500579010452 135 123 111 0.27236000240100672 47 7707 37 7904 46 7809
2012 14.24857291217246 23.723524905710647 194.9500579010452 135 123 111 0.27236000240100672 47 7708 37 7905 46 7810
2013 21.224480822699473 24.494439927112612 197.30334272407214 40 45 12 0.71589989975808332 47 7705 37 7906 46 7803
2014 42.654451555572486 26.586249777914873 195.04798413784468 169 160 63 0.1663712081261495 47 7094 37 7907 46 7804
2015 -42.095670298703808 24.301357244336234 205.51375785417679 109 97 58 0.17505901255980708 47 7089 37 7909 46 7802
2016 -40.169559397080249 24.288196205957394 205.15382671957857 107 95 50 0.10803261443147084 47 7704 37 7912 46 7806
2017 22.082024978377216 25.229675288101607 196.4139553567521 79 89 39 0.5374879879413299 47 7710 37 7915 46 7811
2018 28.656718319873274 26.209961608349808 195.16046378994628 96 38 24 0.21684970728343836 47 7712 37 7919 46 7816
2019 -55.123097118181533 27.066246630501436 214.10517026724062 76 81 58 0.20772756904947257 47 7709 37 7920 46 7812
2020 -29.16446677390487 24.397361363442958 193.73278748963907 168 125 60 0.23876025552940514 47 8115 37 7923 46 8223
2021 -9.423070049870546 24.357657781605884 191.70623782225553 55 30 14 0.13818397346594233 47 7106 37 7924 46 7190
2022 -27.317133951801377 24.91450414318102 191.28500422691377 147 103 36 0.75571147099146962 47 7719 37 7927 46 7825
2023 -5.215195211110875 24.390466191619751 186.08883151961714 152 117 92 0.80419575768280316 47 7720 37 7928
2024 21.77471327115153 27.614634213271241 193.51001811311369 71 83 38 0.80043222637004485 47 7725 37 7931 46 7828
2025 43.891686267611867 30.028234053520325 192.74915512273523 32 23 8 0.29529964499444122 47 7726 37 7932 46 7829
2026 3.4971184765693795 26.790167075666968 193.1715373318757 49 48 51 0.23510733651349727 47 7728 37 7933 46 7833
2027 -58.429000237148962 30.197499303322747 214.01005471516237 109 102 61 0.11932378033716706 47 7723 37 7935 46 7826
2028 -54.305834665407708 29.653003940127508 205.77834048129895 162 128 93 0.13899680602380787 47 7729 37 7937 46 7836
2029 -53.779781294201889 30.413258176328856 211.31287327905855 83 86 41 0.44372323721644175 47 7730 37 7939 46 7837
2030 35.703323051818707 30.036518455280405 185.12882688071963 136 81 75 0.91126173017513679 47 7738 37 7942 46 7847
2031 35.703323051818707 30.036518455280405 185.12882688071963 136 81 75 0.91126173017513679 47 7737 37 7943 46 7848
2032 -35.555203685326106 29.247363884824395 202.00439718193817 132 115 81 0.21202104279498712 47 7735 37 7944 46 7845
2033 -39.779155465774771 29.686615996199141 204.24825875223436 117 110 71 0.2540361090548468 47 7734 37 7945 46 7216
2034 -15.303375373537968 27.521079138424305 184.17258330593739 69 16 4 0.79123423348934085 47 7740 37 7946 46 7849
2035 6.215116477916645 29.187234781610126 184.82718937219815 188 114 96 0.15627460102401403 47 7149 37 7951 46 7237
2036 6.2281110119607987 29.216759919447448 185.07281640475566 188 114 96 0.01043556655649094 47 7150 37 7952
2037 -41.140865370868624 31.50789266547503 203.01833227811235 95 96 59 0.22460930182184555 47 7743 37 7954 46 7852
2038 47.55560479817715 33.612358764499007 179.79267776373754 50 30 11 0.30057301580645718 47 7750 37 7956 46 7857
2039 -58.605383530427687 34.245294757348795 209.80080320423824 194 155 83 0.33768844794283542 47 7745 37 7957 46 7238
2040 -34.813777422383332 32.420762824078871 196.00239598353426 21 25 10 0.55961905671514256 47 8134 37 7963 46 8245
2041 44.850597648758161 34.243969241751905 176.58600768343192 232 200 195 0.24941712230331906 47 7754 37 7964 46 7864
2042 47.444378827208126 34.741343439840996 177.13321484537383 236 202 187 0.21853677121297141 47 7755 37 7965 46 7865
2043 -27.312596475428911 31.330150436488925 186.33501180463421 157 114 65 0.10364277754148628 47 7753 37 7966 46 7862
2044 48.186106375017339 35.284492249323613 175.55422352156893 217 180 165 0.34551676385589941 47 7175 37 7969 46 7867
2045 27.909816904195321 33.941940180469544 182.83458851672083 83 60 59 0.1755756565784731 47 7758 37 7970 46 7868
2046 2.8771002330630746 32.444167338894879 183.15880469983489 143 119 113 0.18132842538613006 47 7177 37 7971 46 7264
2047 16.619599529871937 33.104614312659606 182.15827481643237 163 145 123 0.3191240425554544 47 7759 37 7972 46 7869
2048 36.805307535189094 35.050360140393785 182.15369753836509 192 131 110 0.10298951241716686 47 7760 37 7973 46 7870
2049 4.8464085518826421 31.151267838115558 172.26611980426503 141 137 75 1.4597007324884412 47 7765 37 7974 46 7877
2050 49.063061159967049 36.452743753056644 174.68736443029161 237 215 209 0.27282041866375362 47 7768 37 7977 46 7880
2051 -15.056579120204709 32.261034831509079 181.15956559194001 111 56 23 0.19359213031288755 47 7761 37 7978 46 7873
2052 -15.056579120204709 32.261034831509079 181.15956559194001 111 56 23 0.19359213031288755 47 7762 37 7979 46 7874
2053 -13.443665721426122 32.403901938450382 181.53918791739815 100 52 15 0.48024202511133712 47 7764 37 7980 46 7876
2054 -13.443665721426122 32.403901938450382 181.53918791739815 100 52 15 0.48024202511133712 47 7763 37 7981 46 7875
2055 20.121252125860654 34.636038811420427 184.66802805016547 104 86 81 0.35843919387136008 47 7766 37 7983 46 7878
2056 4.8577912610525615 32.916332821933615 170.58110279727077 147 138 82 0.72025748741776219 47 7782 37 7988 46 7896
2057 -50.536871622774008 38.658582281004605 194.76978433085264 73 7 20 0.60527944687861457 47 7783 37 7989 46 7289
2058 -2.8644124963437085 36.694833552575787 179.86903385461505 17 15 0 0.066223562578093378 47 7792 37 7993 46 7903
2059 -1.5483070810697741 37.115800185204449 181.80874624332696 11 5 0 0.077612243490458005 47 7791 37 7994 46 7304
2060 39.087310851916705 39.773668485044659 176.99450443644537 51 38 17 0.35490104530845179 47 7794 37 7995
2061 30.307367007850942 39.187401021520145 178.88027453732846 96 83 60 0.05157974506982671 47 7793 37 7996 46 7905
2062 -4.6760800378131027 37.427400427960343 181.10549724650758 28 24 4 0.20066157265930329 47 7795 37 7998 46 7906
2063 -51.140312724876615 42.369537801180535 195.70604037827857 204 159 154 0.094659649889940259 47 7797 37 8003 46 7908
2064 48.903336408673347 42.743007051650793 172.55625202760837 70 42 33 0.26972229560811184 47 7805 37 8005 46 7916
2065 40.675653316787006 42.614619217493178 179.49643785331037 38 23 14 0.52826591387414401 47 7803 37 8006 46 7330
2066 -6.2954760149830067 39.845020322946574 184.86962674729804 84 58 31 0.3367565287344183 47 7800 37 8007 46 7913
2067 42.350380707436521 42.612637787089106 177.34287027133817 67 47 18 0.076741062663281998 47 7242 37 8009 46 7334
2068 -50.804154071346446 40.86957278681993 181.62642843463718 52 37 15 0.32224342226016878 47 7804 37 8010
2069 21.21576921993671 41.386400495408708 180.97184349876713 26 14 4 0.19703508383984589 47 7810 37 8012 46 7920
2070 16.52659162802799 42.513935066540441 177.36013320668945 13 6 3 0.12363306514233929 47 7818 37 8018 46 7932
2071 -51.795962921193883 44.740491776577571 185.47849396804045 35 23 0 0.432156530834235 47 7821 37 8021 46 7930
2072 0.88718245838010346 42.072563625566211 174.35587096169448 83 50 36 0.11992827432292939 47 8183 37 8023 46 8292
2073 0.88679862446496149 42.062587933708564 174.30617734476616 83 50 36 0.16389668602335231 47 8184 37 8024
2074 -4.6039674450396868 43.837456568159041 179.42717656033543 27 15 4 0.17801986853494065 47 7829 37 8030 46 7946
2075 10.1566932889474 41.604317554742281 164.96312463000953 83 92 46 0.31628390495438663 47 7284 37 8034 46 7951
2076 10.145279649604658 41.5938576176029 164.91878210815605 83 92 46 0.30253435779349758 47 7285 37 8035
2077 20.39775847757485 45.939248873259437 178.34082267715266 19 8 1 0.19374232944467276 47 7836 37 8041 46 7952
2078 20.39775847757485 45.939248873259437 178.34082267715266 19 8 1 0.19374232944467276 47 7837 37 8042 46 7953
2079 -13.435064722248752 43.631023053365432 171.66542149032975 133 100 63 0.16057618087923364 47 7847 37 8051 46 7966
2080 17.194513243636557 46.879663268350328 180.04560151580509 28 5 0 0.16320763605205377 47 7845 37 8053 46 7962
2081 -3.5082491526381738 46.290439905082089 181.95791390286297 36 20 15 0.47580200153933877 47 7846 37 8054 46 7965
2082 -52.90691985803339 49.407082036444727 186.71403857710985 24 20 3 0.1777595088851259 47 7299 37 8055 46 7380
2083 -16.850518992472825 44.412772703260124 169.46605499669687 52 1 0 0.063233927083766739 47 7317 37 8061 46 7395
2084 -16.850518992472825 44.412772703260124 169.46605499669687 52 1 0 0.063233927083766739 47 7318 37 8062 46 7396
2085 1.9135123423076121 44.222848227334651 166.80991513491395 193 134 59 0.07847640794112086 47 7326 37 8063
2086 14.633616803675546 47.306393509608554 174.66313255183695 33 13 6 0.12037698323299303 47 7858 37 8069
2087 19.910043618253479 48.142237328038838 173.0681516682366 37 27 4 0.36216284748846189 47 7338 37 8070 46 7978
2088 -57.710811892768163 53.403481535151037 190.69449527487342 201 175 136 0.94843275675264194 47 7328 37 8071 46 7406
2089 -16.710225640167053 46.865313524163987 173.79259930908046 130 82 26 1.887035971232889 47 7866 37 8075
2090 -27.92529514969614 47.198026706974943 171.91396324560358 67 50 45 0.96927209007662174 47 7344 37 8082 46 7420
2091 -19.422507964415257 47.271859050543377 169.94176959913099 82 28 3 0.21917574871763931 47 7874 37 8089 46 7430
2092 -51.856224510229374 53.488482586768463 184.47712648587571 56 52 42 0.23418283218938551 47 7348 37 8090 46 7428
2093 -2.60360358233768 47.556756063665837 168.43519304114213 55 21 9 0.28525735887477516 47 8211 37 8092 46 8312
2094 14.844273250531067 50.079989047760648 174.16314673145791 73 55 41 0.78882980788203183 47 7877 37 8093 46 7991
2095 -7.278979018947684 48.592747629110583 171.20090819207419 25 12 5 0.93069595230095592 47 7353 37 8097 46 7435
2096 -53.384762735164458 54.78606897131619 185.63677115532533 15 11 3 0.43953580322374969 47 7878 37 8098 46 7992
2097 -49.054832326454616 57.178513090962745 183.75319440458955 6 0 8 0.28177528511145705 47 7886 37 8107 46 8001
2098 -47.941096556090677 57.225203936894012 185.06957440195885 3 2 0 0.13859181049568894 47 7365 37 8108 46 7456
2099 -45.843010646912582 56.089692666873844 181.87057494082015 4 0 2 0.064929158201359194 47 7887 37 8109 46 8002
2100 -14.569770874458397 -18.004608655073184 216.51499560718435 127 112 107 0.050080045582521743 47 7936 37 8161 46 8054
2101 -12.154576450890964 -15.831763798027664 219.11420718280598 83 83 93 0.39285275497718092 47 7950 37 8168 46 8069
2102 14.190381367517624 -8.9971804216293254 212.04816185970648 189 173 158 0.43752913534225757 47 7976 37 8196
2103 -10.880957698948471 -9.363368094925157 213.04580961048632 254 225 221 0.15203572055693618 47 7983 37 8199 46 8099
2104 -7.1810862934953184 -7.3335173697003704 210.17972206238014 235 212 199 0.1162420644167375 47 7987 37 8205 46 8102
2105 -21.354673558747265 -7.5918042548009961 215.95856354832395 186 165 140 0.50490504436516959 47 7986 37 8207 46 8395 47 8307
2106 -34.803055468114458 -7.3810968872471134 241.85593002200181 83 76 47 0.42411186862474087 47 7990 37 8213 46 8105
2107 -22.12173193578937 -5.8445023690176043 219.19342207797533 182 151 128 0.220389298609413 47 7994 37 8215 46 8108
2108 0.50882480540440522 -3.6548368368920201 199.02441703388612 40 18 26 0.91117698749715492 47 8000 37 8217 46 8114
2109 -30.636074738555791 -5.2477572102951804 233.84791884470849 36 25 34 0.050885449854602971 47 7996 37 8219 46 8110
2110 -19.061375052198553 -4.3217926461980847 217.97373282413486 179 148 127 0.11546104766455867 47 7999 37 8221 46 8113
2111 -18.864230988958834 -1.2052827433905247 216.52589333191446 196 166 138 0.50974424190981582 47 8005 37 8226 46 8117
2112 -22.069653043745227 0.5810042184817974 219.37386709505276 134 63 54 0.1732423109249337 47 8010 37 8229 46 7683
2113 -22.028419701749534 0.59162861706204861 219.00799882761362 134 63 54 0.061132290144328437 47 8011 37 8230
2114 -39.322895481410391 1.3061848743074065 229.13182720058714 47 65 21 1.2385221749293132 47 8009 37 8231 46 8122
2115 -27.678657651734387 1.3543302340559897 221.2815626575663 60 22 28 0.49224646405422229 47 8012 37 8232 46 8123
2116 -6.2689946356184629 1.7938223768099373 211.06461782748045 245 215 189 0.39821629807437992 47 8013 37 8234 46 8124
2117 -6.2689946356184629 1.7938223768099373 211.06461782748045 245 215 189 0.39821629807437992 47 8014 37 8235 46 8125
2118 16.819679096488272 3.5434410853483271 206.98384233489924 32 30 38 0.12308737241843566 47 7598 37 8238 46 8132
2119 11.97717327856911 5.496525347858273 204.34902553560474 23 27 31 0.33671978295316479 47 8025 37 8242 46 8139
2120 -14.659763337991105 4.6126705224558844 217.39030206351498 189 167 141 0.17341637465387691 47 8023 37 8244 46 8137
2121 -14.659763337991105 4.6126705224558844 217.39030206351498 189 167 141 0.17341637465387691 47 8024 37 8245 46 8138
2122 -2.4469290890557986 5.264959819370409 204.94409857230065 241 216 199 0.39063207478454059 47 8027 37 8246 46 8141
2123 35.128986393219257 8.1273740104853989 198.52707720383466 132 111 70 0.36422180841193863 47 8030 37 8247 46 8144
2124 -10.410862444301976 5.3100997575066291 215.07659912393885 250 220 192 0.10088459367458218 47 8026 37 8248 46 8140
2125 35.585356604102863 8.3827131237138612 195.21392548050937 70 45 28 0.60843239116234316 47 7614 37 8249 46 7712
2126 -7.5595325030596872 5.7438980422914732 213.53064144467436 152 115 86 0.22767558850942329 47 8028 37 8251 46 8142
2127 -7.5595325030596872 5.7438980422914732 213.53064144467436 152 115 86 0.22767558850942329 47 8029 37 8252 46 8143
2128 -41.906660023381058 7.4542565103704614 216.72151423021444 16 16 16 0.42548030098833389 47 8032 37 8259 46 8145
2129 10.227170006443032 7.6807705129534929 193.87157360049912 163 140 137 0.17457300807994536 47 8039 37 8260 46 8152
2130 -22.379379001894925 7.0948194528793831 218.52912038988794 24 15 12 0.068956132311258314 47 8033 37 8263 46 8146
2131 -4.1345511072174377 7.7498725688182777 206.88470282689141 227 193 171 0.080734385701193442 47 8037 37 8265 46 8150
2132 -4.1345511072174377 7.7498725688182777 206.88470282689141 227 193 171 0.080734385701193442 47 8038 37 8266 46 8151
2133 -42.532393707665122 8.6604429693246079 214.37573447710946 66 58 64 0.21872404439577064 47 8040 37 8269 46 8153
2134 -28.6637020096741 8.2545955426873387 212.23833831373835 60 29 35 0.13342255618761659 47 8041 37 8270 46 8154
2135 -16.114874455180942 9.5953715585940689 219.17901996280924 29 26 30 0.14352761902951319 47 8042 37 8274 46 8157
2136 -51.961773503830919 10.903979051530936 220.36096547778169 168 139 65 0.1114848882298108 47 8044 37 8275 46 8158
2137 32.878034309597119 12.467427179921703 196.90718329560451 55 43 24 0.36308477004789802 47 8054 37 8276 46 8162
2138 -43.901778343699881 11.030803034572054 217.37620467158177 21 20 21 0.73663707032655401 47 8050 37 8278 46 8160
2139 -25.715764792460565 10.164289247558994 211.76111397822959 132 78 68 0.11408287447322718 47 8051 37 8279 46 8161
2140 -32.18493868333664 10.877117523535041 213.88943265442595 72 57 35 0.20958924296876372 47 8053 37 8281
2141 26.387693778086238 12.539211164499349 203.90739249499285 28 25 23 1.3145276580874798 47 8056 37 8282 46 8164
2142 -19.573255751174639 10.896862389494615 211.10993890550739 32 20 0 0.35722437002976121 47 8055 37 8283 46 8163
2143 34.514293706400537 13.486860026705921 200.99979746132951 162 141 83 0.71018502358636948 47 8059 37 8284 46 8165
2144 -4.6003840751661365 12.02407564337148 206.31503531426617 226 199 166 0.63507921901924214 47 7644 37 8287 46 7742
2145 -30.633312261254435 12.481597982272069 213.43364656362942 48 36 23 0.19271841249774466 47 7642 37 8288 46 7740
2146 -13.839155378208298 12.629776633769612 209.44389607302435 21 15 10 0.31022524707346294 47 8063 37 8289 46 8166
2147 17.747647419818851 13.886124982838165 203.31665323109422 23 23 35 0.86839776064854723 47 8064 37 8290 46 8167
2148 9.2291015086680819 13.141398635386466 194.81919757618974 211 183 171 0.14263380122442459 47 8069 37 8291 46 8171
2149 16.189322717588084 14.206120421204712 203.97174789337237 15 23 32 0.077777317865261777 47 8067 37 8292 46 8169
2150 4.1397578212000843 13.319607153603867 197.01956037499318 172 130 119 0.12866928824600468 47 8070 37 8293 46 8174
2151 11.058691056402548 13.648112082684957 196.7790840822575 35 24 30 0.08395572164400171 47 8071 37 8294 46 8173
2152 -40.793586662227888 14.002560756453251 215.15816430901768 39 30 18 0.72616742634799281 47 8065 37 8295 46 8168
2153 -50.679114813941489 15.004437091441057 217.96255945438057 49 41 30 0.53615872913196139 47 8066 37 8296 46 8170
2154 4.9127663633815599 13.830119681419131 195.01852496582498 162 112 95 0.15717980882598689 47 8073 37 8297 46 8175
2155 38.61302149075766 17.876492140589146 195.16493564317292 193 155 89 0.226137373731885 47 8075 37 8300 46 8178
2156 -17.914758438863029 15.386590845816018 201.95361124248191 19 8 7 0.23375808574407198 47 8079 37 8305 46 8180
2157 -41.674451373238071 16.844157048203471 214.39514346853758 88 86 37 0.1983352546487713 47 8077 37 8306 46 8179
2158 23.521381374202072 17.66306224031592 200.97123879483468 161 88 79 0.099829252377524214 47 8083 37 8307 46 8183
2159 45.413435072813172 20.440175619178731 192.20764918304437 78 55 24 0.15190717084674324 47 8085 37 8309 46 8188
2160 -34.970311742046142 17.848669872515064 206.49812893995167 131 117 52 0.27080540528542391 47 8086 37 8311 46 8189
2161 42.614444275156487 21.211700343582393 194.42559679229521 188 174 75 0.2481238002945442 47 8087 37 8312 46 8191
2162 10.536503496500847 18.25166848817042 194.15259099693156 191 170 166 0.16417504397097851 47 8089 37 8313 46 8192
2163 38.549286417450638 21.337457296793584 197.52107279335911 37 16 9 0.24113091470805248 47 8091 37 8314 46 8195
2164 23.276945136520588 20.07508458491716 201.06917056722719 37 14 17 0.56742422908890988 47 8090 37 8317 46 8193
2165 31.101541185280656 21.007238661574554 201.19986730429224 79 68 53 0.51070054671177711 47 8092 37 8319 46 8196
2166 -55.04221270106256 20.724660889488064 214.14906233464063 20 15 14 0.64861906779070055 47 8088 37 8320 46 7780
2167 43.855169443074686 22.711950555289974 196.14804627211817 144 123 68 0.32756926815487719 47 8096 37 8321 46 8200
2168 3.2021810503852359 19.255781982736472 197.27827468063236 190 138 123 0.27220734838428923 47 8098 37 8323 46 8202
2169 -13.539260111460141 19.247401132102741 196.04933867799227 23 29 14 0.16445648618370265 47 8099 37 8324 46 8203
2170 -13.539260111460141 19.247401132102741 196.04933867799227 23 29 14 0.16445648618370265 47 8100 37 8325 46 8204
2171 7.1177073480746644 21.606884389093775 196.5101736557084 180 156 134 0.050469816763737352 47 8103 37 8329 46 8207
2172 -11.432574825967004 20.753332318266132 191.61525506007277 44 30 21 0.18718337613914793 47 8104 37 8330 46 8209
2173 -37.056420231457217 22.515526906769466 209.08579564576647 31 28 4 0.62626858517329886 47 8102 37 8332 46 8206
2174 -37.056420231457217 22.515526906769466 209.08579564576647 31 28 4 0.62626858517329886 47 8101 37 8333 46 8205
2175 -5.8690761422534221 21.471278160508973 192.28595155703687 177 125 115 0.10016593571255229 47 8107 37 8334
2176 19.24128936605096 23.534899745196604 195.56001273138489 58 62 33 0.63864353603800439 47 8108 37 8336 46 8212
2177 29.90217843449668 25.250253407168568 191.0337417191511 142 77 67 0.26520693310483295 47 8111 37 8340 46 8217
2178 37.96153968730556 27.420549838752546 195.76528406089992 23 13 12 0.78104564261341991 47 8112 37 8343 46 8219
2179 -57.928829591217045 27.738494279963888 212.08509874045885 23 14 6 0.36781815742176738 47 7713 37 8346 46 7819
2180 -36.47868879828448 25.922719348829041 205.65539504953705 20 9 2 0.24862443716426785 47 7715 37 8347 46 8221
2181 -45.352905945032802 26.908999357357519 207.32292854778285 129 119 79 0.3634986991649129 47 7716 37 8348 46 7822
2182 -13.078131389269629 24.868297709268511 191.62094629605514 53 29 13 0.29654063177522577 47 8117 37 8349 46 8225
2183 16.785081675728605 26.836813499790875 191.8688467799717 70 87 47 0.28109185827866218 47 8121 37 8350 46 8229
2184 -41.221894015430394 27.443185034035231 204.98745380358878 119 122 73 0.34711696469509667 47 8119 37 8351 46 8227
2185 -41.221894015430394 27.443185034035231 204.98745380358878 119 122 73 0.34711696469509667 47 8118 37 8352 46 8226
2186 -22.730719676767201 26.766092707603853 201.41053971114809 29 21 10 1.1873967889645411 47 8404 37 8353 46 8495
2187 47.502004999357837 30.74358717070356 191.8037046049387 146 117 70 0.11436022852698709 47 8122 37 8354 46 8231
2188 -54.297139506407952 29.372851178499666 209.62552376057013 35 22 3 0.60190486218960837 47 7724 37 8355 46 7827
2189 -12.903466392368232 27.191333742506774 194.20192739879462 147 134 73 0.12349678237501686 47 8125 37 8356 46 8234
2190 -21.097372438338677 27.321195970175236 192.62015959644839 186 130 65 0.81183169837401392 47 8127 37 8358
2191 -21.506806795183266 28.21302614503275 187.69098401718711 7 5 2 1.2149615466217905 47 8415 37 8361 46 8238 46 8504
2192 -48.571825951696916 31.629887459444571 207.88310834781456 123 123 64 0.56695617679324495 47 8128 37 8362
2193 48.230986713629704 32.456349744496165 178.47618990300441 152 146 62 0.65367630796588594 47 8131 37 8363 46 8240
2194 -53.816573698295429 31.921014520516582 203.59563103135307 50 36 11 0.20692682268992155 47 8129 37 8364 46 8237
2195 -17.812431677071036 29.355309286719535 181.80049345368323 128 75 52 0.91041526174330689 47 8418 37 8367 46 8507
2196 27.685092040503999 32.478532118811778 184.36831928458903 38 13 15 0.2625799932402702 47 8135 37 8370 46 8246
2197 37.876072500538591 33.377742134299076 180.44290321883403 161 87 74 0.072067004458098993 47 8137 37 8371 46 8247
2198 21.308781667194744 32.827563966007986 182.85901249750489 80 59 56 0.41839791200120396 47 8140 37 8373 46 8249
2199 21.308781667194744 32.827563966007986 182.85901249750489 80 59 56 0.41839791200120396 47 8139 37 8374 46 8250
2200 -11.014554303292556 30.864592463002804 178.25959733433442 122 95 61 0.35202199278732976 47 8427 37 8375 46 8518
2201 -0.19717185975583079 31.61737292039836 182.15912955566677 47 38 31 0.40670582702354513 47 8142 37 8376 46 8253
2202 30.194649986294696 34.713722188218 183.43204955911006 71 31 29 1.247833263121765 47 8147 37 8377 46 7872
2203 -52.431902927657788 36.953169491052854 200.91806513825469 99 39 34 0.031545152756129367 47 8429 37 8380
2204 38.000798333543706 36.825857868029786 181.86609871573484 194 150 120 0.33770711532489384 47 7775 37 8381 46 7889
2205 42.475488598190097 36.383252986161445 173.41515430680647 228 188 166 0.41982862647154295 47 8155 37 8382 46 8264
2206 1.5885215899767533 35.213959130537923 182.64591140266009 122 84 78 0.1739733271150227 47 8159 37 8385 46 8270
2207 -7.5044926239083267 36.717131084573502 181.98380350986025 36 25 7 0.10796205134583449 47 8163 37 8389 46 8274
2208 -47.79261992243898 39.615370731536743 193.28019517537842 211 114 115 0.1070285032954069 47 8162 37 8390 46 8273
2209 -51.471671627185316 40.924439868250118 190.4455448958802 37 20 2 0.56712065044552684 47 8164 37 8391 46 8276
2210 -34.997497526617508 40.721653862838643 193.53293445742409 126 114 86 0.033808740023240191 47 8165 37 8392 46 8277
2211 49.632909583182524 45.763203340056791 172.6165025217465 208 184 156 0.19415428177126812 47 7820 37 8405 46 7933
2212 -50.667330227937661 46.21173529631308 191.856888946521 39 16 15 0.29062524516170346 47 8173 37 8409 46 8288
2213 -54.202498833156469 48.559771476031045 184.03496203036559 115 105 56 0.19259758117525314 47 8193 37 8415 46 8299
2214 -11.116376600991243 45.284193275040778 166.05594807700328 111 100 55 0.33951738609384124 47 7868 37 8421 46 8306
2215 8.2112208066585612 47.034004837953603 164.58992215560107 47 29 26 0.72078193803915946 47 8213 37 8426
2216 8.2112208066585612 47.034004837953603 164.58992215560107 47 29 26 0.72078193803915946 47 8214 37 8427
2217 -34.623201000322645 51.253039691928556 182.61144721586672 55 42 11 0.64048377681147406 47 8206 37 8428 46 8309
2218 -20.202496027076684 49.263479517105637 170.36702252725766 169 104 50 0.081994210260518022 47 8217 37 8431 46 8316
2219 -18.545999651399395 49.016057934299141 169.13333926279859 194 126 65 0.18473025001933172 47 8219 37 8432 46 8317
2220 -48.605200583292273 54.663437092121093 181.52913965920953 159 143 99 0.43399779703475344 47 7880 37 8433 46 7993
2221 -48.605200583292273 54.663437092121093 181.52913965920953 159 143 99 0.43399779703475344 47 7881 37 8434 46 7994
2222 -18.035653374975549 51.940745841053186 177.56405549347716 148 109 59 0.47634035696053356 47 7883 37 8437 46 7997
2223 -7.1327352149900003 53.960446314986626 179.52634732003096 1 3 3 0.86521539374586798 47 8224 37 8444 46 8000
2224 -43.197250953105481 -9.4309972079546576 233.12310488301526 133 117 90 0.28783040241256352 47 8300 37 8515 46 8387
2225 -8.9540003148418226 -8.4967991681672483 211.29839287315303 255 243 233 0.098874257774525409 47 8303 37 8517 46 8391
2226 -2.3505740015359295 -8.5429839397533058 219.31451450719268 169 154 132 0.35086721521993541 47 8304 37 8519 46 8392
2227 -41.641183612461127 -8.7063686771205884 233.88385825994862 121 112 81 0.27423237832750674 47 8302 37 8521 46 8390
2228 -48.980453683598959 -7.7674386490232399 232.99876795432772 105 93 93 0.55040948286154823 47 8306 37 8525 46 8394
2229 -5.6892094752294566 -5.9486030158880725 207.44877887574003 229 207 196 0.11682934184932466 47 8311 37 8529 46 8398
2230 1.6230837428687979 -5.5496881939475537 208.58288433534887 203 181 147 0.25157733411298661 47 8312 37 8530 46 8399
2231 -20.299107841162247 -5.2980793180218129 217.30414057920316 158 134 108 0.12080777682234896 47 8317 37 8531 46 8402
2232 -3.8718981598797715 -4.4633336126231082 203.92701209754495 255 236 218 0.22857289876087847 47 8318 37 8532 46 8403
2233 -2.1092491948701464 -3.1309484119078959 202.57378870370567 251 236 216 0.1734923978033597 47 8324 37 8534 46 8409
2234 14.90573257987522 -2.1746728119228047 201.17270756252793 36 37 42 0.22926009880830783 47 8325 37 8535
2235 -35.698806152389643 -4.1249928076772271 233.24064041458436 42 39 45 0.18898233841131809 47 8528 37 8537 46 8617
2236 -13.531471596894109 -3.6193626320913959 215.54445195738543 19 9 12 0.12441194681618595 47 8322 37 8538 46 8407
2237 -29.421276260488998 -2.7820910153567393 225.67763607714846 93 104 48 0.45133863789845935 47 8529 37 8540 46 8618
2238 21.510974391151105 -0.83072537089259368 210.62594322781652 102 100 112 0.3805784913457726 47 8328 37 8541 46 8413
2239 -1.1596858227197138 1.69560207448612 200.77647576414202 247 224 206 0.44091253347234299 47 8333 37 8546 46 8423
2240 -20.419656650227015 1.7538878910211304 217.5787037081918 210 180 154 0.30251118738872945 47 8332 37 8549 46 8422
2241 7.5402732570869224 3.0032162822830126 192.55776642410862 210 167 150 0.46180953182796314 47 8340 37 8550
2242 -49.29383469732192 3.4260248572946814 224.02472130665257 180 161 147 0.49437624351143311 47 8336 37 8553 46 8426
2243 -49.29383469732192 3.4260248572946814 224.02472130665257 180 161 147 0.49437624351143311 47 8337 37 8554 46 8427
2244 34.031605201840293 5.9611204751968119 201.51776833359708 138 109 74 0.3109711889931685 47 8342 37 8555 46 8430
2245 -11.66906283002278 3.8358199841680749 216.98749219068577 141 104 78 0.24772970241470127 47 8343 37 8556 46 8432
2246 12.958142184189294 6.9514368373339268 203.31433156858222 71 73 87 0.34679548369696084 47 8353 37 8564 46 8439
2247 -20.643672496874863 6.240472727324498 218.4360483525256 143 102 82 0.55794046667621844 47 8348 37 8567
2248 -14.058043617434942 6.5857858043679416 219.42897835988964 123 106 96 0.12597596349359219 47 8351 37 8569 46 8437
2249 -14.058043617434942 6.5857858043679416 219.42897835988964 123 106 96 0.12597596349359219 47 8352 37 8570 46 8438
2250 -43.796139698836456 7.8351612220256532 214.59344495073341 62 45 46 0.31121455573248502 47 8356 37 8571 46 8443
2251 36.638193916726749 12.054070233743854 197.04958155531105 90 64 32 0.6781923934606886 47 8045 37 8572 46 8446
2252 36.638193916726749 12.054070233743854 197.04958155531105 90 64 32 0.6781923934606886 47 8046 37 8573 46 8447
2253 -26.895074158723411 10.896157571974882 210.19496810430138 35 16 18 0.11962961020701474 47 8362 37 8575 46 8451
2254 2.1075046010009513 11.473035459344436 199.39803279792812 184 135 124 0.2286489564408376 47 8363 37 8576 46 8453
2255 4.7827153160243139 11.654148858826725 195.681966304459 31 20 17 0.14700146698125152 47 8364 37 8577 46 8454
2256 4.7827153160243139 11.654148858826725 195.681966304459 31 20 17 0.14700146698125152 47 8365 37 8578 46 8455
2257 -3.5073924609210905 11.606236387841076 205.79125232891667 36 16 20 0.1753024676153786 47 8060 37 8579
2258 -3.5073924609210905 11.606236387841076 205.79125232891667 36 16 20 0.1753024676153786 47 8061 37 8580
2259 0.95386917321051978 12.643736253138849 200.34285877129065 246 214 198 0.063866114878712618 47 8367 37 8581 46 8457
2260 54.283702722429666 17.961082820792061 212.96715395484873 94 71 70 0.93255857643946038 47 8681 37 8583
2261 19.967878330436232 15.580968396505765 200.50444971084599 20 13 16 0.097546469866240423 47 8368 37 8584 46 8460
2262 19.967878330436232 15.580968396505765 200.50444971084599 20 13 16 0.097546469866240423 47 8369 37 8585 46 8461
2263 -24.382027796816512 15.888642762248953 210.16208372533677 36 24 14 0.29561648266805857 47 8371 37 8586 46 8463
2264 6.0246433633062617 15.893044500417272 194.33511393088185 141 67 62 0.14516931088803134 47 8373 37 8587 46 8464
2265 49.875218842192965 21.012103332877253 197.40341459380986 68 47 20 0.51346165002419342 47 8374 37 8588 46 8465
2266 4.6702754957722981 17.076069737569565 196.41367256450454 169 128 112 0.12738702556830508 47 8375 37 8589 46 8466
2267 -29.422803699987952 18.118895174087498 209.09501609105408 41 29 19 0.11089906100257418 47 8376 37 8592 46 8467
2268 -29.422803699987952 18.118895174087498 209.09501609105408 41 29 19 0.11089906100257418 47 8377 37 8593 46 8468
2269 35.037421578668855 21.712026098126547 201.43803511410371 138 117 65 0.24947820783810296 47 8095 37 8596 46 8199
2270 45.792256903295318 22.843991878279947 194.34747218434168 160 135 46 0.37843847661545604 47 8381 37 8597 46 8473
2271 -54.460368786559776 21.370461529870038 216.1363547703927 96 78 64 0.18755432971135111 47 8379 37 8598 46 8471
2272 -54.460368786559776 21.370461529870038 216.1363547703927 96 78 64 0.18755432971135111 47 8380 37 8599 46 8472
2273 11.566211859878258 19.79837686430335 195.00153438301288 93 76 73 0.080509022574440148 47 8382 37 8600 46 8474
2274 -28.9164995181801 20.434732674694629 207.09582298183463 117 119 46 0.0418725785148251 47 8383 37 8601 46 8475
2275 -8.6055153476102859 20.203444523102721 192.86713519347887 194 162 143 0.75186576289523488 47 8384 37 8603 46 8657
2276 27.881228203585124 23.240869650267499 193.52043766625997 174 91 79 0.25292718572069467 47 8387 37 8605 46 8480
2277 43.815855962760075 24.999729520712723 193.38517219176535 155 134 48 0.32288857330178794 47 8388 37 8606 46 8481
2278 8.855923044339356 22.131835813259361 195.70751289984764 160 140 123 0.44445608371275197 47 8386 37 8607 46 8479
2279 -59.637678694875845 24.869515940950286 213.83671435352724 26 21 7 0.36220636415032992 47 8385 37 8608 46 8478
2280 -40.411870425108717 23.127788029850425 207.67719100492562 116 102 59 0.59581806137377702 47 8389 37 8609 46 8482
2281 -27.566346279728933 22.165241125014735 200.88398591697418 27 28 3 0.20440080590141496 47 8390 37 8611 46 8484
2282 -17.833425011511913 21.314918658796984 189.37564309057672 171 153 132 0.078541517468586591 47 8394 37 8612
2283 -24.168176817694722 22.818122884975772 193.46192354873327 137 126 62 0.62098298163253551 47 8577 37 8613 46 8662
2284 43.957360804809788 28.158947511505389 192.6719225674961 162 140 67 0.30114247773439445 47 8580 37 8615 46 8491
2285 47.72989362220968 28.803246034642878 193.93472174821989 30 12 7 0.92903252255470292 47 8402 37 8616 46 8492
2286 -15.051757793418842 23.321610028719231 184.61905517515476 125 75 73 0.71818219204736777 47 8116 37 8617 46 8224
2287 -42.568750340558744 26.570574738815182 207.09062647334085 36 37 16 0.27360079730663117 47 8400 37 8618 46 8490
2288 -43.775700727118817 28.852361793007265 206.58463085403059 123 120 67 0.042080067116166596 47 8407 37 8620 46 8497
2289 -9.3865360401590401 26.941014199067123 191.28187506634973 44 27 19 0.17977545756437008 47 8582 37 8621 46 8666
2290 -34.398950003723193 28.37866759691828 201.57773299956239 38 42 11 0.47862273475494616 47 8408 37 8622 46 8499
2291 -49.819818009788399 30.386625663157478 209.46469382116555 31 33 6 0.91800231155961465 47 8409 37 8623 46 8500
2292 -7.8940543092981335 27.600659424394738 190.04805417673828 108 89 50 0.25963977168025099 47 8412 37 8624 46 8501
2293 -7.8940543092981335 27.600659424394738 190.04805417673828 108 89 50 0.25963977168025099 47 8413 37 8625 46 8502
2294 -42.00727425213244 30.109791879096246 204.33143404658946 17 11 6 0.52977591846794092 47 8584 37 8626 46 8667
2295 -5.1551918840907538 27.355688691364222 184.17998568697115 137 118 59 0.20807242390466385 47 8587 37 8627 46 8670
2296 11.510741454210903 28.289775001028612 185.89511748569117 49 15 14 0.39373569760269378 47 8414 37 8628 46 8503
2297 -44.705402491159177 31.599322050122787 198.55173212372659 110 113 50 0.1821034706681742 47 8417 37 8631 46 8506
2298 19.514580683445253 31.33807727163671 180.51229977607494 55 34 32 0.50517277511194603 47 8421 37 8636 46 8512
2299 -55.219735514502688 34.731158015730983 203.95522181762948 43 33 18 0.16166499743268986 47 8419 37 8637
2300 -10.381779805754059 31.75772169124097 190.20569938651582 36 19 11 0.24663750873634371 47 8420 37 8638 46 8511
2301 -1.9051271958848497 31.534169402416605 180.11600822737049 32 25 9 0.25163116269419988 47 8428 37 8642 46 8519
2302 -53.787988971376208 35.851991572727378 200.41376749908113 178 131 33 1.5636370552777148 47 8141 37 8643 46 8252
2303 -29.526060745280809 34.015783429213514 188.26041269917053 172 141 53 0.12986860501798947 47 8434 37 8644
2304 47.86058667375341 37.069424204869129 174.3051574326052 52 23 25 0.33235008112328862 47 8436 37 8645 46 8523
2305 -49.998931510617879 36.571001017851344 196.32515246003572 226 127 119 0.26425844162288054 47 8432 37 8646 46 8522
2306 6.7401738327712026 32.113695805077384 167.67510687333342 66 55 18 1.116523917427177 47 8157 37 8647 46 8267
2307 6.7401738327712026 32.113695805077384 167.67510687333342 66 55 18 1.116523917427177 47 8158 37 8648 46 8268
2308 36.097480265720677 37.415305712375115 182.18263800069462 208 172 150 0.44349693384932953 47 8438 37 8649 46 8524
2309 0.34573108256498331 35.539509536228394 184.41532581940135 11 6 1 0.24630205485131187 47 8440 37 8650 46 8526
2310 28.178199213389899 37.086448836331535 179.6840819498569 73 63 41 0.06216486139662325 47 8442 37 8651 46 8528
2311 28.178199213389899 37.086448836331535 179.6840819498569 73 63 41 0.06216486139662325 47 8443 37 8652 46 8529
2312 30.775325736459443 37.851195630612381 183.17196128306028 26 29 7 0.22150838541922244 47 8441 37 8653 46 8527
2313 35.307604474002204 39.327130833930596 181.30304456043601 52 31 18 0.4448099007134132 47 8444 37 8654 46 8530
2314 29.39898020970308 38.798335025399197 180.46261626821041 38 25 20 0.077293131491914954 47 8446 37 8658 46 8532
2315 -41.081461964862726 39.883451807446733 192.81454228295621 65 57 74 0.27214927739917988 47 8448 37 8659 46 8534
2316 -41.081461964862726 39.883451807446733 192.81454228295621 65 57 74 0.27214927739917988 47 8447 37 8660 46 8533
2317 -51.486768381024724 41.128709499555498 181.46954336385764 66 50 33 1.4037036715508693 47 8451 37 8663 46 8537
2318 47.133014608602934 43.905902017623511 172.00023239021604 222 193 162 0.72172110149649815 47 8456 37 8667
2319 -49.738226551488843 43.514558642987218 189.65571591765226 56 15 20 0.20492702670179672 47 8453 37 8668 46 8539
2320 -32.948816099207342 43.501006495591518 188.86921080102178 16 10 14 1.1937114536192126 47 8457 37 8672 46 8541
2321 -52.857332133057433 48.966671300280673 187.39891169187516 25 21 4 0.089811723747579106 47 8470 37 8683 46 8559
2322 -9.3811076856354401 43.324202283411459 168.24424813379571 89 73 40 0.5759496373716726 47 8614 37 8684
2323 -10.628163437435306 -13.066344643925854 224.25981125700088 206 167 139 0.18759033737192055 47 8519 37 8737 46 8604
2324 -4.1275025276941415 -6.9246433140046539 208.9901312027263 34 31 29 1.0601411388524151 47 8526 37 8747 46 8615
2326 -11.815018345157853 -2.9192912730658396 214.04109707895142 245 215 191 0.079397750109407444 47 8531 37 8752 46 8619
2327 -0.22801228426615536 -1.7353020555812211 200.2641660447629 219 193 168 0.49605044870218123 47 8532 37 8753 46 8620
2328 7.740775565753272 -1.3320412191197846 201.31754700193926 216 188 175 0.030429432426708133 47 8533 37 8754 46 8621
2329 -29.585952058610143 0.52007976257802568 217.88163555796308 95 8 17 0.36772552187505764 47 8537 37 8757 46 8623
2330 -23.634533933200448 1.5551545276469081 221.51230571244119 206 165 136 0.03624567723350252 47 8539 37 8758 46 8625
2331 -18.888203573640997 3.4338245355578922 218.01025190681207 53 32 20 0.038360049041594298 47 8541 37 8759 46 8627
2332 -0.36798404166217535 3.8114826205969692 201.20035291040205 242 213 193 0.22849380037924708 47 8543 37 8760 46 8629
2333 14.504204880232155 5.0078859292232236 201.9193124393363 37 37 47 0.52107391444607665 47 8546 37 8761 46 8631
2334 16.264964490541786 6.6489980256204539 205.82790289071221 82 82 90 0.22801445900502379 47 8549 37 8762 46 8633
2335 2.3128931066045566 5.9636037473452586 198.50769926066033 229 191 174 0.85298759833426074 47 8551 37 8763
2336 -17.564651652115554 6.4129621671920978 216.1364424630159 120 94 71 0.19327482535132948 47 8550 37 8766 46 8634
2337 -33.914071912193833 7.1825155191686161 214.42662212336376 138 140 96 0.24373166135317481 47 8355 37 8767 46 8442
2338 8.7830808076411166 8.3184104125708025 193.78202691004745 197 163 154 0.10194266536130416 47 8358 37 8769 46 8445
2339 -12.475758941201063 8.3120002121449179 216.2963723485679 166 138 101 0.073125048515186294 47 8552 37 8770 46 8635
2340 -23.654081495213951 11.064422318383855 209.59046107839222 134 91 72 0.20099445945921332 47 8553 37 8771 46 8636
2341 -28.855819302221203 11.64309735474021 211.56631828960292 126 97 69 0.087943182264875255 47 8554 37 8773 46 8637
2342 -48.666734058907068 14.156215588967495 215.70720160623634 90 67 64 0.1771326406154298 47 8556 37 8774 46 8640
2343 -17.848713571286854 13.181120471667819 204.97514411308467 147 80 69 0.85630599337020497 47 8557 37 8775 46 8641
2344 43.003444531566835 18.14063758475762 200.18428721586287 200 168 66 0.22200258666053149 47 8560 37 8776 46 8644
2345 41.349853798075493 19.19019596482023 217.35033942672976 17 17 15 1.5680419253646345 47 8559 37 8777 46 8643
2346 -34.403856613513391 16.226568734657601 212.09339359342775 39 33 26 0.19686357472542268 47 8562 37 8781 46 8646
2347 -26.873770355663254 15.865000418741186 202.06336639014935 121 110 57 0.46978771379059131 47 8564 37 8782 46 8648
2348 -26.873770355663254 15.865000418741186 202.06336639014935 121 110 57 0.46978771379059131 47 8563 37 8783 46 8647
2349 8.8148183957933988 16.523302717918966 192.31709861224863 140 110 95 0.28633804433380783 47 8565 37 8784
2350 -46.794289830619022 20.36126051603491 211.01589736810871 112 98 49 0.070797071199471484 47 8568 37 8786 46 8651
2351 -24.693305709575068 18.788105597131292 196.02469394431481 80 67 15 0.2826193490606585 47 8571 37 8787 46 8655
2352 -41.012484870332464 20.758217105008747 208.42864508332451 31 29 9 0.50285312795400328 47 8570 37 8789 46 8654
2353 -22.455105036806174 21.449911930685793 200.73533219981957 147 123 57 0.51033234938949457 47 8573 37 8791 46 8658
2354 -43.367461507991592 24.475332276592269 207.04158549764151 116 101 50 0.13488420753451189 47 8575 37 8792 46 8660
2355 41.040517847055128 27.298305288816842 195.89214562776596 24 26 14 0.42121801396855779 47 8579 37 8793 46 8664
2356 -11.575695927538199 23.831075599213168 190.40127254687795 213 163 89 0.33868236527270429 47 8698 37 8794 46 8780
2357 30.44377226131548 29.555591071310687 184.6780970555233 32 13 8 0.31267785881663773 47 8585 37 8795 46 8668
2358 2.5113819213005963 28.177716102554143 189.39124194388404 12 16 20 1.0609381371290647 47 8704 37 8796 46 8785
2359 -43.340293136488221 31.391470046901667 203.16731663270428 5 5 2 0.18827559045505249 47 8588 37 8797 46 8671
2360 -34.386406954137492 30.554577940801675 197.2933505215604 108 102 56 0.19675824250538035 47 8589 37 8798 46 8505
2361 -38.165793281902253 32.306909197615326 208.03895883537876 10 15 6 0.2344208748587692 47 8416 37 8799
2362 2.7968374174686694 30.444889646689269 183.37078950949339 168 149 135 0.12517533871735423 47 8592 37 8800 46 8674
2363 4.7087277078608247 29.610603184380679 177.51779044986523 21 13 19 0.31510855667023585 47 8593 37 8801 46 8675
2364 -46.22893383239979 32.690679923247316 197.76447893191283 51 22 27 0.090078620990207178 47 8590 37 8803 46 8672
2365 15.072944609301244 32.530785071050985 184.84464015207547 173 153 123 0.32805196936248371 47 8422 37 8804 46 8513
2366 -21.463772185436742 32.056073455910784 189.49992266772347 136 115 47 0.1181949303945995 47 8594 37 8805 46 8676
2367 45.934181128734174 35.658996503742358 175.09210980627461 57 28 31 0.53076136815685715 47 8596 37 8806 46 8679
2368 24.824465327731374 34.447966539322181 182.11255279722306 82 54 44 0.29681953451651466 47 8431 37 8807 46 8521
2369 24.824465327731374 34.447966539322181 182.11255279722306 82 54 44 0.29681953451651466 47 8430 37 8808 46 8520
2370 -32.710136779248138 34.762150854253335 193.580471799859 146 97 46 0.048455983738443259 47 8597 37 8809 46 8680
2371 14.89460549127198 35.201357402345593 184.13768947936072 71 52 36 1.3624030655095793 47 8599 37 8811 46 8681
2372 17.123836322361409 35.65004607160062 182.82819820751448 41 30 11 0.2354872963441472 47 8601 37 8813 46 8683
2373 -4.2279519481050549 34.85100393515652 181.10875124315885 31 29 10 0.35372378436073965 47 8439 37 8814 46 8525
2374 -38.148577905216598 38.298114293115113 195.67412686009004 2 7 7 0.62544744547708164 47 8602 37 8816 46 8684
2375 -45.458763264283945 38.860494289702729 190.87562556437911 101 46 74 0.15386500330208017 47 8603 37 8817 46 8686
2376 -31.586214888354853 39.898061902082524 190.93843389971553 13 9 3 0.17815039771238986 47 8604 37 8819 46 8687
2377 21.216319377263325 42.314215028005599 179.52099114240426 39 29 19 0.19991822386642641 47 8607 37 8821 46 8690
2378 22.45492195657615 42.437649605952728 175.45081551126071 113 83 20 0.36748075116991435 47 8609 37 8824 46 8691
2379 -39.3366174623986 44.57630547451302 187.23462053487501 25 22 9 2.2191253280479706 47 8610 37 8825 46 8692
2380 -9.7899960372834727 41.600632772809874 171.74867685916325 39 29 8 0.79436421610173191 47 8612 37 8826 46 8693
2381 14.001335398196847 44.560345002171303 174.36287676141643 19 7 4 0.22284910148887813 47 8469 37 8827 46 8556
2382 17.618968395079829 47.325830463975898 176.56601898627662 75 45 30 0.21258854288959453 47 8615 37 8829 46 8695
2383 -23.696589733898481 47.729013201504387 177.2923111900333 37 27 10 0.30449030896756496 47 8717 37 8832 46 8801
2384 -5.4782355542529055 48.45064432167414 175.33724540618311 19 5 5 0.088930918350403343 47 8618 37 8834 46 8698
2385 -44.532143549031616 52.21692204340134 183.81985544753076 3 0 4 0.70747609740590456 47 8481 37 8835 46 8568
2386 -37.110135765735627 53.435230410233494 186.6005852272485 169 128 85 0.37800522583516322 47 8718 37 8836 46 8802
2387 13.249124760301996 51.902194293065421 175.78103628864378 64 45 30 0.27889367235736662 47 8486 37 8839 46 8573
2388 44.753079434024308 57.825963874470332 180.68947798651416 105 87 26 0.28506704117790527 47 8487 37 8841 46 8574
2389 -23.517055089860975 -7.9167783535125817 218.02132505897211 208 177 156 0.052548919337600204 47 8657 37 8869 46 8740
2390 -27.680649282622056 -8.2143028277693695 234.56617283074939 52 45 26 0.57768916016279659 47 8656 37 8870 46 8739
2391 1.7350132937017066 -2.6582051135941041 202.9502825588396 44 44 44 0.26226752084957106 47 8665 37 8877 46 8749
2392 4.438587207582092 -0.69304024974346412 196.05864342681832 40 32 38 0.91372045647236855 47 8670 37 8880 46 8753
2393 2.2719692280440573 0.38823094977971373 197.7228825758568 243 208 193 0.37787639552970603 47 8671 37 8881 46 8755
2394 -13.725827527195429 0.91440047865843321 216.14339191103898 150 115 90 0.076604823076437775 47 8673 37 8883 46 8758
2395 17.975519546790384 3.9073992282271957 206.43161804799047 34 32 40 0.23419835554941723 47 8674 37 8884 46 8759
2396 -4.0728968862761601 3.428065055901603 206.57028665619407 235 211 187 0.035846193973854724 47 8675 37 8886 46 8761
2397 -31.483047720372625 5.371982436884335 217.73817308387669 22 8 16 0.3197693736076675 47 8676 37 8887 46 8762
2398 -1.0734722284883624 5.8402084777465015 203.08594457364109 244 218 197 0.4105012259552383 47 8677 37 8888 46 8763
2399 17.290768097256294 10.043602603350962 206.02057493882987 24 21 30 0.16767524110195006 47 8679 37 8890 46 8765
2400 -47.46534069173935 10.072539187337441 216.42834944648348 23 21 17 0.083643615857691797 47 8678 37 8891 46 8764
2401 -6.8353870638145198 13.759306843849815 208.94538756948535 38 38 24 0.27865855372239223 47 8682 37 8893 46 8768
2402 -55.932069300688092 18.681259777609839 215.83004503373007 22 21 24 0.21321960262630882 47 8684 37 8896 46 8770
2403 -21.455928656042509 17.875813831599448 206.97098111101357 46 25 21 0.17885677198828942 47 8685 37 8897
2404 -21.455928656042509 17.875813831599448 206.97098111101357 46 25 21 0.17885677198828942 47 8686 37 8898
2405 49.170878340547176 21.683155623515681 188.80851677763081 184 146 62 1.0630021903937623 47 8688 37 8899 46 8771
2406 -49.124686110086785 20.230456121742904 213.36738313545629 14 17 5 0.34646784768320438 47 8687 37 8900 46 8650
2407 -23.929870514803802 19.620777001659057 207.35525901777362 37 33 25 0.66596939243629161 47 8689 37 8901 46 8773
2408 -17.039927368952622 19.396329455873285 197.55144685553054 8 14 10 0.3589327465619136 47 8690 37 8902 46 8774
2409 39.56464649972142 23.198648080152246 195.57950599801421 168 148 52 0.39439378874164405 47 8691 37 8903 46 8775
2410 -52.862682775549516 23.759233366043976 214.38642306837534 16 16 13 0.22520195149800806 47 8692 37 8904 46 8776
2411 -13.943030637927608 23.132402840628671 191.46266597209049 17 20 19 0.98811210104135139 47 8696 37 8905 46 8779
2412 -44.393735907190056 26.130345211181531 208.00579983848021 127 119 69 0.63852780648422491 47 8697 37 8907
2413 -6.7687435838463061 24.327777921695112 190.89718958542167 50 36 36 0.049671985264830576 47 8699 37 8908 46 8781
2414 -6.7687435838463061 24.327777921695112 190.89718958542167 50 36 36 0.049671985264830576 47 8700 37 8909 46 8782
2415 -40.911430858112709 27.129044956916083 208.19553714812483 81 81 22 0.23167313208668014 47 8701 37 8912 46 8783
2416 15.502334042000985 28.565799213085548 187.06857531065114 35 17 16 1.048377285568544 47 8763 37 8913 46 8838
2417 -30.228664772440421 27.439905057347239 183.72322523139206 40 48 7 1.1700152272886717 47 8586 37 8914 46 8669
2418 -51.292240838436612 32.478773676798838 205.83665533251963 47 28 30 0.085138341978133594 47 8764 37 8915 46 8839
2419 11.913873234321525 29.963291857201217 180.50518625798347 184 155 130 0.5841785485399914 47 8706 37 8916 46 8787
2420 -46.032171417012989 35.789060853704115 193.04750618893914 221 122 111 0.083639644331436572 47 8708 37 8917 46 8789
2421 -33.652873393306237 36.442582704430365 190.39864609996846 17 20 10 0.24319316895379048 47 8709 37 8919 46 8790
2422 -49.343834410952773 38.923361619709148 194.51707446198145 53 4 21 0.18486841577272103 47 8710 37 8920 46 8792
2423 -42.833709862468112 39.754042727862661 192.55073855700843 72 64 83 0.17355461156136542 47 8711 37 8921 46 8793
2424 16.175085702355098 43.003348062938997 191.37779949173765 22 14 3 1.84575212841868 47 8605 37 8923 46 8688
2425 21.535330479576849 45.616978555594606 173.86125521655339 41 27 11 0.61652906872802415 47 8713 37 8925 46 8797
2426 11.280343466629866 44.414511591369845 167.97531755249776 14 7 2 0.62848053755049949 47 8716 37 8926 46 8800
2427 -3.8251993634596118 50.263034930040575 174.13857731239651 134 90 46 0.27259778851940619 47 8619 37 8928 46 8699
2428 15.124419557898801 -1.3344985240644418 205.60415195848535 43 43 51 0.71275184639776834 47 8666 37 8946 46 8750
2429 -25.753668123839219 -0.73715402943976993 219.06496593700462 43 19 24 0.63583299905806634 47 8747 37 8947 46 8824
2430 -39.17625239594814 1.8530772171062802 221.87357535151696 63 82 30 2.0363101896224514 47 8791 37 8949
2431 -52.119815216948616 5.3070759461489452 222.88142949075979 38 30 10 0.72660472324708314 47 8749 37 8950 46 8825
2432 -6.9783381889031499 5.0326642647814639 211.22130259720575 197 158 130 0.29036304391260581 47 8750 37 8951 46 8826
2433 -34.042510810996227 8.906928717916438 217.2211857633776 128 107 72 0.35555232205532189 47 8796 37 8953 46 8866
2434 -1.0841898379696309 9.3299405280797831 205.63598242955155 234 205 188 0.091761370334693337 47 8754 37 8955 46 8829
2435 -38.806244562823089 15.327244270854822 211.90090171206998 107 89 29 0.32773570608298491 47 8757 37 8957 46 8832
2436 17.069040187453211 22.07665977376362 199.23589187032621 3 7 11 0.25617617076301852 47 8809 37 8960 46 8879
2437 -51.677665333506042 27.799371893952205 210.57755518536132 118 112 46 0.12223035457871467 47 8760 37 8962 46 8837
2438 -29.65818464977648 26.834892815775394 195.82978197082232 188 152 64 1.4684028276033751 47 8761 37 8963 46 8883
2439 20.359963290826595 29.664882358208619 189.37925073220902 25 16 12 0.8155730232390902 47 8813 37 8964 46 8885
2440 20.359963290826595 29.664882358208619 189.37925073220902 25 16 12 0.8155730232390902 47 8812 37 8965 46 8884
2441 -48.411738549902871 34.724625933679313 198.15343245907451 219 125 102 0.55078906013098772 47 8765 37 8966 46 8842
2442 -48.411738549902871 34.724625933679313 198.15343245907451 219 125 102 0.55078906013098772 47 8766 37 8967 46 8843
2443 21.545841581768279 36.9496865865149 182.78146152746049 22 12 11 0.12686225568183185 47 8767 37 8968 46 8844
2444 -20.985152118073465 38.511336947625821 183.87187568128959 62 43 29 0.95798546031925724 47 8770 37 8969 46 8846
2445 46.023681874336781 54.510300214861992 169.49140166172793 100 92 29 2.169643662734881 47 8719 37 8973
2446 -17.067400484249593 -19.498535015755458 217.86068840796946 204 178 155 0.35438509415141478 47 8822 37 8979 46 8900
2447 -48.206619866213131 5.2326992337557758 223.03213093977706 153 131 108 0.14148656438242183 47 8793 37 8990 46 8863
2448 -37.441251478664732 6.201224486774727 218.26476714641015 12 19 17 0.12611703264221177 47 8751 37 8992 46 8827
2449 -37.441251478664732 6.201224486774727 218.26476714641015 12 19 17 0.12611703264221177 47 8752 37 8993 46 8828
2450 -23.15010113148519 7.7541631324708957 216.32466589202238 39 25 28 0.42594681142886365 47 8795 37 8994 46 8865
2451 44.197395831265339 14.548428619755757 202.92588568772149 174 137 72 0.74814407896158841 47 8798 37 8995 46 8868
2452 -32.902766045157392 14.033464467193507 215.3268861130193 27 23 15 0.55275940010935776 47 8800 37 8996 46 8870
2453 -19.778914889148329 13.398262210195439 206.32237737631587 99 79 43 1.179290479161808 47 8801 37 8997 46 8871
2454 -19.778914889148329 13.398262210195439 206.32237737631587 99 79 43 1.179290479161808 47 8802 37 8998 46 8872
2455 29.393951185051414 16.410291863450276 199.03412649984733 121 106 60 0.19624793582833799 47 8804 37 8999 46 8874
2456 -16.304336300760625 17.585803380655367 197.02153740819179 13 19 12 0.27934472129794191 47 8805 37 9000 46 8875
2457 21.653244820412517 20.148237438759413 201.40188397923896 17 14 18 0.10264004415354012 47 8806 37 9003 46 8876
2458 8.0538471952440887 20.269001869215888 196.29091559991338 209 178 159 0.19849639357241453 47 8807 37 9004 46 8877
2459 13.510729014280749 20.743912878355868 196.10657698238634 209 187 169 0.21249836126962782 47 8808 37 9005 46 8878
2460 30.924650658869254 22.774328851374307 194.61927173473003 9 10 15 0.66674984006241134 47 8810 37 9006 46 8880
2461 30.924650658869254 22.774328851374307 194.61927173473003 9 10 15 0.66674984006241134 47 8811 37 9007 46 8881
2462 -4.6624654950995037 30.575461885504183 189.0170777316392 116 104 48 0.44977241952425701 47 8814 37 9008 46 8886
2463 43.615404970756586 46.523819441153535 182.29892109339482 44 37 21 1.4220919667905039 47 8772 37 9010 46 8891
2464 -25.49961945458395 47.222434133977124 168.73429231367547 132 122 78 0.16946720419822062 47 8777 37 9012 46 8850
2465 -31.605845355296417 50.74761172220736 180.51434108322982 133 123 58 0.40817971128084718 47 8818 37 9013 46 8894
2466 -10.800063342000426 49.805904640986938 176.89905828870866 105 90 53 0.2795848515326107 47 8819 37 9014 46 8896
2467 -17.024728192493949 -12.564547750348362 217.77262888745477 243 217 194 0.094333796251445515 47 8825 37 9023 46 8903
2468 11.352948606390434 -0.22731619329520544 200.79289436856561 34 37 46 0.67770756415024935 47 8827 37 9027 46 8905
2469 30.898942112264493 8.0094010326908016 211.85478724150079 103 75 62 0.87921039522937849 47 8828 37 9030 46 8907
2470 -28.205501345021116 14.820668425408767 210.82574297761812 88 67 24 0.11250433917558249 47 8803 37 9032 46 8873
2471 -0.34676662625367727 14.908435627135349 202.29069686655146 228 202 178 0.086168113504849056 47 8829 37 9033 46 8909
2472 26.322326735920917 24.1704216974457 194.39939690070952 175 116 77 0.66164686271904605 47 8830 37 9034 46 8910
2474 -24.3395086067069 31.379650995096508 190.13587064433463 17 20 12 0.14444909201574671 47 8832 37 9039 46 8912
2475 -24.3395086067069 31.379650995096508 190.13587064433463 17 20 12 0.14444909201574671 47 8833 37 9040 46 8913
2476 8.144852600986475 30.459280815128892 184.04283487762646 174 134 100 0.49651187681581949 47 8815 37 9041 46 8888
2477 41.269810248576981 38.35817396029195 177.34904653713983 215 188 156 0.21634461863885157 47 8835 37 9042 46 8915
2478 41.269810248576981 38.35817396029195 177.34904653713983 215 188 156 0.21634461863885157 47 8834 37 9043 46 8914
2479 9.9627436290362965 38.149785789536246 171.10266460740931 74 81 22 0.92696426554154721 47 8836 37 9044 46 8916
2480 -18.065984578942253 48.52404859366542 172.97161196772484 138 89 40 0.75449038864088147 47 8778 37 9045 46 8895
2482 7.6638695267327446 5.8700283344279969 191.81567929413279 185 148 133 0.30190421280789526 47 8845 37 9049 46 8925
2483 -39.757366929478415 8.5182615337540373 211.14095077964095 13 16 18 0.60448362621478535 47 8846 37 9050 46 8926
2484 -39.757366929478415 8.5182615337540373 211.14095077964095 13 16 18 0.60448362621478535 47 8847 37 9051 46 8927
2485 -2.9065763434707148 26.432442266277274 189.48561884540075 65 46 13 0.89571133557686988 47 8849 37 9054 46 8929
2486 -2.9065763434707148 26.432442266277274 189.48561884540075 65 46 13 0.89571133557686988 47 8850 37 9055 46 8930
2487 44.618296723583512 32.881431051784929 185.50524583126517 18 16 12 0.13213833143784395 47 8851 37 9056 46 8931
2488 -8.9967327749235491 29.896419732366297 184.22323177757107 54 44 22 0.49115781813747073 47 8852 37 9057 46 8932
2489 -8.9967327749235491 29.896419732366297 184.22323177757107 54 44 22 0.49115781813747073 47 8853 37 9058 46 8933
2490 -18.103020558139164 30.634028609357337 178.19575075520243 190 130 80 1.2558799591289993 47 8855 37 9059 46 8935
2491 -30.126355260133689 36.040769007328066 194.84535181433759 138 101 28 1.2176436383985028 47 8854 37 9060 46 8934
2492 -37.277856541502452 46.0831664893905 182.574324217542 77 50 16 1.4979469479935581 47 8857 37 9062 46 8937
2493 33.010387487962909 51.399341363891637 182.98205508375608 103 92 78 1.6598004732945235 47 8839 37 9065 46 8919
2494 -27.16133387776912 3.1568942860326317 213.3592958671386 48 12 20 0.28170126432318099 47 8860 37 9069 46 8940
2496 -57.735105410167343 24.415572252361116 221.10011297756847 15 10 7 0.68917521516897284 47 8862 37 9071 46 8942
2497 49.212997259519824 25.075192529438123 182.66167323926504 144 115 51 1.5632106524353848 47 8863 37 9072 46 8943
2498 4.3285948118036366 24.9833422849917 189.59517869040215 40 40 37 1.2279680508302615 47 8864 37 9073 46 8944
2499 -1.8377574045575469 39.753044601030666 182.5032724189067 17 10 2 0.60825024260785643 47 8865 37 9077 46 8945
2500 18.052188800302737 40.314646428177788 178.28834145047813 23 13 12 0.98755090713993432 47 8866 37 9078 46 8946
2501 25.720169232239055 48.105076537281946 181.4947308677944 108 73 41 0.2963632703717361 47 8867 37 9079 46 8947
2502 42.769249868783405 20.270703989737903 192.25965665297448 139 115 39 0.33432760665332911 47 8870 37 9084 46 8949
2503 -40.1358798960974 35.989943490078069 199.07525634893716 2 2 5 0.3767777109768764 47 8873 37 9085 46 8952
2504 -40.1358798960974 35.989943490078069 199.07525634893716 2 2 5 0.3767777109768764 47 8872 37 9086 46 8951
2505 9.0691149743674 33.269796254756933 170.05100499374095 104 108 41 1.1128758485254269 47 8874 37 9087 46 8953
2506 -16.867253656396755 -5.416349891464181 218.49575422481027 174 153 128 1.6084955183989809 47 8885 37 9092 46 8962
2507 -1.5674057120097327 4.7007737967613856 202.0775349897736 244 210 192 1.3842106572962578 47 8886 37 9093 46 8963
2508 -1.5674057120097327 4.7007737967613856 202.0775349897736 244 210 192 1.3842106572962578 47 8887 37 9094 46 8964
2509 19.592232675462 8.6929465777524086 189.72245488095064 22 23 28 1.1569970582752378 47 8888 37 9095 46 8965
2510 31.784361114650892 -41.678475083446443 280.16259036765058 148 121 116 0.18300216471741049 37 88 46 26
2511 -19.166379166252998 -43.947260331804372 280.43155299273803 84 78 95 0.60598214503392756 37 90 47 19 46 30
2512 53.309053679607921 -40.079286535681518 286.42234650024557 124 116 124 0.20604706707044551 37 96 47 26 46 37
2513 34.015390067693836 -41.184269044467293 281.96283865248841 110 78 75 0.16631501584856234 37 98 47 30 46 39
2514 36.74807276270618 -40.638279672774438 280.70351113283016 157 118 117 0.12516922520324594 37 100 46 42
2515 38.349826258342524 -40.429343319496731 280.6405303798814 158 120 122 0.20082394706563145 37 101 47 35 46 43
2516 51.311626362541944 -40.158966200892735 287.21482181547145 117 112 120 0.28217036805021134 37 105 47 31 46 44
2517 51.076608232160673 -39.94931170290301 285.89963685562407 117 112 120 0.082816858091578627 37 104 46 45
2518 31.073831980187823 -40.808905246747649 279.07202110034547 162 144 134 0.35104870225034018 37 102 47 3287 46 46
2519 61.40218308501106 -38.185204230954554 283.32038273431789 90 73 88 0.35723364686135045 37 3494 47 38 46 49
2520 -27.459048282077674 -43.243029109600187 281.19389266498968 136 126 125 0.21022650519368766 37 106 47 39 46 50
2521 -12.896748865968943 -42.957683075077952 280.84441571109073 87 70 73 0.2009872529332096 37 109 47 44 46 52
2522 42.774169396082762 -39.341856709216415 279.56754425216076 160 117 123 0.078588929321238205 37 113 47 47 46 56
2523 -24.686346595315769 -42.566755077982954 282.21851119492214 84 84 95 0.67549408930831956 37 121 47 55 46 59
2524 45.35286513338518 -38.545491518710428 279.25368762782023 104 71 62 0.1652928992127333 37 119 47 54 46 62
2525 -23.61804587968123 -42.162813135519038 280.13074093272735 78 84 101 0.66855728678370241 37 124 46 63
2526 -11.50757176757643 -41.736516368547299 279.28686577680168 74 64 65 0.28413900935279113 37 126 47 60 46 67
2527 70.288015799728598 -36.203729533904024 287.52343096808238 148 129 122 0.25141151572326342 37 131 46 69
2528 42.407663494221431 -38.448752038346278 280.46432608164338 151 106 112 0.28856524091771957 37 130 46 70
2529 61.390597286993149 -35.888052983842805 280.57334417218311 133 114 102 0.20576701938186448 37 133 46 73
2530 47.512488524495694 -37.437386909121997 282.33762682138882 83 58 59 0.13712229669765344 37 136 47 66 46 75
2531 48.426828718147277 -36.956575574902423 279.83801675382063 140 102 108 0.21812538621368058 37 135 47 68 46 77
2532 45.468746700957198 -36.999945385942752 279.11723178532765 128 99 94 0.22970733295859888 37 140 47 73 46 83
2533 52.098010117869045 -36.128727735382874 279.32154716210385 138 113 119 0.23786741866450165 37 3524 47 78 46 86
2534 -65.322602250083776 -40.228048238155772 288.21651945741769 95 102 119 0.99080161591653981 37 147 46 87
2535 44.452626851873482 -36.68205325775584 277.92070721875024 68 40 40 0.2828180425225561 37 143 47 3316 46 90
2536 44.461667921377909 -36.671167900956497 277.87939226573917 68 40 40 0.13177203807372961 37 144 46 91
2537 -12.723538756281719 -40.266610234362005 280.25741752159826 73 58 66 0.16681294431967972 37 149 47 82 46 94
2538 -9.1279783603484166 -40.066366742960092 279.70245948895735 123 110 120 0.17365350270417465 37 150 47 83 46 96
2539 67.174600024313449 -34.141483629337245 285.35650949677694 163 143 136 0.33272200618318576 37 155 47 90 46 104
2540 56.463545311644161 -34.772319456852628 281.80745598780487 135 121 121 0.17785991452785452 37 159 47 91 46 105
2541 72.80683317660484 -32.888921560534058 284.02135954216709 139 124 118 0.38742987781292165 37 160 47 92 46 106
2542 74.001877859839695 -32.548424412231761 283.20723858011854 100 92 75 0.41410070658441239 37 161 47 3329 46 107
2543 73.627515869601098 -32.651829469371279 284.44502473192915 90 79 71 0.57949095615967883 37 3544 47 102 46 109
2544 73.951636386280995 -32.839653906422463 285.77415255067359 90 79 71 0.35514290710301333 37 3545 46 110
2545 39.62083131601667 -36.065924629721295 280.15544913204747 145 111 107 0.22817743215445749 37 166 47 104 46 112
2546 51.016104368005365 -35.034401328222145 282.15681978942604 69 40 50 0.13729083429632713 37 3548 47 106 46 114
2547 71.472073567652245 -32.703120822822783 284.94318519003036 180 155 136 0.17972047022880852 37 169 47 109 46 115
2548 -30.823524866403996 -38.505971899765278 278.39297538010101 126 100 104 0.18683562865666159 37 168 47 110 46 117
2549 63.872464086985595 -33.263895124393159 284.92179679646335 100 83 75 0.11688884041290369 37 179 47 116 46 119
2550 68.562853771526164 -32.116959129594235 282.51326962584534 113 93 74 0.2973568276043419 37 182 47 117 46 125
2551 53.250147344633916 -34.084141470026083 282.66102139522428 145 123 126 0.027956671985712278 37 184 46 126
2552 70.404967510306776 -31.772205762730088 284.01811462165188 123 92 73 0.084719221487139798 37 188 47 118 46 131
2553 45.759659784453234 -34.463771225081842 280.84683839695805 126 97 101 0.10912275079070506 37 185 47 120 46 133
2554 64.901787080353074 -32.575039294513964 285.08380855485075 140 124 114 0.225445086431729 37 190 47 122 46 134
2555 63.72032524742734 -32.369528333087104 282.89187884692507 167 147 140 0.08308242158853929 37 189 47 123 46 135
2556 64.337493366313765 -31.849047881595322 280.68790920960157 112 93 80 0.077468649310291543 37 192 46 138
2557 -31.545324394805039 -37.477422743832079 278.95829498173686 115 93 96 0.076338120662719278 37 191 46 140
2558 -28.516758137416865 -37.928874221996487 282.68973415714584 61 55 62 0.067209509256905609 37 195 46 142
2559 -28.516758137416865 -37.928874221996487 282.68973415714584 61 55 62 0.067209509256905609 37 196 46 143
2560 44.522296173625236 -33.971430393567168 279.97349116190122 56 31 28 0.18675940270566241 37 197 47 125 46 146
2561 34.779991067055526 -35.206200573878512 282.63797295375304 151 128 113 0.82169397270254163 37 204 46 147
2562 54.937707517025267 -32.576781393355638 279.68167461330512 96 64 61 0.17244380831085962 37 201 47 3354 46 149
2563 54.892028309131632 -32.538822452199483 279.41921578824167 96 64 61 0.15412495542884305 37 200 46 150
2564 53.319296384143186 -32.594481109125702 280.04373647568076 60 46 54 0.078770552160328855 37 212 46 152
2565 -51.473204227257462 -35.069601185385459 269.88270522443059 147 125 117 0.019646707000732438 37 194 46 153
2566 -34.358140980421723 -36.863007507243402 279.04850956558619 124 117 117 0.12763476340749658 37 210 47 132 46 155
2567 -34.358140980421723 -36.863007507243402 279.04850956558619 124 117 117 0.12763476340749658 37 211 47 133 46 156
2568 72.789081043198593 -29.342192100498664 275.78125540866057 169 136 121 0.8100128304605474 37 5496 47 130 46 157
2569 71.578649019589207 -30.518767281841921 283.67707508909689 195 170 153 0.072929450404604079 37 216 46 161
2570 -48.092160454638893 -34.61180191683971 266.9232507495629 140 116 108 0.15733995400517301 37 202 47 138 46 164
2571 64.232209383854382 -30.787786786394779 280.67885490613423 152 131 129 0.18220965189190608 37 221 47 139 46 166
2572 66.067223964383942 -30.777944704475132 282.50019708866273 117 95 92 0.10188088946031687 37 222 46 167
2573 66.956901595244929 -30.777364607885051 283.32555109853695 108 90 86 0.30828846411488087 37 223 47 140 46 168
2574 -28.393691844604199 -36.648421426323708 282.79582017453038 129 112 115 0.15054790814883767 37 3568 46 174
2575 69.197950967150291 -29.89117398254491 282.47185471684986 113 92 92 0.28873657418983045 37 237 47 149 46 175
2576 -39.191087723205065 -33.62879526575572 261.84357990024074 114 99 90 0.18890225321600637 37 220 47 152 46 176
2577 -40.887507483292978 -33.61541773425693 263.64967470032076 112 103 86 0.21140236462757714 37 226 47 154 46 179
2578 -36.601878866615635 -33.544035075280078 262.84058581263503 112 91 94 0.1711162485951325 37 230 47 156 46 181
2579 65.916603508148015 -29.919295474550797 283.71984399791819 122 110 112 0.21349456522357968 37 247 47 158 46 185
2580 -41.351128661393119 -33.304835341209284 263.60448478532675 78 58 45 0.30449483453755766 37 236 46 187
2581 -41.377094857899976 -33.328684167580981 263.76710638844253 78 58 45 0.22653206232902248 37 235 47 160 46 188
2582 31.023840725632244 -32.861209854547006 277.42692222449887 166 145 130 0.7827165727694575 37 252 47 161 46 190
2583 -17.079765634898578 -35.225256939309453 279.75801335195371 155 135 126 0.49303231258149927 37 254 47 164 46 191
2584 68.640964905142951 -28.600517550923584 280.36907708876191 85 66 68 0.11611259813237444 37 255 47 3384 46 192
2585 -50.772674276907814 -32.904223497803443 267.65395727266025 95 57 55 0.10835484611777875 37 246 47 166 46 197
2586 -39.334376836013782 -32.47389400569034 262.28988502375859 151 121 113 0.028042154103810342 37 250 46 200
2587 59.605947001690758 -29.376954337385865 279.90396448213738 148 126 116 0.03056153482027171 37 265 46 201
2588 -44.164406347825476 -32.068135348417719 261.26994773261151 129 62 62 0.25997542153425096 37 249 47 173 46 202
2589 -49.521183795136274 -32.771795241515768 270.44307852542528 80 42 46 0.12013808726432333 37 260 47 177 46 203
2590 -55.22856087984087 -31.909871284208712 267.67332978613632 49 41 49 0.41172538230102163 37 263 46 207
2591 -47.597424651067563 -31.795611943427229 264.00802847526188 129 71 61 0.3304744899204311 37 264 47 179 46 208
2592 -56.707592569179759 -31.290741226399362 264.78038566148098 94 88 111 0.32462470315750008 37 268 47 187 46 209
2593 -40.332137594699056 -31.947035395946966 264.27726893578819 156 108 97 0.1728540268889307 37 3591 47 3397 46 212
2594 55.082683734425231 -29.313131291935999 281.1202751854446 148 126 115 0.49832920431731759 37 279 47 190 46 213
2595 3.7750949401717251 -33.843489497848623 282.31862446423679 113 92 88 0.35614629925970509 37 285 47 3394 46 215
2596 -60.170071256768743 -30.94212889999708 265.60408578091761 87 67 62 0.377339229599365 37 273 47 193 46 217
2597 -22.531858307404089 -33.897949874828178 279.78582454930188 171 152 154 0.12805111490378576 37 283 46 218
2598 -64.726621172268665 -30.789471732424861 268.61237541188632 161 150 151 0.20823939778033701 37 274 46 219
2599 -49.661287151929848 -31.390384837577557 266.61559018114679 51 39 36 0.16252238773444233 37 275 47 196 46 222
2600 -22.263832218441081 -33.656337156234258 280.5395253510419 58 46 45 0.62155954752771214 37 3613 47 199 46 223
2601 -32.417948446117812 -31.11232965836281 260.83055130536388 73 60 26 0.15340329881571926 37 277 47 204 46 225
2602 -23.254786881844538 -33.227075706520949 278.03231088151324 98 85 82 0.27099661629646743 37 291 47 200 46 226
2603 62.042086102103973 -27.209778465787952 276.50576367328938 111 86 70 0.27339848742063522 37 3614 47 3407 46 227
2604 -63.066403470612705 -30.254999836539714 266.50711955238484 141 133 134 0.15113908405608548 37 286 47 202 46 229
2605 -47.03748064203937 -30.867813811528784 264.22028245310327 108 76 52 0.0852316807298798 37 287 47 205 46 231
2606 -34.341197795621028 -30.942284773265687 261.24966329735759 73 54 42 0.21802767575688098 37 288 47 206 46 232
2607 73.517404456483789 -25.682808157763706 282.76139806009871 147 125 119 0.37280046795676586 37 306 47 208 46 233
2608 70.111497404349109 -25.87964660219145 280.69017845034188 146 133 129 0.34251627713872318 37 304 47 209 46 235
2609 71.168946798811177 -26.030495961178477 282.6373013806666 152 138 138 0.60350781458094227 37 305 47 3421 46 236
2610 12.392588386863249 -31.437010225518691 279.5047122226876 234 225 198 0.44030652839984713 37 314 46 241
2611 -31.74201226216352 -30.149459442313756 261.26053523512462 85 72 52 0.46156249680511924 37 296 47 3429 46 242
2612 -49.766670696766568 -29.907011450655652 265.50153115285161 136 129 107 0.20724088363481794 37 298 47 216 46 243
2613 -46.664157636574444 -29.758669477447842 263.6065757556961 94 83 64 0.11174565716296493 37 299 47 219 46 244
2614 64.964563696297276 -25.348140127428923 275.85430716388476 70 59 56 0.1915011330510116 37 319 47 220 46 245
2615 -65.826989718962835 -28.688741739285106 266.04714951454605 91 73 70 0.17389668307207112 37 312 46 246
2616 -33.619296581716576 -29.850927724966379 262.62630351532738 115 92 80 0.20131869403748878 37 3623 47 224 46 249
2617 4.6435173270613017 -30.89280903900627 277.81699875005717 164 147 137 0.20265261719555189 37 332 46 253
2618 17.077681927036913 -29.738426586070592 274.24177294524753 138 133 120 0.1497164790740888 37 333 46 258
2619 -63.550790581256578 -28.051504778794836 263.93601287653956 109 91 88 0.43530015055664556 37 326 47 234 46 260
2620 1.888954614278348 -30.509813955917242 278.04152146576564 90 72 69 0.18518565650017563 37 350 47 241 46 271
2621 29.5752902529197 -28.799019736707887 278.0852774604499 139 119 99 0.28596272923353006 37 353 46 272
2622 -33.403169205805703 -28.658988492705166 260.13263881633924 59 37 31 0.12030170507818148 37 337 47 251 46 281
2623 -33.403169205805703 -28.658988492705166 260.13263881633924 59 37 31 0.12030170507818148 37 336 47 252 46 282
2624 -24.445013871455011 -28.894007204020344 262.14544095800397 37 24 33 0.15739188338539742 37 344 47 259 46 284
2625 11.046077837812357 -29.838488468145847 279.28724714410259 131 131 109 0.21515341306898059 37 359 46 285
2626 68.634987354648572 -23.503880802105211 276.61493936352929 66 56 45 0.37025871772463503 37 360 47 267 46 289
2627 4.6418308695085608 -29.765808422563754 276.87661559353347 141 126 113 0.23152448601703365 37 365 47 260 46 291
2628 16.490225674173221 -29.148588781294354 276.95058046319184 246 232 234 0.2088395853194224 37 366 47 265 46 292
2629 6.9360051658189521 -29.837317089737155 279.85769516604057 119 105 90 0.11560739338213682 37 372 47 269 46 294
2630 18.312212124566944 -28.840162917690208 276.43565942472975 140 142 144 0.064519888850706461 37 369 46 295
2631 -38.659075101133723 -28.095574669186572 260.28614379823068 195 158 116 0.32343149717615732 37 3643 47 273 46 296
2632 -35.628193873875922 -27.951767470905509 258.2731524793121 129 96 85 0.188722774381234 37 354 47 274 46 297
2633 4.1431459994086053 -29.51945176621572 276.28527554193488 142 123 114 0.22735291145159384 37 371 47 271 46 300
2634 2.1138572005755734 -29.689374328508183 278.00561958122944 83 65 64 0.14092590247850564 37 373 47 3454 46 301
2635 15.847760768757491 -28.810803114451616 276.34119643978141 64 55 51 0.11909569232302065 37 374 47 276 46 302
2636 -47.219613515591654 -27.797839506292576 263.39339305326962 117 107 83 0.17181987104365545 37 364 47 277 46 303
2637 -4.4273607238784978 -29.926383835098754 280.44625164661966 188 146 133 0.13043501368713128 37 387 46 304
2638 71.762772985708878 -22.628315842575123 278.40840347090233 66 54 60 0.14010069010126996 37 388 46 305
2639 73.103583270293697 -22.383580904863678 279.17782873528807 68 46 51 0.084042428260430957 37 393 46 308
2640 68.182725363464485 -22.602410733647009 275.73158378499801 80 64 60 0.15446508899162328 37 392 47 284 46 312
2641 71.572575819751904 -22.243146666503602 278.59512296126019 116 103 108 0.27118762699651594 37 3667 47 286 46 315
2642 71.572575819751904 -22.243146666503602 278.59512296126019 116 103 108 0.27118762699651594 37 3668 47 287 46 316
2643 -2.3211275606832316 -28.329027448542554 272.40170418047012 69 52 44 0.016858496440155225 37 407 46 320
2644 -6.1246089730558761 -29.02383361345726 281.62874712119782 117 86 74 0.61997433121389012 37 424 46 328
2645 -65.722211470914075 -25.519140411045015 263.54731099171778 126 94 83 0.45853825041130253 37 404 47 303 46 329
2646 -65.812763343404981 -25.57387143108993 263.96561608055163 126 94 83 0.47145022214023713 37 405 46 330
2647 -44.045821437016791 -26.154968877483753 257.10672135107836 93 62 41 0.2508364685644191 37 402 47 305 46 331
2648 -32.809796280765596 -26.797052627462296 259.47597057204774 119 98 85 0.19310922296499763 37 406 47 298 46 332
2649 -1.9058147049032892 -28.1674866001498 275.83921566340319 119 98 99 0.40621238528889619 37 3681 47 299 46 333
2650 19.513559442553326 -27.10685634015088 275.64568856716841 34 26 34 0.016691181954227197 37 421 47 297 46 334
2651 39.451399137597861 -25.350487453112493 275.82514257086359 200 162 152 0.10237497068759834 37 422 47 302 46 335
2652 -36.08441588680207 -26.07210052912891 257.35992165424193 74 56 44 0.19739898726701668 37 411 47 325 46 343
2653 -0.13572166343449182 -27.811668506492659 276.72507099861218 67 55 61 0.52573536165342882 37 431 47 319 46 344
2654 9.3313663822681949 -27.496721469977288 277.41268193938748 131 108 105 0.44454434931598441 37 432 47 312 46 345
2655 35.838686700434344 -25.339283846467705 276.10837666982025 150 133 125 0.39712091380934195 37 3693 47 322 46 346
2656 -51.676293238701774 -25.799186421639838 262.55653713248921 105 109 82 0.34353579646587029 37 423 47 327 46 349
2657 29.066747003820044 -25.876160692289254 277.30279379847258 82 58 45 0.25761276495046181 37 442 47 3492 46 351
2658 -36.938527192945301 -26.016935387507051 260.40094597047403 88 72 68 0.17688388325353088 37 427 47 337 46 354
2659 -33.35656677506018 -26.055719897273896 259.40743230117687 132 104 92 0.20106138839419074 37 3683 47 338 46 355
2660 7.7518200877522743 -27.32056005536219 278.45854490998443 63 47 48 0.24640741498645036 37 446 47 334 46 357
2661 34.605938461948703 -25.338951618621834 279.02728097185258 138 118 109 0.56400724614497533 37 449 47 3497 46 359
2662 60.173141541378016 -21.940649935955026 273.78176040384449 123 100 97 0.15057839578025037 37 440 47 336 46 360
2663 -63.73815194393466 -24.46409714277581 259.35379485965024 135 94 81 0.45855712417577338 37 425 47 341 46 361
2664 19.505542740298548 -26.309708961531403 275.69425464185736 254 248 253 0.16857771229948834 37 447 47 340 46 363
2665 6.2818157724658317 -27.151220266832933 278.02637214580011 48 41 53 0.082621549118874801 37 453 47 3500 46 365
2666 37.168763039915461 -24.646399327965348 275.73260294231 74 56 53 0.31932084787209081 37 450 47 3501 46 367
2667 41.583723529547164 -24.264763576622077 276.40511789923062 72 54 51 0.19682504694842792 37 451 47 345 46 368
2668 -17.152695223944374 -22.257231914140007 219.03761439784608 41 26 22 0.12620206915818605 37 376 46 370
2669 -6.916717536359009 -27.431408025670812 278.14767271752629 92 70 51 0.0791048043788143 37 459 47 348 46 371
2670 70.232403289801312 -20.71638918534693 280.6019812093478 165 161 174 0.27308049802428119 37 464 47 3508 46 373
2671 -6.4555136506383946 -27.242543277844273 277.67707047328452 162 139 118 0.084316034503511925 37 463 47 352 46 375
2672 7.8452774528036411 -26.666307672807655 277.67310710019831 126 115 121 0.18728627598873229 37 469 47 355 46 376
2673 -42.743494439947014 -24.94474316999684 258.6240959858921 117 98 79 0.44543123997602457 37 448 47 366 46 380
2674 -6.0040192411478248 -27.09738652707588 278.51600831104582 103 81 65 0.076596435536766011 37 476 47 363 46 384
2675 10.485173580849191 -26.020175502710114 274.33169071349437 141 85 92 0.44470116733500287 37 477 46 386
2676 10.485173580849191 -26.020175502710114 274.33169071349437 141 85 92 0.44470116733500287 37 478 46 387
2677 20.254125733348172 -25.494322201553576 275.2421110004621 112 102 111 0.18486533898332158 37 480 46 388
2678 31.506919894389494 -24.229924661133154 272.95132968406944 81 66 66 0.11777940541042153 37 482 47 368 46 390
2679 -58.582996391402538 -24.119422579175556 261.04226241786398 123 98 110 0.20733676592329953 37 455 47 370 46 392
2680 -58.582996391402538 -24.119422579175556 261.04226241786398 123 98 110 0.20733676592329953 37 454 47 371 46 393
2681 -55.571686783074107 -24.504860690810126 262.45930499835555 48 53 61 0.58296414271458186 37 456 47 372 46 394
2682 9.0288945344104814 -26.093102180045904 277.2647632104098 95 87 93 0.075200316665750097 37 491 46 396
2683 27.472917666151023 -24.520704418207764 274.74493260248579 134 102 92 0.15657286517061778 37 492 46 398
2684 59.707204677977188 -21.005258984237134 275.24856326030783 84 61 59 0.13331089006729541 37 494 47 380 46 401
2685 -47.484726952129741 -24.491379667472799 260.30545852869858 90 78 41 0.33863710621697313 37 461 47 386 46 403
2686 60.621875558542285 -20.512920408142449 272.38177310525793 79 56 55 0.12036462865794988 37 495 47 383 46 404
2687 -57.950660595780967 -24.023623122437872 261.73353851719042 70 72 72 0.0721343042830421 37 466 47 384 46 405
2688 -57.950660595780967 -24.023623122437872 261.73353851719042 70 72 72 0.0721343042830421 37 465 47 385 46 406
2689 -40.657814616352951 -24.327795118099051 256.64310489194941 65 52 40 0.24443078282429168 37 467 47 392 46 407
2690 -40.757688300223222 -24.403845629921474 257.29117072222658 65 52 40 0.22443927506753913 37 468 46 408
2691 11.155239781318919 -25.622624408666532 276.80697431911028 133 83 95 0.25452026502025266 37 506 47 394 46 410
2692 13.012303115325917 -25.715961204138985 278.16263625723184 45 37 45 0.23269784588265438 37 3729 47 388 46 411
2693 17.337379560546776 -25.090687251701805 274.15165611820936 143 115 98 0.10618052004837353 37 3723 47 389 46 412
2694 -10.967624045589542 -26.56872773640929 279.13003068795285 45 43 51 0.21149522737114412 37 509 46 415
2695 -4.1311917695646434 -26.219057930425464 276.80239154738007 62 51 53 0.17155328478837276 37 505 47 393 46 416
2696 31.113767562246203 -23.824007960099124 273.89037233402507 84 72 60 0.13519816450828512 37 507 47 395 46 418
2697 46.569113531905145 -22.317588635639254 275.1237160441944 57 44 34 0.33834434678637243 37 508 47 398 46 419
2698 33.497606834817539 -23.635483116075608 274.49637656614129 209 194 204 0.71059375333284203 37 3730 47 397 46 420
2699 -17.864617336607171 -21.141646616348602 217.06572296605205 216 182 160 0.19532513330320098 37 418 46 421
2700 -17.864617336607171 -21.141646616348602 217.06572296605205 216 182 160 0.19532513330320098 37 419 46 422
2701 27.373285162800315 -24.1479494312082 277.12055132574415 177 149 138 0.49048211376175788 37 3740 47 3541 46 425
2702 49.212896491384136 -21.730460305634072 274.87143176626063 251 234 233 0.046671485515513866 37 513 47 401 46 427
2703 49.212896491384136 -21.730460305634072 274.87143176626063 251 234 233 0.046671485515513866 37 514 47 402 46 428
2704 16.211128271419149 -24.694622348174335 275.36140069571877 83 60 54 0.40884137257322967 37 516 47 404 46 429
2705 -54.343044634112147 -23.847458775179032 264.34134345702017 48 49 40 0.62963431462526831 37 502 46 430
2706 22.798826724986707 -24.463811263336783 278.31470038971759 165 144 144 0.45960501094900935 37 520 47 405 46 431
2707 22.798826724986707 -24.463811263336783 278.31470038971759 165 144 144 0.45960501094900935 37 521 47 406 46 432
2708 61.196385095844988 -20.104443637312507 276.49058617127071 85 61 69 0.53718264556014705 37 525 47 412 46 433
2709 55.847691430805106 -20.695705909025936 277.02798879973778 116 81 68 0.081163233642097141 37 531 47 413 46 437
2710 58.995529094426253 -20.005586921363363 274.45108108237116 146 111 110 0.16682821848586116 37 527 47 415 46 438
2711 54.901136701250174 -20.674835855184082 276.3607652766309 71 46 28 0.087353329934192689 37 535 47 414 46 439
2712 -54.326219742570281 -23.20638729574328 262.36723209342557 101 100 104 0.19669134054814605 37 515 47 420 46 441
2713 -6.1257034685661127 -25.353469688134016 278.0047198214819 50 42 50 0.16177774117880997 37 539 47 421 46 442
2714 -36.156803918555312 -23.594140442556515 259.27238874025647 52 36 22 0.26191005386012645 37 519 47 424 46 444
2715 58.591846029021575 -19.780582718707898 275.31962913458199 170 131 119 0.36763604241029063 37 540 47 422 46 446
2716 73.217793141014553 -17.915084681903117 277.93721443735984 169 143 129 0.082907364687405213 37 543 47 423 46 448
2717 -47.282122862233145 -23.252061557218603 261.08883533919408 155 105 81 0.50939225241878738 37 3743 46 449
2718 5.1531729524689913 -24.691873386214855 277.36169307320176 112 114 137 0.06235661142213722 37 550 47 427 46 450
2719 5.1521815690243278 -24.689931725670501 277.34356033575682 112 114 137 0.08025137846748262 37 551 46 451
2720 65.759756909075492 -18.675697434701341 275.95127432594853 72 51 48 0.32159034387220775 37 548 46 453
2721 -41.981664679384401 -22.991725025322932 256.59828421913778 85 64 49 0.39873945358130031 37 518 47 429 46 456
2722 -41.278694837459426 -22.941623119956375 255.90532456358375 77 61 48 0.30824701685717676 37 526 47 433 46 457
2723 21.293094535706821 -23.233868026235566 275.16610831159431 184 165 170 0.14738141535620913 37 556 47 440 46 466
2724 -50.904384918622284 -22.676208904780921 262.14113362676608 84 82 80 0.16994354637412737 37 542 47 444 46 468
2725 62.513657706295433 -18.502924609455114 275.72341493631399 126 88 67 0.32783996170009544 37 563 47 450 46 472
2726 71.129685570194312 -17.417091736174758 277.42975365907444 103 78 78 0.18657827590516743 37 564 47 451 46 473
2727 -46.8135887818163 -22.283969969230196 258.12103783019847 128 77 53 0.26376213160548256 37 549 47 456 46 474
2728 31.978519848903701 -21.920732600880569 275.03974434617595 226 213 197 0.081438527848471651 37 567 47 452 46 481
2729 31.978519848903701 -21.920732600880569 275.03974434617595 226 213 197 0.081438527848471651 37 568 47 453 46 482
2730 57.028556722441955 -19.068190926116888 275.16911404221207 76 54 54 0.080493082281523423 37 3775 47 454 46 483
2731 33.33747172292901 -21.691127748729436 275.373918903012 214 206 193 0.4368435185751654 37 573 47 458 46 485
2732 49.174464569875298 -19.87725922378328 275.15241891386819 57 48 42 0.22666109726346897 37 577 47 465 46 486
2733 50.549280134467054 -19.834443363597355 276.48070091773224 122 92 88 0.33628844936652474 37 3779 47 466 46 487
2734 -63.851672623425195 -21.305058505506498 261.53943646451268 142 116 133 0.72089468044589233 37 558 47 468 46 490
2735 54.031422433911246 -19.193586351252041 275.10613721105403 134 126 105 0.45623685381218582 37 578 46 491
2736 27.530244999808001 -21.801910071728869 275.48205757052938 207 183 175 0.085717758209799835 37 584 47 471 46 499
2737 -50.550541662929511 -21.703159745663029 261.46769704723852 111 107 99 0.011361862503243695 37 574 46 503
2738 47.313766235882959 -19.578009003858423 274.50102518417441 56 52 59 0.53361810663664866 37 589 46 504
2739 -35.699599198880357 -22.18457475057167 259.84968209659047 124 107 97 0.22774228965920293 37 570 47 477 46 507
2740 -35.699599198880357 -22.18457475057167 259.84968209659047 124 107 97 0.22774228965920293 37 571 47 478 46 508
2741 70.266276482588395 -15.920967151797401 269.98048441204406 135 109 86 0.4479240594369549 37 591 47 481 46 509
2742 -62.09854756893796 -20.603444103749311 259.99729886050778 100 51 53 0.24210775507803883 37 581 47 492 46 514
2743 -62.09854756893796 -20.603444103749311 259.99729886050778 100 51 53 0.24210775507803883 37 580 47 493 46 515
2744 -56.376852071894355 -21.25926824091237 262.55268470695563 42 34 43 0.40747677382232156 37 582 47 482 46 516
2745 20.101973189537926 -21.797882489888618 274.48101803677281 74 66 78 0.47527056427178022 37 601 47 485 46 517
2746 57.120807891164105 -18.019640221597836 274.70125277012215 76 57 45 0.30641470091782719 37 603 46 518
2747 69.310360008048136 -16.511882180894016 277.36664312971379 53 37 31 0.27706745710462954 37 610 47 489 46 519
2748 -11.150080391988311 -22.407113371592299 264.44609502498855 61 67 70 0.37519310524076771 37 588 47 494 46 520
2749 62.122650995616162 -17.436760062013189 277.28624381826228 167 127 107 0.29162775701076188 37 614 47 487 46 521
2750 67.413964316983467 -16.524625806493528 274.8610818931474 107 76 57 0.12190020763579908 37 609 47 488 46 522
2751 70.866627542557296 -15.836624397753084 273.90202207696677 155 127 106 0.17746189478519683 37 611 47 498 46 524
2752 -64.224372038969094 -20.162521964665974 261.54335802122728 68 39 39 0.21087399175450564 37 593 47 508 46 526
2753 19.364622922220157 -21.518953757443413 275.2207544127026 247 229 237 0.06124235885749079 37 621 47 502 46 528
2754 19.364622922220157 -21.518953757443413 275.2207544127026 247 229 237 0.06124235885749079 37 622 47 503 46 529
2755 25.213969544819463 -21.032955709266847 274.37155480574791 142 124 105 0.21002175182667357 37 623 47 504 46 530
2756 36.848832611263994 -19.914453902433731 274.0695843050251 83 60 64 0.19465203878695439 37 626 47 506 46 532
2757 -60.787710049113208 -20.316936540365102 261.56872393500436 60 32 42 0.26642264475731947 37 598 47 510 46 534
2758 27.985349845170827 -20.581737834127452 273.98131166285759 116 90 94 0.28690552675378661 37 632 47 3609 46 539
2759 -33.255523395579118 -21.407552070169771 260.58646804347507 35 30 27 0.11295994023288321 37 3800 47 3613 46 541
2760 62.831065965272344 -16.38571910130478 273.90612696318811 112 78 53 0.30517396995843549 37 636 47 520 46 544
2761 1.1925681675340094 -22.184687483988821 275.53387609928114 121 124 146 0.18682499421227039 37 638 47 516 46 545
2762 1.1925681675340094 -22.184687483988821 275.53387609928114 121 124 146 0.18682499421227039 37 639 47 517 46 546
2763 51.032188267620647 -17.944340958805274 273.62397398338982 93 67 55 0.29345366725177496 37 3820 47 3615 46 547
2764 68.318082363678371 -15.636170809301598 275.55140530818397 76 54 53 0.098772483086290289 37 644 47 523 46 548
2765 -42.698107030028396 -20.586474001580061 256.67736930449075 67 51 35 0.22081105024619263 37 612 47 525 46 549
2766 45.517333063283715 -18.447637390131135 273.94799760667752 249 228 232 0.08679194083219284 37 643 47 522 46 552
2767 70.719331969388335 -15.003373380381857 274.48735607684029 169 136 113 0.34277158546932274 37 649 47 527 46 554
2768 67.356789894805516 -15.508470328995326 274.99708941797758 105 81 73 0.26403916575263969 37 652 47 526 46 557
2769 -66.737478282916157 -19.26886287385469 261.36217186613862 87 78 91 0.078019429524622527 37 634 47 533 46 558
2770 -52.064880014378339 -20.095609514979444 260.54951823285336 113 96 93 0.16969858833267468 37 3817 47 537 46 560
2771 67.523922898065095 -15.244356923004052 273.7705630669189 115 90 87 0.096551471124079413 37 658 46 565
2772 35.655198752696343 -18.99238305494146 272.44157940309947 66 47 49 0.10969591840619615 37 656 47 540 46 569
2773 35.655198752696343 -18.99238305494146 272.44157940309947 66 47 49 0.10969591840619615 37 657 47 541 46 570
2774 25.193296187610272 -20.051468705517951 276.02255061608554 50 51 40 0.18757848410385705 37 669 47 546 46 573
2775 25.193296187610272 -20.051468705517951 276.02255061608554 50 51 40 0.18757848410385705 37 670 47 547 46 574
2776 53.529308573582384 -16.95719925687845 273.11678330356597 150 119 98 0.34744703470870636 37 664 47 3628 46 575
2777 -34.108734099220904 -20.408635905023186 259.32290863481205 75 68 71 0.091918324199181889 37 645 47 550 46 577
2778 72.22241129549522 -13.833339609423083 270.96202213037873 107 76 55 0.15425611591876418 37 672 47 553 46 580
2779 -66.604816750371313 -18.704055258170388 260.91363907992326 44 35 50 0.10474024940324826 37 650 47 555 46 582
2780 -12.56963231061107 -17.669694875762065 218.15788546462403 29 29 37 0.1238971641345048 37 579 46 584
2781 24.455739913598855 -19.796365068131475 274.68886631276246 90 96 88 0.098832639170054803 37 675 47 556 46 585
2782 58.513487533804835 -15.998000318614805 273.8604035794196 158 126 112 0.10364204324001076 37 676 47 557 46 587
2783 61.986309782326209 -15.519124821105677 273.63516189834451 126 96 66 0.20852429276736539 37 677 47 558 46 588
2784 -64.989886754818187 -18.544576915771266 259.10535872543352 129 114 107 0.47320367566639804 37 653 47 562 46 589
2785 -64.989886754818187 -18.544576915771266 259.10535872543352 129 114 107 0.47320367566639804 37 654 47 561 46 590
2786 -57.758961452163049 -19.072614437270371 258.74328840131722 63 67 71 0.47394347072117715 37 655 47 563 46 591
2787 -31.562191441879943 -20.27676025588055 259.86715900948792 83 81 77 0.20775644990176478 37 660 47 560 46 592
2788 -52.532097143295999 -19.234705396729908 260.46418694277929 59 38 29 0.21104132421364508 37 667 47 571 46 599
2789 31.568664365934108 -18.425634115110302 272.90560521694249 127 114 111 0.097274900163258946 37 691 46 601
2790 18.822836256089342 -19.477604217290931 275.40528283848431 56 47 67 0.21758550766224638 37 694 47 576 46 602
2791 48.611160328744567 -16.313739317344233 271.01705594062605 62 42 33 0.21630237899589269 37 692 47 579 46 603
2792 -46.617195513526234 -19.014210468428143 260.32903749779598 144 115 91 0.086047668169964606 37 681 47 584 46 610
2793 -59.299193007971319 -18.019300701243662 258.64224767172919 74 58 47 0.52712953109693539 37 689 47 3670 46 612
2794 51.297252725598604 -15.537398760328664 269.02012560247243 152 125 109 0.13324176717484573 37 3858 47 3667 46 614
2795 51.297252725598604 -15.537398760328664 269.02012560247243 152 125 109 0.13324176717484573 37 3857 47 3668 46 615
2796 57.728858523646124 -14.835130372505544 270.58579684584697 165 130 99 0.23874839123410965 37 699 47 3669 46 616
2797 -37.936518775995559 -19.018106115656845 257.87275351543849 48 30 22 0.18646837959163512 37 690 47 590 46 617
2798 18.256694499562251 -19.017982744614429 273.21004562328307 120 109 132 0.044109453909816077 37 703 46 618
2799 37.302500737359971 -17.164825519247145 271.23304632362556 80 59 46 0.22927413343130668 37 705 47 598 46 619
2800 42.461529210210962 -16.655161076250625 272.11671987727846 94 64 57 0.14455694409696068 37 706 47 593 46 620
2801 45.182349445593864 -16.224154109825893 270.30500228579899 99 51 31 0.13099538821899104 37 707 46 621
2802 45.182349445593864 -16.224154109825893 270.30500228579899 99 51 31 0.13099538821899104 37 708 46 622
2803 56.418782326580988 -15.104667584088336 274.23668059400563 119 97 92 0.45469338103070905 37 711 47 594 46 625
2804 61.26011339760673 -13.849922549840601 269.11959317064134 146 118 107 0.37955071154179149 37 713 47 3681 46 629
2805 -67.304120625623852 -17.434221176810087 263.11896748106636 118 100 109 0.11953812436590507 37 3859 47 601 46 630
2806 -48.042738651637229 -18.400668631853208 259.8852393856705 45 22 19 0.10759934388587888 37 696 47 602 46 631
2807 0.85612526242656228 -19.136428914898591 265.77655624766521 37 27 31 0.035036393012569764 37 709 46 632
2808 27.632238710240696 -17.811322131209298 271.96670569417739 85 41 54 0.10354509490532532 37 716 47 603 46 634
2809 33.646044255763599 -17.220838011925839 272.8064918499677 106 63 42 0.21881586972670933 37 719 47 607 46 638
2810 38.802907033010996 -16.682016718762544 272.54303140450918 47 31 40 0.28172294909724671 37 720 47 608 46 639
2811 69.300056106159687 -12.678158444112096 273.78153246201754 170 138 104 0.1329623629340429 37 724 47 613 46 641
2812 61.261156312935874 -13.597108906694089 271.91361180697766 70 45 45 0.075626307843772306 37 726 47 618 46 644
2813 72.133756016912628 -11.821557488835168 271.47694405111196 100 66 42 0.48772144072293738 37 730 47 626 46 646
2814 -41.204901447090478 -17.874438900756033 256.33638825692913 91 82 76 0.14489992208407923 37 714 47 627 46 647
2815 29.291517350842966 -17.25862566795988 274.08188186072317 127 108 122 0.49332665275721738 37 3888 47 3693 46 650
2816 54.83873100560875 -14.513018363638706 274.99892469821248 105 87 98 0.21054881881863388 37 3890 47 621 46 652
2817 47.454339220062906 -14.981966923033593 270.06273262210493 57 36 34 0.12644733149611284 37 736 47 628 46 657
2818 45.683032216827115 -14.964887083775215 269.35533238761673 111 64 52 0.091643118048096217 37 738 47 631 46 658
2819 -55.28545341480698 -17.02759544656924 260.50998187846238 100 88 90 0.25226044472056236 37 728 47 640 46 659
2820 -55.28545341480698 -17.02759544656924 260.50998187846238 100 88 90 0.25226044472056236 37 727 47 639 46 660
2821 -43.357394207606859 -17.446885159377548 261.29083311492622 63 55 33 0.23477396723878821 37 737 47 652 46 673
2822 18.609687533475878 -17.202540325554487 272.42037904727601 149 150 176 0.13754156327025754 37 756 47 656 46 681
2823 38.634934582515761 -15.344669930826388 271.33882781080661 56 27 34 0.20277300223518244 37 757 47 657 46 682
2824 46.544651591472594 -14.409073270001667 270.18056172649085 91 55 45 0.048544434316178255 37 753 47 659 46 684
2825 61.671939377573381 -12.436839311470598 271.43867969684663 117 93 97 0.088499677209058991 37 758 47 660 46 686
2826 -49.404037326748721 -16.652920765319781 257.59723387905336 91 59 50 0.092957994339689112 37 739 47 663 46 687
2827 -49.071780865653921 -16.656284198882947 258.1015942803819 142 112 97 0.12976870001711596 37 740 47 668 46 689
2828 -43.796612243353259 -16.972502725653207 259.30136367901696 97 84 71 0.27956205020335595 37 746 47 669 46 690
2829 -51.708863514842271 -16.478214547310788 259.2390926319739 142 109 100 0.18445945252211057 37 751 47 667 46 695
2830 -59.603713066398775 -15.789934885875917 257.35607545603676 31 31 23 0.28474342833918892 37 3901 47 671 46 698
2831 59.25874917610092 -12.436910365082083 271.49818270702684 75 51 42 0.2559649643800937 37 768 47 670 46 701
2832 -57.750467784027286 -15.694861112947923 256.5807377839738 59 63 65 0.10626871962805372 37 754 47 3722 46 702
2833 -49.118542190999193 -16.632901937490033 262.75577248817837 93 76 68 0.16799629344047309 37 761 47 677 46 704
2834 8.6893057873322608 -16.800230585207562 265.88492133953747 110 108 113 1.0207359446111377 37 767 47 680 46 706
2835 8.6893057873322608 -16.800230585207562 265.88492133953747 110 108 113 1.0207359446111377 37 766 47 681 46 707
2836 -52.7318247493535 -15.654003937469419 258.85032158306979 162 107 123 0.12972652523439376 37 771 47 3727 46 716
2837 58.619623082734797 -11.524284274799934 267.34859702971875 125 93 88 0.34320953852107355 37 791 47 693 46 718
2838 -54.620173658666431 -15.46570192531536 258.80612412009827 31 29 27 1.0594871488091862 37 777 47 697 46 719
2839 -39.952259817666793 -16.198572701663693 259.63331587039642 50 55 51 0.15372473239416903 37 780 47 698 46 720
2840 7.179010105469839 -16.096788513376687 262.80704201142333 86 82 77 0.16638813121622092 37 789 47 700 46 722
2841 7.179010105469839 -16.096788513376687 262.80704201142333 86 82 77 0.16638813121622092 37 790 47 701 46 723
2842 -44.673442541600402 -15.830908051215667 258.59770727015677 100 83 75 0.1832208525610568 37 784 47 703 46 727
2843 -37.411230545784015 -16.244355391943344 260.25959434998055 86 70 64 0.27514162995314967 37 787 47 704 46 728
2844 71.691875448019047 -10.010308291562547 275.25229645953675 163 127 88 0.20529196916584783 37 808 47 695 46 729
2845 -53.677385697958755 -15.222847317160443 258.96062555091191 107 97 96 0.1194971402259203 37 792 47 709 46 732
2846 -53.677385697958755 -15.222847317160443 258.96062555091191 107 97 96 0.1194971402259203 37 793 47 710 46 733
2847 34.492669463016227 -14.154023279784351 271.20864940942727 98 76 68 0.31497062892553629 37 818 47 712 46 735
2848 36.814907232710539 -13.995633016941165 271.14773630460064 192 145 158 0.23032902743980976 37 811 47 706 46 736
2849 36.814907232710539 -13.995633016941165 271.14773630460064 192 145 158 0.23032902743980976 37 812 47 707 46 737
2850 43.762837296872085 -13.204590083847034 269.70446506944177 146 98 84 0.15759149871959566 37 807 46 738
2851 25.726296338687572 -14.861718278413701 270.91956833171838 128 100 98 0.19750222595573871 37 816 47 3736 46 742
2852 25.726296338687572 -14.861718278413701 270.91956833171838 128 100 98 0.19750222595573871 37 817 47 3737 46 743
2853 33.659330476603905 -14.049115837841835 267.825208186618 155 121 105 0.27635199461478299 37 810 47 711 46 744
2854 40.113605645287215 -13.647567763352502 272.48101786620487 108 97 104 0.3089851084266198 37 819 47 713 46 745
2855 -56.481812088398975 -14.895285915930058 259.97192556442468 107 105 101 0.2936644802923471 37 797 47 716 46 746
2856 -55.33295793783563 -15.083896658338478 261.41832645263526 87 85 83 0.13425325505940389 37 798 47 717 46 747
2857 -50.511798585126272 -15.081135828883214 258.0653722768576 130 65 84 0.19518142828946727 37 799 47 3742 46 748
2858 44.594990727547874 -12.646159422924306 271.03827517704877 154 108 92 0.28836216049928171 37 834 47 726 46 752
2859 -57.703553908234134 -14.027823779452342 253.32649798865535 28 29 32 0.55053786156551465 37 3941 47 733 46 755
2860 1.1936885150896026 -15.647008763171455 263.4014269840913 74 49 23 0.34793107882517971 37 821 46 758
2861 32.763022171452207 -14.045161686657016 273.99172048868934 161 129 107 0.20591918236570064 37 3961 47 725 46 761
2862 -55.589167371220356 -14.618140989213895 259.61913113640236 71 69 65 0.095878411417108525 37 815 47 727 46 762
2863 56.058744508573177 -10.859358012017617 271.5236297019602 155 118 115 0.076180070751777199 37 840 47 735 46 769
2864 56.058744508573177 -10.859358012017617 271.5236297019602 155 118 115 0.076180070751777199 37 841 47 736 46 770
2865 57.32630081384891 -10.662555698264931 271.08946866345434 171 120 110 0.019279028953608605 37 842 46 771
2866 -56.389021488792167 -14.125738967313762 259.19952194752574 44 42 37 0.39643970436094367 37 827 46 773
2867 51.213997787951641 -11.085399266327407 269.7250612351358 123 100 98 0.11352620813016685 37 850 47 744 46 777
2868 6.7680336652392947 -14.501834113658122 263.38931935160792 112 110 99 0.1653592222843068 37 849 47 750 46 778
2869 35.457427604139667 -12.693808011782114 270.36453016448263 211 184 179 0.11616631238706655 37 854 47 747 46 779
2870 57.473729193681805 -9.7205349333081603 264.06961007273969 159 114 120 0.49389782697435702 37 3975 47 753 46 781
2871 -55.496416827346671 -13.640389858323527 260.22678673355159 70 66 69 0.08980692329918516 37 847 47 758 46 785
2872 36.847292404298109 -12.220716068059067 267.75836865047415 95 74 84 0.52834907038269041 37 858 47 756 46 787
2873 2.1043817686654731 -14.158012952932649 263.59626073721904 95 69 45 0.16949023263123131 37 867 47 770 46 794
2874 73.342555642137128 -7.0173977961440857 273.39823709421427 77 53 38 0.33022782155598823 37 877 47 776 46 802
2875 5.2792121177144589 -13.528171546335878 261.71458411130163 121 119 97 0.28765681463182335 37 872 46 803
2876 30.494220852588608 -11.935894100026676 270.19289113299448 107 110 119 0.21598524357000892 37 881 47 784 46 804
2877 37.397026662561416 -11.284293221871096 270.52594570639667 203 189 185 0.058659817860366337 37 882 47 786 46 807
2878 70.062514589583301 -7.1422900388013177 272.11474609912756 141 122 129 0.17496434313075038 37 883 47 787 46 808
2879 73.854063318735385 -6.573804567260197 273.91629224354762 131 112 97 0.19984531065007957 37 889 47 788 46 809
2880 73.854063318735385 -6.573804567260197 273.91629224354762 131 112 97 0.19984531065007957 37 890 47 789 46 810
2881 44.851960073595173 -10.234321478166319 270.75678260558436 94 54 45 0.17860710337157967 37 893 47 794 46 816
2882 -41.711565891773766 -12.663076822452471 254.65294211370559 57 47 51 0.69695150001150186 37 880 47 804 46 819
2883 4.9102989833708293 -12.968964280065391 263.71485679043116 121 113 98 0.074221703502388936 37 885 46 821
2884 6.6105727766210034 -12.860079954841419 263.21617124751486 54 46 29 0.27789151519326488 37 886 47 799 46 822
2885 71.421470924545559 -6.4627309024057942 272.84784557263191 160 133 122 0.17313453283042438 37 900 47 800 46 824
2886 73.57245241236437 -5.969657943597757 271.73707060789832 90 71 59 0.089948732760201724 37 903 47 803 46 828
2887 11.858658965095964 -12.422622483694859 266.24566236165413 37 31 38 0.17261648235295493 37 902 47 3813 46 830
2888 -14.140374262848713 -11.049865902145367 214.70855659908662 239 178 182 0.12500201487184964 37 853 46 835
2889 71.321879599623003 -5.9582311495512137 272.88606056188542 51 32 42 0.24424289999204427 37 923 47 813 46 839
2890 31.64112860763597 -10.769033898528159 270.76338778730963 86 80 85 0.084722776494475058 37 921 47 819 46 842
2891 37.8711770958786 -10.121174921240458 269.80249388248177 82 61 57 0.31376533813131929 37 922 47 820 46 843
2892 3.8723091088082691 -12.119754802163285 263.4753164661202 38 21 21 0.047398913405948664 37 927 46 855
2893 64.546800709084934 -5.8950837927126924 267.47016812303622 136 48 52 0.055454732704286386 37 946 47 837 46 862
2894 64.546800709084934 -5.8950837927126924 267.47016812303622 136 48 52 0.055454732704286386 37 947 47 838 46 863
2895 38.093017555129862 -9.2844697260912419 269.7148536676192 78 62 45 0.14421610657356757 37 4037 47 836 46 868
2896 39.524432923745017 -8.9252102981870252 266.92679580339677 149 123 113 0.19732057048409679 37 952 47 841 46 869
2897 65.444480523388492 -5.6477793281101647 269.6540710284134 210 131 139 0.25552781750200754 37 960 47 844 46 870
2898 12.796481658661126 -10.886380454506691 264.09125513289001 70 58 51 0.16364878082039783 37 956 47 846 46 871
2899 9.1480986295940259 -10.877777817435618 262.5751652395212 90 47 41 0.016603109869482179 37 958 46 881
2900 9.7504661523760614 -10.732076195636802 263.45259651696455 101 63 53 0.23983983377225013 37 966 47 859 46 882
2901 31.899966083433394 -9.1284712322156487 266.76387404786635 59 47 47 0.077634281712809908 37 975 47 861 46 883
2902 58.774252466585736 -6.1048605625844745 270.35640854555072 232 189 170 0.13093478870045874 37 985 47 862 46 884
2903 61.084621353656615 -5.6879492090028148 268.65768817596603 79 53 41 0.19146887243423302 37 986 47 863 46 888
2904 -32.842031558374359 -10.476663759346918 243.79464813749195 31 31 1 0.22703063212242386 37 944 46 889
2905 -32.842031558374359 -10.476663759346918 243.79464813749195 31 31 1 0.22703063212242386 37 943 46 890
2906 60.709139723184443 -5.7613081377997695 271.70108201723218 131 94 76 0.12419610732917448 37 989 47 866 46 892
2907 -43.221135941296026 -9.4995815475855974 234.07827256976472 141 127 97 0.25404504675769268 37 4027 47 875 46 896
2908 51.686380399182305 -6.5713625184550795 269.96601080674662 98 57 65 0.36577262937316068 37 1000 46 905
2909 32.024426241092542 -8.5225267449268625 266.57306413821749 110 97 91 0.11473556716754008 37 999 47 879 46 909
2910 10.319333741986329 -9.9470830770404906 263.8164108927225 69 37 20 0.12290003017943865 37 998 46 912
2911 68.421098950212354 -3.6349029534490516 267.95306565298364 122 77 47 0.062391370512988986 37 1024 46 914
2912 31.813569031158508 -8.1093226491525137 269.79706504428441 43 32 28 0.1000228012667931 37 1028 47 896 46 918
2913 -36.186762114513719 -9.4361653213729149 248.08266155465898 149 139 101 0.46574576305465759 37 4053 47 904 46 925
2914 35.546721528267341 -7.4494999125054395 268.49893194591289 106 90 48 0.066306030456398102 37 1041 46 930
2915 53.710355937351366 -5.3400494516487562 268.89825330236846 73 28 44 0.17246034280654052 37 1045 47 909 46 931
2916 55.108735937426275 -5.2226852265637458 270.08235221715427 117 85 82 0.13321635326524375 37 1046 47 902 46 932
2917 39.843110649310866 -6.8028221764364947 268.90691917805981 168 140 129 0.032795507048960088 37 1055 46 940
2918 11.763189721927704 -8.8314852585462162 262.43209364285565 157 121 103 0.16799877230222945 37 4082 47 921 46 946
2919 63.356111920979579 -3.7568479623604158 269.62885729562282 79 51 44 0.13822984275281 37 1059 47 919 46 949
2920 42.209804321019831 -5.9344865244157496 260.09023134183536 66 34 39 0.2068183140287676 37 1056 47 932 46 954
2921 32.398377764857514 -7.0632362031476577 268.50675220071486 70 59 40 0.30732893601332528 37 1070 47 937 46 958
2922 47.627760508253445 -5.3783717850139832 264.99200242981431 228 145 148 0.081686530286521564 37 1062 46 959
2923 67.405485226528342 -2.8635543536287607 270.36816916399852 141 119 111 0.043505075310620082 37 1072 47 933 46 960
2924 40.185693000735554 -5.9581844186343318 260.69871040595268 164 131 124 0.28767608432952102 37 1061 46 963
2925 69.958148894176986 -2.1383868626791926 269.67584247390874 119 91 76 0.16644649559990862 37 1085 47 947 46 968
2926 13.618642353732238 -6.722322413435867 208.20180917853034 91 66 47 0.026842802602902192 37 973 46 977
2927 31.589460430198191 -6.7941660053410518 268.77014730372667 136 122 124 0.15418534110079593 37 1086 47 949 46 978
2928 44.179146557064023 -5.2342490786255649 264.02379934663975 221 153 153 0.91014983523914328 37 4103 47 953 46 979
2929 39.949626412291096 -5.1494764509837774 266.64989638441705 92 60 58 0.16788545850705675 37 1114 47 977 46 1001
2930 29.439199299262661 -5.9469306803440221 268.69802562605594 105 95 95 0.27448605507708596 37 1135 47 989 46 1009
2931 58.184296927485725 -2.6482422050759009 267.73525819519602 69 49 42 0.21238605829805102 37 1123 47 987 46 1010
2932 34.199362049903769 -5.195147501837031 266.08807397005518 86 62 38 0.31495476852537846 37 1140 47 998 46 1014
2933 56.991960699756 -2.5255228063774715 265.84426155133838 112 99 107 0.36857888089587604 37 1141 46 1015
2934 -0.96234579117578312 -6.4837016292353908 210.85148127771978 195 175 167 0.035027370893612367 37 1031 46 1019
2935 67.672365309328498 -0.85923550663648607 269.50489935829012 97 71 49 0.24624785297927443 37 1159 47 1005 46 1024
2936 67.672365309328498 -0.85923550663648607 269.50489935829012 97 71 49 0.24624785297927443 37 1160 47 1006 46 1025
2937 -0.29668772665062759 -6.3560439077536657 212.87721044231571 203 173 158 0.14959660545545753 37 1054 47 3928 46 1030
2938 52.09466828928494 -2.8413634062803563 268.30250302538627 118 79 88 0.69722503718614381 37 1165 47 1010 46 1043
2939 72.793132756644283 0.29886784420737189 269.603407933021 112 81 60 0.19665091127136788 37 1168 47 1022 46 1047
2940 -14.877722809709963 -6.3483298735002895 215.63406823248243 195 162 137 0.03545188928367414 37 1077 46 1050
2941 -14.877722809709963 -6.3483298735002895 215.63406823248243 195 162 137 0.03545188928367414 37 1076 46 1051
2942 29.011866961592752 -4.9381474933323526 265.95800809739171 61 57 63 0.21689657931543557 37 1174 47 1030 46 1053
2943 -37.905380527739418 -6.4173768557644779 244.52797173143881 34 38 0 0.061038680670835767 37 1138 47 1033 46 1056
2944 52.081655995512286 -2.2123757288261747 264.44526838435468 43 27 40 0.27929273133508437 37 1176 47 1037 46 1061
2945 19.348434316612426 -4.1899475734080376 206.91065272879081 104 104 114 0.24885910171685452 37 1090 46 1064
2946 62.827975719719284 0.79761369593410136 264.59877517207633 47 40 59 0.17747631644203007 37 4172 47 1074 46 1090
2947 -14.584844536786637 -4.2995070439428709 216.44177869395807 207 171 153 0.011569025350211691 37 1182 46 1115
2948 68.038131417484252 2.2467325273672332 269.74632536800715 142 120 117 0.60151939767438778 37 1240 47 1095 46 1118
2949 70.344855641819066 2.8708243860256411 267.99010841140392 154 129 112 0.18626355644505765 37 1248 47 1106 46 1125
2950 71.917769930629802 3.1628354502822065 268.91944025957923 197 172 153 0.27731752010375638 37 1256 47 1107 46 1126
2951 -48.953483674875017 -3.0727310019618357 229.53129448307433 73 49 46 0.31327609824114239 37 4167 47 1120 46 1127
2952 66.233989182666903 2.3800201576975026 268.02804248557834 136 117 133 0.22781920372164932 37 1255 47 1111 46 1130
2953 -17.471480665164773 -3.6773833098049522 217.31579272477492 230 204 179 0.097908410832766191 37 1204 46 1140
2954 -17.471480665164773 -3.6773833098049522 217.31579272477492 230 204 179 0.097908410832766191 37 1205 46 1141
2955 1.8759531220926364 -3.140510448579521 207.21125952798653 17 14 20 0.15708868708959017 37 1195 46 1147
2956 47.990135016104972 0.50296090290774897 266.92853742108224 112 99 113 1.1741626367571951 37 4198 47 1128 46 1148
2957 8.2129520644437068 -2.3743957489916476 201.66604853104965 25 15 17 0.079227128681297262 37 1203 46 1163
2958 -49.461601313586378 -1.8680197578418181 232.54514865948633 58 30 28 0.29826844169651867 37 1251 46 1169
2959 -2.0500850017526697 -2.6708735369641352 204.39492982531547 253 238 221 0.12021810867887464 37 1215 46 1172
2960 -8.3037958095204321 -2.6282045711912074 210.59532247380662 248 224 205 0.2023822532373945 37 1230 46 1173
2961 4.0678180363315208 -2.28752760800471 205.8902068841027 30 29 33 0.20599543240836807 37 1222 46 1174
2962 46.115491948628112 1.4250644595427955 261.60652779518085 64 57 71 0.021414594019118639 37 1287 46 1178
2963 -63.095626528714149 -0.76830506142626065 242.52588097382448 45 27 8 0.31892255477494708 37 1271 47 1160 46 1181
2964 -51.574819389444372 -1.3059924090611976 233.60285204906313 56 41 21 0.17581474884266635 37 1267 46 1186
2965 46.22042693977081 1.9748125830413663 264.48679902846135 88 87 102 0.12750509835729235 37 1297 47 1169 46 1192
2966 46.162774132003797 1.978629435708833 264.16464337267615 88 87 102 0.13667311598813756 37 1298 46 1193
2967 0.12201213207102726 -0.99527398586430305 199.61675692956169 248 216 196 0.3912964481135669 37 1262 46 1204
2968 31.460180998061563 1.8528976137329056 263.31810949446788 52 59 73 0.2089087869680725 37 1331 47 1188 46 1214
2969 -18.026270059029251 -0.83582889049974007 216.96644393353608 206 178 151 0.24737359389475469 37 4218 46 1216
2970 19.773275643537847 1.1713297030294476 208.31692619794279 64 64 74 0.14600833066903351 37 1296 46 1234
2971 -30.082913932732701 0.91471115177628926 220.7259724622574 83 6 12 0.018560611775612652 37 1335 46 1255
2972 -19.2368601949434 0.84245925590944348 217.96398280428633 192 162 136 0.17443412695838895 37 1341 46 1264
2973 69.46632637909002 8.7424080751462334 264.29386690990634 60 59 76 0.22616603870563176 37 1391 47 1231 46 1265
2974 71.174423950771128 9.4116084883034503 263.58741983695847 150 139 166 0.12399374316830629 37 1403 47 1248 46 1275
2975 72.020486657934867 9.7833856841640099 264.12300243120603 144 137 167 0.832974133431854 37 1412 47 1255 46 1280
2976 70.393729040769102 9.6643667985788593 264.61190383105952 40 36 55 0.52140104415483091 37 1424 47 4083 46 1281
2977 21.829413736873544 3.0892964219749586 209.99637984455043 96 99 110 0.080125242824071824 37 1352 46 1289
2978 3.7905862786771425 2.0399594531896343 195.53600440709116 238 196 174 0.013841351878073737 37 1347 46 1300
2979 30.390328479112423 4.4384389569880156 197.15541764757506 59 36 34 0.078781873041923245 37 1361 46 1312
2980 -41.968879219408223 3.3145571962246119 216.10724392805531 30 28 16 0.01974777663930273 37 1399 46 1324
2981 -32.571746043254109 2.9232503321616687 220.93563028555968 69 56 51 0.053972453311381473 37 1407 47 1305 46 1325
2982 14.821830756310383 3.5048558621742751 204.49084280179324 43 41 51 0.17106155317725893 37 1383 46 1328
2983 70.720610178216475 11.502547821913746 263.91608980696861 28 23 39 0.25316869922475621 37 1472 47 1315 46 1335
2984 35.282354339938145 5.8939054521513148 199.26799131959834 43 29 8 0.44307807929977033 37 1398 47 4117 46 1344
2985 17.823350181073224 4.8177420469900216 205.45339575787489 30 28 36 0.14129098337674334 37 1433 46 1367
2986 73.888212541054671 14.285935189502453 265.48326123354593 141 125 140 1.5924085750546639 37 1523 47 1371 46 1387
2987 -51.007724073238954 6.3855654417939451 227.64595877743432 92 55 5 0.064169385340360444 37 1493 46 1393
2988 -17.337330255535932 5.1973085654688687 216.50978718259248 172 138 116 0.15469516664979649 37 1490 46 1400
2989 71.160393430245151 14.867232730228121 260.16938978780325 127 111 124 0.18585252640604874 37 1555 47 1405 46 1416
2990 43.188080858293958 11.261352732705392 215.44617031729436 101 88 92 0.8912002495026432 37 4362 46 1472
2991 34.816624511024131 9.8236778950461154 198.996184552279 150 128 83 0.12183283943996215 37 1538 46 1477
2992 -1.4405924934239664 7.3653166895039712 203.02100530340863 250 221 199 0.12367250935820601 37 1551 46 1489
2993 -36.085316751666369 8.2794877810579095 215.07208603962331 79 71 58 0.16011411663949715 37 1584 47 1491 46 1498
2994 71.287785537461033 17.799858384990035 261.54540997758875 35 28 43 0.14130535446899237 37 1632 47 1486 46 1502
2995 4.0734853258350032 7.9151089109560093 198.02208875787875 162 121 103 0.041406768394528878 37 1574 46 1509
2996 -33.170546786945167 8.7035787211964948 215.56340090435424 70 59 24 0.089938867880529128 37 4388 46 1513
2997 -38.088137168606295 10.130564988046109 216.93741536016279 88 73 62 0.2889741183398945 37 1637 46 1549
2998 26.501150842951819 11.26266403165978 201.64968586092775 26 17 11 0.44405378564006109 37 1620 47 1556 46 1559
2999 -27.329228138486577 9.8635534315454105 209.8530710435289 39 9 11 1.1598529813543546 37 4409 46 1561
3000 32.479853806502611 12.181623166988574 197.62094589172162 50 35 18 0.44913203313057876 37 1635 46 1577
3001 -19.165369473655975 10.752830540130573 208.42846720030954 31 26 7 0.62102041348318249 37 1676 46 1592
3002 21.182836100526515 12.512975345627151 202.32198749021495 40 9 20 0.29508724681201165 37 4429 46 1601
3003 41.543288386542081 14.408030417515516 195.02729902568413 182 151 103 0.011595836090465895 37 1680 46 1607
3004 -5.6740955698293609 12.223918598068423 209.79001012660683 104 82 46 0.14548888236131902 37 4438 47 1631 46 1625
3005 -38.154295519067581 13.054704180746317 209.89948344457414 79 60 14 0.099543913291741448 37 1750 46 1643
3006 -26.062235861143119 13.038396594888761 211.50370323782718 96 55 26 0.28989598003600775 37 1760 46 1655
3007 9.4960501699880595 12.630509387109047 195.82896285956338 200 173 162 0.27177881559621514 37 1732 46 1657
3008 36.172364801340422 15.392453072605496 197.44912314513752 51 23 0 0.15472926529011774 37 1749 46 1668
3009 -43.102967858775457 15.240480655942136 214.89971219657471 22 25 11 0.80205852880672013 37 4480 46 1705
3010 45.898118441702096 17.824965771173204 193.26727743695707 121 89 33 0.39513042797650338 37 4469 47 1721 46 1716
3011 -38.216504788996794 15.250332374127181 211.27634095288283 145 130 69 0.48639092645359183 37 1815 46 1717
3012 26.9052716088711 16.511597870044643 201.85635414994778 80 62 58 0.20208029653577214 37 1813 46 1725
3013 26.9052716088711 16.511597870044643 201.85635414994778 80 62 58 0.20208029653577214 37 1812 46 1726
3014 -43.543929445391349 16.136578777715901 214.31787940490776 80 83 66 0.022437787311540183 37 1836 46 1732
3015 -36.661932671198798 16.429790947426085 210.08145914473266 119 109 71 0.044649864608677585 37 1875 46 1772
3016 40.567409059812825 19.157375604058153 197.97498426571522 169 137 105 0.068935748087321946 37 1870 46 1789
3017 40.567409059812825 19.157375604058153 197.97498426571522 169 137 105 0.068935748087321946 37 1871 46 1790
3018 -29.235801893843856 16.632616566346126 208.39884375031576 73 56 30 0.49913951436380277 37 1893 46 1794
3019 38.719916366562487 18.88966594774331 195.20079120089599 198 164 90 0.16540912685507833 37 1880 47 1797 46 1796
3020 -56.84225163945834 18.455307254180397 212.97874263231265 38 29 23 0.13633727791481245 37 1901 47 1794 46 1799
3021 -33.375022138475799 17.520495691610485 212.13848299262648 129 110 91 0.24032359025072114 37 4542 46 1808
3022 35.342279116081841 18.931283317621272 196.56457109708938 68 46 15 0.37579767946958575 37 1889 46 1809
3023 40.755560752104223 19.879880016844606 199.74506976467001 50 19 0 0.090915264456656639 37 4531 47 1812 46 1810
3024 27.04103369225702 18.629575877937363 199.83463689515932 20 10 1 0.39432359964308128 37 1917 46 1818
3025 3.9081496195815779 17.144995938748472 196.55980525259008 146 95 85 0.26695918031015214 37 1926 46 1841
3026 24.667961614071292 19.229689915989304 200.6105427164475 118 55 33 0.21318944781691757 37 1944 46 1850
3027 10.480858270599914 17.477361864458956 193.8280346882861 180 158 152 0.15999731151236898 37 1934 46 1852
3028 38.920403511160856 21.050465948037999 198.2698810411425 34 10 0 0.18432592099707529 37 1958 46 1872
3029 2.4751495705814426 18.465092906342498 199.69264377553247 186 128 117 0.0025472468531845789 37 1963 46 1880
3030 2.4751495705814426 18.465092906342498 199.69264377553247 186 128 117 0.0025472468531845789 37 1964 46 1881
3031 9.8573774424014697 18.623595235585384 195.38539694289594 91 68 55 0.09470775238177799 37 1966 46 1890
3032 44.483547138922702 22.520429374725985 192.43159506079326 187 168 82 0.040260782191206171 37 1987 46 1905
3033 36.084645319844547 22.163017782701246 196.74983723263588 20 9 4 0.24220641796446563 37 2007 46 1910
3034 44.327983473206032 23.197309605710725 195.28955061497516 194 174 91 0.2204286782954078 37 2008 46 1922
3035 6.073205354367027 20.0955768036028 195.6745675181858 149 84 72 0.15948065350168678 37 2028 46 1947
3036 -55.851230292517819 22.561006488766505 210.30675233260141 54 49 48 0.58513468131124147 37 2051 46 1951
3037 5.6023093987880959 20.465456045076035 197.37909263544694 157 115 97 0.36427345391336807 37 2041 46 1954
3038 39.26946709860357 24.027586421485406 197.81528722019524 119 98 71 0.060168678264402968 37 2067 46 1974
3039 -7.0486182210473185 20.56756087050471 194.04279177299861 188 139 128 0.10615694028317853 37 2074 46 1987
3040 15.968802015362396 22.905616069635776 195.29511723675324 42 48 54 0.11150969445742828 37 2114 46 2023
3041 40.22707648615301 25.866860802292294 198.89343032117293 57 43 1 0.16155291343101902 37 2125 46 2026
3042 50.444545268567431 27.154508677035331 196.26795916518802 69 47 0 0.25816768506316995 37 2126 47 2036 46 2032
3043 -22.894671352489116 22.313042886287132 195.23479943441504 89 65 14 0.23712723433811655 37 2139 46 2044
3044 44.551197923785239 26.361469632904516 193.70849323289428 39 16 0 0.3754937548531716 37 2136 46 2049
3045 -23.750905830342539 22.46394779942932 195.86819425073583 142 122 74 0.27846934012020075 37 2148 46 2052
3046 -57.217102903719841 26.094731929569168 213.41528310620691 40 37 38 0.16581841029569144 37 2165 46 2055
3047 30.484760496441403 24.652082326764582 191.08642845679549 40 3 11 0.081320003387096357 37 2149 46 2063
3048 47.24007175833389 26.932593541595754 191.61171351749888 174 146 108 0.3627903071095458 37 4688 46 2066
3049 47.24007175833389 26.932593541595754 191.61171351749888 174 146 108 0.3627903071095458 37 4689 46 2067
3050 -27.860612745682477 23.456749802926236 198.61551300185221 140 111 76 0.30026332900648989 37 2168 46 2075
3051 28.998707695311573 25.369337589022461 193.45332367615862 136 75 70 0.030963140014102362 37 2174 46 2087
3052 49.494813669003236 28.305191303345072 196.26978803250265 51 36 5 0.2761361355745236 37 4702 46 2089
3053 -23.92822409908198 23.116433657070711 193.88824963357581 144 133 71 0.21903670422036398 37 2180 46 2091
3054 28.880353931650827 25.738901596435383 194.37107577564694 91 30 22 0.090303640205977531 37 2187 46 2100
3055 -16.896621984976992 22.778848420667799 188.44277683839229 94 63 51 0.13035166140440721 37 2181 47 2101 46 2107
3056 -10.85306467484115 23.162136140271585 190.89586421590457 219 171 112 0.21402625777305329 37 2189 46 2108
3057 -15.469405553612743 23.027858223840219 187.55789658893372 118 77 75 0.68344212811273863 37 2199 47 2113 46 2112
3058 -51.887304678613326 27.850910609001005 210.74332957198237 99 97 27 0.091253262504430777 37 2259 46 2132
3059 -57.888040460766071 29.116182839609099 214.45445964378536 45 36 14 0.73988202445754014 37 2274 46 2143
3060 44.434543191798305 29.748655482594334 193.69663611479444 44 24 6 0.11786864513773522 37 4754 47 2170 46 2169
3061 -25.111906978441286 25.76496051319992 192.6820928956127 128 121 80 0.48823094617640561 37 2286 46 2182
3062 49.557336499121583 31.02383983773862 194.14040075948515 183 164 96 0.15676422396158463 37 4767 47 2191 46 2183
3063 -10.748992229507687 26.339733887198605 192.02966505492287 136 95 50 0.13838187591503856 37 2306 46 2214
3064 -36.86021642136555 28.755970507828842 202.62059000013559 70 66 20 0.083015686647947146 37 4800 46 2228
3065 -36.86021642136555 28.755970507828842 202.62059000013559 70 66 20 0.083015686647947146 37 4799 46 2229
3066 7.918276520835235 25.433878941509267 177.06232018047899 30 6 3 0.1465665638880323 37 2307 47 2242 46 2234
3067 -43.943254305467178 30.042181910181707 206.43914436018261 50 51 12 0.22281980964875822 37 2349 46 2241
3068 -46.599158076606869 30.19507737798806 202.10262557024262 93 94 43 0.24673007858874113 37 2359 46 2255
3069 -43.631553711237061 31.293383787767876 204.94697426095621 8 7 1 0.23929318491097179 37 2397 46 2285
3070 -48.03149565791945 31.898134594068459 205.09793591034992 110 107 67 0.055879597092809694 37 2408 46 2294
3071 7.3423881592664975 28.57872189174142 184.83275277926464 116 34 31 0.17702092008320111 37 2372 46 2296
3072 26.545477127157589 29.857541081718544 183.61667889790345 23 12 9 0.50149162996927088 37 2373 46 2297
3073 26.865439594119323 29.546618551012742 180.58760676976235 29 1 5 0.99708475851741907 37 2374 47 2313 46 2299
3074 49.63979432579869 33.480444048227682 181.09577649086174 59 49 1 0.087406700933542997 37 2410 46 2332
3075 -30.222496334947049 30.287701316254211 186.07321114270877 164 111 68 0.26363746388852827 37 2458 46 2362
3076 32.614844726089622 32.289126780955336 182.13082531904226 117 52 42 0.21851766527635713 37 2454 46 2364
3077 36.911219906925524 32.688375347755255 180.76775276705919 153 90 87 0.21304708433954794 37 2455 46 2366
3078 -28.586234350004624 30.361848179259997 184.52095835464368 132 88 25 0.69608707928307556 37 2468 46 2370
3079 -15.296958130261006 30.95095411274507 182.57398156996265 183 122 76 0.62648991002486032 37 2508 47 2415 46 2409
3080 14.38271745737687 32.499175160305406 182.96981914964479 171 148 117 0.38929435646817134 37 2513 46 2420
3081 -52.158713845054891 36.043988926870384 201.89800783065579 142 67 70 0.29640366023720155 37 2551 47 2426 46 2423
3082 2.1884824763268225 32.692785458196759 184.39399949469896 73 42 34 0.20111512993225694 37 4919 46 2432
3083 5.2023157151115207 29.808664676707057 168.61082002044577 61 61 0 1.3676634655166131 37 2511 46 2433
3084 -13.830399823844562 31.585997072812166 180.40103861269523 167 112 60 0.18769814620992481 37 2534 46 2445
3085 0.51611029704061129 33.16732184464324 186.55436918501343 24 15 9 0.26392130009044562 37 2555 46 2447
3086 31.370128790923726 34.421356111331875 181.1046018635603 197 137 114 0.18691358039045949 37 2543 46 2451
3087 -7.3246740126462377 33.15907247932406 186.62151657650693 29 27 8 0.17069704541525516 37 2565 46 2453
3088 28.666563400146902 34.928635332696402 183.86310912418935 43 21 26 0.28045416779468924 37 2560 47 4781 46 2455
3089 -2.317742651571483 32.526701932271827 181.15873018295301 25 14 0 0.1167675941368045 37 2566 46 2472
3090 -2.317742651571483 32.526701932271827 181.15873018295301 25 14 0 0.1167675941368045 37 2567 46 2473
3091 -1.8912336773609941 33.873864444939088 181.84796833812851 130 120 78 0.19079196522920136 37 2620 46 2509
3092 25.989414837434381 36.185670485084508 183.69409290516029 35 26 12 0.72738109002173612 37 4963 46 2516
3093 -31.794079805125381 34.970662403776792 187.37826270146073 173 122 85 0.1310047338547233 37 2634 46 2518
3094 -31.794079805125381 34.970662403776792 187.37826270146073 173 122 85 0.1310047338547233 37 2635 46 2519
3095 39.713899596421889 37.856115714526709 179.81118856929612 152 123 96 0.079962370965481172 37 2651 46 2548
3096 35.950347530237828 38.503223627588497 184.96592536615145 153 125 96 0.32564398043677473 37 4990 47 2551 46 2549
3097 -40.813959840273498 38.287689574487288 196.89758076887532 40 27 45 0.86323537120165139 37 2677 46 2556
3098 -3.6258814684751028 35.081807754835545 181.65252803345697 17 10 0 0.15296887854415947 37 2664 46 2566
3099 39.624972560923105 39.540109168074991 178.85060005622958 74 55 35 0.041138692498515213 37 2721 46 2623
3100 -24.604778571666166 36.942056569043608 184.45114574948781 53 39 12 0.44318818332772603 37 2733 47 2634 46 2627
3101 40.133958598018964 40.07559336093852 179.81754861519948 197 179 160 0.49905363680943604 37 2738 46 2637
3102 8.704221849230283 34.870722862326524 165.34585665955964 143 145 71 0.068097120908975184 37 5028 46 2671
3103 -33.172856666833944 40.169867620914395 189.9347470493976 158 153 112 0.25882362860866703 37 2828 46 2698
3104 45.589148858681476 41.217065934818912 172.7710715121533 223 195 166 0.24724014731777783 37 2805 46 2707
3105 20.533371444243183 39.718029525502189 179.34738779715056 112 99 87 0.008413298731311053 37 2822 46 2722
3106 41.758714335066621 41.760048392545322 176.67180668043747 213 198 158 0.26280187403182947 37 2824 46 2725
3107 41.758714335066621 41.760048392545322 176.67180668043747 213 198 158 0.26280187403182947 37 2825 46 2726
3108 -53.637543835661852 41.563548326973788 184.07895491594994 81 63 21 0.10451458439973886 37 2858 46 2753
3109 -0.016761090054957881 40.556725908595176 181.15260887098367 29 13 5 0.17792349749401984 37 2897 46 2786
3110 34.234504757453358 44.007401581418101 177.5831043445086 85 92 44 0.18612117165958811 37 2964 46 2843
3111 -48.862691592046289 46.925030917311545 192.35711807964984 48 31 38 0.15074389301650384 37 3037 47 2894 46 2901
3112 -26.152340405738133 40.143364915026986 167.5479431832276 138 122 78 0.69992982955515282 37 3017 46 2927
3113 -50.084601835312462 47.577913938373953 188.52304959754744 152 127 128 0.23986447463371049 37 3089 47 5082 46 2951
3114 16.75955166148691 45.53734225992681 179.34061566047004 44 30 30 0.56320626862499745 37 3085 46 2965
3115 -50.679222421226086 50.1500630630389 190.72679216110754 18 9 3 0.49266592685656302 37 3157 47 2989 46 3006
3116 -5.2914127415173713 46.602117989213781 181.75868520471221 22 7 0 0.38243251348074159 37 3148 47 2993 46 3017
3117 -16.881967304915165 42.410768390083646 166.22505481052863 194 141 100 0.05975182706540251 37 3127 46 3025
3118 16.35683708510323 46.929883044088974 177.58487952773689 64 42 39 0.13831018139737208 37 3151 47 3003 46 3028
3119 -52.952893567639862 50.375166232976049 185.30256496417491 74 66 45 0.040086759217340215 37 3187 46 3066
3120 -6.5582106247565273 44.369017421207595 168.24077273050867 40 22 3 0.14779868935315674 37 3184 47 5166 46 3090
3121 -36.273115352732987 50.612023587892175 189.37802091949925 169 140 109 0.035504359406851899 37 3222 46 3098
3122 -4.5478080798818548 48.315925167337447 174.83082727367878 73 48 34 0.51100747385366208 37 3270 46 3170
3123 -18.757187307564685 47.352625394416073 169.89777819017723 195 132 99 0.18982445371874065 37 3292 47 3170 46 3196
3124 -8.2730500080704825 46.551504300973463 166.94267222712887 55 32 21 0.15106574712660842 37 3282 46 3201
3125 21.72370164327042 49.860264701636027 172.18147306802692 129 124 86 0.27169048683095598 37 3294 46 3202
3126 -4.4970494404768644 48.412016331015273 171.44725648696783 48 20 0 0.18063827834884541 37 3302 47 3182 46 3219
3127 41.279682805844395 51.921076015339096 167.35061476103272 152 136 102 0.49957999274168841 37 3301 46 3225
3128 48.496615321343413 52.791443834456395 163.22928354929996 110 81 32 0.43429617212327121 37 3295 46 3233
3129 -9.0999705225641829 48.091805261569384 168.97557820644781 124 113 80 0.36250330416599652 37 5353 46 3245
3130 -38.087653398692069 55.035469766245292 187.3201651773843 181 160 147 0.22652434575883987 37 3375 47 3220 46 3278
3131 21.709063605946856 52.086370657131077 172.31603157142803 114 95 74 0.18843685981873345 37 3364 47 3241 46 3287
3132 19.37748770866569 53.517530369588712 176.13262541447463 40 34 25 0.41593384252289139 37 5381 47 3253 46 3299
3133 50.855433695604958 -40.539327361809313 285.63946292462566 83 71 80 0.22944453237912402 37 92 47 17 46 3345
3134 26.067731499929405 -41.906375931200486 280.41193548786322 181 162 150 0.49847424441852928 37 5438 46 3347
3135 -22.30426918025503 -43.88141751998652 281.98531388767736 79 72 80 0.23662919962414833 37 3488 47 3282 46 3349
3136 -14.729114644629441 -43.441016831146541 279.39036427525951 150 132 142 0.69807902170969027 37 3489 47 5294 46 3350
3137 55.279679612436226 -39.367868127415171 283.82199820437 139 121 120 0.2153901972908375 37 3490 47 3283 46 3351
3138 49.723322276699065 -39.906849271185266 284.94306628070262 111 102 114 0.24439861867456844 37 103 47 33 46 3352
3139 52.302670919184656 -39.988188286794163 287.46747697428788 105 96 107 0.23117514934502439 37 3497 47 3284 46 3353
3140 -25.320832750314302 -43.601948682831171 282.52885415399084 91 89 90 0.20032801963119629 37 3492 47 3285 46 3354
3141 37.343970187320764 -40.316249438008249 279.7449642088871 162 126 121 0.22403568776164051 37 3493 47 3286 46 3356
3142 33.419154819299656 -40.839496256078846 282.15044218046239 165 142 132 0.63819912939093504 37 3498 46 3357
3143 35.923145978313471 -40.087399723748867 278.35370863255685 92 65 57 0.24158446298579175 37 3496 47 3288 46 3358
3144 55.740067205889879 -39.059527536016539 287.0593302116776 150 141 137 0.24084563660673775 37 5445 47 3292 46 3360
3145 -26.932230709553988 -42.659332174141703 280.31946102277294 78 68 69 0.54634080886672187 37 3500 46 3361
3146 48.663097952070615 -39.170637701054808 284.16201126842583 137 113 123 0.20011369284173816 37 3503 46 3363
3147 65.386105558588227 -36.963424940720095 282.95059453474573 161 150 128 0.12405676788735993 37 3501 47 3297 46 3366
3148 -63.629235888870383 -41.630991124362872 285.13929353485014 92 89 104 0.61411266002309839 37 120 47 52 46 3368
3149 -26.828196440782428 -41.743450046684906 279.28001555901386 95 89 97 0.3176512400162434 37 3508 47 59 46 3371
3150 47.621993997508625 -38.431857376679275 283.01173260470262 144 110 117 0.24919183250475732 37 3509 47 5303 46 3372
3151 -27.838730589537377 -41.594709163568872 279.5231460469538 112 105 117 0.1861880650808764 37 3510 47 3303 46 3374
3152 34.584363262499963 -39.280178373576128 282.49288629007577 178 155 142 0.60514034358894964 37 3514 47 3306 46 3377
3153 34.584363262499963 -39.280178373576128 282.49288629007577 178 155 142 0.60514034358894964 37 3513 47 3307 46 3378
3154 51.599395966216903 -37.502217793755293 285.56048656648642 100 76 79 1.3033444061610961 37 138 47 3308 46 3379
3155 -30.222841985235593 -40.892272481737024 280.50886396119358 99 83 97 0.2046958797827817 37 3518 47 3310 46 3380
3156 49.604795674754804 -36.8592733604088 280.4424543228252 76 48 50 0.35759750667850826 37 3519 47 3309 46 3382
3157 -13.116203589711256 -40.80587848562277 280.70926961431474 128 108 110 0.22382681522651557 37 3522 47 3312 46 3383
3158 -34.110323469810297 -40.019364621937022 281.58062418967342 166 150 136 0.46165801599241485 37 3530 47 3321 46 3386
3159 45.095730992482828 -36.213211696151767 279.57589586249458 133 108 109 0.35849482062141264 37 5472 47 5322 46 3387
3160 -55.204789573168384 -39.597625934331944 285.0372890291834 113 109 101 0.64249359363833736 37 3532 47 3323 46 3388
3161 65.889032377171532 -34.38615348933137 285.08952067841983 148 139 131 0.1379935846856726 37 154 47 3324 46 3389
3162 65.889032377171532 -34.38615348933137 285.08952067841983 148 139 131 0.1379935846856726 37 153 47 3325 46 3390
3163 53.763531021057922 -35.295813236065896 281.37630718040526 57 44 51 0.21188698302934417 37 3534 47 89 46 3391
3164 -31.933641985493392 -39.394542305367381 279.07483368816219 82 57 69 0.32411231598362977 37 3537 47 3327 46 3392
3165 60.393736060243683 -34.151528680014628 280.53636299758813 154 140 131 0.23192720936739022 37 3539 47 3328 46 3393
3166 -56.031796012712149 -39.258690720917045 285.19975927646828 114 108 100 0.021628228526184019 37 157 46 3394
3167 51.268253136723978 -35.107836654739756 280.63637826301624 166 122 124 0.14295960904650543 37 5478 47 3330 46 3395
3168 -31.287173057070586 -39.030225992254621 279.04292484706917 125 94 105 0.23315096564508342 37 5479 47 5327 46 3396
3169 -13.206800855944815 -39.129798901064639 278.9733568366496 83 65 64 0.13135736676593582 37 3541 47 3332 46 3397
3170 67.988029447485644 -33.199516455834761 283.13863327015787 112 96 83 0.62841356369917567 37 3543 47 3333 46 3398
3171 54.729921777813779 -34.442598769275214 281.85303206347288 78 54 61 0.39688214122879256 37 3549 47 3339 46 3400
3172 -28.208589172700879 -38.952986231318583 280.83581485185425 119 107 111 0.30066322926119499 37 3551 47 3336 46 3401
3173 5.4393907899841709 -38.242811366698511 279.23277812338716 119 103 97 0.74248287516389677 37 3547 47 3337 46 3402
3174 -34.833480918358248 -38.437571072062681 279.52819390814278 146 125 120 0.66018043067167687 37 176 47 5332 46 3404
3175 55.013104975745861 -33.942270689983268 280.03347680350191 143 123 119 0.095884446629338524 37 173 47 113 46 3405
3176 55.013104975745861 -33.942270689983268 280.03347680350191 143 123 119 0.095884446629338524 37 172 47 112 46 3406
3177 58.086964436810852 -33.539014201808811 281.2517652464353 91 70 63 0.30908993646383659 37 178 47 3342 46 3409
3178 61.162642936764705 -33.636684455057406 284.21214315602555 103 87 81 0.19047973820206854 37 3553 47 3343 46 3410
3179 62.368615648800429 -33.248382666918864 282.95883022973391 87 69 64 0.21387447615057989 37 3554 47 3344 46 3411
3180 41.921814006224444 -35.231197732772706 281.00420298874042 125 88 85 0.24131580466049729 37 3555 47 3345 46 3412
3181 -32.232220618160575 -38.082173014838446 279.97527492203466 84 63 70 0.17050036744578026 37 3556 47 3346 46 3413
3182 62.122498263045038 -32.989625528174628 284.38129960827058 169 152 144 0.27910122662279152 37 3558 47 3347 46 3414
3183 39.700569375108998 -34.927106581371945 279.59437711696842 171 147 139 0.15909892161462733 37 3557 47 3349 46 3416
3184 46.414632054984686 -34.492261093902187 282.14739527936894 75 53 55 0.21628947605719828 37 5491 47 121 46 3417
3185 -35.634274597000811 -37.855296961946166 282.20692798161389 75 62 64 0.1729157963781903 37 3559 47 5340 46 3419
3186 55.462414375312882 -32.038596990647562 282.34136857850928 89 61 58 0.23144412205608264 37 3563 47 145 46 3428
3187 63.699989642813371 -30.671719332962457 280.30808058025656 80 65 63 0.064001033568885479 37 228 47 3364 46 3429
3188 74.09014384129793 -29.563376477218242 282.74935095351083 128 103 86 0.61547791852874079 37 229 47 3362 46 3431
3189 50.273229996691192 -31.616239050467581 276.14080156250401 56 44 56 0.04234757920138036 37 3564 47 3365 46 3432
3190 68.569230275129385 -29.990024119882872 282.4099332272645 116 95 91 0.24422461727754174 37 3569 47 3366 46 3433
3191 58.593785487480808 -30.877507747440109 280.319183161068 98 88 78 0.20711487556453942 37 3570 47 3372 46 3436
3192 66.405763199652966 -30.157757105022679 282.59172327183313 149 131 133 0.29044184281677426 37 3573 47 3373 46 3437
3193 63.059374208114946 -30.098991739014501 279.32080209985958 140 123 124 0.50545525696698645 37 3571 47 3375 46 3441
3194 64.930847699146554 -30.001913730864345 281.5120245783134 70 58 58 0.15312996412820823 37 3575 47 3376 46 3442
3195 -53.000403066507822 -33.153292339079975 265.37840249862006 69 59 60 0.67350738135656496 37 3566 47 5359 46 3443
3196 52.578587566353903 -31.488382993386768 280.9519719334931 118 98 96 0.28972114885231731 37 3577 47 3378 46 3444
3197 56.115312194148387 -30.786159698009275 280.70932788484095 81 60 58 0.28037778272031672 37 3582 47 3379 46 3447
3198 -63.848221998590127 -32.47666090052725 268.33352694202364 89 85 96 0.94609436458441232 37 3576 47 3382 46 3448
3199 -54.963655788305559 -32.994154100691667 267.96602637521482 71 59 59 0.40135083449017334 37 3574 47 3383 46 3449
3200 72.772791587153989 -28.211888578454591 282.0116260640587 179 153 135 0.31039675348809964 37 257 47 165 46 3453
3201 -45.593037349510205 -32.746344467220176 264.57211986021929 74 21 25 0.30519536775405348 37 3579 47 3386 46 3454
3202 -34.441484577650733 -32.239319544157773 258.12841927300497 89 66 51 0.21864105079634383 37 3580 46 3455
3203 -40.720140811582283 -32.058049233828086 259.13055736636176 129 94 84 0.59681852583739714 37 248 47 3388 46 3456
3204 -52.24353505426766 -32.213637008803666 265.32367120089157 88 74 79 0.10992008788084384 37 3583 47 5369 46 3458
3205 -63.639368140623624 -31.466755264339287 267.08244596295481 255 246 247 0.14219297396870201 37 3587 46 3463
3206 -40.48913939263646 -32.245192379348488 263.25324080419773 88 53 40 0.21207730498151708 37 3586 47 3390 46 3464
3207 -47.983019330886663 -32.376401723412982 269.03504354107224 172 115 94 0.39625764465731278 37 5520 47 3393 46 3468
3208 69.135717573850968 -27.844449652812433 282.35987830221973 82 69 66 0.092980280106030558 37 3598 47 3391 46 3469
3209 69.135717573850968 -27.844449652812433 282.35987830221973 82 69 66 0.092980280106030558 37 3599 47 3392 46 3470
3210 66.053510528529216 -27.629912582533365 279.18625176216977 157 137 132 0.56793104976137843 37 3600 47 3395 46 3471
3211 -43.327238765143015 -31.608422461129322 262.96488706319752 136 82 84 0.20163476379199055 37 3589 47 3396 46 3472
3212 -42.386901188512716 -31.393033391048714 261.0448194158659 110 50 52 0.25915870844702987 37 3590 46 3473
3213 66.509448857710083 -27.380139255168007 278.20310193815931 131 110 110 0.27468529024057786 37 3602 46 3474
3214 -62.683299882566196 -30.810310905227496 265.86114219715608 255 254 248 0.29512207533660639 37 3592 47 3398 46 3475
3215 -32.796341470627638 -31.630413167191403 261.22341404549695 144 126 98 0.62543736996437682 37 5523 47 3399 46 3477
3216 64.663961722909448 -27.497245079834329 277.43271953651123 149 127 121 0.29142511510088154 37 280 47 192 46 3478
3217 -56.29374137367757 -30.885999793760195 264.58458640388278 52 47 66 0.27730155345487756 37 3596 47 3404 46 3481
3218 -56.29374137367757 -30.885999793760195 264.58458640388278 52 47 66 0.27730155345487756 37 3597 47 3403 46 3482
3219 -31.923723900391298 -31.701711193008901 264.07230988870708 53 40 38 0.1439213023165076 37 276 47 3405 46 3484
3220 56.627018156991141 -28.422737285818716 280.15250958878664 148 134 118 0.34858148662357574 37 3615 47 5384 46 3486
3221 -54.364803586297292 -30.033428668801939 259.68475115273571 35 35 48 0.021893118458166917 37 3601 46 3487
3222 69.4181942592909 -26.744149379630151 282.01856827594958 78 67 61 0.30646774494979107 37 3616 47 3408 46 3488
3223 -43.827289861867115 -31.079555602196141 264.9360259780845 58 29 29 0.10082748873311222 37 3605 47 3409 46 3491
3224 -35.387885241967709 -30.899296293183959 261.61780343654078 75 55 48 0.18583554267891875 37 3606 47 3413 46 3492
3225 -60.501796299290135 -30.396398544118906 268.25205281901657 122 92 78 0.45775307649730196 37 3609 47 3414 46 3494
3226 -60.501796299290135 -30.396398544118906 268.25205281901657 122 92 78 0.45775307649730196 37 3608 47 3415 46 3495
3227 -47.837559324560623 -30.675671099141553 265.03308673959106 144 118 95 0.217309335878315 37 3611 47 3418 46 3496
3228 -31.518706352825266 -30.716732862041496 261.03091313100765 144 125 109 0.34112484505421792 37 3612 47 3420 46 3498
3229 -63.504643578779834 -29.402059873753515 266.55960156235216 199 186 196 0.24561663589960059 37 3619 47 3425 46 3500
3230 -26.767618021294552 -30.985164993070871 267.21298974177228 55 48 51 0.056902525771021888 37 3621 47 5397 46 3501
3231 73.218617128246748 -25.214382988896858 282.84933349085406 71 56 50 0.52938620536296932 37 3628 47 3428 46 3503
3232 -9.6126464503765643 -31.700158096980143 275.13861010215055 162 147 127 0.55435482480137688 37 5548 47 5398 46 3504
3233 61.677125314071887 -26.120021622073942 277.5974617971932 160 138 131 0.29078726727380055 37 318 47 3430 46 3505
3234 70.603613729864293 -25.309862814584509 281.6470242668484 60 50 48 0.24594325274491843 37 3631 47 3431 46 3507
3235 27.379379323944949 -30.104552154082356 280.66152500384953 164 146 127 0.77295853704923567 37 327 47 3433 46 3508
3236 -62.898322342824208 -28.423615267116105 262.56964605236823 66 51 52 0.21565707822994759 37 309 47 3434 46 3509
3237 -28.636386420637777 -29.717068562649217 261.00313304531937 117 103 99 0.27318877383468476 37 3624 47 5413 46 3510
3238 -49.259279706426128 -29.382371170344744 264.74536155675793 93 88 60 0.26898503278279379 37 3627 47 3436 46 3511
3239 -46.129754579209092 -29.083378550361001 262.39498745047933 110 100 88 0.24862240781665501 37 3630 47 5418 46 3512
3240 -29.647995277851109 -29.312608957518865 261.41369282969521 113 102 95 0.17399759001942994 37 5555 47 5420 46 3515
3241 4.420728722555924 -30.428144848744399 278.1756145664998 89 69 62 0.40910898908669169 37 351 47 3444 46 3516
3242 16.148580252005939 -29.731776376915207 278.12571367264849 63 52 46 0.26578198433620159 37 3644 47 3445 46 3517
3243 -38.694364988204192 -28.561367894939739 259.76122229713917 105 69 36 0.46636206075751918 37 3635 47 3446 46 3519
3244 -66.059470111295951 -27.643793893105862 266.10570037856183 105 82 83 0.2583786569033843 37 340 47 3448 46 3520
3245 -11.388454511345032 -30.668613173414496 278.941727013937 121 118 103 0.11406920565582435 37 3645 47 3447 46 3523
3246 -12.342923206049488 -30.434846308919639 277.95609546100212 117 118 102 0.15822654960197152 37 3646 46 3526
3247 61.246629696747242 -24.257613360124871 272.93557254361974 132 113 120 0.14983300658056045 37 357 47 3449 46 3527
3248 -3.2605027962607127 -29.541604406976965 272.67144578244654 151 133 120 0.22500649388262528 37 5574 46 3528
3249 11.397958573641956 -29.190275332802859 278.24720680956324 85 78 60 0.43376704593406284 37 377 47 3458 46 3532
3250 -58.432464986136324 -27.157751165249969 263.82573714159622 140 128 111 0.15290139754110801 37 3647 47 3459 46 3533
3251 3.6310788050212874 -29.527395803944817 278.40888177836484 128 113 104 0.43736761811213298 37 3658 46 3534
3252 58.551113133158331 -24.126335763101519 275.69258521278823 162 128 109 0.56060575348540997 37 3660 47 278 46 3536
3253 -8.5407202624637044 -29.381825316337096 277.73678170609401 129 125 115 0.30271987392461613 37 3665 47 3461 46 3539
3254 -5.6417263855019373 -29.390306631938852 277.71032676596764 128 101 88 0.65051219410970196 37 395 47 3460 46 3540
3255 -40.344321206377046 -27.252536665559823 259.96374086326927 104 64 39 0.21540615399087773 37 375 47 3463 46 3541
3256 0.15456910545970978 -29.041635799871091 278.04005845021265 61 42 46 0.26582367618168989 37 3666 47 3465 46 3542
3257 38.714427445241689 -26.502422214394326 278.73395828850659 151 122 102 0.23951379005183357 37 403 47 3462 46 3543
3258 3.3096580943579812 -28.949342423430096 280.04311170026341 77 55 51 0.18257235877870467 37 3670 47 290 46 3547
3259 3.3096580943579812 -28.949342423430096 280.04311170026341 77 55 51 0.18257235877870467 37 3671 47 289 46 3548
3260 -37.277309733260871 -26.885027405542637 259.30108305609122 133 111 93 0.14227976654803789 37 3662 47 3470 46 3550
3261 30.535971099864547 -26.622705011259406 276.80558190465263 172 144 131 0.13871066973659671 37 3673 47 3469 46 3553
3262 74.588996619705824 -22.087258624592867 286.7052700849157 82 58 58 0.48145217385469419 37 3685 47 296 46 3556
3263 -28.597263272289094 -26.772389604559333 259.60166080661003 73 70 76 0.3267299675239364 37 3669 47 3476 46 3561
3264 2.8811708253284034 -28.034745468492869 278.05807958388681 139 119 119 0.28423521258140755 37 3687 47 3479 46 3564
3265 2.8811708253284034 -28.034745468492869 278.05807958388681 139 119 119 0.28423521258140755 37 3688 47 3480 46 3565
3266 44.037590511216742 -24.208590625444412 271.99766332426645 149 124 110 1.8394424245083372 37 3684 47 3481 46 3566
3267 6.1347757956476467 -27.7869572603758 277.96022406825489 147 133 135 0.19071318950567628 37 3692 47 311 46 3568
3268 15.396986310023596 -27.100309775197527 276.48930058640116 81 69 57 0.059078675572626589 37 430 47 3484 46 3569
3269 -47.850404213179011 -26.02258628647423 261.32767649020138 121 128 77 0.49344782610801419 37 3674 47 3490 46 3571
3270 -3.8670509702031923 -27.913216860219038 275.46795093093635 98 76 64 0.22340975200143243 37 5583 47 3483 46 3572
3271 -10.159201815561079 -27.922277768001177 275.66931187331761 107 96 91 0.12069902810970212 37 3691 47 3487 46 3575
3272 -35.796925668302109 -25.969241955923284 258.39282759446769 147 140 112 0.22040838526586268 37 3678 47 3494 46 3576
3273 10.37401270041067 -26.991173122683406 275.84605570166582 106 65 63 0.25129233957695024 37 3698 47 3495 46 3577
3274 31.594995968034095 -25.131121978486387 272.96368299648083 154 138 132 0.10357475739617474 37 437 47 3496 46 3578
3275 -39.824593031400873 -25.646033789393151 257.93439652460188 81 50 32 0.19764998797702052 37 426 47 3498 46 3579
3276 -13.235975830348112 -27.706702144129391 277.61432849164373 59 61 58 0.17289576564951803 37 452 47 3499 46 3581
3277 69.686914447777127 -21.035142649586064 281.64980473333128 182 181 203 0.17649474128339793 37 460 47 3506 46 3582
3278 32.894593340161308 -24.891757482337763 275.13108280443748 138 120 122 0.19041159685357398 37 3702 47 3503 46 3585
3279 32.894593340161308 -24.891757482337763 275.13108280443748 138 120 122 0.19041159685357398 37 3703 47 3504 46 3586
3280 40.179605596329971 -24.244974962653771 276.61422835868626 74 42 42 0.11393663711071478 37 3705 47 3505 46 3587
3281 13.908514062122759 -26.19210118963969 276.49605633898057 150 138 140 0.33080103003815647 37 470 47 3510 46 3591
3282 33.628031486933672 -24.540117765833831 274.99351806492581 81 70 67 0.2081308099083754 37 3711 47 3512 46 3592
3283 -12.945107585538553 -27.164414036585171 277.65011936407012 82 87 82 0.26949448893569516 37 475 47 3513 46 3594
3284 28.721871153573854 -25.060657343080781 276.70880835953739 154 131 118 0.43902675499805238 37 3712 47 3511 46 3595
3285 -39.748225424772876 -24.967306933891631 257.36734010637576 120 95 82 0.17182925462562801 37 3700 47 3520 46 3597
3286 15.254687706405866 -25.887570274451573 277.01413049048023 63 46 49 0.42984640797011942 37 3715 47 3522 46 3600
3287 15.254687706405866 -25.887570274451573 277.01413049048023 63 46 49 0.42984640797011942 37 3714 47 3523 46 3601
3288 42.634659307163695 -23.322378558384568 275.64690915487699 212 199 210 0.14844619292137176 37 3716 47 3524 46 3602
3289 43.307857690323743 -23.369993729657551 276.18628150748987 74 64 63 0.22799387733267404 37 3717 47 3525 46 3603
3290 -66.425693855017514 -23.743508776744843 263.19894156825109 82 55 48 0.13057723246908257 37 3708 47 3529 46 3606
3291 -1.1932859683567589 -26.543324728055708 277.66285871715962 78 66 78 0.21606234382807155 37 3722 47 3530 46 3609
3292 -39.038352764703056 -24.678488379561703 258.08603926450434 108 87 82 0.185382823976603 37 3707 47 3531 46 3610
3293 2.2816068213408833 -26.188497322947171 277.24929743856603 85 87 95 0.078232633861335943 37 3727 47 3533 46 3611
3294 53.662619370940973 -21.524666978939219 276.1136266041741 178 147 137 0.25079814937792916 37 5619 47 5475 46 3613
3295 26.040714621069171 -24.262952558724145 276.27241519826299 175 149 137 0.55933828506253225 37 3735 47 3537 46 3614
3296 26.040714621069171 -24.262952558724145 276.27241519826299 175 149 137 0.55933828506253225 37 3736 47 3538 46 3615
3297 -33.923430675367563 -24.47772698174909 259.27944488309464 146 111 93 0.20229820632116377 37 3721 47 3546 46 3617
3298 42.780019243609992 -22.495928147444666 275.62599520320828 38 29 43 0.2162829148989627 37 3737 47 3543 46 3619
3299 46.35073721569136 -22.180406374587776 276.3836727893538 32 22 11 0.076998296174527497 37 3738 47 3544 46 3620
3300 54.375224116417264 -21.237060825605521 276.30349065819564 190 160 143 0.12479755711253111 37 3739 47 3545 46 3621
3301 -39.839386212572187 -23.904053098936799 256.608616357274 108 90 85 0.36336536481622245 37 490 46 3622
3302 37.649568462015729 -23.018404264258912 276.35296544972624 52 49 51 0.25880703407936029 37 3741 47 3547 46 3623
3303 44.897898458953613 -22.151056499049954 276.03752009833812 124 121 106 0.25038777988734567 37 3742 46 3626
3304 -62.960584054950282 -22.753069925914961 262.06222257496961 176 152 151 0.39957533335111983 37 5621 47 3550 46 3628 47 5487
3305 -31.770508534731967 -23.905487679548912 257.78992309880306 43 36 34 0.10365043706113175 37 3732 47 3551 46 3630
3306 20.925976189002238 -23.829946154151038 274.1726657962999 84 63 71 0.20406616041527847 37 3747 47 3552 46 3632
3307 63.16276950736443 -19.398714450108443 276.53761733720182 147 115 111 0.17726909456879569 37 3748 47 3554 46 3634
3308 34.31227244993471 -22.213103245279925 269.47289102852466 52 40 54 0.44260571392877246 37 5629 47 5484 46 3635
3309 -59.79320582816419 -22.469142459167607 260.94898695019663 68 62 83 0.33294245648189008 37 528 47 3561 46 3637
3310 -59.79320582816419 -22.469142459167607 260.94898695019663 68 62 83 0.33294245648189008 37 529 47 3562 46 3638
3311 28.636161001154385 -22.794271963732246 274.23425414443562 129 107 101 0.31223521076234617 37 547 47 3563 46 3640
3312 30.801538956056806 -22.612952564420922 274.85779418421163 125 118 89 0.19252936353890807 37 3756 47 3564 46 3641
3313 67.298924452093971 -18.504059478328145 277.00205436189543 68 39 35 0.29038880741153705 37 553 47 3560 46 3642
3314 20.410512179263794 -23.348921570495843 275.15293622569953 159 132 135 0.21137089602152836 37 3760 47 3566 46 3647
3315 45.190829385197745 -20.918691792164786 274.35641375390537 125 127 116 0.66964837372619279 37 3761 47 3567 46 3649
3316 59.193790370410738 -19.342217372564026 276.52023185304927 90 51 37 0.48148496421739945 37 557 47 3568 46 3650
3317 -55.202230320496191 -22.856539449872724 264.81123532474533 28 27 37 0.37776823786971653 37 3749 47 436 46 3651
3318 -36.715680084489087 -23.154086417814369 259.63209614951882 123 106 98 0.13800408471946723 37 3750 47 3569 46 3652
3319 26.726363041575954 -22.666161261412466 275.44449030479029 148 130 109 0.32674825362577337 37 3764 47 3571 46 3653
3320 47.408606755519394 -20.536805340172535 275.8456066771044 130 120 122 0.32269372972651594 37 3767 47 3572 46 3655
3321 22.707102108778503 -22.924392082455743 276.038479790807 69 53 47 0.081036718566427884 37 3771 47 5493 46 3658
3322 59.390147143628717 -18.748979034128222 274.00652008752945 139 104 107 0.18825299890829608 37 3768 47 3575 46 3659
3323 34.927976510884072 -21.57897267295689 273.63604455950576 139 117 114 0.53196392937139991 37 3772 47 449 46 3660
3324 55.923963081104191 -19.286774784111071 275.73269224178597 97 59 61 0.25113898799175022 37 569 47 3576 46 3661
3325 -35.980600660759464 -22.784246716553216 259.23184124318459 54 36 22 0.087768406601007307 37 3755 47 3577 46 3662
3326 -63.029681500253339 -21.32504875766287 260.10748067121568 166 141 146 0.082916019941960517 37 3762 47 3578 46 3663
3327 -64.500541712751897 -21.277566990038022 261.28733334938255 42 30 37 0.48463553640178003 37 555 46 3664
3328 5.6285307900946604 -23.648742430221731 278.27445284669693 66 74 90 1.0059555553236799 37 5648 47 5505 46 3665
3329 63.223439146902216 -17.762652767872762 274.55244141673654 171 139 113 0.066014324617041223 37 5646 47 3580 46 3666
3330 -53.342825894684587 -21.767799136024067 261.1257160495843 54 53 66 0.23320483050375182 37 3770 47 3581 46 3667
3331 3.8403830193558171 -23.425145576885619 276.40001484126111 34 42 58 0.47442430493016047 37 3786 47 3583 46 3668
3332 57.611536214117884 -18.540445261007203 274.88243628867525 150 119 101 0.13337683744084283 37 3781 46 3669
3333 57.611536214117884 -18.540445261007203 274.88243628867525 150 119 101 0.13337683744084283 37 3780 46 3670
3334 -32.015456092093736 -22.50652483140593 260.47979317421357 34 29 31 0.26866607906926654 37 3773 47 473 46 3671
3335 62.19302884817067 -18.018890254823869 279.51218078651704 119 86 77 0.52839969410862198 37 3793 47 3584 46 3673
3336 36.491881088257088 -20.523055723640962 272.71299756227762 142 117 114 0.3359292600766442 37 5654 47 3585 46 3674
3337 52.984562903295895 -18.756956223987547 276.9194079540178 172 146 132 0.46207401064161296 37 608 47 3589 46 3678
3338 54.212089777877402 -18.547503034934238 275.88350182141221 82 59 44 0.37011512266338875 37 3794 47 5509 46 3679
3339 -57.797765907077817 -20.932377406785029 262.07472768302893 40 30 31 0.093599173554335627 37 3788 47 3590 46 3680
3340 -37.3232231432156 -21.881845946636812 260.85471407477689 52 36 19 0.14743092577184089 37 3783 47 3592 46 3681
3341 -37.3232231432156 -21.881845946636812 260.85471407477689 52 36 19 0.14743092577184089 37 3782 47 3593 46 3682
3342 -35.836068413918319 -21.519491247461808 256.82228722313221 73 52 39 0.16560881820387571 37 3784 47 3597 46 3683
3343 -35.836068413918319 -21.519491247461808 256.82228722313221 73 52 39 0.16560881820387571 37 3785 47 3598 46 3684
3344 29.970328833473971 -20.953399574926582 275.21816227365395 145 134 117 0.075196137385712167 37 613 47 3594 46 3686
3345 41.106444888434581 -19.782044105426031 274.24373258550793 252 238 245 0.2362079748943248 37 3797 46 3687
3346 41.69976283559285 -19.692696406823117 274.32598599741863 238 220 231 0.043733920849815235 37 3802 47 3595 46 3688
3347 41.69976283559285 -19.692696406823117 274.32598599741863 238 220 231 0.043733920849815235 37 3803 47 3596 46 3689
3348 31.889146326899439 -20.463456595248168 273.77854954947179 135 125 101 0.34784469470939755 37 3805 47 3600 46 3690
3349 70.986112338474953 -15.833219546213442 276.08228725998254 81 46 31 0.090254654625359379 37 628 47 3602 46 3692
3350 29.149530789967748 -20.710866718843729 274.78075741488675 137 117 108 0.3024554860923297 37 624 47 3604 46 3694
3351 -54.13264109567239 -20.653623489164648 259.30599103046012 81 65 75 0.20696646779919572 37 3792 47 3606 46 3695
3352 -50.666995811042149 -20.949846147268598 260.93845574565421 39 33 26 0.13077640207259114 37 599 47 3607 46 3696
3353 59.898376718426768 -17.153402884384082 274.43323994937361 72 40 30 0.12560730525125055 37 3807 47 3608 46 3698
3354 68.983876932462977 -15.901904592067721 276.70746221258969 117 99 97 0.018923260937111705 37 3814 47 3610 46 3699
3355 68.983876932462977 -15.901904592067721 276.70746221258969 117 99 97 0.018923260937111705 37 3815 47 3611 46 3700
3356 -52.527676160992826 -20.585165065203377 261.37111905516844 46 32 32 0.20447889356939 37 616 47 515 46 3701
3357 -35.112750760397148 -21.255640653363081 258.91011721998399 78 69 61 0.274820767345896 37 3795 47 3612 46 3702
3358 -58.724996962496697 -20.216637951053492 261.71834736572441 28 33 33 0.82782285881643347 37 615 47 5524 46 3703
3359 37.342885466356236 -19.466276628222268 274.12664224275034 161 138 140 0.062389535228496544 37 640 47 518 46 3704
3360 37.342885466356236 -19.466276628222268 274.12664224275034 161 138 140 0.062389535228496544 37 641 47 519 46 3705
3361 41.304047547482895 -19.010736538444881 273.76251461687337 62 48 57 0.24447768492639088 37 642 46 3706
3362 -51.499132218557051 -20.243130668776715 260.34574216098923 42 36 29 0.20580931040566042 37 3811 47 3626 46 3708
3363 -50.885377679517205 -20.196244329012288 260.10804207537342 92 82 81 0.13177387651886235 37 3812 46 3709
3364 -51.035576932362957 -20.268551557280134 260.8542025237092 92 82 81 0.23044940058019947 37 3813 47 3621 46 3710
3365 -31.262968622818331 -20.972630225158593 258.90978123634829 33 31 29 0.11139402684486584 37 3806 47 3622 46 3711
3366 -54.426076530530651 -20.04598973661686 261.27105068289251 65 26 36 0.28199222728929946 37 3816 47 3625 46 3712
3367 -41.943434002544144 -20.455556107254974 259.2471757428828 52 44 31 0.23919262917104614 37 3818 47 3627 46 3713
3368 70.211576725774151 -15.09503696795946 276.50112041888241 110 72 64 0.20242560608180604 37 659 47 3623 46 3715
3369 55.44986969265134 -16.804697884813169 273.94019605519759 184 147 121 0.10577648739421312 37 3830 47 3629 46 3716
3370 55.44986969265134 -16.804697884813169 273.94019605519759 184 147 121 0.10577648739421312 37 3831 47 3630 46 3717
3371 14.257544500632553 -20.845163883298724 275.20031069691146 80 83 101 0.090014737025383706 37 3832 47 3633 46 3718
3372 14.257544500632553 -20.845163883298724 275.20031069691146 80 83 101 0.090014737025383706 37 3833 47 3632 46 3719
3373 -60.397159813597419 -19.340957906018634 260.53840284030019 48 38 33 0.028581208000373236 37 3822 47 3634 46 3720
3374 -36.833888637558346 -20.189785642718057 256.99447785795661 122 106 93 0.040097979501820251 37 3823 47 3638 46 3721
3375 33.057703635035516 -19.123634522239186 273.28373268873116 101 78 55 0.072991128668261337 37 5677 47 3635 46 3722
3376 -49.596691125999492 -19.732562675680203 261.51022012333732 112 90 93 0.11624380448603848 37 5674 47 5539 46 3727
3377 -60.471402221376216 -19.066085401831906 263.02306025168247 112 97 86 0.36341704717654072 37 5678 47 3642 46 3728
3378 -48.323377243388727 -19.710390414016736 261.09130945112406 53 26 29 0.10472814653631395 37 3826 47 3644 46 3729
3379 -48.323377243388727 -19.710390414016736 261.09130945112406 53 26 29 0.10472814653631395 37 3827 47 3645 46 3730
3380 17.018802787779197 -20.163543753793718 275.56909335299667 134 131 148 0.063553868206640565 37 3840 47 3646 46 3731
3381 17.018802787779197 -20.163543753793718 275.56909335299667 134 131 148 0.063553868206640565 37 3841 47 3647 46 3732
3382 38.908718967541404 -18.016189301494574 272.6511145009851 43 37 44 0.22460547377162907 37 5684 47 5540 46 3733
3383 41.360294820671719 -17.752956603022056 274.04566289390345 139 117 129 0.11394574973251624 37 3845 47 5541 46 3734
3384 52.565338535894256 -16.335369059313873 272.97584250275582 82 54 40 0.33731093433562553 37 3846 47 3651 46 3735
3385 -26.383520265625631 -19.99828349365588 258.81065523096555 48 41 39 0.056101040404484215 37 3838 46 3736
3386 -26.358395039471219 -19.984251419131969 258.65215023252807 48 41 39 0.17439054462118717 37 3837 47 3653 46 3737
3387 39.926872757363597 -17.883301065081703 274.21004129710917 214 204 208 0.23218629319224893 37 3844 47 3650 46 3738
3388 70.146511428529294 -13.716418651075344 271.32435972969313 126 96 62 0.010655040720626752 37 3842 46 3739
3389 -27.02787559953833 -19.959302377437105 259.865518775677 82 76 71 0.034005618365655611 37 3839 47 3657 46 3740
3390 17.566974953135258 -19.799171013514766 275.41352650145302 37 29 46 0.38660427071503117 37 3848 47 3654 46 3741
3391 58.934655149865627 -15.226940409904016 273.63631871159316 101 64 37 0.26277377481821268 37 693 47 3660 46 3742
3392 24.313234558288045 -19.003714427344708 274.85482533194244 39 42 45 0.23386195969456539 37 3853 47 3661 46 3743
3393 24.313234558288045 -19.003714427344708 274.85482533194244 39 42 45 0.23386195969456539 37 3854 47 3662 46 3744
3394 -37.286886347685524 -19.280202405207636 259.62409109882617 54 36 28 0.09976672833789331 37 3847 47 3665 46 3746
3395 28.211389210779682 -18.243803193680186 272.85511089374819 136 89 110 0.21556611443215709 37 3860 47 3666 46 3748
3396 39.260148511029229 -17.228853544533745 272.98775248908686 141 121 132 0.15977398263658249 37 3861 46 3749
3397 39.260148511029229 -17.228853544533745 272.98775248908686 141 121 132 0.15977398263658249 37 3862 46 3750
3398 34.293510193617976 -17.526037315126835 271.81173220342413 126 105 105 0.23604482113454303 37 3865 47 3671 46 3752
3399 46.999272706968085 -15.96051449391863 268.80481765219201 72 47 44 0.10878324308717729 37 3863 47 3672 46 3753
3400 46.999272706968085 -15.96051449391863 268.80481765219201 72 47 44 0.10878324308717729 37 3864 47 3673 46 3754
3401 -30.592849519775964 -19.223903934754556 259.32189162590589 30 32 31 0.013491882710196372 37 3849 46 3755
3402 28.990382428166924 -18.140055502780008 274.53659346455674 38 23 33 0.10329137972928652 37 3871 47 3674 46 3757
3403 -37.724853133384968 -18.815800204067415 258.91170753369789 114 92 86 0.14907018714782433 37 3855 47 3678 46 3759
3404 -37.724853133384968 -18.815800204067415 258.91170753369789 114 92 86 0.14907018714782433 37 3856 47 3679 46 3760
3405 50.498359383331682 -15.427208504168886 270.42720050803837 64 41 26 0.36761772342262949 37 3867 46 3761 47 5550
3406 -47.535836901129322 -18.455306307558459 259.89254027747819 141 113 101 0.073886925014262209 37 697 47 3677 46 3763
3407 -40.882974885556351 -18.526507290892685 256.76566778584476 40 36 30 0.070181183720985432 37 3851 47 3682 46 3764
3408 -40.882974885556351 -18.526507290892685 256.76566778584476 40 36 30 0.070181183720985432 37 3852 47 3683 46 3765
3409 62.441436766091527 -13.735005637193506 271.85712503595812 54 33 31 0.31244985454585367 37 3878 47 3685 46 3766
3410 -54.826394395873258 -17.698214333664438 259.21477501585827 49 35 40 0.25940114302397849 37 3866 47 3687 46 3767
3411 11.563273265983124 -18.602886190210011 272.91945678321281 35 32 49 0.81510306119755649 37 3882 47 3689 46 3769
3412 42.302015252727742 -15.938960526592624 271.74650021706174 171 136 109 0.19140261777719425 37 3883 47 3690 46 3770
3413 -50.178106206183436 -17.721314160442557 258.80857999199259 44 31 26 0.079815156696639356 37 3873 47 3692 46 3771
3414 60.412623695724861 -13.696225385718797 272.39613267160371 84 51 55 0.25481384094398912 37 3884 47 3691 46 3774
3415 -48.845796269224287 -17.741617222662768 259.59784026985341 116 103 88 0.10183353019745532 37 3875 47 3696 46 3775
3416 1.7916287485498965 -18.280472057148785 263.87389349435341 47 28 24 0.061772869428157552 37 3881 47 3697 46 3777
3417 30.630375212731888 -16.77338140962226 275.09404206335262 46 23 36 0.21616922425752727 37 3897 47 3702 46 3782
3418 63.053155710544587 -12.642666985953808 271.7782494851873 72 56 61 0.39541634875068016 37 745 47 3705 46 3783
3419 -67.042856426691046 -16.170977181693253 260.18180961534074 105 90 81 0.068868032151536779 37 3885 46 3786
3420 41.617096142280481 -15.236110621062027 270.63270425359747 101 72 44 0.18215339182951421 37 3898 47 3704 46 3787
3421 73.053333803030512 -11.307366213833699 274.1678236025237 160 127 100 0.42587685569462724 37 3900 47 638 46 3788
3422 72.697613013446627 -11.226733721988975 272.84270908299766 160 127 100 0.38395220305372413 37 3899 46 3789
3423 40.547109233118981 -15.334613104982335 271.98441939353023 142 120 114 0.33663105747539968 37 3903 47 3707 46 3790
3424 61.550969090900686 -12.556040062370121 273.7831978357242 59 41 52 0.15745346864339976 37 3911 47 3711 46 3791
3425 -42.924234725261158 -16.999917666498888 260.93621081381582 96 87 68 0.55696141058709281 37 3906 47 5568 46 3792
3426 -48.158656429951833 -16.642454193071448 260.18485488312058 50 41 32 0.29874532793539704 37 3905 47 3714 46 3794
3427 39.335471116931778 -14.932639929756963 272.49932061885767 206 186 185 0.18830351073139714 37 3916 47 3712 46 3796
3428 39.335471116931778 -14.932639929756963 272.49932061885767 206 186 185 0.18830351073139714 37 3915 47 3713 46 3797
3429 48.399831569571688 -13.673662013343199 269.39822444381605 118 97 94 0.019104955021027464 37 3914 47 3717 46 3798
3430 25.611098758212506 -16.083808991437291 271.19023694550054 167 107 114 0.28985636480392296 37 3917 47 3715 46 3801
3431 68.975447821431871 -11.039418157832168 273.46393179702022 153 124 101 0.10199929458237007 37 3919 47 3718 46 3803
3432 72.159280373400918 -10.485354830481185 272.54214505063447 161 132 108 0.16798736697410269 37 3920 47 3719 46 3804
3433 -41.09897873572865 -16.604971096318756 259.49501337871948 59 60 52 0.5330212394947258 37 3912 47 3725 46 3805
3434 17.427206666352639 -16.603555282441892 273.82990567539031 142 154 176 0.56289009970349468 37 782 47 3723 46 3807
3435 -60.886558152546044 -15.452126111072014 260.08103735504426 123 129 132 0.2162940791183571 37 765 47 686 46 3808
3436 63.253794361616855 -11.404228006015652 273.09396012826977 59 47 59 0.22948350504944931 37 5726 46 3809
3437 -0.43574404730627503 -16.579462105968908 264.58699379397808 128 122 96 0.18997357755760022 37 788 47 3728 46 3812
3438 -48.35030862694348 -15.751842947042835 260.17535967493279 79 73 68 0.28433111511890913 37 3926 47 5580 46 3813
3439 36.362818834414171 -14.313289585179922 272.56190529759505 62 26 39 0.42261255884828519 37 3940 46 3814
3440 -55.957415039265207 -15.357439873868168 260.74524331130914 45 40 37 0.61074914723250073 37 3925 47 5579 46 3815
3441 23.685835198169123 -15.38603202431759 271.07709659757461 84 83 88 0.20148443472097574 37 803 47 702 46 3817
3442 68.115278823214254 -10.135778247263975 272.47950437755742 78 47 32 0.049632180169422134 37 3942 47 3733 46 3819
3443 -57.05751663414771 -14.88328877173868 259.58108032186237 30 29 34 0.57242509264221175 37 3936 47 3739 46 3820
3444 -44.176929173307052 -15.708820850226367 259.77619916465784 111 98 91 0.050993133649943602 37 3930 47 3734 46 3821
3445 -36.847164369211079 -15.92006003958749 259.39150999035456 46 26 19 0.13455649602499534 37 3931 47 3735 46 3822
3446 48.183066011206016 -12.557136377319868 270.93570642203031 108 98 88 0.31549615877456044 37 3947 47 3738 46 3823
3447 -54.884076647597901 -15.085852682318539 261.20377596931337 89 84 86 0.14840050204980396 37 3937 47 3740 46 3824
3448 -54.884076647597901 -15.085852682318539 261.20377596931337 89 84 86 0.14840050204980396 37 3938 47 3741 46 3825
3449 72.563986127363805 -9.0546688672307116 272.58768630799182 74 44 27 0.047983172719528865 37 3957 47 3746 46 3828
3450 46.628496759605056 -12.375761194044157 268.84585173146456 133 107 93 0.090554274775260624 37 3952 47 3745 46 3829
3451 -49.043171478649924 -14.758449406520716 258.24992304065768 127 69 91 0.073302091556859003 37 3945 47 3755 46 3831
3452 58.35411425367068 -10.534356978447429 270.21566783743435 74 32 34 0.1865292954631794 37 3964 47 3758 46 3833
3453 73.355728107916434 -8.4608147767842539 271.469628464734 153 130 101 0.31188702878970265 37 3967 47 3753 46 3834
3454 -40.164963101474477 -15.061865843915726 258.50544455131364 50 55 54 0.21415574359250281 37 3954 47 3759 46 3836
3455 45.933581842004763 -12.047031465547247 271.14945983872286 152 111 93 0.17264157769234323 37 3971 47 3761 46 3841
3456 0.79017518487989902 -15.117644766404798 263.81096766920513 147 127 100 0.14702642594963986 37 3966 47 5593 46 3843
3457 -0.52664200291500396 -15.084081066360438 264.23597723506856 142 144 100 0.16952524907120492 37 3970 47 3763 46 3846
3458 23.631471884835378 -13.534589663710667 261.47862746340138 115 96 97 0.20089710941997363 37 839 47 3765 46 3847
3459 69.832017221214826 -8.6940611488835096 272.53284877447896 143 126 94 0.29091082983880862 37 3976 47 3764 46 3849
3460 -49.32666713520188 -14.130037233459662 258.26020941864869 60 22 47 0.43497676277485792 37 3965 46 3850
3461 -39.443823964644785 -14.623238418626542 259.25448045149705 111 101 102 0.21267865054490712 37 3968 47 3768 46 3851
3462 -39.443823964644785 -14.623238418626542 259.25448045149705 111 101 102 0.21267865054490712 37 3969 47 3769 46 3852
3463 -53.230165155406169 -13.716548300465899 259.25540494068639 146 78 103 0.25528322646451734 37 3974 47 3770 46 3854
3464 -62.88748015717691 -13.205247263084507 262.25559378702866 82 76 76 0.53803622927421368 37 3978 47 3772 46 3855
3465 -56.809281247591272 -13.309795586147194 256.67270953302977 23 28 31 0.21641805709920914 37 844 47 3773 46 3856
3466 34.722874514065992 -12.408531141722058 269.24669548713126 113 90 79 0.40118329277782855 37 862 47 3771 46 3859
3467 47.607142375343322 -10.838266226655515 268.6401196246826 97 88 77 0.25393888238073292 37 3982 47 3775 46 3860
3468 58.513536493898002 -9.316042181154069 267.21684833382648 79 26 39 0.32683526908169053 37 868 47 3780 46 3861
3469 -64.631258335965271 -12.779133147612059 260.84677362031852 74 74 74 0.13388033929735371 37 3979 47 768 46 3862
3470 28.818202010751865 -12.921826044351858 271.91315883986493 37 38 43 0.21738161876542286 37 3984 47 3777 46 3864
3471 31.780197694804027 -12.560590323589111 271.49014928792661 54 49 49 0.025473069786093611 37 3985 47 3778 46 3865
3472 32.608232020278521 -12.408803432924607 269.84736877477752 142 131 107 0.34899326451134738 37 3986 47 3779 46 3866
3473 69.051882725845459 -8.1082530207093537 273.97431775421796 116 87 92 0.14037025374164516 37 3990 47 3781 46 3867
3474 68.075710113891176 -8.1723921975877865 273.439986659162 106 80 86 0.63788834866584165 37 3989 47 5601 46 3869
3475 70.609613104205451 -7.7529505078850196 273.19199800119844 68 43 40 0.11224823977542635 37 873 47 3783 46 3870
3476 6.3742139435427863 -13.836211571094562 264.45123781887105 62 54 41 0.1966204495242995 37 3983 47 3789 46 3874
3477 48.83855656520808 -10.331407374844577 268.88882658589193 61 27 34 0.080153306956676273 37 3992 47 3784 46 3875
3478 50.070634693306751 -10.322364706929456 270.67624221630211 68 29 38 0.11114933317721444 37 874 47 3785 46 3876
3479 32.829509086122656 -11.883363530547816 266.72029073171274 72 64 43 0.31988703353419268 37 5757 47 3791 46 3879
3480 44.314143113871502 -10.741957603742192 269.88279256872136 145 106 94 0.33367348402473529 37 3997 47 3793 46 3880
3481 65.928508144043732 -7.9283456104879164 269.70398862387208 66 19 23 0.035077954244780767 37 3996 46 3882
3482 68.744768684682242 -7.5026594269289797 271.03331153951433 54 35 42 0.37654485318020403 37 3998 47 3794 46 3883
3483 72.728285769085872 -7.0227757226262595 272.95309877461665 68 48 24 0.12243069711923814 37 4000 47 3795 46 3884
3484 -64.039434658386867 -12.188194101408758 260.19798836128001 42 37 39 0.28943974965418323 37 3988 47 5607 46 3885
3485 51.57308557930476 -9.73559676593724 270.65236255983245 84 46 55 0.17787439687281617 37 3999 47 3797 46 3889
3486 32.576668201754494 -11.741490076155616 271.48763145547139 62 52 41 0.18267512794181359 37 4006 47 3798 46 3892
3487 33.60708500201423 -11.442883437218837 269.14702767044542 115 105 90 0.25699952083694988 37 4007 47 3802 46 3893
3488 -12.289761371803497 -11.752023404732709 216.69569315609721 79 79 91 0.74639299483468668 37 5740 47 801 46 3896
3489 37.288342322597686 -10.648148781566595 261.9765337909044 107 96 104 0.33000556872039805 37 4004 47 3803 46 3898
3490 72.261421290551183 -6.1029331941223663 273.20226668631784 140 118 106 0.1673180473827911 37 913 47 809 46 3905
3491 -64.270004167715655 -11.397722751675737 260.18521837109432 78 71 73 0.7999637124996597 37 4009 47 3814 46 3906
3492 44.376769725238475 -9.3617436306843977 268.91734315742104 200 160 160 0.30854148857857827 37 4019 47 3819 46 3912
3493 3.2953674352789921 -12.006812499415426 263.48850347972615 121 105 92 0.17748520491659825 37 4022 47 3826 46 3918
3494 4.7368934219812511 -11.747954931485678 261.06391815995187 119 109 97 0.21726000270276935 37 931 47 3829 46 3919
3495 8.743369709241712 -11.600729392054403 261.52248984173497 74 42 42 0.12879555633046572 37 4023 47 3830 46 3920
3496 11.467913976695927 -11.638414614273625 265.81170482376598 90 85 83 0.12833054014702835 37 4024 47 3831 46 3921
3497 73.886897410804409 -4.8110385426702891 273.17543597338738 81 57 55 0.16080334782258046 37 954 47 3835 46 3924
3498 37.900164431634842 -8.9897121593035152 264.90813318083156 136 122 106 0.12331592595002855 37 4038 47 3839 46 3925
3499 69.720826020888396 -4.9865562121738973 270.4741642267187 72 54 63 0.10702974892059249 37 4041 47 3840 46 3927
3500 72.789836121005095 -4.5981806012774742 271.55378750177084 57 35 43 0.43268787917536028 37 964 47 3841 46 3928
3501 52.546167940369372 -7.1644653674602949 271.09503470577687 59 40 47 0.26391129417766207 37 4043 47 3843 46 3930
3502 -6.2169186659946662 -9.5112254679225074 212.9079352290544 61 47 46 0.27286026738860736 37 894 46 3941
3503 -28.386313394879309 -10.050376057528865 238.48057719322654 67 57 35 0.18044520360650351 37 4039 46 3946
3504 56.549864248273607 -5.7708209670168209 270.75819262183035 174 139 126 0.17364544979783028 37 4056 47 3858 46 3947
3505 60.7539809417326 -5.0370978188528612 270.74413734270621 245 215 200 0.0593914404528764 37 1016 47 3860 46 3950
3506 42.164417648916306 -7.0077049791852559 262.18201269996064 133 97 105 0.1796588248078396 37 4055 47 3864 46 3953
3507 -33.565271621116722 -9.6892740539334117 244.02979178789593 111 115 84 0.11821752575174978 37 982 47 3868 46 3954
3508 69.759327368011597 -3.4741738010426193 269.6743067893413 97 67 69 0.15077615041896855 37 4071 47 3866 46 3959
3509 69.759327368011597 -3.4741738010426193 269.6743067893413 97 67 69 0.15077615041896855 37 4072 47 3867 46 3960
3510 -21.863144593874082 -8.9718038309400416 216.81912805540611 31 17 14 0.058007121326815271 37 4028 46 3962
3511 57.885619655117921 -5.1678729649192485 271.54684443956029 176 144 128 0.071185889272575131 37 1029 47 3870 46 3965
3512 -36.836794290728321 -9.3948253485242361 244.37412738999532 155 155 115 0.14888375883584246 37 991 47 3873 46 3966
3513 12.36926638340028 -9.1104363067665695 264.1535148592672 82 52 34 0.079465064463634175 37 1032 46 3967
3514 55.626540942344334 -4.9190017886984458 268.03402393485169 133 100 89 0.13789730791946075 37 4083 47 3883 46 3969
3515 -3.102277248997138 -8.2562274263731279 210.8413872788887 79 64 58 0.26095655975672738 37 4032 47 3891 46 3972
3516 68.603723959323943 -2.9794673240049394 267.92220285721987 188 147 118 0.11544798717155713 37 1050 46 3973
3517 68.603723959323943 -2.9794673240049394 267.92220285721987 188 147 118 0.11544798717155713 37 1049 46 3974
3518 39.546190735358067 -6.8299691791164081 270.56240247011146 91 64 52 0.2972304808008856 37 4084 47 3885 46 3977
3519 55.460646175386593 -4.8203997372877208 269.61845183875658 187 156 148 0.24203841255641445 37 4087 47 3887 46 3978
3520 31.186424870225903 -7.4445055673522749 270.49278633456822 61 48 48 0.075013449607012048 37 4093 47 928 46 3982
3521 31.186424870225903 -7.4445055673522749 270.49278633456822 61 48 48 0.075013449607012048 37 4094 47 929 46 3983
3522 36.992097450253524 -6.4643396123656558 265.7009706851585 60 50 38 0.21019687179536592 37 4097 47 3893 46 3985
3523 12.19156907053832 -8.2791512177903535 261.19506346330581 84 45 28 0.22475158956304306 37 1066 47 3895 46 3986
3524 29.535905031684074 -7.0593054636495784 263.78298907818765 101 80 78 0.16045504715977688 37 4096 47 3894 46 3987
3525 -43.9956577663459 -7.7191597182358436 234.29246872802364 78 62 47 0.41791005425831945 37 4067 47 952 46 3989
3526 -49.538589093961612 -7.1476210348688447 229.28676519107719 43 31 33 0.13435090628446381 37 4064 46 3990
3527 49.705827680946719 -4.3796787225275766 262.73906482790318 100 58 61 0.38550414340719452 37 4107 46 3993
3528 -63.102660877946413 -6.7910417395308169 253.05356617429007 152 110 121 0.48890682178939654 37 4098 47 3899 46 3994
3529 -63.102660877946413 -6.7910417395308169 253.05356617429007 152 110 121 0.48890682178939654 37 4099 47 3900 46 3995
3530 48.956128055841809 -4.0558016339550438 264.68253892909144 205 132 135 0.20604279899518585 37 5832 47 5681 46 4002
3531 51.422780086578001 -3.8376729014671684 266.24736340995969 71 49 51 0.40174118486318217 37 1115 47 3902 46 4003
3532 -63.120645405577868 -6.3020476081433152 254.19488537105156 52 19 30 0.41013207605942376 37 4110 47 5688 46 4008
3533 49.909054329037211 -3.4264057097487415 260.77967762660018 205 135 143 0.092123939809420741 37 4125 47 992 46 4012
3534 33.046139614073326 -5.1739498898957672 266.24928387649288 136 118 103 0.14481040629298533 37 4129 47 1000 46 4022
3535 33.046139614073326 -5.1739498898957672 266.24928387649288 136 118 103 0.14481040629298533 37 4130 47 1001 46 4023
3536 -42.634909217250154 -6.3651860646045391 237.57124315474482 64 59 20 0.29015658048855153 37 4115 46 4025
3537 51.605349363249466 -2.5044489795060514 268.14157996233263 97 46 57 0.22792347836907031 37 4147 47 3933 46 4030
3538 49.376661731465632 -2.3339041847816091 264.54264209761385 150 79 96 0.15043570668968795 37 4150 47 3939 46 4036
3539 -0.079094561431486424 -5.5690974796345527 210.46236827112807 129 105 109 0.027927743589781891 37 4101 46 4038
3540 -27.655553431810183 -5.4302933385451198 234.82481425247227 128 119 100 0.47211205222060726 37 4142 46 4048
3541 16.363143386829726 -3.8308508012802314 206.1324592245177 162 139 124 0.055791043182996526 37 4118 46 4052
3542 15.156435250802936 -3.2854061822436629 204.08576032076283 192 174 169 0.49787560359158989 37 1148 47 3976 46 4073
3543 -25.377782793716921 -4.210986802435686 225.11045466366934 211 193 168 0.16641488487142009 37 4157 46 4079
3544 13.889559452910527 -3.0692156316154535 203.56371831216231 214 205 201 0.39946196443419341 37 4138 47 5731 46 4080
3545 52.183575135021272 0.61321161990617934 260.07660753851286 32 34 43 0.31843030673996958 37 1242 46 4086
3546 64.176565105284823 2.3364737254653378 267.51942189810291 54 43 66 0.22325744363575875 37 4191 47 5735 46 4089
3547 4.1599462207633726 -3.1192235570824964 204.59857175725449 63 46 46 0.06524248242782546 37 4154 46 4093
3548 46.350605852865904 0.33353871862417112 263.64535434254481 52 43 61 0.25535910846899318 37 4194 47 3987 46 4096
3549 -12.650844555767209 -3.3567293454402694 215.92949429903098 237 212 193 0.096839772652877118 37 4171 46 4098
3550 52.131391877938682 2.4876913232941642 262.22691327025967 23 25 39 0.10038348571311879 37 4219 47 4010 46 4110
3551 2.1347492596270077 -1.6754066050237915 197.77039079389527 212 171 171 0.12191638276596121 37 4176 47 1176 46 4117
3552 -40.387580199047477 1.193298346606398 226.49615387787762 52 70 14 0.18366632659202664 37 1344 47 1228 46 4150
3553 -41.735571524781868 1.6571307146374712 229.09505175173845 55 73 29 0.090285352626224946 37 4250 46 4156
3554 -43.197233265731001 2.2297351898166937 233.03585293599667 60 75 48 0.79579822028925207 37 1380 46 4167
3555 70.694136743839508 10.084498298095431 261.20610057935295 53 47 72 0.1824772626194332 37 1431 47 1263 46 4175
3556 -24.865464972408947 2.2593194941772636 220.39644199794878 181 133 124 0.4030943439432465 37 1385 46 4181
3557 67.16447012715642 9.9803596928474896 261.22022956854073 96 101 127 0.17162433376683395 37 1442 47 1282 46 4182
3558 66.395512763643509 10.531822017200113 259.95011350968878 87 84 101 0.3018723034248928 37 1459 46 4193
3559 66.395512763643509 10.531822017200113 259.95011350968878 87 84 101 0.3018723034248928 37 1458 46 4194
3560 17.655978858886538 4.2761567621142689 207.06133131444935 68 66 74 0.11656259035230924 37 4277 47 4114 46 4202
3561 -59.948530754046814 6.0368428764013622 224.66382824352505 48 1 8 0.36374626050657777 37 4304 46 4217
3562 -15.712321837493979 5.2569516770262465 218.43949982076182 40 18 2 0.16590309111244844 37 4317 46 4234
3563 20.514773066148045 6.6135850219651822 212.84855292336312 34 37 46 0.25601904608274223 37 4316 47 4145 46 4236
3564 33.256476504039831 7.4799520218928848 202.05315116845028 58 33 14 0.62884387304853895 37 4308 46 4238
3565 71.837246390243479 15.570234856332908 264.48750725772214 19 13 25 0.19537481327359685 37 4369 47 4155 46 4245
3566 -33.891604943765735 6.403024702917687 216.68847416323135 112 104 74 0.19460307541277355 37 4336 46 4246
3567 -49.573743445476957 7.4937474546788998 227.23558593999473 126 89 41 0.20774429946836084 37 4346 47 5858 46 4249
3568 35.885571133551181 8.6402907037780707 195.01776671898725 67 43 10 0.090337811886713804 37 4323 46 4251
3569 -5.8425584441323526 6.3433627734984741 207.80819787517964 221 180 152 0.23772432393980952 37 4337 46 4257
3570 19.054954413045383 7.8231603311466831 205.37564077743835 139 132 132 0.3632737758596849 37 4342 46 4262
3571 65.928184316762056 15.81398607023238 259.66836560408194 41 47 55 0.60750146958296958 37 4393 47 4172 46 4267
3572 -59.991905763021109 10.942696198085095 219.90215767282589 57 35 28 0.49213502973735768 37 1614 47 4215 46 4314
3573 -11.699580145809852 9.7711023484959565 212.85817530599974 140 113 77 0.39098726076456891 37 1639 46 4328
3574 48.521658496641933 14.584913755944559 202.0405695386938 40 31 39 1.1034743332267698 37 4414 46 4342
3575 5.8901142813732408 9.9874243832755472 191.36602771549721 154 106 87 0.4849231427591984 37 1640 46 4348
3576 41.604786832997455 14.874705044967618 196.9004574952657 69 35 11 0.35513899794412046 37 1695 47 4274 46 4369
3577 -48.757676540171538 13.636799107350475 216.68934432570984 108 88 81 0.40455436498023112 37 4451 46 4374
3578 -55.630852923602568 14.441662017792821 214.78467859049368 94 79 70 0.46222100713976255 37 4454 46 4388
3579 -7.6708329102229129 12.843958804606775 208.40803140104217 41 39 12 0.24418279769484397 37 1752 46 4389
3580 -24.037227662405815 14.15733707944748 206.44488606519593 76 47 20 0.26270916257990423 37 4476 47 4314 46 4418
3581 35.617758334941115 16.853456719333309 201.22961034351334 138 113 65 0.3702957009179435 37 4473 46 4419
3582 -26.309370942539598 14.424460280155673 206.64900861580696 125 100 72 0.29164412555381225 37 1807 46 4420
3583 29.596588581273771 16.647932702399544 198.35255053376846 137 122 75 0.49893594996198043 37 4485 46 4433
3584 53.256502563471045 19.90635076686511 199.91122776465087 135 97 89 0.25686670920361943 37 4487 47 1741 46 4434
3585 21.225415132165583 16.671960096243968 202.20064142090396 36 11 13 0.51112714680411464 37 4505 46 4441
3586 -50.364000212228468 17.395791980324375 216.40184427940216 74 72 52 0.12635450018815836 37 4519 46 4442
3587 41.854470043797789 19.539102209811674 196.2413017274072 77 62 6 0.49608680324517862 37 4521 46 4459
3588 -20.082679145105963 16.768335637949786 207.25759700056068 53 22 2 0.59035965317683781 37 1906 47 4360 46 4461
3589 -59.658825476308209 19.875148085409172 213.92417453244244 66 59 43 0.24089878710316562 37 4557 47 1836 46 4477
3590 -1.5176793067682746 18.38726122028871 204.11372129197122 167 139 118 0.25328302103299782 37 4570 47 4389 46 4493
3591 -47.667550530675612 20.563911852209099 212.61945567864694 164 151 119 0.20258212390815658 37 4599 47 1881 46 4516
3592 -13.183189069285742 18.785619610287437 198.47779061139497 64 76 37 0.63150094650944122 37 4596 46 4528
3593 35.172821282663534 22.387612212283649 198.7170811572521 121 95 70 0.22926385333289301 37 4610 46 4544
3594 -23.859335902555991 21.709040710549949 206.05889740001777 144 129 93 0.89827897180817007 37 4646 46 4573
3595 50.190069959503518 26.395334514048379 193.18644921632003 196 175 95 0.10511355529859896 37 4662 47 4499 46 4598
3596 -2.6438378909104769 20.424229095511187 182.59660597611722 47 23 15 0.31179651663314373 37 6196 46 4603
3597 26.220591717532614 24.207805973909423 195.51181082821387 182 129 85 0.056679875974192363 37 4679 46 4605
3598 1.2781930592507711 21.333185868181715 183.36044711846318 21 16 14 0.31300912659993724 37 4669 47 2057 46 4611
3599 44.797559916954654 26.498213151459218 192.67975958860964 38 19 0 0.072391170290043827 37 4686 46 4613
3600 -46.165482403927818 24.914801843615258 206.94087910267478 130 120 69 0.32797261460601312 37 4701 46 4615
3601 -22.387138249016768 22.492992501896431 194.39177894566237 150 131 85 0.3345805907678166 37 4692 47 6085 46 4616
3602 -3.4777335767253779 22.580012276109933 189.67994837339702 166 129 114 0.41826794772910803 37 4696 46 4624
3603 29.846043503251508 26.218832942837174 190.19683855392509 107 45 35 0.038692299611129563 37 4725 46 4656
3604 -60.219366490751561 28.600011005477537 213.5437044475033 53 44 22 0.33248899648332619 37 4739 47 2124 46 4658
3605 47.781503228451278 30.36298835576163 191.34023700176087 167 141 100 0.40224163879774205 37 4759 47 2189 46 4697
3606 -43.015312628277542 28.381623433314143 206.1344785540465 116 115 77 0.5396962196316234 37 4778 46 4701
3607 -43.015312628277542 28.381623433314143 206.1344785540465 116 115 77 0.5396962196316234 37 4779 46 4702
3608 32.578119145627824 28.238042570237258 189.23154698195691 139 68 51 0.39925551862870723 37 4764 46 4703
3609 32.578119145627824 28.238042570237258 189.23154698195691 139 68 51 0.39925551862870723 37 4765 46 4704
3610 -56.53079703584865 30.521184424706121 211.59030484342236 66 30 0 0.3382140852533469 37 6269 47 2217 46 4713
3611 -33.920399496702352 30.773220375917255 200.70090401326763 34 25 6 0.12908744663309943 37 4833 47 4652 46 4759
3612 50.944153072771144 33.336060310058024 181.15098213592935 108 100 69 0.20180782411960557 37 4829 46 4773
3613 -53.55427678161616 33.249026881896498 202.70011913006161 157 129 102 0.20520615577936135 37 4859 46 4790
3614 -52.135743797983565 33.177572112507555 203.00857251179031 141 65 75 0.029599791236020696 37 4862 46 4791
3615 50.994581778160288 34.058114150930329 181.79511066725263 39 40 21 0.1815712131037899 37 4839 46 4795
3616 -30.392406504814815 29.888701014835402 188.79284377400751 97 46 11 0.50729682617150806 37 4845 46 4796
3617 32.090081681038249 32.571127162013099 183.45601695707632 127 66 48 0.19905239815663262 37 4864 46 4814
3618 25.221113010582208 33.188791160417658 183.39542651078301 53 26 21 0.25927281451749185 37 4896 47 2416 46 4850
3619 47.92518926320939 35.032344306517977 176.3745912965523 55 24 9 0.085424939299024949 37 4892 46 4851
3620 47.92518926320939 35.032344306517977 176.3745912965523 55 24 9 0.085424939299024949 37 4893 46 4852
3621 -3.0908802258817323 31.316485417836443 181.46146897615566 45 40 2 0.26582777352502757 37 2509 47 4757 46 4858
3622 13.933067318812446 32.506580065888123 182.37429694000383 106 87 61 0.42552562394230509 37 4904 46 4862
3623 22.63431511364044 33.595384186085376 182.96621843359526 56 38 33 0.21931783696260423 37 6348 47 4770 46 4867
3624 38.524637572270308 35.872705474485244 180.20003483318752 212 174 139 0.33814111427563842 37 4938 46 4886
3625 -6.7697601778490615 33.498522779450788 185.64528330860165 30 23 0 0.034552807103456359 37 2591 46 4888
3626 -5.0699213026584289 33.984300898016549 183.1783818889767 34 24 5 0.099619392486033645 37 4959 47 4806 46 4905
3627 40.426610112343809 37.354258359724177 175.78130322785034 227 200 168 0.1158946348794791 37 4975 46 4937
3628 -34.750814489728583 37.666892581332874 190.70701739474399 21 13 8 0.91773694221079705 37 2712 47 6269 46 4952
3629 -37.40299995661718 39.701078372041117 192.69347674955051 23 14 21 0.26603952732879677 37 6425 46 4978
3630 24.497624413354586 38.018367321321719 170.07515810343298 133 98 71 0.76106251752732645 37 5054 46 5012
3631 -7.2433908157235418 39.509329479927224 184.42297627446399 43 18 1 0.31434982549711066 37 5078 47 4929 46 5018
3632 12.904318185750297 36.684330171754112 166.55156171953064 129 123 87 0.10295256081515902 37 5066 47 2743 46 5027
3633 5.9232847430810498 38.093775261788721 167.94070775621137 82 29 1 0.25157799573645923 37 5098 47 4972 46 5056
3634 32.534172531873793 43.33454866608426 179.40853806005174 26 22 2 0.11486749896442505 37 5109 46 5062
3635 2.8910889037174541 39.186838136392502 166.65577769242051 213 135 83 0.14582712280256441 37 5121 47 5026 46 5104
3636 35.519958786841883 44.684112755314146 176.96925620508463 29 24 5 0.070385132520570506 37 6485 46 5108
3637 46.455327118870471 45.99279243268947 173.0345810547054 230 194 161 0.23338312760840363 37 5154 47 5039 46 5119
3638 -52.224636619161544 45.976190772593469 184.65156952614097 85 76 57 0.5379504039292432 37 5190 46 5133
3639 -9.2241762703538548 42.268137653941302 167.73600504003974 100 82 50 0.19079451978372258 37 3103 46 5205
3640 17.025259986341055 47.977486245636442 175.78440508328558 52 19 8 0.1855663765657484 37 5290 47 3081 46 5248
3641 -6.4524252148670493 48.979159911094385 175.53620229230671 65 49 34 0.62052292025361022 37 5341 47 5204 46 5289
3642 -6.6029832871943892 51.317873593334362 179.61256331954135 27 7 0 0.011539862290444703 37 5358 46 5312
3643 24.34760431081299 55.05790626943579 179.44816426094144 90 72 43 0.34875776787505419 37 5393 47 5269 46 5351
3644 50.800462074098682 -39.715809744906295 285.43455046066174 115 112 117 0.35164574205456262 37 5442 47 5296 46 5379
3645 -25.741304220021469 -42.87682139257565 279.19870909345195 127 121 116 0.33360704213643094 37 3495 46 5381 47 3290
3646 49.458318477714229 -39.0676505525241 284.00553380520171 74 53 62 0.16208162223380987 37 5447 47 5299 46 5382
3647 -29.66307413643349 -42.626041090178077 280.73424551234723 135 123 124 0.16908308058874413 37 5444 47 5298 46 5383
3648 40.122274663913203 -39.262060668497384 279.39198449028868 145 90 101 0.040797720516106278 37 3502 46 5385
3649 -65.828487132419411 -41.844084465294934 286.95628039328261 143 130 140 0.5173920735674018 37 5448 47 5300 46 5386
3650 -32.18436728726752 -42.652937900682176 282.7967315932051 144 136 125 0.62650201248888016 37 3504 47 3298 46 5387
3651 73.021708890418395 -35.506813708042152 285.4806185803547 128 112 100 0.41965399699611594 37 5450 47 5304 46 5390
3652 49.502509891549231 -37.996803679084458 282.17580456886168 166 139 143 0.30501044923120735 37 3511 47 5305 46 5392
3653 49.502509891549231 -37.996803679084458 282.17580456886168 166 139 143 0.30501044923120735 37 3512 47 5306 46 5393
3654 50.124578361537608 -37.286758168238933 279.18088244922882 145 125 135 0.47066259586672499 37 5452 46 5394
3655 48.214092570113685 -37.616214672589244 281.45924021244605 78 47 53 0.21942030449903963 37 5456 47 5308 46 5395
3656 -58.299460457388172 -41.057360284569022 287.67340377166965 124 124 124 0.31566223664117077 37 5459 46 5397
3657 -70.920183187937369 -40.555212376193253 290.9961164598659 69 71 87 1.1438163631084852 37 5462 46 5398
3658 54.5643604578108 -37.035110130820286 287.02096675421876 125 127 124 0.25795280399482118 37 3526 47 3314 46 5399
3659 38.797854319211261 -37.55684768965974 278.47499515119921 110 76 76 0.25940892568586732 37 5460 47 5309 46 5400
3660 -31.151125124016225 -40.355767194190342 278.93779746546676 113 96 102 0.32695074070449109 37 3525 47 3315 46 5401
3661 64.865527375217042 -34.803227171772576 281.84988185789342 115 99 93 0.529290289536545 37 5463 47 3318 46 5402
3662 -55.864321256361379 -40.148514035222512 286.0070069143199 145 136 132 0.18518699972819946 37 3528 46 5406
3663 48.989411392269822 -36.093730085995752 280.36548419516561 79 49 55 0.051936950012012713 37 5466 47 5314 46 5407
3664 -11.567910882407837 -39.960270895568719 279.50669888394225 94 85 91 0.23732104708359567 37 5468 47 5316 46 5408
3665 -11.567910882407837 -39.960270895568719 279.50669888394225 94 85 91 0.23732104708359567 37 5469 47 5317 46 5409
3666 49.526386725671678 -35.906402401566375 279.66894957737532 156 133 133 0.14798613564140883 37 5467 47 5318 46 5410
3667 61.571035428002176 -34.712215797255631 282.56990268468309 122 107 96 0.42170077992294752 37 3531 47 5320 46 5411
3668 69.575629203484539 -33.400190794088985 281.49878723559573 142 112 96 0.31774092614803012 37 5474 47 5321 46 5412
3669 -15.309545553036376 -39.82206321289852 279.73470509889739 99 68 60 0.058520171265656784 37 5475 47 5323 46 5413
3670 -29.34534700012474 -38.635481218607524 275.31119633731197 58 40 55 0.62611569401285794 37 5477 47 3331 46 5415
3671 -12.341313590428641 -39.09528001534369 278.69111407084739 55 43 49 0.22060147808411013 37 3542 47 5326 46 5416
3672 65.407868332715395 -33.462375917440689 283.77754771632959 97 94 82 0.29295442388666115 37 5481 47 3334 46 5417
3673 65.352570763734633 -33.439391739487682 283.58150309284923 97 94 82 0.30678272125642869 37 5482 46 5418
3674 70.015345465511942 -32.608042879574143 282.85922439941271 184 151 126 0.32338933932297426 37 5483 47 5328 46 5419
3675 -32.724901321715251 -38.750156335867899 279.95700388394567 142 125 128 0.20221745121145607 37 5484 47 5329 46 5420
3676 -29.214698326441358 -38.722326345748279 279.59925850361594 120 92 103 0.46127171862813343 37 5485 47 5330 46 5421
3677 64.357012385373679 -33.238412653079592 284.51174843903101 86 71 62 0.26313612795736474 37 5487 47 5334 46 5423
3678 64.357012385373679 -33.238412653079592 284.51174843903101 86 71 62 0.26313612795736474 37 5486 47 5333 46 5424
3679 -57.831446476746343 -37.696618147685086 283.13592433475873 102 98 90 1.0407718791893477 37 5488 47 5336 46 5425
3680 -57.831446476746343 -37.696618147685086 283.13592433475873 102 98 90 1.0407718791893477 37 5489 47 5337 46 5426
3681 70.054087650173472 -31.03438998950643 280.37552210849071 162 133 115 0.2089632582675239 37 5492 47 5338 46 5427
3682 55.99261732720008 -32.812901499568234 282.19278967907337 152 114 116 0.33889952100448145 37 5495 47 5343 46 5432
3683 55.99261732720008 -32.812901499568234 282.19278967907337 152 114 116 0.33889952100448145 37 5494 47 5342 46 5433
3684 72.295085185486897 -30.37125253667714 282.55587421684595 173 149 142 0.43446579590311968 37 5499 47 5346 46 5436
3685 -39.073553590746151 -34.370260238194277 262.52020540788402 66 56 46 0.15536375265747718 37 5493 47 5350 46 5440
3686 -32.515357415280484 -36.486574341465605 279.38426679941375 66 47 47 0.23721837612359853 37 5505 47 5351 46 5441
3687 62.798038183654484 -30.873024061810707 280.61851049347524 74 56 55 0.087138380525993431 37 5506 47 5355 46 5443
3688 -46.860654212416875 -33.920218628002928 266.67382428404704 126 67 62 0.16637651528155661 37 5504 47 5357 46 5446
3689 34.363250544903465 -32.883709661266387 278.26637769999132 89 67 61 0.33936353035071382 37 3581 47 5361 46 5449
3690 52.877636954998358 -30.663615927937425 278.82968519876749 70 49 45 0.027220362447633956 37 6749 47 5362 46 5450
3691 64.347324689505214 -29.523153032282845 281.57829497253539 124 111 108 0.3524694817039104 37 3585 47 5363 46 5451
3692 -60.103351990256577 -32.210249206339569 266.54790253813974 97 72 73 1.0858573497531896 37 5510 47 5365 46 5452
3693 33.022054079093913 -32.077011014297419 275.17664258123108 122 102 93 0.68181719470095892 37 5513 47 5364 46 5453
3694 55.743440063896116 -30.28684883376576 281.45567962487218 137 111 103 0.095223786952221168 37 5515 47 5366 46 5454
3695 69.421793773736084 -28.41796835908249 281.17219437282057 139 122 123 0.17165957665168105 37 5514 47 5367 46 5455
3696 -56.019512964459288 -31.962779326545959 263.35848246548863 69 50 61 0.18915548333059631 37 5511 47 5368 46 5456
3697 -14.098324366449873 -34.15993508585521 276.34947604595408 121 108 92 0.35588961673695679 37 6755 47 5370 46 5458
3698 30.496479767006814 -32.232866262032921 278.75818415120767 162 143 127 0.291318257614052 37 5526 47 5371 46 5459
3699 56.454254047238763 -29.684949899010697 281.51592983426571 93 74 62 0.2089419710079958 37 5527 47 5372 46 5460
3700 -59.254113549456378 -31.093418948702183 264.09667847850028 238 218 211 0.24860738552530628 37 5516 47 5375 46 5462
3701 -59.254113549456378 -31.093418948702183 264.09667847850028 238 218 211 0.24860738552530628 37 5517 47 5376 46 5463
3702 -44.043589178033272 -31.612630946400643 262.41707721526654 141 91 92 0.3224279885284092 37 5521 47 5379 46 5464
3703 57.990967273899443 -28.178918758979375 278.10248352079111 104 89 63 0.14432114482791855 37 5532 47 5382 46 5467
3704 67.387837666423763 -26.269828164607155 277.0792929729343 137 127 117 0.20829631875988461 37 5536 47 5387 46 5468
3705 67.524272530618518 -26.330120472767518 277.62069089631615 137 127 117 0.18122704253859434 37 5537 46 5469
3706 -41.735397851046599 -31.061252503027923 264.96850531715251 154 75 72 0.23625939422251241 37 3607 47 5388 46 5470
3707 66.440012604510414 -26.435999699703572 277.89966987954142 85 64 64 0.076763301306908213 37 5534 47 5386 46 5471
3708 -56.111880236304692 -30.289966228722115 265.3362614310704 81 80 97 0.91749972838888227 37 3610 46 5472 47 3416
3709 -28.868003495235161 -30.847228886896637 262.95792937620524 68 52 48 0.60035654502603419 37 5533 47 5390 46 5474
3710 65.381712650903893 -26.073236695017037 276.48167474422979 113 100 95 0.18782513778229526 37 5543 47 5391 46 5475
3711 -51.86828019155756 -30.04539712254379 266.43220784061043 58 57 48 0.31920975723919148 37 5539 47 5401 46 5477
3712 34.491765279154215 -29.875645457881078 280.22972230902479 143 122 107 0.24272907923425066 37 5552 47 5400 46 5478
3713 37.267756052379369 -29.046275097602638 274.80926004091651 179 156 137 0.30699563881076369 37 5545 47 5395 46 5479
3714 37.267756052379369 -29.046275097602638 274.80926004091651 179 156 137 0.30699563881076369 37 5546 47 5396 46 5480
3715 32.419273927833395 -29.559367499639418 276.43575448234498 129 113 96 0.17685422695355571 37 5550 47 5399 46 5483
3716 32.404283761575286 -29.556028611318393 276.39170582729264 129 113 96 0.054954463443041821 37 5551 46 5484
3717 -42.255777312275946 -29.644341965784086 262.25003629486224 148 107 91 0.057648734628413668 37 5544 47 5406 46 5487
3718 -25.098928123055124 -30.382107677336716 265.4310061661925 52 28 32 0.72906615626552673 37 5547 47 5408 46 5488
3719 54.370339359324568 -26.883083830599169 278.33629664234076 121 106 95 0.21394542369011238 37 5558 47 5412 46 5489
3720 -53.419632586010486 -29.56000538657344 267.54826110299325 58 54 45 1.1494819757005941 37 5553 47 6606 46 5490
3721 28.676747762271404 -29.875796940161148 280.7122599924333 179 152 136 0.18102254358474412 37 3633 47 5409 46 5491
3722 31.800342268912338 -29.093831453880334 276.45922613187111 170 152 133 0.170449663113586 37 5556 47 5410 46 5492
3723 -12.361611492258193 -31.390032237020343 278.25004318442677 87 89 72 0.22102515889991015 37 5562 47 5415 46 5494
3724 60.223539616534161 -25.639530778150384 276.435729336946 91 59 45 0.17025672344317569 37 5561 47 5417 46 5495
3725 -32.16731492267818 -29.464363598601665 261.34272659438489 55 43 31 0.13525749681209828 37 5554 47 5419 46 5496
3726 -9.935368806743103 -31.114618572927174 276.55675258225392 103 98 75 0.37131768988042585 37 5563 47 5416 46 5497
3727 57.590803679125187 -26.062660895049937 280.29943636698454 135 118 97 0.33961499613347684 37 5569 47 5421 46 5498
3728 -48.75883523266868 -28.411827403065132 262.94915720682008 119 116 76 0.43449679515531281 37 3636 46 5499
3729 -58.537271528993209 -27.880642053783088 263.93001691336923 65 47 44 0.19925837294737317 37 5564 47 5426 46 5500
3730 -46.734928214761723 -28.476686316401299 263.37556251212794 63 51 41 0.084972035918430597 37 6783 47 5423 46 5501
3731 60.862290051837668 -24.845137214925245 277.04864422171255 144 115 110 0.2594710471010509 37 5571 47 5425 46 5502
3732 -40.778367648099071 -28.375535923267105 260.83205845191105 186 117 99 0.45785105644277896 37 5565 47 5427 46 5503
3733 24.038515766673832 -28.460367212610617 277.29034685824672 147 128 105 0.5743250717428845 37 3650 46 5507
3734 74.737381615394455 -22.947372075943235 282.49453786478705 79 66 59 0.36051346873648105 37 3656 47 5431 46 5508
3735 33.939329264246688 -26.296969970618008 275.77152219690015 183 167 152 0.45273710644965998 37 5578 47 5440 46 5514
3736 62.551189393870729 -22.637087442329687 277.2154555236051 74 55 62 0.072478370577011314 37 3682 46 5522
3737 69.178469266433709 -22.013622520702768 281.26834997508126 83 68 88 0.34561600951633092 37 5587 47 5446 46 5523
3738 71.738569422305829 -21.587373990225974 280.44395048441675 66 54 56 0.21028283752109911 37 5588 46 5524
3739 -49.630161962108318 -26.444335115190665 264.7156776430221 91 98 50 0.29806521033841266 37 5580 47 5452 46 5525
3740 14.637217478866638 -27.291727573227007 276.52125423233241 89 80 66 0.3290745696131997 37 5584 47 5450 46 5527
3741 -58.819510328092974 -25.683151943265994 262.91990621495597 112 97 91 0.18887102891351315 37 5579 47 5451 46 5528
3742 33.442018672536257 -25.644635600356999 275.74197795739587 57 38 41 0.099962406284134289 37 5585 47 5454 46 5529
3743 40.44863488648285 -24.899258445722936 275.70884959379561 187 161 144 0.33821276224512936 37 5586 47 3485 46 5530
3744 13.530366363664692 -27.08100220612117 276.07859162882096 98 90 78 0.2630409806966017 37 5589 47 5455 46 5531
3745 19.133259723196026 -26.686083345712994 275.80139783961431 250 242 247 0.041361574197946456 37 5590 47 5456 46 5533
3746 63.031514181286617 -21.761385159811901 274.28794488103551 53 45 53 0.11044572220318012 37 5591 47 5457 46 5534
3747 -56.423976790525479 -25.483687811170494 262.71802293590019 63 62 65 0.78599475863799251 37 3677 47 3493 46 5535
3748 -37.654400390208181 -26.076043764881234 260.22092362769507 65 47 43 0.12201613628670334 37 5581 47 5459 46 5536
3749 29.797501199634766 -25.598291184548103 275.94991060617787 113 90 77 0.29647262956039278 37 3699 47 5458 46 5537
3750 5.092912343918413 -27.12915517128851 276.59684430139993 53 40 56 0.16611278605084287 37 5598 47 5461 46 5538
3751 69.303932164438223 -21.407883671846221 283.15757099097334 165 163 184 0.48733921186665047 37 3706 47 5460 46 5539
3752 9.5130799824937728 -26.774063074351169 277.73383753219684 64 43 41 0.065600935645878919 37 5604 47 5462 46 5541
3753 -62.17218672141648 -24.314350983026916 260.2657938154149 131 98 76 0.71138887240362292 37 5592 47 5464 46 5542
3754 -56.210079097115404 -24.653942322635121 262.05417059579167 33 36 44 0.13384325563102972 37 5597 47 5467 46 5543
3755 49.07742669347175 -23.117170058887123 280.40911345360132 164 144 135 0.73920960570866334 37 3719 47 5469 46 5544
3756 18.126505772126958 -25.459687012537071 275.35318587116257 253 242 230 0.091530074424413785 37 5611 47 5470 46 5545
3757 19.354913722381102 -25.177862894693099 275.42948215707236 250 239 238 0.053342692130154377 37 5615 47 5472 46 5546
3758 44.791457021347263 -22.979746747759613 276.99298579011077 55 42 37 0.15274108402146844 37 5616 47 5471 46 5547
3759 -54.205414362964191 -24.350399750750228 263.05667312481893 93 93 84 0.20369382973521966 37 5607 47 5473 46 5548
3760 48.867204353964048 -22.252854033327107 275.81080383845847 101 80 76 0.14943001944789899 37 3728 47 5474 46 5549
3761 -34.476465710803318 -24.702372779599941 259.80622317570737 46 35 28 0.1445431322614151 37 3713 47 3536 46 5550
3762 -61.896936947247653 -23.251838271514707 259.65160335179746 58 34 39 0.09638971930853886 37 5610 46 5551
3763 -11.64570371888048 -25.808126291656791 273.91924876946251 40 44 49 0.48153151226355728 37 3733 46 5554
3764 56.510129830044718 -20.873394985496834 275.73859633245809 130 105 95 0.32729122633681945 37 5624 47 5477 46 5556
3765 60.172774910481301 -20.206915760482289 275.14015166841864 120 101 105 0.02386224738916953 37 5625 47 5478 46 5557
3766 -52.162008646547037 -23.771704674519409 263.15140703983514 97 99 73 0.29955772834305699 37 3731 47 5480 46 5558
3767 28.476707901785378 -23.549016211599461 275.23784811191422 206 183 168 0.39429586724394827 37 5627 47 5481 46 5559
3768 32.649206759496415 -23.066840711734987 274.46965646627274 225 213 218 0.14186663423158036 37 6836 46 5560
3769 9.8237158961920681 -24.637916036532882 273.23922069646187 69 38 53 0.5803317161738063 37 3745 47 3549 46 5562
3770 31.541618535051303 -23.145585396233347 275.31355750756495 248 237 232 0.035663950733125262 37 5628 47 5482 46 5563
3771 53.882813407194284 -20.624594889336812 275.82608613312954 57 45 34 0.039027342377658397 37 5630 47 5486 46 5564
3772 -48.576096464847218 -23.297157510667034 263.134653947412 94 77 49 0.3336904306822126 37 3746 46 5567
3773 49.770527246681333 -20.467285360824118 274.98614758922093 253 240 230 0.16036449237191142 37 5635 47 5491 46 5568
3774 27.651315229727878 -22.310076131297297 272.70636145456439 211 186 183 0.34139229961199008 37 3765 47 5495 46 5569
3775 27.651315229727878 -22.310076131297297 272.70636145456439 211 186 183 0.34139229961199008 37 3766 47 5496 46 5570
3776 44.511645163256119 -20.726714533031899 274.98337205719145 149 150 142 0.2642073636864099 37 5638 47 5497 46 5571
3777 -57.203128139305555 -22.051602771848671 261.2089677590435 125 103 106 0.34577293895162375 37 3754 47 5499 46 5573
3778 -32.868674575090836 -23.204404503796617 262.15132449882287 46 37 33 1.0239384792249497 37 5634 46 5575 47 3574 46 3657
3779 33.764826225424798 -21.54968495044017 273.47370844038016 197 182 176 0.34052882161220327 37 5642 47 5501 46 5576
3780 -49.168235608537103 -22.288831597792097 261.83533121073054 54 40 23 0.23630912307507901 37 5636 47 5502 46 5577
3781 43.549467851715882 -20.438464069509738 274.14714742850623 71 58 69 0.17165796993553487 37 5644 47 5503 46 5579
3782 61.90568426560155 -18.11558326808743 275.525501879861 174 136 115 0.2495235066229532 37 5645 47 5504 46 5580
3783 37.148139337104361 -20.47348336478607 272.34141879368821 50 33 34 0.25541326064784825 37 5655 47 5506 46 5582
3784 -37.568332501135913 -21.849621849896945 257.53708767877413 122 105 90 0.11175711595949785 37 5643 47 3586 46 5583
3785 21.607284817296772 -21.6680391690862 274.7068088408912 121 115 110 0.13950739025271586 37 5662 47 5512 46 5586
3786 21.607284817296772 -21.6680391690862 274.7068088408912 121 115 110 0.13950739025271586 37 5661 47 5511 46 5587
3787 28.607310284501388 -21.102713251957802 275.02508178823217 75 52 53 0.42911248966954313 37 3796 46 5588
3788 56.51265611211781 -18.162050048012084 276.68107564334389 83 50 43 0.23615692797852561 37 5663 47 5513 46 5589
3789 69.736392319789715 -16.389183036483743 277.8567694020075 59 38 36 0.090134940207929073 37 5664 47 5514 46 5590
3790 -53.623807603833846 -20.933292285893888 259.99027564250292 39 18 30 0.10451480211424517 37 5651 47 3599 46 5591
3791 64.438038134717999 -16.683014288339205 272.98716963723024 75 55 46 0.10607035957472466 37 3799 46 5592
3792 26.751903297292355 -20.943732457885986 274.29093319943894 79 63 47 0.22656666750031876 37 5665 47 5517 46 5595
3793 -56.166738901099485 -20.520583091751472 259.552493620007 92 86 90 0.067513377022655599 37 3790 47 5519 46 5596
3794 -56.166738901099485 -20.520583091751472 259.552493620007 92 86 90 0.067513377022655599 37 3791 47 5520 46 5597
3795 30.953655568088038 -20.480180360644788 274.42868166000034 136 124 106 0.19327880770824679 37 5667 47 5518 46 5598
3796 -52.994411920484524 -20.388869536954886 260.17305165962699 49 28 33 0.25181963210349001 37 3804 47 3617 46 5600
3797 -48.766081531624536 -20.718348128684639 261.43324289847135 57 36 24 0.13860314462547393 37 5666 47 5525 46 5601
3798 49.456720600050673 -17.927715700332389 273.51225805216183 52 43 37 0.6317063074961361 37 3824 47 5527 46 5603
3799 34.277337286688876 -19.471270874146008 272.3014656212822 148 123 104 0.13136073257072442 37 5670 47 5529 46 5604
3800 22.074351858012896 -20.4405369383609 274.37909823513382 99 87 94 0.036922638381846277 37 5671 47 5531 46 5605
3801 26.035748295971239 -20.148580809638549 274.46630810482162 120 109 94 0.18003328399624627 37 5672 46 5606 47 5532
3802 40.012633756692843 -18.78590977055865 274.57139115685254 41 37 40 0.12117952656316207 37 5673 47 5533 46 5607
3803 -56.48927955505139 -19.749556897593209 259.11256778965992 35 30 36 0.3489936191350837 37 3810 47 3624 46 5608
3804 52.61785814474802 -17.186897432775318 273.78131708183429 158 134 112 0.03503637384781403 37 5675 47 5534 46 5609
3805 60.263710757760819 -16.023699505730974 274.07979490674683 183 148 125 0.066987259045579783 37 3834 47 5535 46 5610
3806 58.938971666808342 -16.129614260527205 276.46008404963834 153 123 108 0.40156389478158799 37 5681 47 5538 46 5613
3807 28.095389642430987 -19.266412146320892 272.94456922258894 67 36 44 0.12896373960085347 37 5680 47 5537 46 5615
3808 56.972415279088658 -15.568479776292 274.48913479019518 84 69 58 0.21535754948172262 37 5686 47 3659 46 5621
3809 56.972415279088658 -15.568479776292 274.48913479019518 84 69 58 0.21535754948172262 37 5687 47 3658 46 5622
3810 18.232675228599398 -19.369022983115499 274.25458664843018 126 114 135 0.4377269991331163 37 5691 47 3664 46 5623
3811 -23.987431224703354 -19.788273437091174 265.1574601578647 68 62 57 0.77190025365787618 37 5690 47 5546 46 5624
3812 -24.526866003880418 -19.410961967677505 260.7699468055535 33 29 24 0.092371690252264715 37 5689 47 5547 46 5625
3813 -62.104583731333051 -17.772675909529248 260.62738352571535 59 39 38 0.037361122757161275 37 5688 47 5548 46 5626
3814 52.151918437998624 -15.286637010975197 270.46272027167356 74 50 43 0.16670987945349555 37 3868 47 3676 46 5627
3815 -62.592719843068636 -17.461305324942007 258.83167560323682 148 129 98 0.05943517540892216 37 5692 47 5551 46 5628
3816 -60.138671547113823 -17.541017510422787 260.19625963754805 136 111 107 0.084979057126909383 37 5694 47 5552 46 5630
3817 -60.138671547113823 -17.541017510422787 260.19625963754805 136 111 107 0.084979057126909383 37 5693 47 5553 46 5631
3818 24.695367973627803 -17.84276723408632 274.57354293469621 57 46 54 0.1334032359979874 37 3886 47 5554 46 5632
3819 -33.62841095515887 -18.376872165916598 258.31799958722195 35 31 23 0.21381454698699295 37 5699 47 5555 46 5633
3820 -43.141682390053539 -18.006124768157168 259.74554156161759 95 86 67 0.19887414319671329 37 6898 47 5556 46 5634
3821 47.992354716259058 -14.623394011943127 268.83513723613873 61 40 38 0.16184731443077824 37 5707 47 5557 46 5635
3822 10.858732729135305 -17.782526266938085 267.81190850566088 112 106 118 0.25393798000267825 37 3894 47 5558 46 5636
3823 31.308719322001785 -16.65505772697032 274.46319397290995 106 82 98 0.072565522990407971 37 5710 47 5559 46 5637
3824 48.715049145974461 -14.266087250137458 268.96804756687538 129 104 92 0.14796029197858171 37 5711 47 5561 46 5638
3825 4.1230384569628908 -17.357948780666391 261.43647396351497 51 35 38 0.20789048217059167 37 5709 47 5562 46 5640
3826 11.58459642291494 -17.276395959602734 267.79189587188 105 99 107 0.2834623916897458 37 5718 47 5565 46 5641
3827 42.03609954308105 -14.680013510373271 269.14964678624301 171 131 95 0.25311785044273988 37 3909 47 3709 46 5645
3828 56.049565956269944 -12.957466565921029 270.83454365802521 154 122 107 0.13302610654669667 37 6916 47 6742 46 5646
3829 31.467967468102163 -15.593620331491508 272.02748330905882 54 34 37 0.30376880255989963 37 5720 47 5570 46 5648
3830 14.295409899110831 -16.673652425254144 268.44240102965387 68 62 72 0.947474098087141 37 5719 46 5649
3831 50.538377984342212 -13.138550191981809 268.93642984041861 94 73 62 0.16713009808460291 37 3918 47 3724 46 5652
3832 51.425014017983131 -12.740992720395454 270.0500630102805 106 86 79 0.1745903486983611 37 5725 47 5573 46 5655
3833 -35.589204985418633 -16.537717805354564 260.28111739013747 43 34 28 0.66907970740419753 37 5722 47 5574 46 5656
3834 26.531344420678799 -15.255027828520419 273.03129847499821 231 218 222 0.12177719826041854 37 5729 47 5577 46 5658
3835 26.531344420678799 -15.255027828520419 273.03129847499821 231 218 222 0.12177719826041854 37 5730 47 5578 46 5659
3836 25.35207343876753 -15.346023264245105 273.20057355512648 252 236 235 0.13960382125970275 37 5728 47 5581 46 5660
3837 29.465499640665534 -14.664179339938674 271.93060567508763 91 82 95 0.081605391821565662 37 5734 47 5582 46 5662
3838 -59.853407446585642 -14.309577079001329 256.95865412408193 27 32 30 0.30490233128755978 37 5727 47 5585 46 5664
3839 -53.713998905430564 -14.456006842474888 259.87963948393082 42 19 30 0.12771644618134681 37 5736 47 5590 46 5666
3840 -53.713998905430564 -14.456006842474888 259.87963948393082 42 19 30 0.12771644618134681 37 5737 47 5591 46 5667
3841 30.304558478993751 -13.82326401425955 270.71713878952431 79 65 88 0.11340661766191813 37 5742 47 5587 46 5668
3842 -51.092551906709645 -14.482063712708852 257.97693688887256 68 16 37 0.033467409823998227 37 5738 47 5592 46 5669
3843 -56.556714514160014 -14.007057746362179 257.5739833082477 69 68 71 0.060342539825745709 37 3958 46 5670
3844 -38.422310250650199 -14.537042931085518 258.89226363348962 34 20 24 0.26831712172008498 37 5746 47 5596 46 5673
3845 29.937532902318498 -13.086607035980849 271.68239668451554 37 28 43 0.1891612547144359 37 3981 47 5600 46 5676
3846 50.958460781659369 -10.468256799692046 264.64145514246053 61 42 44 0.50328753596146869 37 6939 47 6769 46 5677
3847 45.214299036205318 -10.595894363568373 269.58542694366906 117 86 71 0.49382759777559454 37 5760 47 5604 46 5682
3848 40.417164954675791 -10.95740070334922 270.4003900532133 130 115 103 0.11732661529827298 37 5768 47 5613 46 5686
3849 1.4246427482075306 -13.579076922433126 265.32971633526722 35 20 11 0.44910565455756796 37 5764 47 5614 46 5688
3850 1.4246427482075306 -13.579076922433126 265.32971633526722 35 20 11 0.44910565455756796 37 5763 47 5615 46 5689
3851 42.842174201160127 -10.513560129375483 273.12158572834068 142 115 106 0.19322938729658526 37 4012 47 5618 46 5692
3852 -47.367293280413442 -12.276852643761345 251.69665090780876 82 69 80 0.006807438712277545 37 5759 46 5693
3853 1.899269933548126 -12.796952212133649 263.1337783986354 144 122 107 0.2528544164515682 37 4013 47 5622 46 5696
3854 9.3810525629144816 -12.204075639009865 263.1714205272782 89 65 68 0.2627390163385015 37 5780 47 5623 46 5699
3855 60.69185303653461 -6.7407033511237673 267.39297953975779 203 130 121 0.41624975685017884 37 4025 46 5700
3856 60.678302782627391 -5.9473561957260044 269.64235114876055 246 203 189 0.26059687017496774 37 5800 47 3844 46 5709
3857 29.731790275283025 -9.1352287535241175 266.76473807611973 125 100 101 0.050955965905503296 37 5802 47 5637 46 5711
3858 8.0460068284487924 -10.167689113253697 263.00524854073183 188 150 113 0.52702022382266989 37 5805 47 5643 46 5719
3859 11.1617156269375 -9.5881230497542536 262.73164511896408 65 39 35 0.16088964078734366 37 5809 47 5650 46 5726
3860 14.200652113468831 -7.6971464912179552 207.46694544409445 53 38 29 0.74464412936328517 37 4014 47 5662 46 5727
3861 35.792694146009403 -7.6086361735238084 269.03772809700041 98 79 46 0.33472727856181961 37 5815 47 5657 46 5730
3862 59.874054741117753 -4.6287674289321874 270.65154835163588 171 135 102 0.18805662372833931 37 5819 47 5659 46 5733
3863 70.002111694323574 -2.8153744882979073 267.97956558268811 144 110 117 0.15847005772260644 37 5820 47 5663 46 5735
3864 -1.1443312624417288 -7.9728566881947653 218.09836598103789 49 38 31 0.3964667913168845 37 4045 47 5670 46 5741
3865 32.738453196055936 -6.8261642698381806 263.09595574182038 75 59 44 0.26482921559561606 37 6988 47 5669 46 5743
3866 70.750898098517666 -1.7939070652488323 269.31130534201469 115 84 79 0.086657797755746183 37 5827 47 5672 46 5745
3867 37.588996993867354 -5.8773316736731651 265.98925521162244 156 138 119 0.12999253671527625 37 5829 47 5674 46 5746
3868 68.533654605623283 -1.7359714282546725 269.04228530658196 133 105 63 0.33383462784257611 37 5831 47 5676 46 5747
3869 68.070738288578937 -1.6091207571620869 269.82125375850529 190 156 113 0.17665985375339396 37 5834 47 5680 46 5748
3870 -41.025022869013561 -7.1006847441124172 235.62816916876645 59 50 31 0.11155424635030667 37 5825 46 5750
3871 53.248954171898284 -3.344914184038366 266.69298254412689 44 29 43 0.12726324892671345 37 5835 47 5686 46 5752
3872 56.327649405989902 -2.9323705398213153 268.51949650570162 47 28 36 0.2013663013005281 37 5838 47 5687 46 5753
3873 -62.205753682848737 -6.258122109025078 254.8385300893203 33 17 30 0.19833024445148059 37 5830 47 5690 46 5754
3874 49.731654527316984 -2.7938704695490779 263.05820826027013 127 46 64 0.19681575003229257 37 5848 47 5699 46 5764
3875 41.004946779975079 -3.5689058745182254 268.40090610764878 60 45 54 0.24456750264516333 37 5852 46 5766
3876 -64.024032831355342 -4.9035874380273583 251.52934441501043 46 29 30 1.1509664825084134 37 5846 47 5702 46 5767
3877 32.380026749329318 -4.2545163380078801 266.87856102371103 72 60 65 0.30689637605235026 37 5857 47 5704 46 5774
3878 32.380026749329318 -4.2545163380078801 266.87856102371103 72 60 65 0.30689637605235026 37 5858 47 5705 46 5775
3879 3.6481461944211464 -5.07060895337679 206.97629889213698 203 184 170 0.094135412247028857 37 5828 47 5714 46 5779
3880 73.219104157995091 1.7594246101261817 268.32024273584756 148 130 100 0.1427378252372202 37 5866 47 5715 46 5781
3881 49.651632996246349 -1.4006095928870259 266.58905473539761 94 40 59 0.28980133064889602 37 5868 46 5784
3882 64.501789762096095 2.2809543714627827 265.94508889565731 62 51 74 0.7197356194274217 37 5884 47 5732 46 5794
3883 52.58728856994523 1.1745642633704805 263.33670303145584 30 30 41 0.10863952539684797 37 4196 47 5738 46 5798
3884 51.804350225711175 1.9618999359939644 262.95500851424373 82 84 98 0.073616548678821864 37 5896 47 5747 46 5808
3885 19.473995811735225 -0.72111340059309426 207.71069061039367 94 94 104 0.050750230088779977 37 5878 46 5817
3886 -51.602631771223294 0.19844001245447543 236.04118022426226 57 26 12 0.40774352340322412 37 5912 47 5762 46 5825
3887 -64.026438979878549 1.903671292121363 242.55744633220462 77 64 16 0.1644873025785949 37 4240 47 4056 46 5831
3888 -4.7276496063469322 0.18311151877876103 205.55620229673374 230 197 170 0.23521937925637137 37 5913 46 5839
3889 67.25713226150306 8.1330608622695646 265.3170152588209 69 68 85 0.59563434977503349 37 5932 47 5774 46 5843
3890 67.25713226150306 8.1330608622695646 265.3170152588209 69 68 85 0.59563434977503349 37 5933 47 5775 46 5844
3891 -2.3909908456660962 0.90621148851118849 203.76769847546626 251 225 200 0.040558002702874699 37 5920 46 5847
3892 70.56935833596016 9.1917296045768637 263.63979046932303 132 123 145 0.29156031361995427 37 4273 47 5779 46 5848
3893 72.690739104719128 10.423016655193727 262.90982479958342 143 136 166 0.96983576090402546 37 5951 47 5790 46 5857
3894 72.690739104719128 10.423016655193727 262.90982479958342 143 136 166 0.96983576090402546 37 5950 47 5791 46 5858
3895 -32.169377228552008 3.4887444008889728 219.60770155551793 100 82 79 0.12613957432100956 37 5949 46 5877
3896 -7.814251396115532 3.8517392634949323 210.55942529387914 201 163 146 0.40933711154018981 37 4293 46 5883
3897 -26.239805975063963 5.2346370467026295 230.76224222982225 81 49 43 1.3200584367215784 37 5976 46 5893
3898 -22.781786843878667 5.0010127716516104 220.57088847230943 166 106 100 0.30120613027485749 37 5970 46 5898
3899 69.797134195338444 14.326016485336284 264.8907258414942 18 16 28 0.25552858018860108 37 6006 47 5837 46 5902
3900 31.686534925938989 7.387228060261072 197.69777319023677 52 29 18 0.15491280482688508 37 5961 47 5845 46 5907
3901 30.801076948271152 10.106275059654282 198.61970533116562 121 98 83 1.1826173711409291 37 6010 46 5946
3902 -53.395705746125003 10.065545776799208 221.78481753822425 54 27 12 0.077312114456786971 37 6028 46 5950
3903 72.485077120160867 20.203535365902376 261.22932408306565 46 48 64 0.24826824953211304 37 6062 47 5910 46 5968
3904 3.3689145278560444 9.5529980901514566 196.23111285708805 212 171 155 0.31789211629211944 37 4402 46 5977
3905 -50.481449413817742 11.623078571616851 215.56643038685723 66 56 28 0.038408070869522276 37 6048 46 5978
3906 -29.347246016627356 10.689282972780216 211.97395712024334 128 81 66 0.03493042661394434 37 7127 46 5979
3907 10.469451352487388 11.03708699461203 195.11629706852386 148 126 118 0.28061783539607421 37 6052 46 5983
3908 -33.871148479116528 13.846301568310517 213.42639301338065 35 25 15 0.36753426846555431 37 6086 46 6022
3909 32.742275734717111 15.888501128101131 203.3657328233754 101 83 64 0.18453750728776772 37 7164 46 6024
3910 -29.275242147646903 14.125032070152338 210.46172066692128 118 86 70 0.061634095701404476 37 6098 46 6026
3911 15.559027680742169 16.051250100812485 198.32247498324065 45 48 55 0.29780848701630952 37 6115 47 5988 46 6052
3912 -46.1479346748702 17.164215929944238 212.08355116225741 68 59 43 0.71707475341965543 37 6130 46 6058
3913 -51.258930456858394 19.362143009375245 216.20431571083719 61 61 45 0.55723373049142377 37 4559 47 6012 46 6081
3914 -26.793602083111303 17.470871428125871 204.95685083952401 95 81 39 0.15980812929929411 37 6145 47 6014 46 6082
3915 31.852842264315591 19.317167782800173 196.63789498755213 40 23 15 0.40504586374891066 37 7208 46 6083
3916 -34.04848357064072 18.503904404897064 204.82940638675146 94 81 30 0.48808051910322353 37 6147 46 6089
3917 -45.590536197992208 20.558136662683594 214.38016980479625 58 61 10 0.59615084088593984 37 6158 46 6093
3918 -45.590536197992208 20.558136662683594 214.38016980479625 58 61 10 0.59615084088593984 37 6159 46 6094
3919 25.785623822296255 22.239931890201259 194.88037204023252 183 122 90 0.30871177774557046 37 6187 46 6127
3920 13.419849176859751 23.98655709264472 194.64260248019602 46 25 14 0.27044345965147859 37 4697 47 6090 46 6156
3921 -24.747810366102797 23.433583503877912 192.99396118105935 75 61 15 0.29461669396432644 37 4710 47 6095 46 6161
3922 -12.578007044132386 23.844091658604366 194.49207755750544 167 126 65 0.0037683521197560566 37 6223 46 6163
3923 -23.638579627395469 24.732752338042385 192.91375511631131 64 60 23 0.51183152830214063 37 6249 46 6190
3924 26.301752398098856 27.226236299102045 194.65341769015916 114 103 59 0.055118490863795735 37 6252 46 6195
3925 -30.257397027267192 26.054001609588514 191.33312514848282 150 126 65 0.3679145874200751 37 6261 46 6213
3926 51.293119274198723 32.057811585973518 183.03329730635286 86 72 29 0.32276330501479245 37 6274 46 6230
3927 -30.736757716778804 29.532494980106971 192.14974433003584 151 112 66 0.049009839466948153 37 6302 46 6239
3928 -47.788568991572156 32.410427799811082 204.970673921909 38 34 13 0.098988578914113556 37 6309 46 6242
3929 19.551947840832806 30.395177504108929 187.58033086569651 43 13 14 0.99552444287214958 37 6303 47 4665 46 6243
3930 19.257447514976366 32.359834985269138 184.76995480949969 59 41 38 0.6575606920325866 37 6335 46 6273
3931 -0.77780584407402753 34.719661144390656 181.31555772289138 79 64 42 0.28455627903595482 37 6392 46 6317
3932 -41.110367556131386 38.780642295711907 195.10949081077374 29 10 26 1.0218706099668682 37 7394 47 6268 46 6335
3933 29.421847338800401 38.003277892546741 180.16485001396217 25 12 3 0.52468364158446268 37 6405 46 6337
3934 4.9699618809945108 35.199471433395018 169.99829301604407 136 117 68 0.22762958777393294 37 6416 46 6354
3935 -51.861064073013843 39.806018930267314 183.61884932653842 94 78 47 0.4255149428480256 37 6436 47 6299 46 6366
3936 8.0449646374941537 35.340264655574977 166.91655500225417 140 129 71 0.32743699506877272 37 6424 46 6367
3937 -54.487188750552519 39.982896640492108 181.74056123480534 121 108 74 0.19291816609669477 37 6439 46 6371
3938 19.331486954502875 39.775400473593763 181.10253746584883 19 12 7 0.34022425569900527 37 6442 46 6374
3939 20.884449074907554 40.385594974773127 179.32548259184992 29 18 1 0.32937221199829347 37 6456 46 6382
3940 -4.0806512170749318 40.006374361080432 178.79180076895216 41 23 0 0.63708461746435152 37 7436 47 6328 46 6397
3941 -5.7531305908891044 41.701237980682727 180.01732630532479 36 12 4 0.084548299925113313 37 6479 46 6417
3942 17.376631030700509 43.33824631604439 177.95872841181003 58 47 42 0.61022124601345917 37 7451 47 6365 46 6429
3943 20.260379027453702 43.642625607132921 178.00768461274166 24 21 6 0.48059076283580426 37 6494 46 6432
3944 4.5023980901268246 40.198009860063095 165.89785633359838 205 150 96 0.42253753832605073 37 7457 47 6372 46 6441
3945 4.4755656539626818 40.072574700103289 165.30739169746326 205 150 96 0.31254072676491973 37 7458 46 6442
3948 8.108733750619102 43.236137432179362 166.83198755835429 38 21 7 0.87064900266613776 37 6535 47 7303 46 6480
3949 1.9490368653051289 43.190572345291628 166.69459221371685 128 55 23 0.44317040721575945 37 6542 46 6487
3950 -10.912798043338617 44.045252616024399 166.77704877205488 60 49 14 0.30267147364955249 37 6569 46 6510
3951 -0.81587202342459042 44.86144317327998 168.19555314451713 79 45 11 0.33795315355529665 37 5280 46 6514
3953 5.9002645367867705 45.895281095849278 167.10968771322626 84 40 10 0.27703514112675237 37 6595 47 5184 46 6545
3954 17.436317372253455 48.610956970356128 172.58665989162222 36 13 10 0.48456808339869001 37 6607 46 6546
3955 -26.528945081749573 45.892929179963133 167.29761121916968 131 120 76 0.69183699029671553 37 6600 47 6479 46 6549
3956 -19.346924625447176 48.994196764797785 172.36574729694229 119 59 18 0.51548334191304424 37 6642 46 6577
3957 2.2332642827020566 47.654993069924693 164.25089071167218 73 24 9 0.098099409517783009 37 7551 47 6507 46 6589
3958 35.588275105281234 -40.00064502038979 281.04168620826391 160 141 127 0.37980922648755855 37 6715 47 6546 46 6634
3959 66.454946625036072 -36.642549886116548 283.87091905414627 115 102 97 0.29534845246030222 37 6718 47 6547 46 6637
3960 -18.593523504079176 -42.551506320608922 283.24509186728096 142 133 127 0.70758679091837851 37 7584 47 7374 46 6638
3961 -7.4169577824364765 -41.289406000179319 275.64289427083753 121 115 118 1.2315948859279295 37 6717 46 6639
3962 -31.342315119497322 -41.587110314765013 279.8962935578607 90 71 73 0.28771753936001782 37 6720 47 6550 46 6640
3963 -69.713640255289917 -40.885828158238922 287.42830927780739 122 119 124 0.49904466907744699 37 6724 47 6549 46 6641
3964 45.048357137777487 -37.802588616443096 279.26928879445154 135 102 93 0.043638491121721502 37 6721 47 6551 46 6642
3965 -64.098309104964969 -40.468928825845246 283.99433855147771 70 71 90 0.60051751400602449 37 6725 47 7376 46 6643
3966 -32.947224486037989 -41.637853544329609 283.01529918189601 149 139 129 0.39488586057927083 37 5455 47 6552 46 6644
3967 63.903589267278122 -36.698254593292454 287.73686309951313 134 114 104 0.11215163221778519 37 6726 47 6554 46 6646
3968 71.443909135702739 -35.77115924348702 291.10123969455441 143 116 109 0.40472659006103251 37 6727 46 6648
3969 61.43417049544712 -35.767644946984277 283.65534815803676 163 145 135 0.42678594523301411 37 5461 47 6557 46 6649
3970 -30.805168798305392 -39.76186904502871 279.7302361796302 70 53 56 0.27083121054438125 37 5471 47 6559 46 6651
3971 43.445394313951503 -35.82243193638373 279.1584700544978 166 116 99 0.17511335523846946 37 6732 47 6562 46 6653
3972 44.734543299123075 -35.846303568611333 281.42732081401795 61 36 41 0.20303238887395794 37 6733 47 6563 46 6654
3973 69.036139858463585 -33.120001502684239 284.07031413193806 156 133 118 0.50991343168509429 37 6734 47 6565 46 6656
3974 -59.106337178397752 -38.787974547891736 286.71845755781345 137 136 129 0.91391627179770119 37 6735 47 6566 46 6657
3975 49.849371865254746 -34.836693287495031 282.59373339905676 72 58 71 0.19133402241717881 37 7594 47 6569 46 6659
3976 -14.071904669828813 -38.306157463502096 278.96630979596574 145 130 121 1.0295979988783626 37 6736 46 6661
3977 51.812102960388103 -33.424275785225198 281.30748951215998 149 105 105 0.084454295102371124 37 6739 47 6573 46 6665
3978 48.079903762761312 -33.590755057788911 283.81107781746067 130 108 107 0.22496125296815106 37 5501 46 6667
3979 68.40272122520669 -31.018464803436817 282.95968982394726 168 144 134 0.17609753713352536 37 5498 47 6574 46 6669
3980 61.683585595560302 -31.377296845494467 280.76126690442015 94 78 78 0.2276738050372725 37 6740 47 6576 46 6672
3981 34.529894530489386 -34.085371148898552 279.65671047058959 169 148 135 0.48675151983793602 37 6743 47 6578 46 6674
3982 -55.374574658803802 -33.475082247650668 267.30092055286883 84 68 62 0.063584138214164157 37 6742 47 6580 46 6675
3983 58.70078956512414 -31.550539036015298 285.35569867031376 136 126 104 0.56722611388156885 37 6744 46 6676
3984 68.920029771419308 -28.942212544919183 284.54585681804463 139 122 116 0.41462246463311009 37 6753 47 6581 46 6678
3985 68.920029771419308 -28.942212544919183 284.54585681804463 139 122 116 0.41462246463311009 37 6754 47 6582 46 6679
3986 -58.359341101893882 -31.924502822479546 264.20552861685303 103 86 78 0.26029933397372768 37 6745 47 6583 46 6680
3987 -51.068110338495806 -32.352354064298453 266.36586405575474 118 94 88 0.11148172688749232 37 6750 47 6586 46 6681
3988 53.929712682733637 -30.042118557284205 281.79563084314844 146 124 118 0.85395828195768131 37 6759 47 6589 46 6684
3989 70.131400984125193 -27.676853570263454 280.81913696441131 118 93 87 0.47076344089162486 37 6760 47 6591 46 6686
3990 -45.889516634296093 -31.754746805947939 263.86214102018363 247 215 212 0.11548809194474156 37 6751 47 6592 46 6687
3991 -41.995142486388588 -30.943313872220251 262.30248781590097 160 111 94 0.2751474580159835 37 6761 47 6595 46 6691
3992 -37.120944287583342 -31.12180882439268 261.58661013423273 146 107 97 0.21271454463411846 37 6762 47 6596 46 6692
3993 -37.120944287583342 -31.12180882439268 261.58661013423273 146 107 97 0.21271454463411846 37 6763 47 6597 46 6693
3994 -43.999668134158576 -30.927021271729618 264.2945539136802 63 38 39 0.46555814485881797 37 7615 47 7398 46 6695
3995 13.790543367929486 -31.951564814395983 280.00959582155866 162 143 127 0.28367683882774763 37 6770 47 6600 46 6699
3996 -58.324829989985339 -29.545066469768205 265.97803149910783 89 83 74 0.33518929929492813 37 6767 47 6603 46 6703
3997 -47.75419107497067 -30.117136615697291 266.16072603181021 128 111 86 0.37598236893498305 37 6768 47 6605 46 6705
3998 36.8751485239532 -28.970645011443608 278.43165187312616 153 128 109 0.51815200192687538 37 6774 47 6607 46 6706
3999 68.694623641830447 -24.886439050565635 277.69665086449072 120 113 97 0.25104251153543239 37 6776 47 6608 46 6707
4000 -48.733017483938731 -29.519494780206053 266.95408133828295 91 78 59 0.36494057384229794 37 6772 47 6613 46 6709
4001 -43.316041282280672 -29.521713690004677 264.61640920710636 69 54 42 0.27058971229767909 37 6771 47 6614 46 6710
4002 67.127687233236642 -24.999402406071592 279.2560896149036 115 101 106 0.17164456844112816 37 6782 47 6612 46 6711
4003 74.13751448393441 -24.290985402009326 283.71860632151106 179 159 152 0.29498372806455192 37 6785 47 6615 46 6712
4004 64.113206206376262 -24.586745338155122 275.35779639037241 102 89 94 0.39962069739836042 37 6784 47 6616 46 6714
4005 -25.240276463509037 -29.197337589316174 263.3023015818074 93 64 61 0.13776463771211989 37 6780 47 6619 46 6715
4006 34.51485280027201 -27.306809144098903 275.11497244089475 118 95 80 0.28464403871148447 37 6790 47 6620 46 6719
4007 -59.650796981191341 -26.589649696187848 260.22495073552324 86 52 59 0.054200240422059807 37 6789 47 6623 46 6720
4008 66.746937029174646 -22.966460988080122 276.06021617678988 94 84 90 0.37918931262505079 37 7636 47 6624 46 6721
4009 70.033759724932111 -22.871647766234254 279.98223487905364 123 107 102 0.28113082411704216 37 6796 47 6625 46 6722
4010 -47.355112096946669 -27.534894189278916 265.44563727742343 121 105 75 0.20897725529991415 37 6793 47 6626 46 6723
4011 -35.363232896771528 -27.379877173527849 259.18849903149163 74 47 37 0.41169488211136041 37 6792 47 6627 46 6724
4012 -31.423070290702867 -27.58603361383804 260.89799050597679 46 36 32 0.26792873400879808 37 5575 47 6629 46 6725 47 5437
4013 31.580454561643595 -26.900609395904123 276.69349305178054 174 149 132 0.3235735834292871 37 5577 47 5436 46 6727
4014 32.800875309495986 -26.666100155056007 275.80665579078391 163 142 131 0.40026684330409529 37 6800 47 6633 46 6728
4015 17.01657386017401 -27.950072722296703 277.21079181057269 165 150 160 0.22140579972832911 37 6798 47 6632 46 6729
4016 12.728710552288762 -27.252928578737691 272.19404794321895 110 123 94 1.1201172535033441 37 6805 47 6639 46 6737
4017 37.917714469103089 -25.502794705465828 276.08945078535055 177 154 137 0.37291260520645181 37 6807 47 6641 46 6738
4018 21.751385910871821 -26.866036321313643 277.60781908664865 121 118 102 0.17080203754589243 37 6808 47 7424 46 6739
4019 3.1067428363863354 -27.716882318342321 278.1723697392672 129 110 112 0.16162621771976626 37 6809 46 6741
4020 26.087819185660084 -26.141690564829911 276.95927869631794 97 69 67 0.41664821352361781 37 6811 47 6643 46 6743
4021 26.087819185660084 -26.141690564829911 276.95927869631794 97 69 67 0.41664821352361781 37 6812 47 6644 46 6744
4022 -39.290851503036812 -25.849938435772469 259.43210350846408 91 63 42 0.31908363443367133 37 6806 47 6647 46 6745
4023 55.321731253768924 -22.952460056381884 277.09364964583227 159 129 106 0.31890511678525135 37 6813 47 6645 46 6746
4024 -1.1402549839025868 -27.378145682606068 276.53072573989368 58 43 50 0.22650039722263982 37 6815 47 6649 46 6748
4025 24.175133035345166 -26.04571415347851 277.02449423178899 65 47 43 0.27145138168837818 37 6816 47 6650 46 6749
4026 73.089116521153628 -20.471156312578483 280.1503013181287 169 143 131 0.17857088324773612 37 6819 46 6750
4027 -8.066984217143343 -27.062834054333475 276.83190114353425 152 132 112 0.1462941052035055 37 6821 47 6654 46 6751
4028 47.521820261346946 -23.012785897705225 276.74131704270729 169 148 135 0.36009948517442342 37 6822 47 6655 46 6752
4029 62.102651924943544 -21.376324446896376 277.97699896642467 75 56 55 0.36047859147719441 37 5609 47 6656 46 6753
4030 -36.364127774260702 -25.114161972993198 259.01684700136707 51 40 29 0.16935799923088499 37 6817 47 6657 46 6754
4031 -35.332967245289517 -24.978596698331621 257.81093121362841 124 118 84 0.19962449584729178 37 6818 47 6659 46 6755
4032 -0.32581148401310311 -26.521257532256502 276.20722780502962 91 86 98 0.27902745397493173 37 6824 47 6658 46 6757
4033 -62.430575543939291 -23.43159784007841 257.37714575845695 174 134 110 0.096768468775735708 37 8149 47 7431 46 6758
4034 -46.2840439827079 -24.506758116685628 259.86294254931789 152 110 88 0.27187959742002921 37 5606 47 6663 46 6759
4035 10.042180480649717 -25.851348875611727 276.37481001165662 134 87 98 0.052386065420342742 37 6826 47 6661 46 6762
4036 23.924225679237832 -24.809562461726202 275.99067722139927 167 139 141 0.22133975497828542 37 6827 47 6664 46 6763
4037 41.720059549258877 -23.289510991592053 274.88217752576628 56 40 53 0.071881863794031678 37 6825 47 6662 46 6764
4038 -61.290424132693779 -22.956496371539416 257.71433734896181 55 31 37 0.93588060033679565 37 6823 46 6765 47 7441 46 7532
4039 62.374487781201246 -20.218322963017137 275.0929550248203 67 44 49 0.147991626559038 37 6831 47 6665 46 6766
4040 -57.439875517452947 -23.502466532842433 262.40710158959769 34 28 33 0.16334714897615363 37 6828 47 6667 46 6767
4041 48.282132282392709 -21.888917147785566 276.67431550931241 88 70 65 0.1020204202368165 37 6835 47 6669 46 6768
4042 35.909625321417032 -22.800224168088242 273.11322456838337 59 54 64 0.10486672676293703 37 6834 47 6668 46 6770
4043 -7.9086550912759916 -25.380836612808697 277.26588013884378 131 118 110 0.16837528111405806 37 6843 47 6670 46 6773
4044 33.465983463944148 -22.623623019614438 274.90382612773203 65 56 71 0.14339176439629886 37 6844 47 6671 46 6774
4045 48.731967568666455 -20.96021660894159 275.54601709666048 251 240 231 0.18321288773914626 37 6845 47 6672 46 6775
4046 -40.180808617452286 -23.324470826218015 260.37129049889876 59 42 42 0.31750497622917662 37 6837 47 6676 46 6776
4047 60.351023965528874 -18.914270737961925 274.8598160782243 55 39 37 0.26008867334942443 37 6847 47 6677 46 6778
4048 -42.325018979012661 -22.405299642470172 256.15947990372649 116 93 78 0.1240380952177524 37 6842 47 5500 46 6779
4049 17.078589198759222 -23.000539296791558 274.45352964258592 74 52 60 0.017504308791254312 37 6848 47 6678 46 6781
4050 24.547930098063382 -22.613491636632762 275.31332413672874 244 224 211 0.18737776378128412 37 6849 47 6679 46 6782
4051 24.522569574537755 -22.612262574433622 275.18227409566049 244 224 211 0.13601470363046875 37 5640 46 6783
4052 41.352912858110187 -20.772126158167854 274.06761589718974 71 57 70 0.29127392764709858 37 6852 47 6682 46 6784
4053 41.352912858110187 -20.772126158167854 274.06761589718974 71 57 70 0.29127392764709858 37 6853 47 6683 46 6785
4054 54.064236347821989 -19.614494409673153 276.43736234479837 113 114 91 0.19713572072854343 37 6851 47 6680 46 6786
4055 3.8222296282456787 -23.7453044902561 277.26347685820315 36 44 61 0.31237658635902676 37 6857 46 6787
4056 23.202467220344904 -21.961300717466802 275.45417965233077 139 122 105 0.34078220080681754 37 6861 47 6688 46 6788
4057 39.296821905199451 -20.526245254767339 274.33464334830677 59 55 49 0.33417396382391978 37 6860 47 6686 46 6789
4058 46.706337305864082 -19.279686315820939 272.27101114023731 58 54 61 0.87853765797609562 37 5656 47 6689 46 6790
4059 48.102959910670549 -19.259946627672019 274.64355887894089 182 176 167 0.21106279123522553 37 6864 47 6690 46 6791
4060 28.417808828794328 -21.263735200445133 275.59444793566979 72 51 51 0.47061323767484448 37 6863 47 6691 46 6793
4061 58.078696882785259 -17.207390783035564 274.46242773010511 65 39 38 0.051410457881137607 37 6868 47 6694 46 6794
4062 58.078696882785259 -17.207390783035564 274.46242773010511 65 39 38 0.051410457881137607 37 6869 47 6695 46 6795
4063 -25.82257813234418 -20.995166493961101 260.40100798365592 81 78 63 0.15862744423734476 37 6873 47 6700 46 6796
4064 -25.82257813234418 -20.995166493961101 260.40100798365592 81 78 63 0.15862744423734476 37 6874 47 6701 46 6797
4065 18.404577843129317 -20.996573952018192 275.35699438834632 82 44 69 0.075374549749211456 37 6879 47 6696 46 6798
4066 41.046542023770357 -18.752907899071047 274.24035370023012 65 55 59 0.19321909575029986 37 6886 47 6702 46 6799
4067 46.502543121183344 -18.003574572162336 271.80588768272264 156 119 105 0.46341861797505091 37 6881 46 6800
4068 59.156558008035979 -16.736067023037624 275.07027080528121 157 126 117 0.15827313810303281 37 6882 47 6699 46 6801
4069 -27.172606597067492 -21.250521909080021 264.69951024315094 34 29 28 0.4640322309660922 37 6872 47 6705 46 6802
4070 -23.984462293700361 -21.032985346884569 261.23612470680024 90 81 75 0.064329063860574034 37 6876 47 6706 46 6803
4071 -24.000219492383398 -21.052075741703938 261.42231861651413 90 81 75 0.058428053040203556 37 6875 46 6804
4072 -53.532815778508116 -19.71810928869499 259.45864113978968 127 82 82 0.10843699235164506 37 6870 47 6703 46 6805
4073 -53.532815778508116 -19.71810928869499 259.45864113978968 127 82 82 0.10843699235164506 37 6871 47 6704 46 6806
4074 -32.005308525068422 -20.189242453420345 257.63288724801788 36 34 30 0.47358789136183549 37 6883 47 6709 46 6807
4075 37.315979608245357 -18.148790041998389 271.64425419668135 131 107 108 0.26186118462399438 37 5682 47 6713 46 6810
4076 32.996822496914241 -18.095045218537376 274.42027053341337 160 125 110 0.23990010139058993 37 6894 47 6716 46 6813
4077 59.175497556880757 -14.388701605326636 271.19251195514482 153 120 98 0.23114997928411998 37 6895 47 6723 46 6816
4078 66.905465339243648 -13.663828398095726 275.64862471596729 158 125 114 0.075622954176276402 37 6897 47 6724 46 6817
4079 -42.148512705657865 -18.479989986278209 258.5899929120053 57 48 33 0.10563847757303295 37 6893 47 6725 46 6818
4080 41.616534796988702 -16.523784870364736 272.15795420173009 79 52 52 0.15469497143310992 37 6896 47 6722 46 6819
4081 8.8822078373288775 -18.513152468418895 275.18402803299801 31 29 41 0.52685076098548067 37 5708 46 6824
4082 -44.40034348000691 -17.556569369434094 260.69281628365451 55 41 35 0.30710452162218704 37 6902 47 6735 46 6825
4083 6.1063983372329913 -17.93891587573367 265.69068764998502 100 88 87 0.14801385893365152 37 6905 47 6731 46 6826
4084 41.057117982992125 -15.569159751069103 272.55500740286789 147 124 109 0.083170475533057661 37 6908 47 6733 46 6827
4085 41.057117982992125 -15.569159751069103 272.55500740286789 147 124 109 0.083170475533057661 37 6909 47 6734 46 6828
4086 15.330043352631456 -17.597732917216753 272.02238961716353 32 34 43 0.20320513904243456 37 5713 46 6829
4087 52.716008362336595 -13.921538944804398 270.72915863455444 122 95 99 0.093951092843682679 37 6911 47 6736 46 6830
4088 65.445219278173397 -12.337692624969677 273.33511703687952 131 108 112 0.48070307916420552 37 5715 47 6738 46 6831
4089 65.445219278173397 -12.337692624969677 273.33511703687952 131 108 112 0.48070307916420552 37 5714 47 6739 46 6832
4090 -52.590185833652242 -16.694951456097975 260.86564980563747 51 25 25 0.25569918565998712 37 6906 47 6740 46 6833
4091 -37.396309069414045 -17.554838498905923 264.29418242633517 52 28 20 1.3859739396186621 37 6912 47 6741 46 6834
4092 -56.465744149505888 -15.8174447998001 259.65088623612695 34 30 34 0.2427224092047077 37 6913 47 6744 46 6837
4093 47.616251506049345 -13.541139696775565 270.05023402439394 67 49 45 0.12475705836666683 37 6922 47 6746 46 6838
4094 5.299968234890831 -16.525826360719496 263.44782476926594 64 47 40 0.1312342242374378 37 6921 47 6747 46 6839
4095 24.263186267150751 -15.042168281066001 269.36940403433721 38 32 38 0.52248385226540384 37 5731 47 6749 46 6843
4096 3.3833036660683642 -15.634788836309651 263.33337531966453 157 125 95 0.10722813177636699 37 6927 47 6750 46 6846
4097 -64.485544059720269 -13.284546254450101 250.03163300398668 38 31 30 0.66535531094423783 37 6925 47 7506 46 6847
4098 64.657427096377219 -9.7212917026831622 270.33555147837103 143 114 110 0.2101965686866675 37 6932 47 6755 46 6850
4099 68.054491961575906 -9.1892926291897652 270.12433037652596 158 120 100 0.089552165492555388 37 5744 47 6756 46 6853
4100 -41.581768441907862 -14.555581315132233 256.40931007348513 51 49 45 0.4027261851067136 37 6929 47 6759 46 6854
4101 -41.581768441907862 -14.555581315132233 256.40931007348513 51 49 45 0.4027261851067136 37 6930 47 6760 46 6855
4102 63.835541624678172 -9.288186062796342 270.6876381347941 64 34 40 0.5654005892607038 37 6940 47 6764 46 6859
4103 5.4932174767687343 -13.653697965908542 260.51355371410892 106 104 82 0.18752795838771474 37 6944 47 6774 46 6868
4104 36.512342950797247 -11.958647327912074 272.23663998857057 120 84 76 0.41910363379492982 37 6945 47 6771 46 6869
4105 36.512342950797247 -11.958647327912074 272.23663998857057 120 84 76 0.41910363379492982 37 6946 47 6772 46 6870
4106 42.286263162356498 -10.487618595134375 273.20518937791178 134 108 96 0.037270437020722559 37 6952 47 6779 46 6874
4107 -64.256865030207621 -10.575019143743887 257.15753084483271 29 20 24 0.40206614059877377 37 6953 47 6783 46 6877
4108 -60.770044274386883 -10.789566547228729 255.8666440254222 72 62 61 0.14530253184817327 37 6954 46 6878
4109 12.253323987725814 -11.612527013714363 262.69004561096028 90 83 83 0.018330192372006941 37 6959 46 6879
4110 67.975462483502227 -5.1120563818465836 266.24532337930157 172 134 122 0.05681644164310741 37 5793 46 6885
4111 -27.499454447554665 -10.456138684651332 234.42302169688213 94 88 66 0.058947752355090893 37 5783 47 6789 46 6887
4112 59.747096885441842 -5.8915073873339692 270.97309855011713 199 162 137 0.13309290580330022 37 6975 47 6792 46 6888
4113 -63.783380708931766 -9.0456348425739357 254.92235335459128 86 71 69 0.10846520238626854 37 6969 47 6796 46 6889
4114 64.425062078954298 -4.8108525012955416 268.97534505127641 112 46 59 0.11441615838776542 37 6977 47 6798 46 6893
4115 -34.800879812015182 -9.7780172330471906 243.83144548949903 142 130 100 0.28121776657382974 37 6970 47 6802 46 6896
4116 -27.326324293057041 -9.8047743274851733 239.5333922728089 62 43 18 0.28419983445162611 37 6967 47 5649 46 6897
4117 46.947823729953072 -6.7713104436598064 265.74025060323135 67 34 53 0.18736366398061724 37 6979 47 6801 46 6898
4118 32.200700122105935 -8.0461566514328826 266.1741494097725 92 77 66 0.15616200799369612 37 6980 47 6804 46 6900
4119 63.110515248691904 -4.4536418126179829 267.8434698830747 242 194 184 0.71160782097983422 37 7739 47 6805 46 6901
4120 36.871642845694829 -7.22770950020751 270.29405095979399 124 117 82 0.49304418274693007 37 6983 46 6905
4121 50.661518122483251 -5.622210779226017 268.52613027018714 194 161 165 0.13875671284905644 37 6984 47 6808 46 6906
4122 10.162491951859888 -8.8496187603931968 256.4202437690538 164 131 110 0.99622824568426072 37 5813 47 7541 46 6907
4123 44.351581420001899 -6.02408602435142 266.76058994668335 82 32 45 0.10260551294683902 37 6985 47 6810 46 6908
4124 71.888469994876161 -2.4344519973277556 268.75022140602545 70 38 38 0.023002754879094849 37 5821 46 6909
4125 47.076235130272991 -5.4912424106209894 264.62307823206851 230 149 136 0.3111260903735717 37 6986 46 6911
4126 64.355521009893607 -3.38050154430658 267.97140677356151 135 112 128 0.19137454872883564 37 6987 47 6811 46 6913
4127 33.714058476747276 -6.4860334810385973 265.16848563391301 134 123 89 0.085926552330964925 37 6992 47 6814 46 6914
4128 37.339663179666225 -5.9918676379271636 269.38542181919718 54 44 34 0.058256090240140689 37 6994 47 6815 46 6918
4129 42.872961814499412 -4.2803430595429059 266.53085963172327 85 66 68 0.4313828948882148 37 5843 47 6819 46 6921
4130 -51.104323147172444 -5.7099270631873429 230.07193739372406 141 120 95 0.41610732325203664 37 7753 47 6823 46 6922
4131 48.606063564223369 -2.9956451178854646 263.94102603657922 119 42 58 0.28499758922594792 37 7004 47 6822 46 6926
4132 66.525916596427649 -0.37913656823007136 269.72914561090488 68 47 62 0.2323926806886322 37 7009 47 6826 46 6927
4133 43.572362382700597 -2.3665618246663307 261.89675892329018 75 51 55 0.46756684312420332 37 7011 47 6830 46 6930
4134 64.958052820424712 0.15240299318183442 272.09135188239873 39 30 46 1.410473841572216 37 7013 47 7557 46 6931
4135 -53.681239869491087 -2.8157326523739292 230.86606005755465 125 108 48 0.2709555090745529 37 7017 46 6938
4136 -17.692566443901217 -2.6439080245492135 216.56272396381917 228 202 177 0.19347259107177386 37 7033 46 6946
4137 -63.181512225001839 -0.44780220295264483 246.57813870495391 30 20 21 0.13038583530738634 37 7040 47 6851 46 6952
4138 -50.801132703409905 -0.58460112954445131 235.81648121795365 108 80 76 0.16149367090753355 37 7043 47 6860 46 6955
4139 -64.008900885589981 0.61979771587247845 241.51628804143326 145 123 87 0.24312592968619043 37 7047 47 6861 46 6958
4140 -22.395609879237444 -0.95666450468349662 220.9229644332485 236 204 180 0.51872969708585059 37 5900 46 6960
4141 -0.86450312684660779 0.55314153043738579 198.69684312533658 234 207 188 0.033942539796526033 37 5914 46 6965
4142 8.4472525023017901 1.7472945346371787 195.56757435281321 52 37 46 0.61217600903993397 37 5921 46 6971
4143 71.76181277879364 11.463584548860206 263.20718173964275 134 130 150 0.1479517671873071 37 7080 47 6884 46 6981
4144 -5.6027457591618157 3.7755779828885232 208.89143366109039 241 213 184 0.083047708206680837 37 7071 46 6988
4145 1.4101274898854743 5.3213473284248742 198.76343559619164 240 202 185 0.11252932823715012 37 7803 46 7003
4146 -6.1266601718938878 7.0776372444118234 206.72571597074815 183 144 114 0.32049916239451876 37 7102 46 7020
4147 10.066244825791074 9.5586910753384657 198.74425852959621 22 2 0 0.10802708004334813 37 6037 46 7034
4148 -20.473906760677345 10.56805771809743 211.52533845612189 44 27 13 0.7582315622992476 37 7128 46 7050
4149 -9.6970143253666254 10.695021163840522 211.79764560710078 117 111 63 0.29676270102259494 37 7129 46 7051
4150 35.877984707242639 15.780101845263195 199.45342288593011 135 117 57 0.47332253923240025 37 7154 47 7649 46 7072
4151 35.93219174013354 15.797608304691442 199.64644088722054 135 117 57 0.32487962984716134 37 7155 46 7073
4152 -16.371513273083661 13.373335798780156 202.53062075444316 32 9 8 0.056015311132153293 37 6088 47 6994 46 7078
4153 37.129404233964017 16.149582945286962 197.25918414179799 25 8 1 0.13832338744245887 37 7160 46 7081
4154 37.129404233964017 16.149582945286962 197.25918414179799 25 8 1 0.13832338744245887 37 7161 46 7082
4155 -18.311372131351455 17.876242947974596 197.04354592552977 121 96 95 0.064696802434605613 37 6148 46 7136
4156 41.865479116640103 22.247944276036652 196.0258478422675 183 176 75 0.014853678980212469 37 7221 46 7140
4157 -47.309622048182341 22.077240237743858 208.43519431844697 138 133 65 0.035065372254490398 37 7241 46 7150
4158 -11.608909733611059 19.447455979823314 192.65655336993996 98 86 74 0.087810798202001855 37 7229 46 7151
4159 6.6887763751572438 21.738273897864765 195.74297374868266 183 152 144 0.061988724873985768 37 7251 46 7165
4160 0.28495878583197354 23.393087545039961 187.49185324192786 94 70 51 0.44239107408349393 37 7916 47 7102 46 7186
4161 -13.611299314151534 27.293960698133155 191.89278459539335 54 16 1 0.38300076137207162 37 7297 46 7213
4162 -41.238954955298766 31.581221384826506 203.05357678505322 103 103 72 0.26608873956126466 37 7317 46 7231
4163 -41.238954955298766 31.581221384826506 203.05357678505322 103 103 72 0.26608873956126466 37 7318 46 7232
4164 4.0559226503844563 29.735516422236767 182.10680941938506 42 31 32 0.015362247437832852 37 7323 46 7243
4165 20.668795194025869 33.159016402216373 185.32757469252934 51 30 28 0.19254205595550633 37 7336 46 7258
4166 -17.343762963092793 30.764963953525569 180.66128546146948 185 121 62 0.25041586122390491 37 7968 46 7260
4167 26.931749033006707 34.74228098305236 182.74330114098098 75 51 47 0.37288616015476767 37 7348 46 7268
4168 26.931749033006707 34.74228098305236 182.74330114098098 75 51 47 0.37288616015476767 37 7349 46 7269
4169 -51.987451534235717 37.320688096325483 199.27041149077127 95 23 17 0.09373613580709983 37 7362 46 7272
4170 19.530444738788837 35.1209102721294 184.13024196802837 14 10 2 0.30625296959201853 37 7358 46 7275
4171 30.755605058607262 36.194793957012038 183.70665406014936 158 119 105 0.076670935255981426 37 7359 46 7276
4172 3.1657560068533335 34.432573191919616 183.06033604384075 126 81 78 0.19085514818016741 37 7370 46 7282
4173 -35.730262775716668 36.937655153509418 196.55132407200244 16 17 8 0.36192062645437928 37 7374 46 7283
4174 15.021033156623627 36.92887283691411 179.982260876097 149 148 69 0.015033173644468281 37 7391 46 7300
4175 38.720285728440444 39.335032324727962 179.71150197703952 26 23 0 0.46629973405377645 37 7393 46 7302
4176 27.191139577026171 39.733658162534041 183.9785623498434 24 3 3 0.20671490482143617 37 7403 46 7307
4177 -47.459324005608714 40.701391862717919 193.99999138243189 114 38 48 0.065653623910587544 37 8000 46 7309
4178 31.764079684615105 40.216018892760893 180.67458990010056 24 21 0 0.72884593031114731 37 7407 47 7227 46 7312
4179 -6.4994374185894284 40.181393008954153 179.53364312010177 38 23 3 0.19040926206287617 37 7435 46 7336
4180 -6.4994374185894284 40.181393008954153 179.53364312010177 38 23 3 0.19040926206287617 37 7434 46 7337
4182 6.236563911773624 39.52798634567192 165.99492690374763 75 39 21 0.59979035851889362 37 8017 47 6363 46 7357
4183 19.46162353251021 44.598504924622056 178.69876203409368 42 27 16 0.16626960343562358 37 7463 46 7361
4184 -50.998302296602404 48.931786606661667 195.5494881501929 32 3 10 0.69886067537217766 37 7471 47 7828 46 7362
4188 -16.080653461755993 45.530752916170208 168.20861427144183 136 87 34 0.1130963703661923 37 8074 46 7417
4189 15.474222856153037 49.055077379757456 175.52842519087096 33 12 8 0.022483974647005408 37 7532 46 7419
4190 12.411518657923716 47.866465163165671 165.3389242277606 81 60 50 0.16318776281302422 37 7547 46 7438
4191 12.411518657923716 47.866465163165671 165.3389242277606 81 60 50 0.16318776281302422 37 7548 46 7439
4192 22.030159525253051 57.504983821841428 186.07595045758032 7 0 0 0.042419994195228225 37 8445 46 7455
4193 -66.33844971345691 -40.744508228714515 285.5865489980286 78 74 94 0.57701273640309769 37 7586 47 7375 46 7466
4194 -29.649256429377193 -41.69419322852 281.47824858768206 66 54 70 0.25853118833926514 37 7585 47 7377 46 7467
4195 71.534706089788855 -34.935285909525007 286.80767229713695 122 100 90 0.49456485075207474 37 7588 47 7378 46 7468
4196 70.265733828933179 -35.062920722021197 289.55973858527034 100 82 79 0.25767363626100709 37 6728 47 7379 46 7469
4197 72.051654257072329 -33.356222401352554 284.19178056134518 155 135 121 0.71536695791401472 37 7590 47 7381 46 7471
4198 -12.41737369906199 -39.044868151479982 277.31313455536002 68 50 59 0.093252463454558274 37 6731 46 7472
4199 72.34140943345389 -31.61515260869929 284.10191701300079 76 60 58 0.39734826332687739 37 7596 47 7384 46 7473
4200 41.087746415672257 -34.44083863793135 279.60890903638074 176 148 137 0.37060717345542488 37 7598 47 7385 46 7474
4201 -27.946260620955456 -37.188589675948755 280.23893055307013 61 53 65 0.81226935719178128 37 7600 47 7387 46 7476
4202 64.838461308505771 -31.184753471535931 281.02735935166021 168 144 135 0.036985280159526839 37 7599 47 7388 46 7477
4203 -33.502074636876756 -35.877526700425769 282.11739484460395 135 122 117 3.3267596692068198 37 6747 46 7479
4204 -15.1420006609381 -35.389869340058709 277.95994448490779 149 133 120 0.8109161268817271 37 6748 47 7391 46 7480
4205 -13.422227440124017 -35.158997705881518 275.75293229423983 149 133 123 0.18953944965573419 37 7602 46 7481
4206 62.27670502078216 -29.38221325840421 279.64287156467748 151 129 117 0.10953588345310812 37 7607 47 7393 46 7482
4207 65.349799464032984 -28.80102414051084 281.132424280002 67 54 56 0.21688125258524607 37 6752 47 7395 46 7483
4208 61.77271339549133 -26.138616674728397 273.23861721458377 153 132 119 0.98441858599281173 37 7616 47 7400 46 7486
4209 73.918732205774049 -25.351404838535398 280.30673815446153 104 86 84 0.052010497645020158 37 7617 47 7399 46 7487
4210 58.492277072963631 -26.263047958544078 272.15984542471028 171 135 113 0.65895964242574934 37 7620 47 7401 46 7488
4211 -27.629635522752267 -30.231377827406828 262.29829300674021 56 49 49 0.67747647514846532 37 6769 47 7402 46 7489
4212 -36.941667133550411 -29.66666444251948 260.51832992246688 66 42 34 0.3575594132336683 37 7619 47 7405 46 7490
4213 1.9597485137320745 -31.278071465266493 276.83770858235187 138 117 113 0.77250289515911874 37 7624 47 7403 46 7492
4214 30.106366709176484 -29.740319809645911 279.26492288884867 183 161 141 0.69765871759411058 37 6773 47 7404 46 7493
4215 -62.278119094055867 -28.673681283416578 265.76535239919042 56 42 50 0.36039495781620051 37 7621 47 7407 46 7494
4216 -56.806812157148009 -28.978851976205544 264.82310701700004 36 32 45 1.0097286486175732 37 7622 47 7408 46 7495
4217 -35.726274424042579 -28.722996978781278 260.42171245957161 125 88 75 0.18045079958981378 37 7625 47 7411 46 7498
4218 3.2510085932793853 -30.483775653000471 279.33730616789018 81 72 66 0.63310662398887974 37 6787 47 7409 46 7499
4219 1.6025830101726619 -29.923359389626466 277.32797350399056 94 77 80 0.32807180449955148 37 7631 47 7413 46 7502
4220 29.638880651413764 -28.125462709787818 276.51375787166268 139 121 102 0.33309089787406665 37 7628 47 7414 46 7503
4221 73.796960631227634 -22.931090520712363 283.20266754523726 77 59 68 0.45631518948886091 37 7637 47 7416 46 7505
4222 -28.996786489324901 -27.892190616447326 260.14292387639864 54 44 48 0.57587457692319788 37 7630 47 7417 46 7507
4223 -62.628586533658265 -26.434608735165835 263.86191869131943 82 54 45 0.35196524295562126 37 7632 47 7418 46 7508
4224 23.886292962781141 -27.162028068424412 274.73362301984048 149 136 115 0.80953879594545108 37 6799 47 7421 46 7512
4225 -31.960140412457374 -26.698521775059469 256.58973681397151 86 70 59 0.24379097560285623 37 7633 46 7513
4226 7.7151579170906661 -28.405645304345665 278.84955350983017 125 105 96 0.12041785559907874 37 6804 47 7422 46 7514
4227 70.579842762729669 -21.644395899106076 277.71097566573462 65 52 60 0.28382572624007885 37 7640 46 7515
4228 70.579842762729669 -21.644395899106076 277.71097566573462 65 52 60 0.28382572624007885 37 7641 46 7516
4229 20.039778114214641 -26.649847455913829 274.16730031503931 42 34 46 0.15401696591274763 37 8147 46 7517
4230 -52.860133513789265 -25.903176820285626 264.11138661725852 48 55 37 0.40046664044988284 37 7638 47 7425 46 7518
4231 -52.860133513789265 -25.903176820285626 264.11138661725852 48 55 37 0.40046664044988284 37 7639 47 7426 46 7519
4232 39.968258317584485 -24.554533621204651 278.63469944409047 80 45 46 0.77001115103519668 37 8151 47 7428 46 7520
4233 46.066232855561061 -23.428065727329923 276.48796958188109 168 150 137 1.9954258024598441 37 6820 47 7429 46 7522
4234 -9.1003312539930459 -26.513079676391154 278.04722789780658 49 45 50 0.29961868117596063 37 7647 47 7435 46 7526
4235 55.951956145885028 -21.708359892472824 278.94264622091788 186 155 132 0.55715242121916664 37 6830 47 7436 46 7528
4236 73.876849113575688 -19.398264609247114 279.5275349561868 69 54 45 0.079076383402551811 37 7646 47 7434 46 7529
4237 -53.161652359610336 -24.297720685210301 263.43804167163927 97 99 62 0.10154791750292219 37 7645 47 7437 46 7530
4238 -40.166854731034931 -24.521523028141473 259.32735964300321 111 89 81 0.66486710802502158 37 7644 47 7438 46 7531
4239 40.901660610105282 -22.415802170481236 274.36988839769879 196 177 179 0.11387037867427596 37 7651 47 7440 46 7533
4240 63.405907673366528 -19.588463909990498 274.07678396561516 50 39 46 0.20311669982077549 37 7652 47 7442 46 7534
4241 17.07561993099381 -24.335587246254399 275.41556673565253 197 165 155 0.17630725330637873 37 6840 47 7443 46 7535
4242 10.35876862106036 -24.285412361168497 273.43762016688333 62 34 51 0.68270052316936292 37 7656 47 7446 46 7536
4243 -63.720161627611787 -22.308588066679256 261.24824484835074 48 28 31 0.11621827554106817 37 7653 47 7444 46 7537
4244 2.5585967141647461 -24.794191183094291 276.94253536636739 27 32 52 0.31807015805532213 37 7657 47 7445 46 7538
4245 -53.327855642234908 -22.892507397334015 261.86205456618234 36 31 36 0.10139209051006652 37 7654 47 7447 46 7539
4246 -62.417900605976129 -21.806332023764998 259.78893004979108 152 128 134 0.15216453634772542 37 7655 47 7450 46 7540
4247 63.709423867039362 -18.27238568714003 272.09440724844478 164 127 119 0.12611416626387603 37 6846 47 7449 46 7541
4248 58.105801189182451 -18.800057074455108 274.99564522856929 152 116 97 0.14514659820188755 37 7658 47 7451 46 7542
4249 70.216685679588835 -17.15634956263532 277.08576276958649 124 100 100 0.19059525493996141 37 7659 47 7453 46 7544
4250 19.603500511843492 -22.463316444582308 275.18477507165267 65 46 50 0.33909151660916309 37 6859 47 7454 46 7545
4251 -3.4439970121919745 -22.735508737283023 271.33266986423502 50 55 65 0.61702967827804522 37 7661 47 7455 46 7547
4252 -52.683496947210692 -20.564819027872531 259.39181886334035 50 31 40 0.48938951416606996 37 7660 47 7456 46 7548
4253 -27.808217559527375 -21.117329575498413 258.27268011772162 62 53 52 0.30293959845222801 37 7662 47 7457 46 7551
4254 56.964794726583875 -17.155032843714938 275.7718286281887 123 105 84 0.13765426033788888 37 7667 47 7458 46 7552
4255 49.640705367785017 -18.067245310405134 276.50624654039945 55 47 45 0.56812261965578037 37 7666 47 6698 46 7554
4256 32.068764173752768 -19.426452210709563 273.39233983448338 59 52 36 0.1405899753153361 37 7668 47 7460 46 7555
4257 -64.238714818560183 -18.971075985211311 259.7100105858064 169 153 111 0.10027301684809452 37 7665 47 7463 46 7556
4258 70.334326126090005 -13.824685719563579 277.27152365860564 169 136 112 0.17700996987132064 37 7674 47 7468 46 7562
4259 -60.350202719004621 -18.006994980147972 258.13117860239782 49 38 41 0.37062191021387303 37 7670 47 7469 46 7563
4260 63.086383145038475 -14.363565099603997 273.51595488535196 48 36 37 0.088577328115268236 37 7676 47 7470 46 7564
4261 -36.430017297009229 -19.069108553106254 258.81097822988653 123 98 76 0.24208260449621918 37 7671 47 7471 46 7565
4262 -36.430017297009229 -19.069108553106254 258.81097822988653 123 98 76 0.24208260449621918 37 7672 47 7472 46 7566
4263 65.732152002063316 -13.772766981552923 275.23990094958833 48 34 36 0.1192974558477643 37 7679 47 7473 46 7567
4264 36.618253763971246 -16.698721969712306 271.00228125242108 144 113 105 0.37299956071117085 37 7680 47 7474 46 7569
4265 39.82719429725514 -16.190594574065376 272.40728203490033 73 54 56 0.32392193100699501 37 7681 47 7475 46 7570
4266 39.82719429725514 -16.190594574065376 272.40728203490033 73 54 56 0.32392193100699501 37 7682 47 7476 46 7571
4267 23.422766192808119 -17.386928276933496 274.3361022183264 98 98 84 0.17606337773051686 37 7686 47 7479 46 7574
4268 23.422766192808119 -17.386928276933496 274.3361022183264 98 98 84 0.17606337773051686 37 7687 47 7480 46 7575
4269 34.528981240138251 -16.234828184034441 271.55540197284154 55 36 37 0.061617494622132056 37 7685 47 7481 46 7576
4270 -51.530248158172597 -16.903650699022236 260.45032368893015 135 105 95 0.20532349291647364 37 6903 47 7484 46 7578
4271 -51.530248158172597 -16.903650699022236 260.45032368893015 135 105 95 0.20532349291647364 37 6904 47 7485 46 7579
4272 -0.78872865505568535 -18.040017676301623 270.12999873630866 41 37 32 0.68024093078225112 37 7690 47 7483 46 7580
4273 -39.272261090249486 -17.22117106503708 260.54662403469746 34 28 26 0.11356979999640497 37 7689 47 7488 46 7581
4274 13.023185555771473 -16.772292549700445 265.53474949046893 64 57 71 0.2284982252915666 37 7691 47 7489 46 7582
4275 27.282176932240983 -16.150594885467761 271.60693487833328 74 55 61 0.1110712484968054 37 7694 47 7487 46 7585
4276 29.367829175627378 -16.047875248450943 273.16118058071788 44 28 43 0.49366915082408397 37 6915 47 7491 46 7586
4277 -54.484975135289645 -16.298975927469225 260.24371332214139 36 23 28 0.1246899309705964 37 7688 47 7493 46 7587
4278 24.6047065384879 -16.356822227313081 275.07178196686419 34 38 47 0.24741800500030711 37 7696 47 7494 46 7589
4279 45.649117627899095 -14.212146151966248 271.53017156091704 152 104 90 0.18881949996894845 37 7695 47 7492 46 7590
4280 37.150369341484179 -14.151536248314597 267.00224942503678 134 105 105 1.1565452794159419 37 7697 46 7592
4281 65.99444664575077 -10.905472552843943 272.6665127722722 72 46 45 0.1467257372291029 37 7698 47 7496 46 7593
4282 65.99444664575077 -10.905472552843943 272.6665127722722 72 46 45 0.1467257372291029 37 7699 47 7497 46 7594
4283 52.756061836910959 -11.703199019619477 268.05307034724791 86 70 72 0.082056837301383176 37 7705 47 7501 46 7596
4284 -38.400949123415842 -15.561493700636268 258.19717212334706 72 53 50 0.1489852757361968 37 7700 47 7502 46 7597
4285 -38.400949123415842 -15.561493700636268 258.19717212334706 72 53 50 0.1489852757361968 37 7701 47 7503 46 7598
4286 41.469118207383204 -13.001811072343285 271.48330907364959 147 115 99 0.12477481926469014 37 7708 47 7505 46 7599
4287 7.4294797327160031 -15.378598636507876 264.83303480084157 46 44 45 0.37711929936430222 37 7706 47 7504 46 7600
4288 -44.271826242512667 -14.428641531922599 256.04542062976066 46 36 33 0.22865347177802198 37 6928 47 7508 46 7602
4289 42.129337338050341 -11.799150267956408 269.28414900571079 93 61 54 0.20400172689315568 37 7712 47 7509 46 7603
4290 42.129337338050341 -11.799150267956408 269.28414900571079 93 61 54 0.20400172689315568 37 7713 47 7510 46 7604
4291 4.7162436695281702 -14.147909994619775 263.55322744187322 41 30 27 0.17911646041362406 37 7710 47 7512 46 7605
4292 4.7162436695281702 -14.147909994619775 263.55322744187322 41 30 27 0.17911646041362406 37 7711 47 7513 46 7606
4293 8.7705112182178482 -13.137994563758605 260.01249061564414 52 40 45 0.24309744006674092 37 7718 46 7612
4294 -31.961595146233908 -13.032156429278183 247.26020186284885 34 30 24 0.48806601738213562 37 7714 47 7517 46 7613
4295 7.3755278196687906 -11.267314263756859 264.94115871768463 75 51 45 0.42222262236169023 37 6965 47 7525 46 7623
4296 31.471466878787119 -9.1666434541816066 268.85408819076099 54 41 49 0.35330360799435773 37 7733 47 7528 46 7626
4297 31.471466878787119 -9.1666434541816066 268.85408819076099 54 41 49 0.35330360799435773 37 7734 47 7529 46 7627
4298 -63.03303504822528 -9.506029881715806 257.40672358042116 42 26 36 0.36775055704627047 37 6966 47 7530 46 7628
4299 33.62495891006084 -8.2013423119014206 268.59575782414015 73 52 55 0.19241604292053757 37 7738 47 7534 46 7634
4300 52.417219280001532 -5.3631699564349553 263.09440026829469 78 30 47 0.21898215631575887 37 7741 47 7536 46 7637
4301 52.679937277784369 -5.3044216771602155 269.78481065015717 173 146 158 0.13891805648240477 37 7748 47 7539 46 7638
4302 -41.467895298095392 -8.1237249993034002 248.5780833726995 89 88 51 0.20087332397838711 37 7744 47 7546 46 7643
4303 64.142113524135908 -2.8472460724454152 270.69962129229327 50 41 48 0.24753693558519818 37 7754 47 7545 46 7644
4304 34.954641840882701 -5.2077264938455974 264.37563866208762 172 134 103 0.080050019746211579 37 7758 47 7548 46 7650
4305 -62.056473397995582 -5.2794710351844341 251.72711900769511 110 81 92 0.17573588183117872 37 7759 47 7553 46 7652
4306 52.359214680607657 -0.1192167349218588 263.6932457650455 113 93 110 0.22356968939360167 37 7771 47 7561 46 7659
4307 52.359214680607657 -0.1192167349218588 263.6932457650455 113 93 110 0.22356968939360167 37 7772 47 7562 46 7660
4308 69.29758238520381 10.201264475380299 261.83084201671585 30 28 48 0.49690050123370583 37 7797 47 7592 46 7691
4309 59.835434822829683 9.153782301424938 260.98939047742488 32 31 49 0.44477841694722747 37 7799 47 7594 46 7693
4310 -31.087597724595824 8.1007128131876289 215.9209684562658 167 152 131 0.5189455721082884 37 7820 46 7718
4311 38.864501479689544 10.923395245950298 201.07417536015467 75 54 31 0.50393715036200959 37 7106 47 7627 46 7720
4312 -49.130580750593687 13.831884649723214 215.898576965611 87 74 69 0.44955126688489405 37 7839 46 7744
4313 -49.130580750593687 13.831884649723214 215.898576965611 87 74 69 0.44955126688489405 37 7840 46 7745
4314 -45.986226662725649 14.988911999251068 213.41698113907066 70 62 54 0.58907872233274328 37 7846 46 7750
4315 -26.256843975026715 15.25116742487079 209.10669348344169 57 35 18 0.50124139523832545 37 7186 47 7008 46 7759
4316 -19.290690569924557 15.556999900276779 205.29795162483938 133 98 75 0.4152889615104346 37 7853 46 7763
4317 24.005363155203888 19.551935354129931 197.43449489223735 115 61 52 0.52253894612288065 37 7873 46 7778
4318 38.343481347535935 21.177155542945979 197.39256930484223 25 13 6 0.66785325718978483 37 7874 46 7779
4319 42.733539681288335 26.625412157984847 195.42660021850938 168 163 63 0.049769501463874974 37 7908 46 7805
4320 -53.813950651020299 30.429741546857656 211.40378939032303 92 97 52 0.49660077604886865 37 7940 46 7838
4321 -38.218133492076589 28.766367944300981 204.33296039865846 142 124 103 0.14644786625611639 37 7941 46 7840
4322 -41.140865370868624 31.50789266547503 203.01833227811235 102 102 68 0.22460930182184555 37 7953 47 7742 46 7851
4323 -31.750535168908122 30.769197118941644 191.09507476867174 142 92 49 0.35312449880868191 37 7958 46 7855
4324 -14.900690313783823 28.537019035520363 179.28770518692801 171 102 64 0.93027894499519082 37 7955 47 7749 46 7856
4325 9.6562172825136887 30.166120927637834 180.99623639733176 202 164 135 0.36860866327432429 37 7960 46 7859
4326 38.255920609387083 41.192819423874489 179.3209814506165 21 20 7 0.55941426189176691 37 8001 47 7231 46 7909
4327 -3.0701785746123211 42.52069457373721 179.79239278251072 40 26 12 0.53930207894478321 37 8022 46 7935
4328 -29.867911261925993 42.516390789924486 173.64520050738579 17 6 7 0.64758010923025067 37 8032 47 8188 46 7949
4329 -50.146589804439927 52.388464626142039 188.48761457297837 12 0 2 0.56888487399958498 37 8078 47 8201 46 7981
4330 -18.023111348757954 46.297496511031852 171.23697464244574 207 144 76 0.90587009516343331 37 7527 46 7982
4331 -22.844695399101521 52.090844398580202 178.67426966479738 73 66 37 0.47587849415525962 37 8102 46 7995
4332 19.216064059152725 52.827891820811971 175.91105258650933 32 26 17 0.13096980907652328 37 8103 46 7996
4333 64.478207211201422 -36.472344222732104 285.17026714148625 120 104 98 0.21772049320767503 37 8116 47 7892 46 8008
4334 64.478207211201422 -36.472344222732104 285.17026714148625 120 104 98 0.21772049320767503 37 8117 47 7893 46 8009
4335 -56.474039145781994 -40.31490018595025 286.3509680620848 138 132 125 0.25624253712846456 37 8119 47 7895 46 8010
4336 -56.474039145781994 -40.31490018595025 286.3509680620848 138 132 125 0.25624253712846456 37 8118 47 7896 46 8011
4337 -32.757823667575806 -40.10039350583807 280.75580580851141 89 75 76 0.21718701179356839 37 7589 47 7380 46 8012
4338 44.623156672724107 -36.601413660071437 281.00219912484795 83 54 60 0.14619890764572657 37 8120 47 7897 46 8013
4339 63.99561195507647 -35.002293332574936 286.25459428305589 136 126 116 0.30100361840073969 37 8121 47 7898 46 8014
4340 -60.005512845025677 -39.467844791692272 286.05187843357777 65 72 84 1.0678842102173807 37 8122 46 8015
4341 -60.005512845025677 -39.467844791692272 286.05187843357777 65 72 84 1.0678842102173807 37 8123 46 8016
4342 -9.0628187601548316 -39.626273445910911 281.83203169609754 126 112 112 0.49826397667083477 37 8124 47 7899 46 8017
4343 -27.173959084759904 -38.845126201317306 280.7071523716042 127 116 113 0.38625069696322067 37 8125 47 7900 46 8018
4344 52.403491975936277 -30.874454390216833 276.00169838804385 72 54 55 0.074473163197246936 37 8129 47 7904 46 8023
4345 7.9684085350155032 -33.89761399962692 277.25765507004741 140 116 108 0.54438442159605049 37 8133 47 7905 46 8024
4346 -31.4890925541883 -32.097581633810478 262.68215829594652 44 37 47 0.81498225299620586 37 7610 47 7909 46 8026
4347 35.083190005262907 -31.348723887081324 278.67000174377262 169 147 129 0.28913378194455303 37 8134 47 7908 46 8027
4348 -29.683812024405341 -31.056481390508971 262.54755481445255 57 45 47 0.18763606357875959 37 8136 47 7911 46 8028
4349 -66.235237139377645 -29.682100467740536 266.59799348251914 221 201 190 0.08153013227878865 37 8137 47 7912 46 8029
4350 50.368976233606453 -27.840268159421917 279.60758532880669 170 147 132 0.38988325656867845 37 7623 47 7914 46 8032
4351 -59.965770691701316 -28.148449490198747 261.98597095319536 111 70 70 1.528907087647799 37 8140 46 8033
4352 0.039607518445456305 -30.548618214127085 278.78232976609581 155 131 125 0.12979000191539011 37 8141 47 7916 46 8034
4353 18.411710288054437 -28.09614662659769 278.05672010869262 50 45 63 0.12706127764169781 37 8144 47 7918 46 8035
4354 23.448176867389293 -27.424832519955793 276.93013348982674 145 133 107 0.34304786876914345 37 8145 47 7919 46 8037
4355 -49.394288236018511 -25.343923028656555 265.21370159271424 114 113 73 0.4232923690765516 37 8150 47 7926 46 8041
4356 -4.7087487141139892 -26.952063825960792 275.21056824212354 168 127 108 0.13989814781250523 37 8152 47 7925 46 8042
4357 25.613986401787638 -24.775900539401754 277.92397756153565 177 144 137 0.23384772512164298 37 7648 46 8043
4358 72.060197637866281 -19.147953054013605 278.77098462648485 64 52 57 0.17317326529581187 37 7650 47 7439 46 8045
4359 -65.58952891031889 -22.644435052337926 261.93670701334281 112 91 88 0.23008036483749575 37 8153 47 7927 46 8046
4360 38.838460086433905 -22.21407215512788 275.44441816438029 146 140 116 0.27173999413435829 37 8157 47 7930 46 8047
4361 49.217991776469596 -20.940901084949324 275.26897745676592 220 209 204 0.12301779797232183 37 8158 47 7931 46 8048
4362 52.929305064341563 -20.741122275175623 275.89554437654976 53 41 46 0.28880233314457965 37 8155 47 7928 46 8049
4363 -52.000350289167166 -23.181789252398758 265.89705660578693 45 42 43 1.7953315408924222 37 8156 47 8262 46 8050 37 8479
4364 18.356278668733506 -23.045558532447934 274.10365085058697 106 75 81 0.62047614911029247 37 8162 47 7933 46 8051
4365 44.919569311916604 -19.459327612837939 275.56554650581626 48 44 57 0.39497122412702446 37 8165 47 7934 46 8052
4366 44.919569311916604 -19.459327612837939 275.56554650581626 48 44 57 0.39497122412702446 37 8166 47 7935 46 8053
4367 36.32318804284089 -18.301665461353476 273.02228045991967 44 37 40 0.1325017760839142 37 8170 47 7939 46 8056
4368 23.316708233578247 -19.55851990693867 275.84121690493163 45 42 51 0.29324967631969318 37 8171 47 8269 46 8057
4369 69.210140719758428 -14.429695201460513 278.36876216144145 55 40 42 0.35648159830977372 37 8172 47 8270 46 8058
4370 -48.667661525967901 -19.251484498269793 261.06193273616157 47 35 37 0.19700783295537797 37 8169 47 7940 46 8059
4371 53.167306365325722 -15.489685921609 271.55406292130357 61 40 39 0.43370720948434666 37 8174 47 7942 46 8060
4372 58.413998134647642 -15.261578811325927 276.37932742573423 152 126 100 0.89281806925803586 37 7675 47 7943 46 8061
4373 -58.467549276614875 -17.50974860503414 258.41791814773148 29 30 35 0.40531199583096261 37 8173 47 7945 46 8063
4374 9.30979728305023 -18.764289452860083 274.11254628412524 30 27 47 0.40013893021907238 37 7683 47 7948 46 8064
4375 38.316080061247796 -16.453030343154289 272.01800706769995 55 37 39 0.17542366801877515 37 8181 47 7946 46 8066
4376 38.316080061247796 -16.453030343154289 272.01800706769995 55 37 39 0.17542366801877515 37 8180 47 7947 46 8067
4377 -65.646934409769131 -16.208445248788713 256.40928084550683 99 84 73 0.40161998370487834 37 8179 46 8068
4378 0.53795647740105046 -18.081674680937599 265.16113841373686 124 107 79 0.10274209482759994 37 8182 47 7951 46 8070
4379 2.0695620340502017 -17.274791670840315 263.77691807953545 156 122 90 0.094196107983644348 37 8184 47 7952 46 8071
4380 -47.379307600530502 -16.62645837567802 259.83160904005246 45 35 35 0.45892167641505771 37 8183 47 7953 46 8072
4381 -45.569791299780832 -15.357743119105809 258.23074581671648 94 79 68 0.11842879417433672 37 8185 47 7957 46 8075
4382 70.682858634619791 -9.5816506990730925 273.44707525607259 167 144 99 0.058035593085433414 37 8188 47 7956 46 8076
4383 60.005949097638634 -9.8961927528042537 270.7914906019875 207 130 125 0.28524692478869368 37 8191 46 8078
4384 -43.958297920943842 -14.49585898497874 260.93982110552594 33 28 30 0.21650742720357088 37 8190 47 7959 46 8079
4385 44.013907265579036 -11.53858738713601 272.40721451415925 163 122 102 0.1614015449619853 37 7716 47 7960 46 8080
4386 -37.333601727705968 -14.116825127879959 260.75840867288559 78 70 62 0.4397183300965079 37 8193 47 7962 46 8081
4387 71.75761776809631 -7.0910386066984863 273.35902963110544 150 117 95 0.12656291689423665 37 8197 47 7964 46 8083
4388 59.337225131370481 -8.2315537440437971 271.04738025961359 59 28 48 0.12251607061921299 37 8198 47 7966 46 8085
4389 54.838142987005781 -7.5474057801690613 269.12076654108012 104 54 68 0.066950402150896107 37 8200 47 7971 46 8089
4390 72.114784366586647 -4.9365377430604731 272.62448114798048 47 33 46 0.50615088238867345 37 7732 47 7973 46 8090
4391 41.646839380552869 -8.5675438829883532 264.49828611007655 75 39 49 0.50904497407026317 37 8201 47 7972 46 8091
4392 -23.63278178943321 -10.20821599677036 220.77787103140079 54 28 32 0.56197059262466453 37 7721 47 7974 46 8092
4393 35.121541544529926 -8.5232389736480378 270.34421593431858 128 108 76 0.14561220192015487 37 8206 47 7981 46 8098
4394 61.856287273657188 -5.129295016784031 270.48095519809101 65 48 35 0.19363111593537394 37 8210 47 7982 46 8100
4395 34.204295333521841 -4.3167323370586459 267.20271539467723 58 48 40 0.36727651061239258 37 8220 47 7993 46 8107
4396 35.067235479586842 -3.3191863693312271 259.32567727603509 40 31 38 0.22796281719805614 37 7765 47 7995 46 8109
4397 72.238574459599732 3.6373916711780065 267.22436043075669 207 187 172 0.19459415984422326 37 8225 47 8002 46 8115
4398 59.853624694903239 8.843485834349897 266.89930710353468 57 58 81 0.13606462016694462 37 8241 47 8015 46 8127
4399 9.9784875692025512 2.7226144538595274 192.2035380311936 159 118 113 0.45328663560938254 37 8233 46 8128
4400 67.161485948619415 12.346513717164211 261.99314301560639 25 17 39 0.33352909874936859 37 8253 47 8021 46 8135
4401 -11.826173446603429 16.285400737621625 196.63901041907954 32 11 9 0.87309320593087714 37 8310 46 8187
4402 23.305798417130255 20.089081978477914 201.22178360558345 32 15 13 0.66355014909753274 37 8318 46 8194
4403 -10.483217054519782 23.013517045904397 194.77725436871395 80 43 33 0.19521499989151847 37 8339 46 8214
4404 11.662722925503468 24.750130862955686 193.99441721624697 36 23 20 1.7008702075521249 37 8342 46 8218
4405 14.467363465624619 24.815995856090694 190.50305625873736 27 24 11 1.5505998021580185 37 8614 47 8114 46 8222
4406 36.500989585939486 29.192951071160969 191.18811830902777 25 0 0 0.74507359332050505 37 7934 46 8230
4407 -59.353677276167446 40.692251691875441 212.73047976635095 132 95 40 1.6141401408329836 37 8384 47 8150 46 8260
4408 47.098099900674079 43.854588647174253 171.69405633633338 221 192 161 0.6128412895909755 37 8398 47 8171 46 8283
4409 8.2947376524147192 42.108734815672136 166.64513139208748 47 37 22 0.47735916428690167 37 8412 47 7835 46 8297
4410 -57.129627185409106 55.046791939653339 183.62472827483526 37 28 9 1.1936585450462338 37 8429 47 8212 46 8311
4411 -49.852910566442489 54.047391714080035 183.73344219149644 16 7 0 0.037373467601529292 37 8430 46 8313
4412 -15.218724728846089 48.789214350571541 168.63679267671023 149 130 93 0.23700408405361748 37 8697 47 8220 46 8318
4413 70.398482446077153 -32.709914027822933 285.25001197801686 191 158 131 1.4407754713483305 37 8455 47 8233 46 8328
4414 -55.500708923621666 -35.327110065635985 274.73889749940861 137 126 120 0.45908143842371801 37 8126 47 8234 46 8329
4415 -42.062263084545563 -34.097705017613187 263.84813740495213 99 71 62 0.2679451977501543 37 8457 47 8235 46 8330
4416 -64.737254829997127 -31.468941610943382 266.36719318128178 59 45 61 0.40574413643926516 37 8460 47 8236 46 8331
4417 71.986335859923102 -27.019887021977333 282.29530938070997 168 144 118 0.25898812117102893 37 8462 47 8243 46 8334
4418 58.157876011991796 -26.505483775756264 277.65622481712717 164 139 112 0.81756400175277177 37 8139 47 8244 46 8335
4419 -64.878433741933009 -28.374315433685812 266.71995405378664 82 65 68 0.43827111590103385 37 8466 46 8337
4420 4.3216522438871667 -28.363387807110442 277.92206631532372 141 118 104 0.52971876499283543 37 8469 47 8249 46 8338
4421 8.5005942768666038 -27.804740685207005 277.38279377732772 123 104 99 0.2842708925264445 37 8471 47 8250 46 8339
4422 -4.6892125381711098 -26.785894737089201 273.46782972223559 169 128 108 0.030075187375537035 37 8472 46 8340
4423 5.4080292842580748 -26.329351214019209 276.63853119972924 54 50 73 0.13676500924658314 37 8473 47 8252 46 8341
4424 18.74545255262289 -25.384750288740239 274.15559344811385 253 243 242 0.26468872103390706 37 8474 47 8501 46 8342
4425 42.936190519487248 -22.253987266481964 277.2074990196283 56 43 62 0.18105920850593074 37 8475 47 8257 46 8343
4426 42.936190519487248 -22.253987266481964 277.2074990196283 56 43 62 0.18105920850593074 37 8476 47 8258 46 8344
4427 68.852711736924817 -18.772111268951377 277.20856254989593 48 45 58 0.28779212204861609 37 8477 47 8504 46 8345
4428 68.852711736924817 -18.772111268951377 277.20856254989593 48 45 58 0.28779212204861609 37 8478 47 8503 46 8346
4429 32.139312945200373 -22.879937694502612 275.24834798671168 59 48 45 0.056466596539050708 37 8481 47 8255 46 8349
4430 32.139312945200373 -22.879937694502612 275.24834798671168 59 48 45 0.056466596539050708 37 8480 47 8256 46 8350
4431 -6.3909428236827379 -24.493849496450586 277.3114237393624 45 43 53 0.8652260416598696 37 8482 47 8263 46 8351
4432 60.720483650617297 -18.799642135322308 278.06369275514044 67 46 44 0.33605552007002437 37 8483 47 8264 46 8352
4433 56.631944559026081 -18.989645040116514 276.43828333807761 104 79 85 0.24041464181455474 37 8485 47 8265 46 8353
4434 -65.580509544680396 -20.799243715229682 262.1865853703581 40 26 41 0.37614435628985671 37 8484 46 8354
4435 52.864307778262933 -18.445594705855466 275.56202221470528 152 127 106 0.2785686769396698 37 8488 47 8266 46 8355
4436 52.864307778262933 -18.445594705855466 275.56202221470528 152 127 106 0.2785686769396698 37 8487 47 8267 46 8356
4437 55.553638489650268 -16.707443281072305 275.27946811258983 167 132 107 0.043226550791669684 37 8489 47 8268 46 8357
4438 -50.367070433838819 -18.822738684267822 259.563999273072 41 31 45 0.16740836824855343 37 8490 47 8271 46 8358
4439 -50.367070433838819 -18.822738684267822 259.563999273072 41 31 45 0.16740836824855343 37 8491 47 8272 46 8359
4440 -53.991180880179257 -18.216709407126025 259.98244772363887 130 85 64 0.22675332555666347 37 8492 47 8273 46 8360
4441 -61.64348300310057 -17.301302190098941 260.43569788939504 43 41 41 0.2116259656471311 37 8493 47 8276 46 8362
4442 14.011618367151049 -18.502680105698371 268.88397269405061 27 37 53 0.3128742241205848 37 8177 47 8274 46 8363
4443 14.011618367151049 -18.502680105698371 268.88397269405061 27 37 53 0.3128742241205848 37 8178 47 8275 46 8364
4444 48.045023209509239 -14.625774964816213 272.67122224816364 91 70 68 0.38140666212753932 37 8498 47 8277 46 8365
4445 -49.73576804157539 -16.721014442849441 260.78695093639874 140 110 95 0.37269174927862386 37 8494 47 8278 46 8366
4446 6.4345586591821782 -17.288685694800282 266.51205732528882 108 99 84 0.48447928747565361 37 8497 46 8367
4447 -51.343488936950486 -16.172174475736021 259.11589826456662 138 86 83 0.14239038822317474 37 8499 47 8280 46 8368
4448 -51.343488936950486 -16.172174475736021 259.11589826456662 138 86 83 0.14239038822317474 37 8500 47 8281 46 8369
4449 -0.15704331968228935 -15.746550773417212 265.4278212464281 130 120 80 0.11110462363164497 37 8504 47 8284 46 8371
4450 -0.15704331968228935 -15.746550773417212 265.4278212464281 130 120 80 0.11110462363164497 37 8505 47 8285 46 8372
4451 62.742275120993327 -10.24514424518358 268.7565537489466 55 48 56 0.70695764308677733 37 8506 47 8517 46 8373
4452 -58.147891034897086 -13.774620464681991 257.53446107098318 26 27 32 0.94535157143424298 37 8503 47 8286 46 8374
4453 56.578284060237188 -8.1507444816547565 268.65581652499179 116 63 67 0.38897751419090332 37 8510 47 8290 46 8379
4454 68.553412221457648 -6.6407748997850566 273.09872727491853 47 33 54 0.30902828274743405 37 8513 47 8291 46 8380
4455 68.553412221457648 -6.6407748997850566 273.09872727491853 47 33 54 0.30902828274743405 37 8514 47 8292 46 8381
4456 65.867467489023355 -6.307964209668004 269.15189754915679 195 127 122 0.073403862387470861 37 8516 47 8294 46 8382
4457 -34.624065922375458 -11.46732638050038 249.10543222596775 21 24 38 0.64391115588079584 37 8511 47 8295 46 8383
4458 49.668813796906626 -7.2148880923501633 271.05013774187188 83 37 60 0.38978884802504354 37 8746 47 8299 46 8386
4459 -41.544038216277521 -9.5008477336211286 244.67978040254425 30 27 33 0.19479527490543946 37 8522 47 8301 46 8388
4460 44.901739867232237 -2.3400614423584445 263.17275378676987 81 45 59 0.19662855672936061 37 8536 47 8314 46 8401
4461 -53.205325463738866 -3.3022327555806754 240.39856991924594 57 41 35 0.43978780547366769 37 8539 47 8321 46 8406
4462 52.730943613928467 1.9284529663706858 260.12577286284909 18 23 32 0.11373144391030643 37 8543 47 8326 46 8410
4463 -34.007738628444848 -2.3559436003238696 229.9942407935003 86 105 44 0.18044770670681964 37 8542 46 8411
4464 -47.975787409890302 -1.0207202661604893 208.94801080442875 141 125 40 1.0661911641370634 37 8755 46 8414
4465 29.51354139870589 2.8590226602457074 274.58356279001049 22 24 40 0.46161833474363423 37 8551 47 8535 46 8420
4466 12.955348037231508 6.9513272389472993 203.15726605912792 69 72 85 0.38812660660019205 37 8565 46 8440
4467 37.53297646804549 9.0087311074880692 198.33780426877783 162 136 87 0.51618311664826844 37 8563 47 8354 46 8441
4468 -54.065503848651559 12.861970320894345 216.88655508510692 179 139 52 2.0891242172068756 37 8286 46 8452
4469 35.472901679708102 21.011823709086535 197.53243209644145 24 11 8 0.048818603588974052 37 8594 46 8470
4470 42.304467249496717 23.801084151246538 195.84665842771304 149 139 45 0.35818409243637239 37 8602 46 8476
4471 -23.685439834602736 20.759102507872278 198.58011243411624 32 28 10 0.50580690044260179 37 8604 46 8477
4472 -40.027241878189159 22.957920878855059 205.66416656145083 111 99 58 0.16592086215826252 37 8610 46 8483
4473 48.875794452205305 34.035326588402775 178.1394481456511 39 27 8 0.15815880828862738 37 8634 46 8509
4474 44.206229370422591 44.776079680684859 174.50356677633869 230 182 157 0.1285041178251016 37 8671 46 8542
4475 -53.761233246705984 45.734072398997199 180.60530388116061 60 51 31 1.4155120166016897 37 8679 46 8554
4478 -32.02052374180883 50.64753874409999 174.43400495825537 140 122 62 1.1282451229376182 37 8838 46 8572
4479 -34.960817399435292 -35.152486245353842 273.42910609683105 60 47 54 0.23824488456624301 37 8716 47 8630 46 8583
4480 -62.786348357814077 -31.038670311913126 266.62896892711365 255 254 248 0.40840056235491007 37 8717 47 8494 46 8584
4481 -62.786348357814077 -31.038670311913126 266.62896892711365 255 254 248 0.40840056235491007 37 8718 47 8495 46 8585
4482 63.58289799169934 -26.633633176457021 276.55229765252932 135 114 98 0.70105698823918949 37 8465 47 8496 46 8586
4483 19.103185238610166 -30.53751668540319 277.85557244867499 152 139 112 0.90308686111663794 37 8720 47 8497 46 8587
4484 -39.080344038510894 -27.51612826076234 259.98005708083946 180 144 97 0.37904103786600313 37 8723 47 8634 46 8588
4485 36.658297071964334 -26.518223828608992 276.00984180823565 155 134 119 0.49286654859946449 37 8724 47 8499 46 8589
4486 36.023710014776739 -23.232687036246983 271.88751776235796 71 68 72 0.20102245078633382 37 8726 47 8502 46 8590
4487 -60.479242168489961 -22.300035988664906 257.89211950573042 51 30 51 0.51055687016046292 37 8727 47 8259 46 8591
4488 73.485786133495949 -16.594763948072618 281.89521293021767 140 111 87 0.77118855057544844 37 8729 47 8506 46 8593
4489 39.150512256180306 -19.586976777068131 275.02233995184793 49 53 57 0.38398798104688042 37 8730 47 8507 46 8594
4490 28.395652208322765 -20.18421474423409 274.15942583295958 116 91 92 0.72835617399802255 37 8731 47 8508 46 8595
4491 65.813810307794554 -15.148814824777427 277.35424357642529 49 47 48 0.49104063311077245 37 8732 47 8509 46 8596
4492 24.484317244824254 -19.372029199262958 276.13526398032872 51 55 57 0.45293075716756848 37 8733 47 8510 46 8597
4493 -42.10491973286836 -16.641713937675128 254.7229933480036 85 76 57 0.2925914404900028 37 8495 47 8511 46 8598
4494 33.019159825942751 -15.342335832981025 272.77412364376613 169 126 88 0.1483423343218597 37 8735 47 8513 46 8599
4495 35.522157553361701 -15.452768080256746 274.36996900022126 49 39 51 0.37838842591013799 37 8502 47 8512 46 8600
4496 60.218029589613217 -11.961714216636302 270.2641896062546 61 48 61 0.21239818606235006 37 8736 47 8516 46 8602
4497 55.024847665317857 -12.833782841833152 273.79639742217654 36 29 43 0.45914540307950374 37 8864 47 8515 46 8603
4498 38.463267047079341 -12.282839383532012 268.83631157922326 29 29 50 0.10457269050237138 37 8742 47 8518 46 8607
4499 60.940580388609249 -8.5994493127697957 269.53842911193169 227 134 118 0.23753540278180191 37 8743 46 8608
4500 48.842818728559593 -1.4893368304433132 269.47536844739943 83 38 60 0.6418031543839765 37 8751 47 8527 46 8616
4501 -57.902890415290685 5.4243373570489908 221.46861203026435 35 23 37 0.57435553756371704 37 8557 46 8628
4502 70.25884785546836 13.014512519580769 261.70268973195743 18 20 34 0.18221550298894029 37 8764 47 8544 46 8630
4503 -41.641710700332361 19.116690477253577 201.52848739893614 116 99 50 0.12142263709196416 37 8785 46 8653
4504 9.7119599453616043 22.866401571442776 187.89255924316777 32 21 6 0.58750642093229155 37 8338 47 8578 46 8663
4505 30.253435717448323 32.274453064424044 182.93981118553086 137 77 61 1.1318674944605083 37 8802 46 8673
4506 25.056129343679263 37.086065858249164 179.86709064068555 31 31 23 0.47158648262071201 37 8815 46 8685
4507 -58.889692686280426 -34.697954837840697 273.64880337179073 144 119 102 0.86778364412875797 37 8458 47 8629 46 8707
4508 -44.460675357013116 -30.161387426399628 264.21290740278147 52 49 47 0.51460327450965737 37 8852 47 8631 46 8708
4509 -27.100159633697821 -29.364905939711104 264.56147032541361 47 40 49 0.26330244335814729 37 8853 47 8632 46 8709
4510 71.692705271878239 -23.725136664632828 280.39203513825601 63 57 66 0.17708269815831082 37 8721 47 8633 46 8710
4511 -37.426290321441975 -24.546320845870497 258.30707856173757 69 54 52 0.24008691398751628 37 8856 47 8636 46 8712
4512 -23.121168921852714 -22.690907984913053 255.21890002442549 40 38 39 1.19479307894096 37 8728 47 8638 46 8714
4513 62.663963478340371 -17.220369571270329 275.418500104835 184 148 113 0.28480584802085906 37 8857 47 8639 46 8715
4514 -62.352092408097505 -19.635509630369473 260.04809239291802 154 109 96 0.12783249391816842 37 8858 47 8640 46 8716
4515 -62.352092408097505 -19.635509630369473 260.04809239291802 154 109 96 0.12783249391816842 37 8859 47 8641 46 8717
4516 -46.106984632500279 -19.852527988959171 258.32810232765036 141 108 78 0.61295553404281833 37 8860 47 8642 46 8719
4517 -57.265329180476712 -17.975778130468548 259.94603007063142 27 30 37 0.9182476938642482 37 8861 47 8729 46 8721 37 8939
4518 -57.378896556745417 -18.024850459344265 260.60005129750118 27 30 37 0.65839354369444136 37 8940 47 8730 46 8722
4519 -62.705013234376324 -15.661181284280524 260.5651504904281 25 30 40 0.30117301307338179 37 8863 47 8644 46 8724
4520 -22.408950535389252 -16.009484332152944 243.93666934887685 40 38 39 0.49560774836854699 37 8734 46 8725
4521 -46.908465435897739 -13.75671314955277 256.16758147833929 27 24 34 0.2169475870839073 37 8741 47 8645 46 8726
4522 10.624404197742487 -13.545143668369658 265.66820667052303 32 32 42 0.43996153808607824 37 8867 47 8647 46 8728
4523 -62.128952409870394 -11.916527069949128 260.931051904941 71 60 57 0.27062133466469301 37 8866 47 8648 46 8729
4524 -37.626768179392165 -11.855508673040708 253.0443596238095 21 23 31 1.1571001148557525 37 8744 47 8649 46 8730
4526 32.601976327296285 -9.8030730768480385 267.72057439434724 73 61 61 0.62966129394133696 37 8868 47 8651 46 8734
4527 50.872118474111403 -5.012221901064339 266.99833189469985 155 127 127 0.94607640805356197 37 8873 46 8737
4528 -60.283234922184299 -7.6609467735132251 252.26695777162647 25 20 36 0.83714300866779612 37 8871 47 8655 46 8738
4529 -36.786204468699694 -7.7218068855349369 242.58206630834997 145 147 65 0.13517221011611044 37 8872 47 8660 46 8741
4530 46.027595018398131 -4.6974390371293104 263.56809163343843 236 138 110 0.47388273588149826 37 8874 47 8658 46 8742
4531 46.027595018398131 -4.6974390371293104 263.56809163343843 236 138 110 0.47388273588149826 37 8875 47 8659 46 8743
4532 66.076826447695325 -1.9117713806094949 269.68378619085848 50 48 60 0.28957161668923725 37 8876 47 8661 46 8744
4533 68.034855442998392 1.3430589795190819 267.86608028667524 224 195 184 0.014998684055142097 37 8878 47 8664 46 8748
4534 67.751322499274139 5.1944658627569087 265.96213472739242 36 32 52 0.41449280988443343 37 8882 47 8667 46 8752
4535 36.943113694014464 12.632634622251778 188.4582722911328 126 99 57 3.1565109368475444 37 8892 46 8766
4536 8.8764411140221853 37.029736939119836 170.56750777911506 104 104 37 0.14962923900068986 37 8922 46 8795
4537 -49.309365246326593 -32.205412687294931 265.19014975806243 93 66 72 2.0814406917188233 37 8850 46 8807
4538 -28.197655950033457 -33.092397852665222 267.46535486545253 130 110 103 1.7577101453404265 37 8851 47 8723 46 8808
4539 -53.754492703050694 -31.293125272967835 266.80775152537524 26 34 43 0.16205705782296512 37 8932 47 8724 46 8809
4540 23.12197072651233 -30.253054963288772 282.39978732242298 166 145 121 0.66065928716515987 37 8934 47 8725 46 8810
4541 67.967423586040439 -11.208019939506631 265.13960260958868 136 112 73 0.66784037221210635 37 8983 47 8731 46 8812
4542 1.7555790332068675 -15.697330704494423 257.17900759067606 106 76 50 0.48900625954397409 37 8941 47 8734 46 8816
4543 63.082927038379715 -6.5800537548647986 267.87926273167147 225 133 114 1.3341641524486676 37 8942 47 8736 46 8819
4544 58.751167137958362 -4.5550491614641366 268.28501777458632 179 140 112 0.3817217924127474 37 8943 47 8742 46 8821
4545 39.680222119343675 -6.2246212831450212 265.09856868695829 124 93 83 0.43177655797827769 37 8944 47 8743 46 8822
4546 57.148319140322762 -0.57980852108504621 270.683747038994 20 27 41 0.32215950923681025 37 8945 47 8745 46 8823
4547 -50.787217540651554 -26.916400047811418 262.9973266980615 102 109 65 0.95990681611824202 37 8977 47 8780 46 8852
4548 63.721432171105292 -22.062249959806177 274.31506131259761 51 47 56 0.12988337018415039 37 8978 47 8781 46 8853
4549 -40.678242499857767 -21.563428460492137 263.10392360006892 61 54 52 0.62623893131435804 37 8980 47 8783 46 8854
4550 62.39232778477546 -11.837847540229129 267.00630820268714 81 69 76 0.84594928309466855 37 8982 47 8787 46 8856
4551 42.473578966326933 -14.121141761757871 266.6983128376786 154 102 83 0.27629586248841914 37 8984 47 8785 46 8857
4552 42.473578966326933 -14.121141761757871 266.6983128376786 154 102 83 0.27629586248841914 37 8985 47 8786 46 8858
4553 -52.119812799494753 -9.8795578392416292 238.61801134194567 20 20 28 1.213722949715889 37 8986 47 8788 46 8859
4554 63.046028679241061 -1.1317348344477494 270.39111041673829 43 46 56 0.50403187636842239 37 8987 47 8789 46 8861
4555 -53.396240256715913 -3.2701190109387963 231.62079882729688 91 76 27 0.39759265096090002 37 8988 47 8790 46 8862
4556 -4.6557152732852458 30.640805219548774 189.50773613900748 103 91 42 0.10302325722894523 37 9009 46 8887
4557 56.305721747635125 -24.285033149644093 278.37846335522505 173 149 123 0.23967520043845389 37 9018 47 8821 46 8898
4558 56.341237993251468 -24.291897257263635 278.48899533635978 173 149 123 0.14122013216564971 37 9019 46 8899
4559 29.618551657918704 -13.721341778218813 273.38402245596995 69 58 73 0.68266656396816838 37 9025 47 8823 46 8901
4560 29.618551657918704 -13.721341778218813 273.38402245596995 69 58 73 0.68266656396816838 37 9024 47 8824 46 8902
4561 35.406206744757398 -7.8233021710970103 264.99903535486862 107 85 54 0.5038079019693239 37 9026 47 8826 46 8904
4562 36.548482194455957 1.9257609096507009 222.27319382934758 30 33 32 0.18745424639770242 37 8989 46 8906
4563 13.210782890650044 11.298828927052346 200.76801392648528 15 15 23 0.098558181072462503 37 9031 46 8908
4564 -27.189579331635954 -20.681804127965144 251.82636444738441 67 57 56 1.1429093240127546 37 9080 47 8869 46 8948
4565 -15.003027976684544 -30.141355222344568 224.87650434954307 0 0 0 0.075827951681259192 37 9088 47 8876
4566 27.42283990704269 51.824771066998387 191.11069090474274 127 78 58 3.3187189388776641 37 8687 46 8561
4567 11.770227462737191 49.639044495590383 173.50195020026575 13 2 0 2.4038961285624234 37 8696 47 8484 46 8570
4568 -8.6613019568941887 -10.862478453514198 216.63638645352347 32 27 36 2.5914770813784664 37 8865 47 8650 46 8731
4569 -2.3842175319385266 -5.5605694967493022 206.5223826818056 50 38 37 2.1576575705591909 37 8749 47 8662 46 8745
4570 14.137422001225682 26.781233963783134 188.03548383835954 29 34 14 2.2625630211804957 37 9037 47 8831 46 8911
4571 -7.275053024138705 15.240796893750689 195.48824492896932 26 30 15 2.357869657346392 37 9070 47 8861 46 8941
