# 3D point list with one line of data per point:
#   POINT3D_ID, X, Y, Z, R, G, B, ERROR, TRACK[] as (IMAGE_ID, POINT2D_IDX)
# Number of points: 4555, mean track length: 2.8443468715697038
1 -14.825163345113156 -22.906456518186587 208.26869032867882 205 188 178 0.12847791548379497 49 387 39 376 40 343
2 -11.560844147382678 -23.139484547422008 208.7556010949578 72 66 71 0.17790717719092827 49 382 39 377 40 344
3 -16.893379596478393 -22.648808687088803 207.72100713264703 42 25 17 0.20142989300835859 49 391 39 380 40 342
4 -18.119242219883009 -21.401355968940095 209.06026650258241 150 122 99 0.17996689569600574 49 448 39 455 40 415
5 -18.119242219883009 -21.401355968940095 209.06026650258241 150 122 99 0.17996689569600574 49 449 39 456 40 414
6 -15.851400145944298 -20.928787474572871 207.94251015050455 156 127 105 0.11995094384596976 49 465 39 480 40 436
7 -14.633189662512734 -20.723862602528534 209.6737113656163 37 27 26 0.24670858800438059 49 486 39 497 40 463
8 -14.781834276882158 -18.286443594224608 208.96589148479197 108 89 76 0.326902320811925 49 590 39 607 40 573
9 -15.073092841440854 -16.461726675818053 209.03987687101593 152 126 103 0.24298119321152267 49 675 39 677 40 640
10 -16.74762358587655 -15.458220425194815 208.03016987139844 247 219 190 0.19621000280507728 49 3844 39 711 40 683
11 -13.286173789133915 -12.615380323899439 207.37282788461738 114 72 75 0.085935325822817987 49 818 39 828 40 803
12 -9.7576751996782622 -12.154169659164246 203.95258180627624 224 183 178 0.1385589020591439 49 842 39 839 40 818
13 -11.835274709785542 -12.165909813568085 205.95198733888563 37 25 27 0.83806958900808537 49 837 39 845
14 -23.77581364478511 -11.426600526667704 210.72287634663743 56 35 11 0.1253008878571602 49 846 39 860 40 832
15 21.470516194925889 -11.221744338186932 200.1781202549972 99 82 55 0.61033996966428283 49 879 39 864
16 -7.950850611807736 -11.476661131557764 202.76690936887061 49 17 20 0.11183429781179732 49 872 39 867 40 842
17 -7.6218011662030838 -11.419055637948746 203.17157589949258 224 202 205 0.18704316906232588 49 873 39 868
18 -5.4768830372846198 -11.756904709220404 205.97298556631236 46 29 30 0.4512013102989465 49 3937 39 870
19 21.577964169500472 -10.76732527674247 199.2499406161665 228 212 195 0.16002177958075089 49 898 39 883 40 852
20 -6.3917294175263031 -10.846433432033745 204.22385289969674 247 216 207 0.16039563498871295 49 907 39 902 40 873
21 17.053093665658757 -10.643462308225651 201.76742278232433 139 118 105 0.27752666167235812 49 920 39 907 40 876
22 21.773871218128505 -10.325902663118416 200.44499323967563 51 37 30 0.32022048880668269 49 933 39 908 40 879
23 16.130859622010526 -10.536759251881193 202.50200302264889 157 142 131 0.13962714015876485 49 932 39 911 40 884
24 -21.23862694181096 -9.8267719639588726 207.38223133558535 196 174 156 0.73115228948445832 49 3979 39 923 40 894
25 -17.314385135736678 -10.503378376363637 213.78165682827313 242 219 204 0.95149998179488493 49 5723 39 924
26 -6.9100067066268629 -10.125200343820808 203.106712489253 246 231 222 0.070249589941168741 49 949 39 929 40 901
27 -22.142881365228313 -9.7015125858199536 208.63508172639493 154 128 105 0.29853658830659718 49 942 39 934 40 900
28 -6.2628176948492005 -9.7746666953619705 203.73091026077657 247 220 206 0.048421559202985784 49 970 39 951
29 -0.83601528971034234 -9.9963069564866238 204.14783999588519 61 40 36 0.14048667622855041 49 964 39 952 40 3925
30 -12.964878979873257 -9.3398796306663154 207.06116060647906 204 171 146 0.15954158135517163 49 976 39 976 40 949
31 15.49491374966145 -9.2047605018624132 201.82603704591622 253 228 209 0.20929618261777391 49 993 39 982 40 956
32 15.49491374966145 -9.2047605018624132 201.82603704591622 253 228 209 0.20929618261777391 49 994 39 983 40 957
33 -20.21586034863774 -8.9354734652784575 208.75082640041771 125 101 77 0.20723183598377962 49 981 39 986 40 953
34 0.076220136201896979 -8.9971601187316441 203.07084483637882 201 181 174 0.15980626077393187 49 1007 39 1002 40 972
35 0.78029369597420417 -8.8961388029735193 203.40228819212211 194 167 152 0.10482580722876884 49 1017 39 1013 40 983
36 0.78029369597420417 -8.8961388029735193 203.40228819212211 194 167 152 0.10482580722876884 49 1018 39 1014 40 984
37 -13.716365293799107 -8.6391070240184273 207.21321403075115 193 160 135 0.0089698808316342402 49 1005 39 1020
38 19.443707017015537 -8.3592742719734172 198.93096455925763 164 141 126 0.045314767315497329 49 1030 39 1021 40 986
39 -22.438973106954219 -8.057574215193684 208.56632563614389 209 185 162 0.28133005157163776 49 1016 39 1028 40 996
40 -14.127823239813916 -8.2648879068536036 206.84321633982421 190 157 132 0.17097358285744244 49 1028 39 1037 40 1003
41 -12.665722670625078 -8.3374494656601303 206.96533382608555 182 149 124 0.24378014943641091 49 1029 39 1038 40 1004
42 -14.551789024516985 -8.2192417358053227 208.07410798926773 221 191 164 0.046189261873743961 49 1026 39 1040
43 -11.557126627963273 -7.8651991836068653 205.89782935612965 222 187 161 0.1744856185185302 49 1059 39 1050 40 1018
44 -2.2955774532912474 -7.6402326225278676 196.57744012276692 233 193 191 0.026939939540830987 49 1072 39 1051 40 1019
45 20.684127105222728 -7.5170108249747152 197.6753185495748 55 53 62 0.12625564757061156 49 1070 39 1052 40 1020
46 -3.5386312021457704 -7.5861157140205995 199.11111968015172 229 206 191 0.052074039105777403 49 1074 39 1057 40 1027
47 1.9862658671773179 -7.8116629846910088 201.10425428583522 54 46 44 0.1513228083453666 49 1068 39 1058
48 -12.931330099223558 -7.51800906500476 206.78699214540364 173 138 113 0.13096255428259521 49 1067 39 1070 40 1037
49 18.118666464193939 -7.229302614664455 199.12680771584286 159 139 121 0.25557137604023888 49 4051 39 1078 40 3993
50 18.959190799291299 -6.9470951380982342 199.37530405851064 207 188 176 0.32383510854689507 49 1091 39 1095 40 1059
51 -7.4270826415947875 -7.0627092527550195 203.50607832353197 236 207 184 0.16729353173770067 49 1089 39 1098 40 1062
52 -0.25682640631234754 -6.6353131196128867 193.84511592547241 227 173 181 0.057218628521101211 49 1115 39 1102 40 1069
53 -0.25682640631234754 -6.6353131196128867 193.84511592547241 227 173 181 0.057218628521101211 49 1114 39 1103 40 1070
54 -13.945495114367027 -6.839177864288728 206.95136032155298 162 127 102 0.20184956803918574 49 1083 39 1105 40 1067
55 -10.741040272734066 -6.9830512068904875 207.44688350077871 176 141 116 0.082466347326153808 49 1088 39 1106 40 1068
56 20.512551351923904 -6.6163281836630361 198.75895965826149 96 94 103 0.23166372779063049 49 1107 39 1108 40 1072
57 -1.6855916225691341 -6.309088238594498 195.88691172069738 251 235 227 0.1183630564667309 49 1129 39 1115 40 1084
58 -6.3697838913461071 -6.5125162156948386 202.89549735615603 242 213 193 0.09722389188933854 49 1113 39 1117 40 1080
59 -10.740757031515189 -6.4292739245744821 206.30403240951335 234 198 176 0.034681674826582812 49 1112 39 1119 40 1089
60 15.431084704149947 -5.8871369609313104 196.65200863271431 39 34 40 0.20986179341686995 49 1143 39 1124 40 1096
61 4.942311279353981 -6.0733391964337358 199.33066003522757 47 28 30 0.37604816401676072 49 4088 39 1126 40 1099
62 21.71187651724372 -5.6993887623972448 198.9982545183932 52 52 64 0.22240036047587783 49 1144 39 1129 40 1102
63 -11.005826639775041 -6.0088550622218735 205.4445283453999 218 183 160 0.47149608224424222 49 1130 39 1131 40 1098
64 -4.7942601273925591 -5.8364184250410052 200.47808704501833 248 219 199 0.047917360142121258 49 1147 39 1133 40 1106
65 -14.765264291821264 -5.781883961432519 207.88708823725057 229 203 180 0.19278030748224451 49 1133 39 1134 40 1105
66 13.699348382818124 -5.5575350764326421 195.69149097824322 202 193 205 0.17442493106370302 49 1156 39 1136 40 1109
67 -16.579238066247186 -5.578770644456319 207.84453356414559 228 202 179 0.23538153963952971 49 1136 39 1139 40 1112
68 -15.715693179946783 -5.5164747607848028 208.17101942465393 223 199 174 0.51600597380868052 49 1141 39 1143
69 -15.721796276478873 -5.5155703130631633 208.2168564427792 223 199 174 0.37411875551499452 49 1140 39 1144 40 1113
70 9.73358544336247 -5.450274345051942 195.31960061224808 26 16 16 0.29915527356281835 49 1160 39 1145
71 -9.0697654358583772 -5.6523039303597091 206.02181406524261 255 220 204 0.28957109150194255 49 4091 39 1147 40 1119
72 -6.726256412568274 -5.6228319442902173 203.73161228466466 228 195 170 0.10717254016570921 49 1150 39 1148 40 1115
73 -0.9172888566281544 -5.3297169934596944 197.97148760130315 255 240 220 0.10537345961540205 49 1162 39 1152 40 1126
74 0.28253041836885395 -5.0686253973383817 194.07318872660292 245 226 212 0.063830993423684146 49 1168 39 1155
75 8.495539447462523 -5.0681930919201275 195.72463399921412 48 32 28 0.027443703779486506 49 1169 39 1159 40 1134
76 8.495539447462523 -5.0681930919201275 195.72463399921412 48 32 28 0.027443703779486506 49 1170 39 1160 40 1135
77 17.915606458748371 -4.7540726412700884 197.00840161256434 74 74 84 0.28649470834018237 49 1172 39 1164 40 1141
78 -6.3728819929998259 -4.9041946285215916 203.01825224652737 252 221 198 0.16131935152281721 49 1165 39 1170 40 1146
79 -5.2011951073440557 -4.8774934641772489 201.47806209142834 208 179 155 0.082349912373765724 49 1167 39 1171 40 1147
80 -12.31297561652049 -4.4886618389042017 207.71366117294309 217 194 179 0.16280306349814067 49 1173 39 1177 40 1153
81 19.442628433055305 -4.2923698572357996 199.25841485847442 48 46 56 0.058410896922645332 49 1181 39 1179 40 1155
82 19.81166765537127 -4.1136263838433837 198.41339381806068 92 90 100 0.36636599625747635 49 1186 39 1184 40 1157
83 -3.832137984877392 -4.0100798718758321 199.26450738777334 162 129 104 0.29004706217999959 49 4123 39 1193 40 4073
84 -6.1688544168412971 -3.9864652446761828 204.1136461626962 228 200 177 0.27067765045216607 49 1195 39 1195 40 1168
85 -0.00050028162438744278 -3.6809101854764035 193.96783266206455 250 226 211 0.10789336248614297 49 1205 39 1198 40 1172
86 10.704512316104553 -3.633603666369646 193.76906913212437 47 34 31 0.017113063288417062 49 1210 39 1200 40 1176
87 10.308283286783608 -3.5616632075944055 194.00751340585393 231 213 209 0.030005741321713367 49 1213 39 1203 40 1177
88 -6.9859452674572164 -3.5850211513098689 203.41327554337082 227 206 183 0.20636891250010148 49 1202 39 1204 40 1178
89 -6.9859452674572164 -3.5850211513098689 203.41327554337082 227 206 183 0.20636891250010148 49 1203 39 1205 40 1179
90 -12.535009826369265 -3.3356820607541633 207.96996905377034 150 114 85 0.26140411510892964 49 1200 39 1209 40 1184
91 8.6408621358771462 -3.1216971793517549 196.06916081676115 31 22 16 0.12476358379693926 49 1220 39 1223 40 1190
92 -16.702325109361478 -2.9526790337414597 210.08764542866803 159 134 106 0.13979869936131012 49 1208 39 1224 40 1189
93 10.956558051145143 -2.8691673190400682 193.76518298646147 72 76 80 0.13263382506523413 49 4147 39 1228 40 1192
94 20.220372282283517 -2.6699476331600906 198.58723555027228 52 50 58 0.17997953163094046 49 1228 39 1233 40 1199
95 -22.261168857148903 -2.3061149670184866 210.00763488360926 230 200 174 0.27050018004185333 49 1217 39 1235 40 1197
96 -12.838192126267062 -2.4026782133071807 205.94870529712128 147 110 84 0.29283112450213977 49 1226 39 1238 40 1205
97 15.267261738478441 -2.0593456614802608 195.82061360054877 38 38 48 0.13486128648091023 49 1257 39 1243 40 1218
98 -8.0613515629513266 -2.0480769524913649 206.58584313324428 198 172 147 0.34707415876349462 49 1242 39 1251 40 1221
99 -30.432343213560717 -0.70205105617686525 209.15702261155266 66 36 34 0.43624550160404107 49 1247 39 1256
100 -3.6605597697713956 -1.7602072739387238 200.62033476290074 243 217 196 0.13704997038644798 49 1265 39 1258 40 1232
101 32.016851466286724 -0.74863481944145238 192.68701136408581 119 88 90 0.46306180419752119 49 1276 39 1259 40 1236
102 -20.621471139659121 -1.2822461234048113 210.19063937194562 216 155 139 0.32203748042678548 49 1248 39 1262 40 1228
103 -10.199949452790491 -1.635482873435536 207.77541307608877 167 131 102 0.072974515851709609 49 1256 39 1263 40 4113
104 -18.365351027015439 -1.3121279757007092 211.10433899761153 189 159 133 0.22360467821088836 49 1253 39 1267
105 5.3196565157227873 -0.95629419351416056 189.80850183591244 236 194 170 0.094605858499876752 49 1299 39 1277 40 1258
106 -11.497402298895704 -0.9645846388030056 208.81081113396712 167 120 87 0.16401228569536833 49 1275 39 1285 40 1257
107 36.726479357786729 0.36861883473085311 192.51922048998597 159 140 125 0.48368227256153762 49 1308 39 1288
108 -0.49153435867008183 -0.68892675235872647 195.78657597107957 242 217 200 0.18034034954418363 49 1304 39 1290 40 1265
109 38.769107601585858 0.69429982792837797 192.99876329303831 124 114 99 1.4556992199256817 49 4196 39 1291
110 7.2878323775499885 -0.47419392622121204 189.00972337043007 232 190 167 0.11653592098942267 49 1325 39 1293 40 1279
111 -21.198914769465937 -0.11454682110730681 210.44996700978825 166 102 91 0.21909365318668403 49 1283 39 1296 40 1272
112 -33.406943555579822 1.2956943038127915 210.76645838084502 42 39 24 0.27626462933550155 49 1303 39 1301 40 1285
113 33.397389222811775 0.91729050574202375 192.28521108307086 119 96 88 0.22368724606923562 49 1331 39 1303 40 1288
114 33.397389222811775 0.91729050574202375 192.28521108307086 119 96 88 0.22368724606923562 49 1330 39 1304 40 1287
115 -11.337373918083884 0.13462612834803417 207.42812027640852 140 96 68 0.29969455548741081 49 1314 39 1312 40 1290
116 15.180587234316722 0.15864998418934942 198.68700837134233 61 63 77 0.16133814027270257 49 1329 39 1318 40 1303
117 38.227466603812168 1.4471586537226877 192.42766867807555 48 26 8 0.044971336998986075 49 1342 39 1320
118 -34.523317173550048 1.7335881086784681 208.90057631814241 50 41 34 0.14462043846541123 49 1320 39 1323
119 -0.18842113656481344 0.25484009620723491 195.98127515438199 251 225 204 0.13822390851293617 49 1340 39 1324 40 4160
120 14.130335256977279 0.30946974541253974 196.22994797834497 24 27 39 0.11561383070916183 49 1341 39 1327 40 1310
121 -22.923745854289884 0.89252389846492708 211.79840891911772 139 82 65 0.23814201606124455 49 1318 39 1333 40 1307
122 -16.239505770417495 0.55150835879130911 209.60966890705984 173 145 118 0.47266767591052422 49 4197 39 1334 40 1308
123 -34.916497201006614 2.0204984549410385 207.92294320309992 21 27 14 0.17806596545762332 49 4203 39 1337 40 4162
124 -20.602343307804247 0.87370761489842608 211.5728977779018 123 79 59 0.040678173106782796 49 1324 39 1338 40 1314
125 -6.174303528638001 0.5586079995860278 204.43357606356804 58 19 4 0.21152103140904646 49 1337 39 1345 40 1324
126 0.7246779060685119 0.64653075518571035 193.96962179071903 252 223 203 0.18149564702433466 49 1359 39 1346 40 1325
127 7.8586781613736179 0.75376294737590643 188.26654359127798 221 187 169 0.24737124513119976 49 1370 39 1349 40 1333
128 7.8586781613736179 0.75376294737590643 188.26654359127798 221 187 169 0.24737124513119976 49 1369 39 1350 40 1334
129 15.351427415177483 0.72187976051904035 197.10595584498176 75 77 91 0.10880096187319166 49 1357 39 1351 40 1327
130 -14.939464028207606 0.96647449675241792 209.02335639517489 104 74 48 0.087054510642469787 49 1336 39 1353 40 1326
131 22.292865916539487 0.9806918906536729 201.10488595864578 48 48 58 0.25209665557981226 49 1354 39 1355 40 1335
132 -7.2667997929118604 0.93679061187103407 204.82024235060436 222 185 159 0.29323580113476205 49 1353 39 1360 40 1340
133 10.797755775724129 1.151899515578662 186.51081462210556 189 157 141 0.17351128935987636 49 1389 39 1363 40 1345
134 18.77944948933332 1.2775361498276954 197.36629333176782 98 94 103 0.17276197438336105 49 4220 39 1368 40 1346
135 -27.939029982306494 2.1546399398101093 211.26855223231067 117 59 63 0.83012122601840832 49 1352 39 1370
136 20.251205776788488 1.3287428801872594 201.12113557016227 26 22 31 0.38539487740301098 49 1367 39 1371 40 1347
137 1.0641661044212414 1.4292963050209462 194.02297660885961 252 223 203 0.64994590079649062 49 1388 39 1377 40 1357
138 -3.5001995809202366 1.6555030599947909 200.78443305052278 235 209 186 0.13102415459986361 49 1381 39 1381
139 24.119296347651936 1.9152734307646146 202.3576434307183 81 79 89 0.3309698934818549 49 1379 39 1382
140 -14.185062521657668 2.0213228588641234 208.37621852103351 70 44 25 0.12851758565214857 49 1374 39 1385 40 1363
141 -34.667165278559651 3.4240138634553738 209.94929389423419 18 19 11 0.33652234266502207 49 4221 39 1388 40 1366
142 5.1438898843556684 1.8565604058032172 192.07046748638717 182 141 121 0.21699828108657981 49 1399 39 1389 40 1370
143 39.801360556530128 3.3140128585139621 192.94209845656627 55 30 9 0.51451608187459985 49 1404 39 1390
144 -15.567422277393009 2.3410899292144363 208.34343600878165 64 38 17 0.28991654237002062 49 1382 39 1392 40 1371
145 41.126827787409056 3.4440436931736058 192.40914820142223 43 25 13 0.29937655988453593 49 1405 39 1394 40 1372
146 42.353200144276236 3.7007800035958001 191.59844230561299 145 130 113 0.16761893763848867 49 1412 39 1396 40 1377
147 1.8830574520356154 2.1506000045243452 194.29464930274247 244 212 196 0.083383920024024588 49 1410 39 1397
148 38.491480713879461 3.4365395354165762 190.55897424517624 140 116 81 0.11716145754160753 49 1415 39 1398
149 -18.618862130875883 2.7984789900417311 210.30428885202653 150 119 96 0.34956815987206874 49 1393 39 1403
150 4.0846737093145125 2.2998212405282779 192.45840065479499 241 200 184 0.037609461502796558 49 1420 39 1406
151 4.0846737093145125 2.2998212405282779 192.45840065479499 241 200 184 0.037609461502796558 49 1421 39 1407
152 18.282259734242462 2.5253234960499999 198.68918377617703 46 46 54 0.35352386817503517 49 1411 39 1413 40 1385
153 7.4032957697014297 2.7267211579948833 188.27588491450149 181 142 128 0.10941623423643516 49 1439 39 1423 40 1393
154 -25.219426294303243 3.7305063610983473 211.08660588662704 210 189 187 0.26429790849811202 49 4239 39 1425 40 1391
155 34.634807129703205 3.8460679988306552 193.28200934827379 77 54 41 0.76316059836641481 49 1433 39 1434 40 1400
156 -22.671512518037307 3.7314224902190203 210.7773014297062 149 109 107 0.13645294111107836 49 1414 39 1435 40 1397
157 -7.5585334425498827 3.0995448233295417 204.59284442970383 218 189 161 0.30814193492615627 49 1422 39 1436 40 1402
158 -7.9342983887278438 3.474731774307779 206.71813259672703 163 139 106 0.20998030466211684 49 1430 39 1440 40 1410
159 -7.9342983887278438 3.474731774307779 206.71813259672703 163 139 106 0.20998030466211684 49 1431 39 1441 40 1411
160 -3.6595363621170591 3.5178820722052744 202.01050821359271 221 185 156 0.11366065407105135 49 1443 39 1443 40 1413
161 5.6389078751085018 3.4902496000903858 189.9830459226898 55 14 1 0.093841373248906179 49 1469 39 1444 40 4229
162 5.6389078751085018 3.4902496000903858 189.9830459226898 55 14 1 0.093841373248906179 49 1470 39 1445 40 4230
163 6.9492792971742912 3.5422848477121498 188.21185599112721 238 197 177 0.16594886605736092 49 1478 39 1449 40 1417
164 18.727241629047722 3.8030798740260945 198.65247972457331 75 73 83 0.47024730374420337 49 1455 39 1450 40 1420
165 -20.676038295495459 4.4074415712003496 210.70547800646742 42 18 14 0.025929884087826545 49 1435 39 1452
166 30.424867905635995 4.5088372954746321 195.69271262618105 126 100 92 0.10878852520684729 49 1472 39 1461 40 1423
167 -12.310929962520314 4.2817145835322776 208.98276678901817 41 19 11 0.28574740471364285 49 1449 39 1463 40 1427
168 -4.4492331851710842 3.9975019096306075 202.47737368436054 177 136 107 0.30169173452668674 49 1464 39 1464 40 1428
169 14.39627853789427 4.0413705774246784 196.65731222780894 75 79 85 0.16761315081966641 49 4263 39 1465 40 4239
170 15.779646099344745 4.0566790380798992 197.90555298615485 87 88 99 0.038530409125227878 49 1471 39 1466 40 1429
171 -25.12433535241647 5.0038669428797222 210.97389626830707 56 49 54 0.11132855363732941 49 1448 39 1467 40 1425
172 -9.0871541272265794 4.2245401634967461 207.04223623087785 232 205 173 0.15494658172053088 49 1454 39 1469
173 -12.710605295229461 4.4567583058938505 208.89506037520525 146 123 112 0.14967514941222179 49 1462 39 1475 40 1432
174 -18.776591541569505 4.8376091848767917 210.39616825666221 137 105 102 0.2412707226206495 49 1460 39 1476 40 1436
175 -25.381205540839595 5.3428769445834776 209.8508439596863 21 8 13 0.4378007770211072 49 5921 39 1477 40 4246
176 40.450670769645427 5.7604912760946378 191.37826265768237 139 117 71 0.20526200776159342 49 1498 39 1485 40 1446
177 5.3673937764959003 4.3810528816390333 192.13802132791645 191 150 132 0.14792723492686849 49 4288 39 1488
178 20.796416148578395 4.6810227929356776 199.81529180821113 66 63 67 0.13704841968923193 49 1490 39 1489 40 1454
179 40.511944896610871 6.1165518732294091 190.1947996617871 87 65 29 0.18193969071373176 49 1514 39 1501 40 1468
180 -8.2005369150601766 5.0578416765920293 205.94207686065906 212 186 162 0.36515851075905031 49 1493 39 1506 40 1472
181 -35.328078117257746 6.6711154276151419 208.8420137715232 81 75 57 0.24281263767066244 49 1491 39 1510 40 1471
182 -17.472316067257015 5.5634399858880927 209.05961983006657 32 22 21 0.10757597679816817 49 1492 39 1512 40 1473
183 -32.467172146117711 6.6803907352919598 207.33277066335478 141 130 95 0.21745851126745666 49 1499 39 1518 40 1478
184 9.5715678753991877 5.0937316344143326 187.98051661624217 232 194 175 0.080841346672665917 49 1534 39 1523 40 1487
185 2.4240560382177536 5.2637632971800548 193.82254518180142 241 204 191 0.16948073889849125 49 1522 39 1529 40 4278
186 30.691037643354178 6.0414557209753736 196.56282926782706 27 11 5 0.24417450939376797 49 1520 39 1530 40 1492
187 -13.816940285146234 5.9292598871907671 208.38351808081327 141 126 117 0.13832334623083548 49 1506 39 1531
188 4.2753831603212786 5.3617126278779583 192.68036625983541 229 187 176 0.12596592229728029 49 1533 39 1532 40 1493
189 -1.69200779827384 5.5048235974338855 198.77863112819969 194 160 140 0.152088945201616 49 1518 39 1534 40 1496
190 32.057479697792864 6.2510416755623774 192.29781301245438 145 123 103 0.27003519438682977 49 1537 39 1536 40 1497
191 8.7773044232095234 5.5022594675332774 188.04655897546115 193 152 136 0.19434200175338101 49 1550 39 1540 40 4285
192 15.912245816472604 5.7657211303085205 197.39692734518681 51 51 61 0.1004136941936003 49 1535 39 1541 40 1501
193 -2.7291755352744 5.739830462417256 200.18309501629869 245 211 189 0.26513524174903702 49 1528 39 1545 40 1505
194 -25.449242379271112 6.8574735929862367 204.14702192709444 127 82 88 0.48551117883194306 49 4308 39 1548 40 1509
195 7.6973202138172141 5.6191248119179509 188.18800198100075 165 119 98 0.18716731924401389 49 1555 39 1550 40 1511
196 7.0652080357599205 5.7491562005553423 189.02240361381413 211 164 143 0.15670001478342108 49 1561 39 1554 40 1515
197 36.994562394199633 6.9912266739326796 192.59168736655883 150 131 105 0.075411226419028865 49 1551 39 1555 40 1517
198 -36.350320597734736 8.0386680391019443 209.48533007753252 49 32 17 0.29966372621556725 49 1527 39 1558 40 4293
199 -29.711624682715218 7.5780983399393413 206.08769027585254 77 60 30 0.1441692305594072 49 1539 39 1560 40 1525
200 -23.723543817090768 7.1829979935560173 201.50138111128859 114 71 66 0.63660845527536292 49 1547 39 1571
201 15.573546161418227 6.39387733830951 198.3593042946793 51 51 59 0.077386529986727903 49 1557 39 1573
202 -1.8347593818730001 6.4505784239283592 198.72352484199129 196 163 138 0.1030972350815248 49 1566 39 1577 40 1536
203 -25.420430613908113 7.6508214201758751 204.9837374062416 46 4 4 0.053025066938605835 49 1554 39 1578
204 -10.22851996887916 6.8935334421320462 205.72624586788922 138 115 75 0.44692521718169703 49 4316 39 1579 40 1539
205 -0.46912155545101547 6.6325925573878104 197.97114964968642 235 204 185 0.07201543763908301 49 1576 39 1581 40 1542
206 -36.308962111255212 8.6841101015686686 208.58164353919557 92 75 59 0.32471727868568517 49 1559 39 1584 40 1544
207 -34.943857236040621 8.5217540191230388 209.04930871639752 129 105 73 0.2700002885870757 49 1553 39 1585 40 1541
208 -22.522893180236906 7.6682412104485902 203.68371633497893 114 77 74 0.16989948873737673 49 1568 39 1592 40 1551
209 -30.692602686370023 8.4324271956456229 206.78237488424341 70 62 26 0.25459920387235524 49 1575 39 1597 40 1555
210 6.5525585409617433 6.756074279129626 191.03222628006131 199 157 160 0.14797443304937682 49 4337 39 1599 40 1559
211 -5.142427755198705 7.5075917123281108 203.1192913201395 50 18 3 0.17818954278255839 49 4333 39 1604 40 4321
212 -31.173070018733497 9.3392183642465731 207.14858898436486 40 28 9 0.1273084348287509 49 4341 39 1616
213 36.840019419988415 8.7559860716421607 191.79174335424742 167 144 113 0.060157405381647211 49 1617 39 1617
214 -3.8926013831901809 8.0324810770837747 203.62790539652963 221 193 164 0.17401902074930631 49 1601 39 1620 40 1581
215 -4.2846443180721794 8.2948843104427326 204.28557279566016 122 100 72 0.028078241790767029 49 1607 39 1624 40 1588
216 5.9237437635109194 7.9246971301507907 192.41626359232706 201 158 144 0.12671976566403281 49 1626 39 1625 40 1589
217 -0.93383535878269897 8.2885804108264072 198.41558416153899 238 207 197 0.12092443400752946 49 1623 39 1627 40 1594
218 -32.383981260932011 9.9694750213395302 206.97686925908457 102 82 64 0.1938167367809942 49 4358 39 1629 40 1592
219 -20.391609545928858 9.2675682246126296 203.93469690267702 133 86 71 0.48869913953733407 49 1622 39 1632
220 0.92665858179944249 8.5016387923065544 196.80741185119899 178 152 127 0.25086311714482862 49 4366 39 1635 40 1601
221 30.285889857095416 9.3119018563950338 194.56820970622408 45 22 21 0.24921247654041379 49 1639 39 1637 40 1606
222 -22.528309467160032 9.9003748757016137 204.49777942513177 156 128 101 0.17505907168164522 49 1637 39 1643 40 1613
223 31.610467375074929 9.5561029484912439 192.29971253256602 139 115 93 0.059319053532589705 49 1658 39 1647
224 34.740993361932553 9.7683644847585231 193.8043559675186 159 137 119 0.054991727355944681 49 1659 39 1648 40 1611
225 16.252494639821879 9.0773589821784366 194.94880659251493 40 48 57 0.35860251012449113 49 4373 39 1656 40 1621
226 -22.739341824469456 10.034979113371685 203.20416331947644 63 33 7 0.15606293942058611 49 1643 39 1659 40 1617
227 -11.708712529618113 9.4894635173808464 203.14183412079296 9 5 0 0.48868225710793939 49 1644 39 1660 40 1618
228 -33.656736268262051 11.000376864796854 205.95661006893019 140 126 99 0.16496981170647743 49 1642 39 1665 40 1629
229 -36.563096806901427 11.217295707582471 200.26570589519827 70 54 6 0.15760125904130667 49 1661 39 1666 40 1631
230 -35.444500236792706 11.230399556206724 202.671560718992 77 55 9 0.10571393353483949 49 1662 39 1674 40 1634
231 32.198399559884578 9.9836799110023762 190.19662772162394 90 73 38 0.23593750325462534 49 1688 39 1677 40 1644
232 39.704597449631748 10.553891324692406 191.3841700467793 71 43 0 0.10111741071405615 49 1684 39 1678 40 1637
233 -27.047508842070126 10.774370107052373 201.77570267948951 56 30 4 0.24749296464009671 49 4381 39 1681 40 4370
234 -24.77119247209427 10.680052690362267 204.44271188347031 100 56 26 0.27960270707719898 49 1666 39 1682 40 1645
235 38.438699442218777 10.655177955061513 192.56909510516576 70 48 14 0.18210665999163797 49 1689 39 1685 40 1647
236 -33.753337371347399 11.455326816318577 208.17548284733056 54 39 18 0.090511490652485233 49 1663 39 1687
237 -23.157562977709588 10.705225383989079 203.98676464994247 76 38 14 0.17962044864660731 49 1670 39 1688 40 1649
238 -23.157562977709588 10.705225383989079 203.98676464994247 76 38 14 0.17962044864660731 49 1671 39 1689 40 1650
239 -16.896263512741363 10.303549389518679 200.95889304838548 103 48 28 0.20301146308455431 49 1679 39 1691 40 1652
240 24.567342473603599 10.038526348772693 195.25073049455068 67 7 12 0.18438482236748058 49 1687 39 1693 40 4377
241 -29.528094991831594 11.446460060017577 206.07355893890204 30 22 13 0.24033937495012545 49 1675 39 1697 40 1657
242 -16.37948563387587 10.601294382807868 200.55081313527845 161 100 90 0.22723615311624087 49 1695 39 1699 40 1659
243 5.9528374950958609 9.7700994045435099 191.82694595896479 216 169 160 0.10258574587410868 49 1710 39 1700 40 1660
244 -31.785426690339854 11.767209698204065 205.09553588632394 65 57 49 0.22173439694672048 49 4388 39 1703 40 4387
245 -28.464196520299186 11.473740779499343 203.78789086022903 54 24 9 0.19227182072863033 49 1692 39 1705 40 1661
246 -28.457171161408173 11.468300865918401 203.72367774156174 54 24 9 0.25161209104162252 49 1693 39 1706
247 -2.3858520359600885 10.378658212622232 200.75280772734649 57 32 16 0.13748775319601536 49 1702 39 1708
248 20.262553947711453 10.279136407450846 193.85806360460307 14 17 23 0.30065864495933098 49 4392 39 1709 40 1665
249 15.478557271938733 10.177180662819417 189.83543050729796 45 38 48 0.43975922079040064 49 1732 39 1713 40 1670
250 7.0528834342507123 10.170036612433353 189.19780276758328 161 111 94 0.17677041319698103 49 1739 39 1719 40 1675
251 36.375306538666514 11.342636104188642 193.27833173252324 63 44 32 0.22624160733277829 49 1729 39 1720 40 1672
252 -21.670684365439151 11.52849488440882 202.48174971946929 76 39 3 0.19614213821578455 49 1715 39 1723
253 -3.1843439964723355 10.852388615824925 200.77028360183036 181 160 139 0.16222989954062675 49 1722 39 1724 40 1680
254 15.136720032701309 10.552092298009065 191.04989314410807 42 30 30 0.10835054117410459 49 1741 39 1725 40 4397
255 -3.5833914400295686 10.944393258781052 200.66895948914137 47 32 18 0.32991463206821847 49 1727 39 1730
256 -3.5833914400295686 10.944393258781052 200.66895948914137 47 32 18 0.32991463206821847 49 1728 39 1731
257 6.7507464511374131 10.494646149936473 189.33382410200142 234 188 180 0.11506784221322204 49 1754 39 1732 40 1686
258 -15.659067118993178 11.281273181329631 196.82627137266078 132 96 104 0.051667393011300265 49 1740 39 1736 40 1685
259 24.959956394998922 11.359079196701771 194.44394676912893 53 15 9 0.054803019290584142 49 1748 39 1741 40 1701
260 -27.845814276534739 12.648583815667859 203.1084529157628 72 38 14 0.088700351675921954 49 1747 39 1752 40 1714
261 -0.02423732248630903 11.477296319731904 198.61078857912207 222 198 165 0.081423404090381124 49 1761 39 1753 40 1718
262 26.083187669669972 11.912624595226765 194.58480395777494 45 0 3 0.24590516589950329 49 1772 39 1757 40 1724
263 53.129937162658642 13.917019452746828 190.25219097713165 80 53 19 0.47403897134120698 49 4425 39 1760 40 1727
264 24.955608682869411 11.909536392998152 194.15843047730479 128 89 81 0.070147475328460177 49 1775 39 1762 40 1731
265 24.955608682869411 11.909536392998152 194.15843047730479 128 89 81 0.070147475328460177 49 1776 39 1763 40 1730
266 -28.428354983081164 13.093535090829659 202.25118360025516 164 126 91 0.23791100792344499 49 4417 39 1768 40 1736
267 6.0341231402291511 11.429514058615789 190.35148330401867 202 159 151 0.057951077020736895 49 1787 39 1770 40 1739
268 -20.049106781729691 12.651992918936163 203.05092685822649 68 42 3 0.23967894508195683 49 1769 39 1773 40 1737
269 -20.049106781729691 12.651992918936163 203.05092685822649 68 42 3 0.23967894508195683 49 1770 39 1774 40 1738
270 -1.4416903607803542 11.948148207734677 199.65092646707285 162 143 116 0.25013768641432127 49 1774 39 1775 40 1742
271 47.750415108043889 13.569282124969019 188.67045018202984 155 126 91 0.4424374297357912 49 1798 39 1776 40 1747
272 -30.06403037167204 13.527689302881969 205.5544833084175 68 39 20 0.09276330309567514 49 1768 39 1778 40 1745
273 2.2530131081310523 11.889292343069265 195.33801799869391 244 215 193 0.11686043469586392 49 1790 39 1782 40 1749
274 24.266325202583591 12.22941102245152 192.93967305529034 86 49 51 0.20797922860574927 49 1791 39 1783 40 1750
275 -0.34117213666473556 12.138363735118929 197.62231770460528 199 175 140 0.13380491563203969 49 1786 39 1786 40 1755
276 -28.952737093031647 13.604109907078653 203.67989729660184 69 37 5 0.17584069443614805 49 1778 39 1789 40 1753
277 9.0296861326553408 11.859710750585045 189.35392996126606 102 52 37 0.1102035507451814 49 1814 39 1791 40 1759
278 46.6081950255303 13.799905952145147 188.84770883052309 70 44 0 0.16038442768999769 49 1816 39 1793 40 1761
279 51.16393600095806 14.243029556486739 186.63242490614101 189 166 108 0.083368193357460374 49 1821 39 1794 40 1765
280 25.672346695035749 12.628196561810066 194.11259565399195 66 8 23 0.18579496054849542 49 1807 39 1796 40 1764
281 -35.389055437227334 14.427760821668148 203.26387173851478 113 105 69 0.40577369158252585 49 1795 39 1801 40 1769
282 -35.354249941783628 14.408503584713371 203.11337920004684 113 105 69 0.45191044366586453 49 1796 39 1802
283 10.180079368586346 12.102454194139712 188.4190881093329 179 150 130 0.3169813654637843 49 1828 39 1803 40 1771
284 -11.512464135584569 12.784169478302379 195.89022925499819 36 3 1 0.082847778150486273 49 1819 39 1804 40 1770
285 6.2559606432042498 12.284625178147598 190.24927845759314 194 142 133 0.14208776679656282 49 1830 39 1807 40 1773
286 -1.5397427829045798 13.271212278742476 199.65008197470635 44 30 14 0.092676462490330971 49 1829 39 1813 40 1786
287 4.1525628665084948 12.910344585327545 193.49266719248374 149 103 89 0.12503722901868597 49 1845 39 1814 40 1787
288 -36.70759061141824 15.230337981741005 202.43243709603121 91 77 19 0.27603689099418682 49 4440 39 1815 40 1785
289 -24.990255859088894 14.127254768960249 197.00249241080078 122 108 66 0.36881523711045877 49 1844 39 1816 40 1790
290 -18.529111968786026 14.03857107121202 200.45297131436939 51 19 5 0.53621535318902258 49 4446 39 1820 40 4450
291 14.457104071149232 13.047753569459815 190.37724909440752 140 126 128 0.21087730277185826 49 1856 39 1821 40 1802
292 48.417598311060061 14.896460708448966 185.37032760836075 197 170 105 0.23601960891961724 49 1869 39 1824 40 1796
293 -30.213065484083849 15.196533324898093 208.72888510706588 54 34 4 0.041909457743651707 49 4437 39 1825
294 -12.743247457853618 13.602584601848605 194.86543754829248 39 25 6 0.10385798680905238 49 4457 39 1826 40 4452
295 13.867318590222423 13.136923255379918 190.62721608033647 156 138 135 0.1841305319688141 49 1861 39 1827 40 1801
296 12.849861527622698 13.179716104122834 189.28303535133674 72 48 40 0.1579077394620253 49 1872 39 1831 40 1811
297 40.668607072490246 14.561330857841948 192.09976645359873 26 14 3 0.39601612936049507 49 1857 39 1833 40 1804
298 35.816710207553143 14.368510580607852 189.73163737174221 150 131 97 0.45533900906926261 49 1875 39 1838
299 -11.452658541578025 13.939742540905048 193.04572367876762 208 174 153 0.15509465780378442 49 1878 39 1849 40 1821
300 8.7821719963132328 13.608972573621417 189.64399452077743 223 177 155 0.11974187590586723 49 4471 39 1852 40 1829
301 -38.327490554922996 16.453763479427817 205.3556585728511 65 57 7 0.14655866172562856 49 1867 39 1855 40 1830
302 27.946319544280207 14.615605767011679 195.04482075499649 112 49 29 0.24511942149810861 49 1881 39 1856 40 1831
303 32.398933612269538 14.667177477243211 191.14776617685482 116 99 83 0.27670914966359872 49 1885 39 1857
304 32.398933612269538 14.667177477243211 191.14776617685482 116 99 83 0.27670914966359872 49 1886 39 1858
305 54.120252778520396 16.62958385780107 191.42118592450356 75 48 10 0.64160169018137225 49 1891 39 1861 40 1836
306 -39.609048660244333 16.766720944297301 204.52020973798815 79 87 49 0.24621144918460772 49 4465 39 1862 40 1837
307 4.7141721480225458 14.028572116667215 192.78906962740112 141 81 71 0.1864061029751842 49 4477 39 1864 40 1839
308 42.449583293389047 15.770469684660142 190.38226406038174 40 13 2 0.26517432303626104 49 1903 39 1871 40 1848
309 -17.232798774739667 14.988446047453312 192.44987587066348 139 96 90 0.23756378809326198 49 1906 39 1873 40 1851
310 7.5797346457792072 14.390460792525673 189.87588700359922 137 94 79 0.1382968220901063 49 1908 39 1874 40 1853
311 7.8485956114415085 14.261343453502219 188.27523813899455 185 130 119 0.33382975615340804 49 1910 39 1875 40 1854
312 14.940213295118319 14.536694865478847 190.74731053639258 97 80 73 0.20889703410528737 49 1907 39 1876 40 1855
313 45.693586118432201 16.304514515623918 190.03183618069022 119 106 26 0.34111457839449061 49 1911 39 1880 40 1864
314 12.465778361274475 14.689713269650424 190.45198435562901 98 75 65 0.12157830171697899 49 1919 39 1882 40 1869
315 12.465778361274475 14.689713269650424 190.45198435562901 98 75 65 0.12157830171697899 49 1918 39 1883 40 1870
316 10.817176613062879 14.845712991418987 189.37727326008721 220 186 168 0.022026478927779047 49 1930 39 1889
317 33.436242126367503 15.77879441668159 191.5116206156948 32 22 15 0.039079018300026497 49 1925 39 1890
318 -17.403049413691665 15.967697065565627 192.15044311477899 151 128 98 0.3091709114603477 49 1946 39 1903 40 1898
319 5.8264404289968192 15.456139365781919 192.22390379311361 193 140 126 0.31208308568580473 49 1947 39 1906 40 1899
320 46.672228017633856 17.177815733749863 187.35312023721281 177 160 79 0.14319362676507488 49 1952 39 1908 40 1901
321 4.3004028787879784 15.603363950520279 192.24464391172015 53 34 32 0.77056481565455215 49 4516 39 1910 40 1903
322 27.114042488789984 16.336184636923932 194.37757806504305 135 87 77 0.23794140417897092 49 4517 39 1915 40 1906
323 -27.63995888939494 17.468995580502138 199.75833700687798 64 67 5 0.1125298426600172 49 1950 39 1919 40 1910
324 13.811832115574477 15.833401759880026 190.49590385153499 133 122 119 0.15581802040134066 49 1961 39 1921 40 1911
325 24.782161727844795 16.48211244647392 194.20746074956801 38 36 37 0.11730404772814747 49 1957 39 1924 40 1913
326 24.782161727844795 16.48211244647392 194.20746074956801 38 36 37 0.11730404772814747 49 1958 39 1925 40 1912
327 -20.942087780989034 17.216592542344465 198.45084518949449 45 25 7 0.2513884608249245 49 1955 39 1928
328 43.254047404195049 17.77627699598057 191.69615870017745 175 151 116 0.064741640815194998 49 1977 39 1930 40 1925
329 43.254047404195049 17.77627699598057 191.69615870017745 175 151 116 0.064741640815194998 49 1976 39 1931 40 1926
330 -41.583157220416268 19.05226908755278 200.27298387343583 94 72 27 0.20254653051953675 49 1965 39 1939
331 -1.7859427247977326 15.567533730183454 179.52518802920216 43 23 14 0.40777242701244337 49 2007 39 1940 40 1938
332 -44.918962275261002 19.613832334868682 201.81319973898181 143 133 66 0.23395136325127916 49 1968 39 1942 40 4520
333 -30.28557317359995 18.334259557741856 200.14954014827131 35 32 12 0.48454016447839904 49 4530 39 1950 40 1937
334 8.0409578858235697 16.460581907061105 190.40588879338267 156 114 98 0.23358635422357291 49 1988 39 1951 40 1944
335 -11.94824932925882 16.734307917203061 189.4933207828434 26 17 11 0.69914341898011245 49 1991 39 1952
336 -16.288678720724675 16.916284826147471 189.12981666422374 36 32 11 0.1992875633708342 49 1994 39 1956 40 1946
337 49.652274335014582 18.668657730349256 187.56458193501081 182 154 107 0.070955358378702274 49 2001 39 1960 40 1949
338 12.746970521064352 16.955572971460597 191.95033362665947 177 154 142 0.16543850984487438 49 1995 39 1965 40 1956
339 28.616348516884077 17.548935847707082 192.03484655810894 123 58 35 0.18941039606808877 49 2006 39 1968 40 1961
340 8.9584826941825835 17.030962369635855 189.73037318704203 122 68 59 0.15904422898573753 49 2015 39 1975 40 1967
341 39.974858728723014 18.453183824017888 191.15605251959641 27 7 0 0.16837778494606662 49 2009 39 1977 40 1972
342 48.931116770795228 19.280009457022491 188.86535539969327 72 50 0 0.1267834782973884 49 2019 39 1979 40 1978
343 46.22338285591335 19.201427726386786 190.20643984309896 145 147 64 0.13275714448279627 49 2024 39 1987 40 1987
344 -23.128335415403701 18.295022325576397 192.2559094989077 89 75 46 0.1213230734451002 49 2022 39 1988 40 1988
345 7.3500835661309782 17.394881414881993 190.53826869956688 178 148 147 0.29850272929478844 49 2023 39 1989 40 1989
346 45.516229265709306 19.278225174559026 190.67838234775107 30 21 1 0.14109382846258323 49 2028 39 1990 40 1990
347 24.915721280573301 17.965495052316545 191.06856267107577 67 66 41 0.57470154533248075 49 4571 39 1991 40 1991
348 39.930515924545887 18.84428214990654 190.16237370596832 73 57 51 0.26867206812835381 49 2031 39 1992
349 6.9895567216208985 17.663664128468749 191.23633118884331 40 16 22 0.44581922226602022 49 2033 39 1996
350 43.534701102194596 19.271682415944102 191.26263254777606 35 14 0 0.49885245238810461 49 2032 39 1998 40 1996
351 28.9788956572953 18.452888509363085 191.90305320330356 183 129 93 0.18839350731880469 49 2034 39 1999 40 1997
352 51.106246300653069 19.957861475904362 187.55604882808345 202 174 116 0.4611898384934629 49 4580 39 2000 40 4554
353 50.75035223143216 20.024020151973609 187.78829367888952 81 53 0 0.049757761705521979 49 2043 39 2001
354 26.210418843822701 18.484947764030515 190.99793682024136 40 38 12 0.11336644251809248 49 2040 39 2004 40 4561
355 -3.7066960896505021 17.816434207583299 186.72171448671386 210 170 158 0.10599778607001463 49 2060 39 2005 40 2002
356 14.435489656842888 18.242089248210437 190.89819393924401 161 130 116 0.17693018450551856 49 2049 39 2006 40 2005
357 17.373167584214738 18.048730006888057 187.5645873639329 200 188 178 0.16796329070108132 49 2056 39 2007 40 2006
358 10.017379208262234 18.038335413483221 189.13651693862215 179 161 148 0.11052502178690032 49 2055 39 2010 40 2004
359 27.130698995507352 18.803271012639431 191.59123786081042 85 82 48 0.36229597741020142 49 2050 39 2012 40 2007
360 -30.824217620784758 19.93932410747847 195.11856231772975 40 24 0 0.079632883226294596 49 2053 39 2015 40 2010
361 -33.021651523113789 20.448290659100216 197.57699679971688 140 128 88 0.24669338767752058 49 2052 39 2021 40 2014
362 0.64677818135829879 17.538198377738819 177.67325624928793 47 20 8 0.14557054883812345 49 2091 39 2024 40 2023
363 22.32143793912963 18.871294152111741 191.05513763270304 70 74 45 0.68263709175412657 49 2066 39 2026 40 2016
364 -6.4756214142375583 18.582335251144091 188.0789499954391 104 59 37 0.10126042943120998 49 2077 39 2033 40 2022
365 55.592088544034119 21.566243434636046 191.23997067420464 76 55 1 0.2030753637365971 49 2070 39 2034 40 2021
366 -9.7466433851092447 18.719953750204901 186.71621008151749 71 41 8 0.25572701122920605 49 2083 39 2041 40 2028
367 -4.7096199918524642 18.662224316817042 187.48171688786766 99 55 41 0.17514771829310982 49 2081 39 2044 40 2026
368 -25.214154570333047 20.016612266437217 192.33787330033263 111 94 67 0.39609464626499563 49 2080 39 2052 40 2034
369 11.469709012673448 19.072770809658348 190.22326291739827 40 33 31 0.28413311699020843 49 4604 39 2055 40 4585
370 -29.289880651588103 20.937988798852807 195.97379839140257 59 47 2 0.17778531399440997 49 2085 39 2064 40 2045
371 -35.528460315382858 21.938016765932783 200.95356383258886 73 81 42 0.1809961028588116 49 2082 39 2068 40 2050
372 18.857051917462577 19.563875466579592 188.62683775202427 17 19 14 0.72523945514102817 49 2110 39 2070
373 55.60274104039874 22.616617895007362 190.46693675137206 186 164 90 0.33037741248739994 49 2112 39 2075 40 2066
374 -25.964950626235758 20.723647347103039 190.9572883179041 156 113 78 0.089896375918893212 49 2118 39 2076 40 4596
375 31.125300499899307 20.399311452362412 189.78027772610398 149 89 56 0.19013026940303709 49 2117 39 2077 40 2063
376 51.26990906888561 21.995450059985217 188.28671255740579 46 21 0 0.14644641341349005 49 2120 39 2078 40 2064
377 51.26990906888561 21.995450059985217 188.28671255740579 46 21 0 0.14644641341349005 49 2121 39 2079 40 2065
378 -36.029181591669605 22.244520278454601 200.46969119885415 73 83 50 0.074519193441169265 49 2101 39 2083
379 50.236968018962415 22.014643065837973 188.6663262260403 184 157 110 0.29578877669757647 49 2124 39 2086 40 2074
380 -22.177545293618437 20.328757391532132 187.5581546175446 148 136 79 0.20500390110045139 49 4630 39 2092 40 2076
381 -15.253240869817045 19.9299428960245 184.72826310206429 91 61 46 0.13382968221575575 49 2143 39 2094 40 2080
382 18.751167636908789 20.138562439857786 189.02934786047328 50 54 37 0.42315340613308466 49 2133 39 2095 40 2081
383 20.650449135781916 20.30794856847578 190.07190781470226 29 37 12 0.62201125517917255 49 2134 39 2096
384 -7.2040542816480286 19.910537110648008 186.96240167063741 49 24 5 0.15938766302494692 49 2139 39 2099 40 2084
385 47.490510167242974 22.061204089764935 189.04555157619475 53 27 0 0.10744481142313826 49 2136 39 2103 40 2093
386 -35.812498909803963 22.6437389284368 199.77085878155214 26 30 1 0.14925825246208027 49 2122 39 2105 40 2088
387 30.971007548555722 20.838633787259013 188.77291857700988 190 131 95 0.1990595771567284 49 4637 39 2106 40 2091
388 -13.699364449528405 19.932990598471672 182.31967152451941 122 82 79 0.20856271691185155 49 2157 39 2108 40 2098
389 51.575870508605853 22.678610860664524 188.86555844549696 179 154 108 0.22546581755760595 49 2145 39 2112 40 4614
390 -8.0933945521124286 20.423568699836579 187.67783318492002 75 31 3 0.17344295377507554 49 2153 39 2116 40 2103
391 19.949106104804322 20.631945926881201 189.11463993077138 19 27 4 0.40055215733261562 49 4639 39 2117 40 2104
392 -9.029866689158899 20.685684237910198 187.33849108300916 226 180 105 0.41167314648113162 49 4646 39 2123 40 2112
393 22.211400391859229 21.242497501206596 190.52466636977445 67 81 33 0.34788569806564706 49 2161 39 2124 40 2116
394 50.748559249375937 23.029817474346629 187.94442508733027 71 49 3 0.26353709425043959 49 2166 39 2125 40 2115
395 -8.6150495261712958 20.869181042481461 185.78372063958199 91 42 1 0.13173221512121044 49 2186 39 2131 40 2123
396 19.156033334348248 21.204557058842923 186.46793644965291 47 60 33 0.81839688639510622 49 4660 39 2137 40 2131
397 -6.3018907240169089 21.004519672603813 184.73589296622231 82 59 24 0.36320786018038076 49 2201 39 2141 40 2137
398 45.076464241270877 22.885681478557999 186.80244737191251 26 24 4 0.39275740449042745 49 2195 39 2142 40 2138
399 -4.3004681481884086 21.259506018924945 185.91617800645403 57 43 43 0.2803384837043828 49 2204 39 2145 40 4636
400 -4.2843476090031611 21.20126120323674 185.54170269680074 57 43 43 0.10862190922572054 49 2203 39 2146
401 -43.092834696122445 24.871923175468861 200.37312457111139 120 113 70 0.45409792262052823 49 2179 39 2156 40 4633
402 37.304881532442593 22.247323661705845 182.87708485669481 134 71 76 0.26835306216661931 49 2213 39 2157 40 2158
403 -36.046202413687304 24.209488551686942 198.50799040552351 33 10 2 0.11966098494064441 49 2189 39 2159 40 2153
404 -5.0920309386177927 21.678081323593172 187.93182467944021 80 61 55 0.085298621952476616 49 2209 39 2162 40 2155
405 45.733805759291897 23.525389249542492 185.05036119939922 121 122 83 0.12981467783826359 49 2223 39 2175 40 2170
406 -34.21320083189368 24.33212855091541 196.99761333773245 31 23 0 0.12763166384899491 49 2208 39 2177 40 2167
407 34.719729775026863 22.944850106217004 184.83011155316282 168 109 92 0.15565681226735401 49 2237 39 2183
408 34.738359111893935 22.962809775828248 184.94487268906818 168 109 92 0.14780551065300185 49 2236 39 2184 40 4661
409 -23.410319479958162 23.014142611871083 187.70115396851054 132 125 84 0.043779568521683215 49 2231 39 2189
410 -36.192640015529904 24.976027762458806 197.40488305743256 125 106 93 0.14492727203167269 49 2221 39 2192 40 2185
411 -5.8009675907551843 22.352814998947338 186.56351112001349 125 105 73 0.20253916185499518 49 2242 39 2193 40 2186
412 32.949563780595767 23.290086752309058 186.35449107641151 59 26 21 0.19933266431213936 49 6182 39 2201 40 4665
413 -35.365409840457353 25.436631749769131 196.6497696008407 124 116 80 0.076866520429662091 49 2252 39 2211 40 2211
414 -32.263655092447813 25.532904064746035 197.32521605640071 35 41 12 0.27983306241529043 49 2257 39 2217 40 2218
415 -25.868219829638761 24.243491138954539 188.25412867623368 95 64 11 0.32390747099354167 49 2277 39 2218
416 -18.437315232406466 23.526143249880594 184.90891987276484 172 122 81 0.29887970086896604 49 2290 39 2219 40 2220
417 12.43587649760795 21.694886305504721 171.70355908559367 149 115 111 0.20786685139935757 49 2301 39 2220 40 2221
418 -34.18431279425009 25.710190158562948 195.94450655998457 143 133 95 0.17553308780487448 49 2268 39 2221
419 57.044879860393976 26.097229331426597 179.71945330729653 153 137 83 0.21715829541152698 49 2297 39 2223 40 2226
420 -38.658409381043292 26.607807306630647 198.45163830596746 40 35 3 0.13154561616698734 49 2275 39 2225 40 2229
421 12.277616086944111 22.282561224008315 174.73756754003756 53 13 7 0.10562405587848574 49 2305 39 2226 40 2231
422 2.5582497785508296 22.252241675112359 173.74492415420423 134 117 91 0.54848276122159478 49 2314 39 2233 40 2237
423 -6.1748353309271948 23.737089878851652 183.53824922035142 54 36 6 0.069645796267565757 49 2304 39 2240
424 8.6426953503188777 23.493013806933394 180.58076421043768 26 1 2 0.69761431399817297 49 2318 39 2244 40 4688
425 -42.141910937617403 27.943471056210889 198.10325993453273 30 28 2 0.52681660430326371 49 4713 39 2254 40 2260
426 2.0320189677916658 23.553783379411971 176.79447217292898 137 117 84 0.14473552733858583 49 2354 39 2260 40 2265
427 17.233944445945781 24.18530564285701 180.25168132099611 104 54 57 0.20514518152101632 49 2345 39 2261 40 2266
428 -22.702300555720765 25.764993862187325 189.11845780640809 20 24 0 0.2444498981618024 49 2333 39 2263 40 2267
429 -45.261860873824702 28.76566285189525 198.87209187745196 121 121 70 0.22368165462509459 49 2316 39 2266
430 -29.766739096519043 26.70937984740598 192.53632002216594 70 44 0 0.38629072990952906 49 4729 39 2267 40 4700
431 32.957090879728717 25.054470755574926 178.71763310568633 29 10 5 0.25042930914823769 49 2358 39 2270 40 2279
432 32.386850303986243 25.110736535467456 179.06358818411286 30 2 4 0.38761555300063216 49 4748 39 2273 40 4704
433 1.2546127360398016 24.146966240956154 177.50213366909963 70 47 19 0.69969497701726002 49 2370 39 2275 40 2288
434 1.2546127360398016 24.146966240956154 177.50213366909963 70 47 19 0.69969497701726002 49 2371 39 2276 40 2287
435 -42.582097798780936 28.561055386455532 196.25838320617984 41 39 10 0.29510013378110428 49 2339 39 2278 40 2281
436 42.763030864512132 26.191461979293319 179.20068403795062 81 48 52 0.24229700545643498 49 2376 39 2281 40 2295
437 42.763030864512132 26.191461979293319 179.20068403795062 81 48 52 0.24229700545643498 49 2375 39 2282 40 2296
438 22.659871940787209 24.889006832659568 179.37847401668375 45 11 18 0.60290167762170066 49 2372 39 2285 40 2294
439 -49.511666021890342 29.592126066915636 195.81125886446014 72 15 19 0.45278943212970124 49 2351 39 2286 40 2297
440 -42.133324341740945 28.764788240326077 196.69591465952638 16 12 2 0.012313214311495825 49 2342 39 2287
441 24.677899770232706 25.231068790867386 180.36363453953336 83 53 56 0.78587576566878858 49 4754 39 2290 40 4714
442 31.574074271505605 25.434154191592039 178.85701832848426 108 69 72 0.12132216783799417 49 4756 39 2291 40 2300
443 31.713931612099614 25.18198294075885 176.87778289716343 107 61 66 0.26038737421326774 49 2384 39 2292
444 32.76623969381199 25.578223327469818 179.36533986041013 117 64 66 0.15997458296546352 49 2379 39 2293 40 2301
445 -6.6434570724311763 25.705908789715611 184.71318469109548 33 20 1 0.34275131386081031 49 2382 39 2300 40 2309
446 -38.169197680469999 28.838404077205173 196.65074656196347 18 9 0 0.14440082182490663 49 2363 39 2304 40 2308
447 42.748893366620344 26.664937485063227 178.76877608027669 46 0 2 0.13021743141557046 49 2395 39 2305 40 2312
448 31.315377344133498 25.875729316908966 178.10851863167306 56 9 14 0.60598766753561994 49 2400 39 2318 40 2331
449 38.814204638526064 26.327174415298153 177.50086575406982 116 58 67 0.29408799934151625 49 2401 39 2319 40 2321
450 -21.217553810584889 27.113658581314997 189.17344200479585 27 28 20 0.73227632759912353 49 2388 39 2322 40 2332
451 0.017647344737669341 24.821962621007653 175.63849857253734 152 134 92 0.38697835641605288 49 2413 39 2324 40 2328
452 44.965927476785239 27.047309901531314 177.63017121755212 85 40 48 0.60029099679619846 49 2410 39 2327
453 16.760318879894967 25.581830289669206 180.01630948473928 156 117 98 0.00627931920854366 49 2404 39 2330
454 -39.024717202742224 29.597912733859605 196.33433518449721 20 16 9 0.25811896690959379 49 4764 39 2336 40 4737
455 -41.755606949464458 29.974664191176988 196.7612632464577 39 35 25 0.23939206104782054 49 2393 39 2339 40 2347
456 -4.1067736451985697 26.14448981843417 182.29056799617399 36 24 0 0.24809262460215165 49 2415 39 2340 40 2348
457 25.603106124221004 26.356494136484283 179.2444082255742 37 13 14 0.12572236286349114 49 2423 39 2347
458 -28.783817465217364 27.867520068978351 183.82295806868601 160 111 71 0.77909885107509069 49 2426 39 2356
459 40.191021390493326 27.523845950690827 175.57842524381158 96 33 29 0.26795029373971629 49 2439 39 2366 40 2379
460 40.191021390493326 27.523845950690827 175.57842524381158 96 33 29 0.26795029373971629 49 2440 39 2367 40 2378
461 44.671944219653255 28.124039560787537 175.29872866169117 121 35 44 0.17345130737811368 49 2447 39 2373 40 2391
462 37.423629982452113 27.471928524405648 175.01789321220079 158 103 88 0.6299065229103965 49 2451 39 2376
463 -21.586659176084808 28.590037763180554 187.60392521148009 27 27 22 0.33321144377316386 49 2438 39 2383 40 2396
464 34.39752258984263 28.319302745814898 179.07445179164063 162 110 98 0.12954384795891663 49 2460 39 2398 40 2415
465 23.437580343621807 27.645001199326988 178.2208108470796 47 26 22 0.88131296403662074 49 2462 39 2400 40 2414
466 -0.50129156367540229 27.560347131677208 177.3075050289363 38 33 0 0.25742037684795671 49 4849 39 2406 40 2426
467 17.960478871974413 28.178040590824679 180.05690507757396 178 157 131 0.26217317560822095 49 2474 39 2408
468 41.087994258884819 28.986746852679698 175.50294022648197 186 125 104 0.055142641459918026 49 2481 39 2409
469 21.700386185205637 28.46407545368789 180.29505531263476 159 140 128 0.32643986210343723 49 2476 39 2414 40 2434
470 49.538373343133834 29.651929702836131 172.51016194083911 234 195 193 0.36491072755077281 49 4859 39 2415 40 2430
471 49.943535159226904 29.716714102243877 171.88750601364728 121 71 67 0.54329962662372611 49 4865 39 2416 40 2436
472 31.644117171726922 28.913471399575048 179.12463293472572 87 65 66 0.56698374502101856 49 2480 39 2420 40 2439
473 19.752267910162775 28.487974478314033 179.66534198747306 74 51 36 0.21026729659438873 49 2483 39 2422 40 2442
474 -0.36191290729869113 27.960718298452015 176.05329711136423 130 123 83 0.38668414380775046 49 2495 39 2431 40 2450
475 21.518061568203667 28.908701920821358 180.3405287989753 33 19 5 0.30270361175759808 49 2488 39 2433 40 2454
476 21.518061568203667 28.908701920821358 180.3405287989753 33 19 5 0.30270361175759808 49 2489 39 2434 40 2455
477 -26.630910899904013 30.024303192026874 183.98220826554743 167 129 80 0.078920113848520101 49 2484 39 2438 40 2451
478 30.86001637421769 29.425007095162243 180.10706335136013 46 23 15 0.099643194824060588 49 4864 39 2440 40 2468
479 49.218722702300418 30.05671669023377 171.0344745516187 93 44 35 0.16081906486215472 49 2513 39 2441 40 2469
480 -24.78844190306669 29.920835073857038 182.98349899711181 118 91 61 0.18725869172018947 49 2492 39 2442 40 2458
481 -6.8117239114504224 29.180455406229303 182.47477309417661 119 90 69 0.17996640783439585 49 2493 39 2444 40 2460
482 -2.5057618957059313 28.765108867825852 180.15843111202201 55 54 8 0.4475894856144344 49 2500 39 2445 40 2470
483 46.820206926178855 30.020229887735187 172.76922016633767 191 131 127 0.42865213636482896 49 2512 39 2450 40 2476
484 28.483952569823206 29.261703134502234 178.45638301920397 110 86 80 0.23405882130272801 49 4869 39 2453 40 2474
485 32.850181081773201 29.783923691327434 179.24863679744414 39 21 22 0.10458774288675259 49 2509 39 2455 40 2481
486 21.14031300322549 29.384439259898439 180.30903060335729 186 173 157 0.23929551072394417 49 2507 39 2457 40 2489
487 21.14031300322549 29.384439259898439 180.30903060335729 186 173 157 0.23929551072394417 49 2506 39 2458 40 2490
488 31.342696975874748 29.672230715935907 179.00480535626497 105 84 75 0.36516106160803119 49 2508 39 2459
489 -2.8728232279504771 29.590836896139038 183.32269730475952 102 91 58 0.14211231192816104 49 2505 39 2464 40 2486
490 43.411343628032149 30.596808094148138 177.61290227076009 115 55 32 0.1385216686885837 49 2517 39 2467 40 2498
491 -26.472163361405187 30.545338565909535 183.48654162201615 80 38 0 0.078550869733386694 49 2511 39 2468 40 2492
492 -26.472163361405187 30.545338565909535 183.48654162201615 80 38 0 0.078550869733386694 49 2510 39 2469 40 2491
493 48.910378170223346 30.478164398641564 170.54915459051546 180 129 116 0.14395662183389188 49 2536 39 2473 40 2500
494 -12.807978364233279 29.543342609393434 179.41580084999543 76 21 0 0.25538118277946004 49 2525 39 2475
495 45.407766205132795 30.800059554154526 175.69359440342564 206 148 122 0.23782559094035974 49 2532 39 2479
496 13.264270269584651 27.663156849476554 166.55674130881798 56 44 10 0.50937489549356485 49 4890 39 2484 40 2505
497 50.053334634290891 30.892403484469142 169.8632809619746 122 78 72 0.43906770199254458 49 2547 39 2485 40 2509
498 26.707411306252901 30.064395042121387 179.51124721211653 58 40 36 0.23482388405980148 49 2529 39 2488 40 2514
499 51.287055863774981 31.167608778212532 170.24166519079768 145 101 99 0.56538608682405045 49 4888 39 2489 40 2515
500 -46.169196230596441 33.74587520413457 190.04898389692241 226 131 122 0.52007745902498204 49 4872 39 2490 40 2512
501 1.9317560450129156 29.550708147582665 178.6800210042482 29 20 2 0.19789056884970216 49 4884 39 2497 40 2518
502 -17.873356102827341 30.348553498443604 180.60712559503298 58 9 0 0.30624441859642543 49 2540 39 2499
503 23.674802160319775 30.5798911930953 180.00873944403239 21 10 7 0.0095998136079860387 49 2548 39 2505
504 28.830396512214499 30.655264729022651 179.07610598800233 124 101 88 0.40944988975914115 49 2549 39 2506 40 2527
505 0.88257249720955167 30.108393223583139 179.03311919680775 127 120 77 0.27091604712382727 49 2564 39 2508 40 2531
506 0.88257249720955167 30.108393223583139 179.03311919680775 127 120 77 0.27091604712382727 49 2565 39 2509 40 2532
507 12.645723672314475 27.565665822927869 161.56797277313089 49 43 0 0.59058024129377251 49 2605 39 2510 40 2533
508 34.177116357820815 31.393969497892382 178.9707786554446 31 22 4 0.81668915047584767 49 2575 39 2517
509 43.026687524901888 31.851880953613374 176.3779675532322 201 181 149 0.12058490434638135 49 2583 39 2519 40 2545
510 39.209847923581449 31.727323222374562 177.44230763178095 218 173 150 0.093828243230747885 49 2582 39 2524
511 53.299021859002927 32.357478415925002 169.00681313902643 133 80 86 0.34708401055582416 49 2599 39 2525 40 2550
512 -47.573359190290915 34.769840522919964 188.08213912424873 223 141 141 0.26542971017487521 49 2569 39 2526 40 2546
513 -18.727378150384059 30.619646426022996 175.48303019698247 121 114 71 0.86541382923361354 49 2592 39 2529 40 2555
514 -0.56112997478504967 30.507081168170163 177.69370055819817 68 59 44 0.35629988182489986 49 2588 39 2532 40 2556
515 47.121211373859332 31.854480926935953 170.34745026641372 242 210 180 0.42481013425356817 49 2607 39 2534 40 2557
516 13.712121901776907 29.091904452703009 166.44845064916311 141 136 90 0.3650796585882457 49 2634 39 2535 40 4841
517 40.615851588874605 32.258895111013935 178.16842487489257 224 193 170 0.018120601811691887 49 2590 39 2538
518 -54.601294764094554 35.85782462537265 184.27166538625985 94 76 57 0.17044310635551807 49 2591 39 2539 40 2560
519 36.466040019885213 32.048898195812811 178.30064569993638 58 39 14 0.14206344181303932 49 2596 39 2544 40 2569
520 52.86261108418077 32.613754635372224 167.67142189048107 111 59 58 0.35514370890946445 49 4931 39 2547 40 2570
521 -28.436341564969943 32.685878536252858 183.40086464428452 162 136 82 0.44592772722437601 49 4908 39 2548 40 2566
522 -5.1321152361014635 31.487589544497833 181.31961837983707 44 28 8 0.26929354714084031 49 2597 39 2551 40 2572
523 40.347114587209816 32.631220794190853 178.57645676890164 148 118 93 0.25328968993948636 49 2606 39 2555 40 2578
524 1.0651002286233777 31.106387065155605 177.8438982476861 13 3 0 0.25452287736119428 49 4927 39 2560 40 2579
525 31.66581128921456 31.669458971354267 175.74521020994422 85 80 66 0.1437394975336842 49 2617 39 2561
526 31.66581128921456 31.669458971354267 175.74521020994422 85 80 66 0.1437394975336842 49 2618 39 2562
527 27.684900798072075 31.24722882649332 173.79319878257064 36 17 1 0.38254931655272051 49 2639 39 2567
528 -18.824755341482412 32.046341976853732 178.98476996624905 137 130 87 0.94046962469769968 49 2628 39 2571 40 2589
529 55.062478315721862 33.713313007981945 168.07918702269228 60 43 40 0.090673726111709721 49 2657 39 2575 40 2598
530 -38.940203852251337 35.6531995310959 192.67238546715762 37 25 41 0.63468320335884265 49 2602 39 2577 40 2591
531 -28.641789195527995 33.568227605004878 183.86667651636122 87 61 9 0.60972009152440709 49 2625 39 2578 40 2599
532 45.905693833731213 33.691786319221045 175.86380512730392 197 169 140 0.20943790592999578 49 2654 39 2587
533 19.823768565215317 32.015493022837624 176.91129462016741 123 86 59 0.11174492867635205 49 4946 39 2589 40 4864
534 15.268775674451721 29.94410063726853 164.20025255185953 62 64 11 0.19083163130086092 49 2692 39 2594 40 2614
535 45.163060061604718 33.997937391723326 177.10811633165412 222 202 182 0.24700290060535238 49 2662 39 2595 40 2615
536 13.988866681352306 30.24326470109505 165.71301898670777 123 120 79 0.15855142245435583 49 2691 39 2598 40 2619
537 20.943079103753117 32.768182892976007 180.00717372578009 42 17 0 0.10182017155552753 49 2655 39 2599 40 4875
538 -44.581330989243128 36.11289569932881 187.14018925167059 125 38 47 0.30179326361363418 49 2647 39 2600 40 2616
539 -28.778391321522864 34.774524819887155 186.1405654923465 47 25 0 0.13716410366168053 49 2658 39 2608 40 2627
540 -42.0679200105671 36.311661260052773 186.98575901630741 70 66 75 0.35448924135265947 49 2669 39 2616 40 2632
541 -28.917441291055599 34.772028332490684 184.71640008535419 101 89 61 0.17795947995949749 49 2675 39 2617 40 2634
542 1.781794050262546 32.7424056521509 177.80411445548401 24 14 2 0.15359606521176658 49 2690 39 2621 40 2646
543 -1.0599229425265924 32.900355960128032 178.49672775934428 88 73 47 0.19103602639223563 49 4959 39 2628 40 2645
544 42.937853101216632 34.151986989885749 172.99582268667552 122 122 91 0.17197152571956317 49 2705 39 2633 40 2657
545 50.054698657204128 34.830172482099776 171.08736829312133 163 140 111 0.53509279466419324 49 2710 39 2635 40 2659
546 15.61725065838761 31.112962256435036 164.3528878244104 132 133 82 0.20304636863065909 49 2733 39 2639 40 2671
547 32.46889236262993 33.774561530595541 175.98794176307325 94 78 65 0.36197398636626393 49 2704 39 2640 40 2668
548 50.824443239525898 35.005864705077876 170.31463461278 163 141 107 0.3245119924446298 49 2717 39 2642 40 2670
549 -42.253266002625722 36.93016869542835 186.84340514310026 17 15 26 0.26023349045875255 49 2694 39 2647
550 12.111354823117779 31.185044594944401 164.44694651928148 149 151 78 0.80882109726760931 49 2743 39 2650
551 28.921520280905916 33.175042756967571 172.0697017161896 170 127 117 0.12735710388947002 49 2726 39 2653 40 2675
552 42.39806761612143 34.87496890121092 175.53831211458709 57 52 37 0.15080474018699389 49 2716 39 2654 40 2676
553 -45.628356449993369 37.825674611051191 187.37359813584968 206 117 118 0.28352169989204989 49 2703 39 2657
554 0.66758703154881716 33.602708568138844 177.3263616653023 43 40 25 0.27159737888141278 49 2724 39 2668 40 2685
555 29.578797395148005 33.967511096737461 174.01811247061968 55 6 1 0.12610400690630538 49 2741 39 2672 40 2694
556 14.757033081925179 31.689323679291359 163.96843936104725 57 62 1 0.24348734421248278 49 2766 39 2679 40 2697
557 14.757033081925179 31.689323679291359 163.96843936104725 57 62 1 0.24348734421248278 49 2767 39 2680 40 2698
558 37.567268826964543 35.005787429695047 175.25072896949453 38 30 6 0.10879888205114012 49 2746 39 2685 40 2701
559 13.575681760659917 31.942437260043679 163.89200940576094 116 120 62 0.71331152876409176 49 2772 39 2688
560 38.69886731871825 34.904092842218908 172.84167342536719 17 18 0 0.3837264741682378 49 2755 39 2689 40 4923
561 -44.286106669219137 38.398123240581796 186.85586702349801 92 49 71 0.38676588341465956 49 2736 39 2691
562 -38.37573377149144 38.338066193485162 189.51973637795953 5 1 20 0.47043156928718438 49 2737 39 2698 40 4928
563 6.1375496415105637 32.264953598913067 164.92683776912889 75 21 4 0.19236998759526661 49 5011 39 2700 40 2723
564 -51.116359682366209 38.573978899695305 179.71068710963965 109 94 57 0.13791189300174544 49 2759 39 2702 40 2714
565 -2.0036853164243333 34.565695816237358 177.46004800815336 61 51 21 0.27557918114655466 49 2762 39 2707 40 2716
566 51.698969944402677 36.64173024197882 170.17331546165508 177 150 118 0.57347394828699894 49 2780 39 2708 40 2727
567 51.698969944402677 36.64173024197882 170.17331546165508 177 150 118 0.57347394828699894 49 2781 39 2709 40 2728
568 -1.2928230647805796 34.328487614601706 176.00577149104987 61 49 38 0.3425098851055936 49 2765 39 2711 40 2722
569 -40.267222388174375 38.872784436589491 189.0727765604492 14 7 21 0.4901480363087713 49 2753 39 2724
570 -47.385622881476209 39.831215228554555 189.04070972956282 122 43 51 0.2279217243272654 49 2756 39 2728
571 -41.37878004517831 39.070190708011737 189.09612984500669 111 105 128 0.53050870695312469 49 2757 39 2730
572 -34.807181113369197 38.145561425246264 187.79747811715183 31 9 9 0.18178751872994289 49 2758 39 2731 40 2743
573 2.9895647923065751 35.043869871785766 177.26329515830307 39 18 7 0.11138626416856891 49 2784 39 2737 40 2749
574 30.187181857906761 34.103170151425694 166.65199830897939 81 62 50 0.33976024659291032 49 2807 39 2741 40 2756
575 54.728316851240606 37.695553995484026 168.60257779912487 79 52 41 0.34138082837947464 49 2808 39 2742 40 2760
576 2.6798584283353764 35.489401623947067 178.20738751243746 62 50 40 0.15993610468333658 49 2793 39 2747 40 2761
577 2.6798584283353764 35.489401623947067 178.20738751243746 62 50 40 0.15993610468333658 49 2792 39 2748 40 2762
578 -46.408796812058931 40.129048767851337 187.47146497700385 98 28 46 0.47182383115814708 49 2782 39 2751 40 2770
579 54.613043061583589 38.091187503975078 168.91804664053691 143 115 104 0.13655617553065405 49 2820 39 2757 40 2778
580 54.613043061583589 38.091187503975078 168.91804664053691 143 115 104 0.13655617553065405 49 2821 39 2758 40 2779
581 39.540213146978118 37.000757950225555 175.178432097924 24 30 1 0.14703456782750243 49 2817 39 2764 40 2786
582 34.751493728608324 36.444363284976788 174.00474972659393 24 16 3 0.39821912081674965 49 2818 39 2766 40 2789
583 -9.3704398348339009 34.443602523477388 168.26103932443846 54 26 15 0.08228877094898672 49 2843 39 2769 40 2791
584 -1.3704923386554027 36.043285815256013 177.70490874807334 33 13 0 0.327208544865349 49 2814 39 2770 40 2788
585 23.274253057666122 36.486229326504954 176.58098488834159 78 67 66 0.23338569221728545 49 2828 39 2778 40 2803
586 23.252294564918746 36.446687925087424 176.42240865354816 78 67 66 0.2790841750680762 49 2827 39 2779
587 -0.50650094062756512 36.446562435420049 177.6284940790928 32 11 0 0.26389035810919587 49 2838 39 2789 40 2811
588 -0.50777987239118705 36.384067836655497 177.37440687168794 32 11 0 0.27822955140431171 49 2839 39 2790
589 39.53968897400717 37.620836920665575 174.79251985803228 81 91 56 0.24639466225779919 49 2847 39 2795 40 2816
590 37.957204964603882 37.433671549024403 174.34425015287809 35 31 12 0.27758448749551762 49 2853 39 2797 40 2821
591 53.673301439989693 38.575065556151593 166.98466037858267 111 84 67 0.38862566878542609 49 2872 39 2798
592 55.375841900976333 39.390603357306048 169.05165112941404 141 115 103 0.32617949116424999 49 2873 39 2802 40 2829
593 20.262108247363347 36.669758751423352 174.9603955901114 49 41 32 0.26382594528407782 49 5050 39 2808 40 2839
594 42.729710083519286 38.36596990050343 174.89326072617649 22 14 1 0.24104118289858453 49 5051 39 2815 40 2842
595 46.696604136885817 38.528382861882456 172.42652229049403 27 22 10 0.43285815303276426 49 2871 39 2816 40 2843
596 54.946841015261931 39.520308898952685 168.91509653277365 85 57 44 0.35705397578709674 49 2878 39 2817 40 2844
597 -48.898889307963046 41.078129841308318 181.12513550159107 41 32 5 0.29154360027082871 49 2861 39 2818 40 2845
598 47.935221618208651 38.709396165448851 171.9325291095785 81 72 53 0.53480812839113323 49 2875 39 2827 40 2852
599 6.2934708290596353 34.309289285959608 162.84982838480056 106 33 4 0.81151969144643665 49 5076 39 2828 40 6371
600 6.2934708290596353 34.309289285959608 162.84982838480056 106 33 4 0.81151969144643665 49 5077 39 2829 40 6370
601 56.564058565842551 40.754260778946794 171.68557205774826 88 63 44 0.35493689014679169 49 2888 39 2839 40 2862
602 57.797030982664474 41.060151737688386 171.07765662481125 56 38 17 0.54839674384325365 49 2897 39 2840 40 2868
603 26.281253465509796 37.641750392747205 174.34939242144904 129 110 72 0.23410927881744825 49 2894 39 2841 40 2870
604 39.171136512146404 38.421322976158187 173.10467420540584 86 92 51 0.17042058536862004 49 2895 39 2844 40 2871
605 39.171136512146404 38.421322976158187 173.10467420540584 86 92 51 0.17042058536862004 49 2896 39 2845 40 2872
606 57.274475667904156 41.105607138815429 170.20142184820813 180 154 131 0.84410998984353636 49 2917 39 2848 40 2878
607 40.044274821665205 38.566126701853563 172.75682886401165 39 32 2 0.53770614843328068 49 2906 39 2852 40 5006
608 41.148290354280469 39.057533538249537 174.17615406552366 31 24 4 0.30907919635650677 49 2907 39 2856
609 13.267103645472222 35.847625613710846 164.49969086949801 126 131 70 0.21003025987610324 49 2944 39 2866 40 2901
610 -0.21636807155869062 38.29010664624645 177.29700078604739 34 17 7 0.1753515462431782 49 2919 39 2878 40 2900
611 -2.4197992690059427 38.495955990604436 176.22810608831955 34 13 0 0.32805724465543024 49 2940 39 2891 40 2918
612 -49.361108267507568 43.669690676315994 184.04568972740546 51 35 20 0.23058430297393839 49 2932 39 2895
613 23.543896738535757 38.794941526626268 174.7463240513944 27 15 5 0.28195913139203255 49 2946 39 2898 40 2926
614 0.33759466622850737 38.438205759268108 174.87402785894301 24 13 3 0.20525224059454797 49 2950 39 2903 40 2924
615 -49.973308511601999 43.939980214750449 182.7157199858672 168 156 128 0.17097128428166994 49 2947 39 2910 40 2936
616 -1.1833180736721394 38.703483991742537 174.93609789144716 28 18 3 0.31728427170256585 49 2956 39 2913 40 2942
617 -54.989716493751409 44.944706855017223 180.24135210361905 127 108 71 0.2306905582714093 49 2965 39 2919 40 2949
618 22.678760156157967 39.24974048773845 173.30147389004568 55 39 31 0.19893883476578753 49 2972 39 2924 40 2960
619 25.896929273896138 39.454835053949814 173.26548570828703 32 18 4 0.53667239238866671 49 2977 39 2925
620 -47.834002190355207 46.516891262130422 187.84091376032296 71 50 53 0.7925411710413881 49 5157 39 2970
621 -2.4380780660399575 40.454786707096851 173.80503262706944 39 23 6 0.21159248756347945 49 3015 39 2986 40 3011
622 20.055980530461728 40.521037987160994 172.60857049495885 69 50 49 0.28012886019758954 49 3017 39 2990 40 3014
623 0.65897049009948316 41.353041785833177 174.5703268929999 98 84 68 0.13077296664771046 49 3048 39 3024 40 3043
624 -51.539148914835721 47.027079342256023 180.34774410656664 119 109 70 0.12672270878422973 49 3042 39 3027 40 3047
625 -1.978453647822102 41.964048491452324 176.82392862309666 28 14 0 0.26748189421070406 49 3047 39 3039 40 3048
626 4.9564750140021916 39.406998674666404 163.8604657663285 209 142 97 0.19782385270904276 49 3090 39 3054 40 3074
627 18.835054276191808 41.595842418120732 172.56168538955592 23 7 0 0.19004138756273214 49 3074 39 3056 40 3069
628 17.574132299371044 41.851136996886673 173.43155266184289 29 9 2 0.29175192862616112 49 3073 39 3060 40 3075
629 5.5853373403598745 39.781701958191711 164.60427757198221 199 132 82 0.42753860464745236 49 3096 39 3062 40 3079
630 -14.355803764714709 41.122603269732394 168.58599216227375 51 0 0 0.23171205820034016 49 3095 39 3070 40 3089
631 1.5109179956296357 42.352048558004235 175.67365481343336 39 17 0 0.2247967365773936 49 3082 39 3072 40 3083
632 1.5109179956296357 42.352048558004235 175.67365481343336 39 17 0 0.2247967365773936 49 3081 39 3073 40 3084
633 5.1957047705229451 40.247102698394684 164.52727715799131 216 155 90 0.41239750124080626 49 3123 39 3083 40 3102
634 -55.386038917614911 49.88080280159776 181.19752535733798 68 51 16 0.55399100433260628 49 3105 39 3099 40 3106
635 -56.007031876772025 50.03993019641382 180.16094181369689 65 49 7 0.33906034356292442 49 3119 39 3101 40 3110
636 21.659318044624328 43.421890925574068 174.46284808245821 46 13 6 0.09592748972430154 49 5238 39 3111 40 3119
637 -31.863397733100506 46.290764618977292 181.5171981226666 66 53 24 0.15462834864449426 49 3120 39 3119 40 3133
638 22.612566793696985 43.118853560740952 171.70139834922438 36 16 7 0.24735985834687402 49 5243 39 3121 40 3127
639 14.094411649638381 40.887627209236847 161.45169911989626 116 96 89 0.13161121071546075 49 3171 39 3134 40 3152
640 19.289899771533118 43.938036923349507 174.0016263653892 33 11 3 0.13772335764800217 49 3145 39 3135 40 3147
641 1.0476321296001907 43.109700688139753 171.53937827447405 85 59 34 0.31641161681971908 49 3152 39 3138 40 3150
642 22.985092187670705 43.654351093934686 170.90061925931511 42 31 17 0.043665861036350673 49 3155 39 3141 40 3154
643 -51.645442084807641 50.896581807483635 181.22156534231684 23 13 2 0.24768654756994243 49 3168 39 3156 40 3171
644 -51.645442084807641 50.896581807483635 181.22156534231684 23 13 2 0.24768654756994243 49 3169 39 3157 40 3172
645 -5.2016910672921695 42.791971450616487 164.9914115554748 40 22 6 0.13764946072444562 49 3206 39 3174 40 3187
646 26.511624507841585 44.810381968585915 169.39602652595036 114 109 67 0.28702262751835572 49 3202 39 3179
647 -15.983665973324788 43.663345132521947 166.5452725966976 192 134 99 0.59310205160276575 49 3212 39 3184 40 3191
648 25.455240604496833 44.962451876666904 168.87932644809126 137 119 83 0.068276117665687475 49 3217 39 3198 40 3215
649 25.455240604496833 44.962451876666904 168.87932644809126 137 119 83 0.068276117665687475 49 3218 39 3199 40 3214
650 -44.26295775848655 50.395715025588139 180.79489559307501 151 135 105 0.21641020408656431 49 3204 39 3203 40 3216
651 -46.460015889916967 51.032168260855777 180.49916100942619 73 59 16 0.3468103561967843 49 3215 39 3205 40 3224
652 -53.079332720849351 53.092313649321859 181.834068731321 54 50 33 0.23971798478723136 49 3216 39 3209 40 3227
653 -42.871555480559586 51.292787636765183 179.86031104030869 24 8 0 0.35421925887026556 49 3248 39 3236 40 3248
654 -42.855792818876665 51.262644753264475 179.73192024809478 24 8 0 0.30260673345639699 49 3249 39 3237
655 -43.909401366155585 51.867307178040434 180.60812477539477 39 25 2 0.24097740257548239 49 5304 39 3243 40 3255
656 -33.672119824233285 50.639209293446243 181.23850338787585 61 25 5 0.24388241370482824 49 3257 39 3251 40 3261
657 -35.275593271980803 51.419330350098917 183.10867589074198 188 172 157 0.08293725655884443 49 3261 39 3258
658 -41.931930297258091 52.0344455060985 180.52111341580104 139 110 105 0.029946141439511815 49 3272 39 3269 40 3275
659 -48.759801368385723 54.45112817441953 181.50628242443946 50 39 33 0.10432415660798555 49 3296 39 3287
660 -14.666882961852226 -23.478852035426112 210.67315277883469 23 12 1 0.21773793269286834 49 5528 39 3528 40 3539
661 -11.891689025927654 -23.275273244558594 208.55944490927774 46 34 34 0.13463241044320717 49 3603 39 3529 40 3543
662 -17.476437088697157 -22.932391029951312 208.10800434119668 210 188 180 0.31395761169782949 49 3601 39 3532 40 3541
663 -13.821843666718424 -23.344064776207912 211.24075581865088 53 40 37 0.029769663503079025 49 3605 39 3538
664 -15.232856846775038 -22.655634525902631 208.0548848987128 129 105 97 0.22701458731468263 49 3614 39 3547 40 3557
665 -12.16484055856875 -22.093880960776048 209.50768718566104 66 69 76 0.40906029466489424 49 3636 39 3575 40 3587
666 -15.051750302984628 -21.430716990228021 208.59866416428545 211 200 183 0.089065571575749528 49 5561 39 3589 40 5477
667 -13.899207231279807 -21.467145971828476 208.50265387780456 47 42 41 0.20120044127946143 49 3654 39 3590 40 3600
668 -13.885204746900188 -20.606998179404517 210.14491921829082 42 39 42 0.15777904238094034 49 3689 39 3614 40 475
669 -16.481617489211327 -20.086119311208826 208.59150274549455 206 183 161 0.13325623559474351 49 3698 39 3623 40 3627
670 -15.557101342393125 -19.742247267068613 208.07314113098536 167 145 127 0.080135803574425499 49 3707 39 3632 40 3642
671 -14.345608440238902 -18.049508709624007 208.43094945901038 147 133 125 0.31537300593191397 49 3769 39 3693 40 3701
672 -17.887569127883786 -17.839858053517872 209.08309539812768 163 143 111 0.51977419000708314 49 3773 39 3698 40 3704
673 -14.002034571036763 -17.400318921258712 208.04460668992468 83 67 61 0.18977002087665537 49 3787 39 3711 40 3715
674 -14.002034571036763 -17.400318921258712 208.04460668992468 83 67 61 0.18977002087665537 49 3786 39 3712 40 3716
675 -12.971780372701449 -16.436507521385849 210.86772023772502 72 71 76 0.33194935183095958 49 3817 39 3752 40 3753
676 -12.829086488854674 -12.912035151454315 207.90682638586966 204 174 175 0.32254169759235096 49 808 39 3836 40 3843
677 -12.569320522166421 -12.965686564187639 210.01070725738387 44 25 29 0.13451868585767376 49 811 39 3845 40 3846
678 -14.470715430431111 -11.639668606883676 207.1189655379462 243 222 197 0.12095407405711552 49 3931 39 3871 40 3874
679 15.801687502083871 -10.894530432730916 201.1627769763455 45 30 21 0.42950118224809897 49 5718 39 3880 40 5661
680 -14.298912076291577 -10.605426237340973 202.96041451228621 176 147 125 0.12116591205371981 49 3968 39 3882 40 3893
681 -9.1536533723399653 -11.042631723417404 205.25733971210076 252 236 220 0.041092286653517739 49 895 39 3884 40 3895
682 -21.466396264910998 -10.475085006989108 209.13055505413195 37 17 13 0.41174927717352716 49 5717 39 3890 40 3899 40 5662
683 -14.039348392255693 -10.555141446237412 205.59684323989595 217 183 163 0.35616935024930196 49 914 39 3891 40 3901
684 -2.2105784993686179 -10.687471056870624 203.75838206672228 86 70 54 0.1786659673122647 49 3974 39 3897 40 3906
685 -3.9642197941773469 -10.829610428921493 207.30250322695741 56 38 33 0.1425252571335934 49 3972 39 3899 40 3908
686 -0.13022938990665234 -10.465030971899933 208.62533079001363 55 39 32 0.33561845709679239 49 5727 39 3913 40 3918
687 -18.835140488792764 -9.4629763057315053 208.00624078065519 181 165 150 0.093564287638742111 49 3995 39 3922
688 -1.6057043812281837 -9.8417479398973775 206.35116497586884 55 44 29 0.28291885129775429 49 971 39 3926 40 931
689 -21.868592678321804 -8.8279185169428072 207.99389974454527 227 200 182 0.32003160618102527 49 4004 39 3943 40 3948
690 -21.868592678321804 -8.8279185169428072 207.99389974454527 227 200 182 0.32003160618102527 49 4005 39 3944 40 3949
691 -16.57758909699 -9.1082642522587047 207.40274609240475 198 166 150 0.54968689879995503 49 5744 39 3945 40 3943
692 -11.714273895490399 -9.1966996601534774 206.39749321568064 183 153 125 0.15050987448383071 49 4010 39 3949 40 3954
693 -20.74128791066958 -8.6938267000972296 208.74231879987806 225 198 177 0.20022397729286337 49 4014 39 3952 40 3957
694 1.1781705381751384 -9.0762164289747727 203.48958145196497 63 37 27 0.10742699607180629 49 4022 39 3956 40 3960
695 1.1781705381751384 -9.0762164289747727 203.48958145196497 63 37 27 0.10742699607180629 49 4023 39 3957 40 3961
696 -19.788836091606704 -8.6026483680786399 208.62613933932309 190 166 140 0.50861890730689097 49 4016 39 3959 40 3958
697 -17.287188348256024 -8.6214886060417406 207.49060206111906 200 171 149 0.1947290590576467 49 4019 39 3961 40 977
698 -13.191955099441527 -8.764383190566214 206.38066227767791 234 201 176 0.16148829296597 49 4020 39 3962 40 3966
699 -13.177671590027165 -8.7633860196987907 206.17594662450045 234 201 176 0.13956947827653554 49 4021 39 3963
700 0.40070818474450765 -8.6305110751239305 202.67690490306776 57 37 28 0.10814790818870805 49 4026 39 3968 40 3970
701 -6.0329987990084364 -8.1395055856999754 199.53153894445165 195 167 154 0.72897809704485705 49 1052 39 3973 40 3975
702 -20.350457168637337 -7.8194193024153771 208.7303975648002 238 207 186 0.1761756991924027 49 4027 39 3977 40 3976
703 -20.350457168637337 -7.8194193024153771 208.7303975648002 238 207 186 0.1761756991924027 49 4028 39 3978 40 3977
704 3.4707340914485565 -7.7337533154487748 200.30744151909889 87 63 55 0.043098276904192302 49 4045 39 3985 40 3984
705 3.4707340914485565 -7.7337533154487748 200.30744151909889 87 63 55 0.043098276904192302 49 4044 39 3986 40 3985
706 -21.703575285112425 -7.2806030867844802 210.17447506134272 161 130 107 0.34734820209461253 49 5763 39 3987 40 5708
707 -1.1473563209028226 -7.0801277661716462 195.69182305408663 243 197 197 0.18488987541646348 49 4062 39 3990 40 3997
708 -1.1473563209028226 -7.0801277661716462 195.69182305408663 243 197 197 0.18488987541646348 49 4063 39 3991 40 3998
709 4.2349774157524003 -7.3795547165238444 199.50660964557449 76 61 50 0.056872167577832554 49 4055 39 3992 40 3991
710 4.2349774157524003 -7.3795547165238444 199.50660964557449 76 61 50 0.056872167577832554 49 4056 39 3993 40 3992
711 22.130173168554293 -7.1060179894111695 199.50110735377265 112 110 122 0.096826568949427802 49 4052 39 3994 40 3994
712 -9.2591268220701455 -7.2961103149153503 204.96359205684217 142 107 87 0.2695655695718519 49 1078 39 3996 40 3996
713 3.0205116165980743 -7.3209153603944062 200.89102611646115 202 191 180 0.050552031344627817 49 4060 39 3997 40 4003
714 7.126939124437019 -6.9478673718542545 196.48838642770878 37 31 27 0.17047952315892637 49 4067 39 4000 40 4007
715 22.485091932835751 -6.6599821160128236 199.28236509493559 62 60 72 0.1636200278278242 49 4064 39 4001 40 4008
716 22.485091932835751 -6.6599821160128236 199.28236509493559 62 60 72 0.1636200278278242 49 4065 39 4002 40 4009
717 -13.119529885185937 -6.9356297512419998 207.71571962909982 206 170 148 0.17590793709708338 49 4058 39 4007 40 4013
718 0.64799281016743226 -6.5191601236084411 194.88342568565113 228 218 203 0.060370685306048666 49 4082 39 4014 40 4020
719 21.935171998421829 -6.4681382725953656 199.65457474164515 63 63 75 0.17558432078985856 49 4071 39 4015 40 5723
720 7.9813244330596103 -6.5287243673727007 197.92104231265955 46 40 27 0.12547410122436461 49 4083 39 4019 40 4023
721 -17.318928976993146 -6.2712511519055543 207.61756769832519 209 185 161 0.18863664727755972 49 4069 39 4021 40 4024
722 -20.41082672408416 -6.0262427459015129 208.53396502507115 228 195 170 0.29553741843848302 49 4075 39 4023 40 4025
723 6.4770621018109606 -6.3525656720539985 198.03373663249934 57 35 33 0.32263654472555531 49 4084 39 4024 40 4026
724 22.321846520521934 -5.9012277781842783 200.20929483439775 109 109 121 0.23855160796863326 49 4085 39 4029 40 4029
725 1.1884639800944232 -5.6856450971067076 192.01552247074099 211 160 152 0.059847050985182865 49 4094 39 4031 40 4033
726 5.5376983000074906 -6.0295264075510264 198.44354366318112 58 41 42 0.11133176570408281 49 1142 39 4032 40 1100
727 -23.681361436751821 -5.6143787088033488 211.78233128076238 52 25 9 0.11309858229008003 49 4081 39 4035 40 4032
728 7.6611259055042433 -5.4818506664779711 196.26446872044119 63 39 37 0.033473693001403466 49 4101 39 4039 40 4040
729 20.241585927272048 -5.36946041196608 198.67945302933288 98 101 112 0.11163154399189741 49 1157 39 4040 40 4038
730 2.0300503770952258 -5.3281685108326693 192.52797822116958 204 141 145 0.11399578227251506 49 4105 39 4041 40 1116
731 2.0300503770952258 -5.3281685108326693 192.52797822116958 204 141 145 0.11399578227251506 49 4104 39 4042 40 1117
732 -11.709373651018602 -5.5482813425264128 207.22740984964892 239 211 197 0.1489403489322943 49 4090 39 4043 40 4039
733 10.683200242080201 -5.1748688297536951 195.26400285072498 44 23 12 0.48779661229250043 49 5794 39 4044 40 4042
734 3.4345664132516469 -4.4447805916240304 191.30128298091782 219 177 175 0.069753722836820173 49 4121 39 4052 40 4053
735 -3.7175168005394004 -4.5637684933823808 199.68791731856615 248 219 198 0.20947273648218037 49 4117 39 4054 40 4055
736 11.14921635861611 -4.3290908690897645 192.53227078432269 30 23 33 0.28271022071053942 49 5802 39 4055 40 4056
737 -12.747188511968648 -4.5412346662084166 207.47672063093259 212 193 178 0.52310192319821902 49 4114 39 4058 40 4054
738 -8.3300354119571107 -4.5661956403710482 204.95327953824872 242 222 204 0.1025088541237848 49 1174 39 4059 40 4060
739 -13.840176644055346 -4.4058795708785325 207.31833372944965 179 145 123 0.010274180894685925 49 4115 39 4060 40 4059
740 -4.5011824493378398 -4.4528278382289308 200.36912656623036 156 128 101 0.14449950676879744 49 4118 39 4061 40 4061
741 3.0842503308173339 -4.0652490036563105 191.92725322088387 41 5 0 0.092462438599902316 49 1198 39 4067 40 4066
742 4.3989358039445499 -3.8064516435892415 190.59633655015918 202 143 139 0.059930131412292975 49 4130 39 4070 40 4069
743 4.3989358039445499 -3.8064516435892415 190.59633655015918 202 143 139 0.059930131412292975 49 4131 39 4071 40 4070
744 18.018876805978589 -3.8893743215471952 198.16503366609294 80 80 92 0.12649503093309769 49 4125 39 4072 40 4074
745 -27.127541843012409 -3.1932216233529447 211.63791377759023 82 9 12 0.12048548077982039 49 1183 39 4074 40 4075
746 -13.538800551386602 -3.872291955686336 209.65839548611581 167 129 108 0.46297281616635583 49 4120 39 4076 40 4076
747 0.88610909652808134 -3.4836270394961031 192.97192912707183 187 158 138 0.10416650166925688 49 4135 39 4078 40 4080
748 -1.7676738179179781 -3.476563068490528 197.95549135082709 240 204 184 0.12439873912144232 49 4132 39 4079 40 4085
749 9.0934660747789842 -3.4010438929914444 194.44590050238637 82 59 58 0.043608342665132617 49 4136 39 4080 40 4086
750 -27.668504407453398 -2.5722684404641059 210.65595166577035 79 2 8 0.2379360090768543 49 4126 39 4081 40 4087
751 7.6976112078044281 -3.2146443505663074 197.50651258129491 20 22 25 0.11595068923274023 49 4141 39 4082 40 4089
752 -9.3559963148007004 -2.8165848320608049 206.75604563546952 181 154 122 0.14264286831586981 49 4139 39 4087 40 4095
753 -29.260066185643733 -1.7727963698053741 210.46313591092834 97 1 6 0.33657408743927325 49 4138 39 4089 40 4094
754 4.3762776967189385 -2.4267718152608047 190.24767380625707 241 207 185 0.10555676091761058 49 4160 39 4090 40 4097
755 17.612605396940019 -2.4399619508571835 198.77085221289164 87 87 97 0.088303392073635759 49 4152 39 4092 40 4098
756 17.612605396940019 -2.4399619508571835 198.77085221289164 87 87 97 0.088303392073635759 49 4151 39 4093 40 4099
757 34.078755460882363 -1.3812482867683711 194.46443232599401 81 70 68 0.2141236328945969 49 4157 39 4094 40 1212
758 -6.2791005747369937 -2.4927603697272849 203.5351378189784 248 224 200 0.12247227843222862 49 4148 39 4098 40 4100
759 6.1043238890533011 -1.8183248390459315 188.59499232305063 219 180 171 0.37803052448121227 49 5835 39 4101 40 4104
760 18.6727303196664 -1.9059914258164428 198.15036360107374 18 16 24 0.28312181380833495 49 4163 39 4102 40 1219
761 18.712062741446619 -1.8957374497525286 198.47383475722822 18 16 24 0.20657922571024007 49 4164 39 4103
762 -19.116106186482412 -1.5923423159475905 211.07631359896027 175 145 119 0.27084244029707566 49 4155 39 4106 40 4106
763 34.459251678940646 -0.80330898404063067 194.54388469845554 33 20 20 0.20488446626236426 49 4169 39 4107 40 4109
764 -4.0733128445705695 -1.7800591096828799 201.92620755166763 43 10 3 0.08765704515167623 49 4165 39 4108 40 4110
765 17.116487492378297 -1.6557938353529071 198.07532296356473 45 45 57 0.20295501375031066 49 4168 39 4109 40 5785
766 -30.134529866773498 -0.56923945739039583 211.61803867181339 99 52 57 0.19629805842865619 49 1251 39 4113 40 4112
767 15.391666937746939 -1.3995338607620202 196.2214319117133 84 84 94 0.15407293357808916 49 4173 39 4115 40 4118
768 20.790408070881572 -1.2311616246518757 199.79216810034688 78 78 86 0.20141419468176411 49 4172 39 4117 40 4120
769 0.75958169799758868 -1.3871522385534856 194.77770958336407 249 219 204 0.31003850410727157 49 4182 39 4119 40 4116
770 -19.424829969751226 -0.99588665907741147 212.4156563013251 223 193 167 0.19132891355244688 49 1261 39 4123 40 4121
771 -2.1913407979124564 -1.0937145028375586 198.00423122289513 254 224 198 0.28527972843092292 49 4185 39 4124 40 4126
772 -9.5343881708778326 -1.0509147466261282 207.11955357084497 203 162 133 0.35757657607446597 49 5837 39 4125 40 4125
773 -6.327471450123185 -1.0334377633536469 204.13174992649724 248 219 197 0.12761867670499696 49 4181 39 4126 40 4128
774 3.2638009388157472 -0.97529990886309281 193.03584602045939 230 193 180 0.20980085599703135 49 4189 39 4127 40 4129
775 1.3937081450112414 -0.81026140472893371 194.91523698526686 182 150 136 0.17551000941969308 49 4191 39 4128 40 4137
776 17.107874185290115 -0.75688931976177809 198.14436129558496 34 33 45 0.11358980000555285 49 4186 39 4129 40 5797
777 -17.339069501485092 -0.46547160234383023 209.39735074324304 206 177 153 0.1839478318112093 49 4180 39 4137 40 4136
778 15.050973987014755 -0.519793429378128 196.30592687083927 65 64 79 0.22040107207320225 49 4194 39 4139 40 4140
779 15.912487216517585 -0.36082137660594993 196.94271529574178 36 36 48 0.38872466703300002 49 4195 39 4144 40 4145
780 19.562988309106153 -0.32215222470519977 199.58058971190792 29 27 35 0.089117908471129492 49 1305 39 4145 40 4146
781 -29.955019091880001 0.6798704388244744 210.84104180653355 79 17 28 0.37712393118454202 49 1289 39 4147 40 1282
782 16.353466991717205 -0.12016562412738845 195.8467547169551 90 90 100 0.31080143936201199 49 4200 39 4149 40 4152
783 22.448037257252654 -0.053644513394920559 201.17942040978787 94 94 104 0.02495155037588127 49 1315 39 4150 40 4149
784 15.465108854932238 -0.086955638048490283 196.69834463906523 122 124 138 0.13421928981973685 49 4202 39 4151 40 4151
785 29.910171257717263 1.0785063212482964 194.21249035301864 38 24 25 0.57472070630517813 49 4209 39 4161 40 1318
786 39.051622659696115 1.7172638800654099 191.36370255632326 139 108 89 0.36898724145723066 49 4211 39 4163 40 4161
787 30.549861213733195 1.1688402414772456 194.87967494513396 78 61 60 0.47232099859816518 49 1355 39 4164 40 1323
788 14.543890706378996 0.60141118418285733 196.22500789213552 109 111 124 0.19828668825496532 49 4210 39 4165 40 4167
789 13.806012002353265 0.8148009724712254 195.4533176809079 105 110 109 0.1178239900854368 49 4212 39 4168 40 4170
790 -1.6787324407140665 1.0469253632001319 199.16452132071765 216 187 167 0.30678760159797341 49 4216 39 4175 40 4175
791 -1.6787324407140665 1.0469253632001319 199.16452132071765 216 187 167 0.30678760159797341 49 4217 39 4176 40 4176
792 23.773862418406523 1.507968451370318 203.04412150929437 48 46 56 0.47734255391254071 49 4218 39 4182 40 4181
793 -16.252843549174674 2.0900175399645087 206.87243920442302 164 134 108 0.1239760359214125 49 4222 39 4191 40 4189
794 -25.33787034108768 2.5968308278418744 212.08061295569772 159 141 133 0.24925975707017567 49 4219 39 4194 40 4188
795 -6.1060393538355804 1.8225036489810009 203.93106607510575 161 124 98 0.11548375469315407 49 4228 39 4195 40 4192
796 -3.8194219192297361 1.9331966428113694 200.50485532559631 58 27 4 0.15500920589639877 49 4233 39 4198 40 4193
797 -17.094950673771415 2.4417899178942495 210.52385755989619 86 52 32 0.2530767397741519 49 4227 39 4201
798 -12.347869139731266 2.3934183133526736 209.26349678936811 114 94 76 0.1102069125188249 49 4231 39 4202 40 4198
799 -13.322069953527143 2.9779303907811632 208.0635079555563 185 164 141 0.14724858859313192 49 1406 39 4210 40 4205
800 -23.312724522001641 3.688514886021097 212.39103265210559 34 8 5 0.44116081466690876 49 5892 39 4213 40 5859
801 -21.560707339359549 3.5079044440274623 212.2913287891416 72 35 26 0.15243461311158765 49 1398 39 4214 40 1392
802 9.9270003616932367 2.8989057068258015 187.51541182247499 224 187 172 0.18384877736950775 49 4254 39 4215 40 4208
803 33.961054344674558 3.9693909128754807 191.60131588556231 118 95 81 0.10082683610578717 49 4251 39 4217 40 4211
804 11.916585551277544 3.1152636937089944 188.07755425494659 83 49 47 0.11975157917611139 49 4257 39 4218 40 4210
805 -11.85386499582177 3.6077465740254131 208.57912529596706 203 175 161 0.2095503438655939 49 4244 39 4223 40 4214
806 -4.4185378786176654 3.417310564483603 202.80615183390364 219 178 149 0.2103664003399385 49 1436 39 4224 40 4217
807 21.434787403836758 3.7871470554456912 198.38466341121807 143 133 131 0.1830441663768434 49 4255 39 4231 40 4225
808 -34.679324421724083 5.3159173155608093 204.91266780257465 18 24 12 0.25108625075870328 49 4250 39 4234 40 4224
809 -22.587318006723585 4.5544689725692917 211.44981968516876 36 11 10 0.3785398824741974 49 4247 39 4235 40 4231
810 -34.417328117815494 5.4307362553091094 210.3718009762826 113 112 79 0.17324349086885113 49 1438 39 4236 40 1418
811 6.0699050311403973 3.7011506491448576 189.90380122103855 213 170 151 0.10499864423832846 49 4269 39 4237 40 4232
812 -3.335061034047206 4.1480676984372469 200.69638357307161 222 185 161 0.16925927963797252 49 1474 39 4242 40 4238
813 18.170841312062329 4.2772105536084082 199.51932617978915 74 74 82 0.14966099069009939 49 4264 39 4243 40 4243
814 -16.885016754157395 4.7730173211593963 211.05365780228178 61 42 27 0.092285274307100221 49 1461 39 4249 40 4244
815 -16.199700557489038 4.7020769799577726 209.48230782728604 177 158 142 0.075577232956787685 49 4259 39 4250 40 4242
816 -29.974712190831639 5.9168956522442295 206.42164990757922 190 172 151 0.2023070081968206 49 4268 39 4253 40 4251
817 -17.072757055790774 5.1349302234830025 208.64080767074822 132 119 114 0.18446689839730279 49 4267 39 4255 40 4252
818 -3.6475293103245816 4.5947119772212295 200.34566363110824 102 66 39 0.11650412114084814 49 1494 39 4256 40 4253
819 2.8694942011632407 4.5878173953405845 192.72855788470645 195 157 140 0.34177470396677662 49 4298 39 4257 40 4256
820 5.900265256214559 4.6423947947233071 192.23068536463461 164 123 105 0.24069556587387486 49 1509 39 4261 40 1461
821 32.351161649688251 5.559386276271522 194.38455515215787 153 128 109 0.18174120456627263 49 1503 39 4262 40 1464
822 -13.339310504488411 5.3380695930599726 209.04730636332195 154 134 127 0.18764833762275104 49 4282 39 4266 40 4265
823 18.10705443452132 5.0821907502960153 199.30761993678647 57 57 65 0.24281804523662545 49 4299 39 4267 40 4266
824 23.746037340236679 5.2383578645861943 199.49230424665427 36 35 45 0.96920431620743996 49 4296 39 4269
825 -22.236806821076613 5.8992183385691135 210.5211606330858 17 12 12 0.25763079062740712 49 4278 39 4272 40 4271
826 -15.220634767907429 5.47411522428113 209.08178047065169 161 141 133 0.08304759222008852 49 4281 39 4273 40 4264
827 -31.454310309975238 6.6624067957532151 206.6983918186971 128 123 82 0.073567252324244298 49 4293 39 4277 40 4274
828 -31.454310309975238 6.6624067957532151 206.6983918186971 128 123 82 0.073567252324244298 49 4294 39 4278 40 4275
829 32.91646506813624 5.9625049814304454 195.11525533171394 68 45 30 0.19302354678259415 49 4305 39 4279 40 4276
830 -5.0094528481731171 5.4387232376944414 204.44090052666508 221 192 161 0.19133422813802797 49 1507 39 4280
831 -3.6158020434009006 5.7337890478251019 201.29279444147843 233 198 171 0.18066905180231549 49 4309 39 4287 40 4284
832 30.851359209699229 6.2493938965904929 192.66124270177031 46 26 17 0.21899504055292787 49 4312 39 4288 40 4286
833 -14.242505112662508 6.2142305251587002 207.65672358129572 33 20 14 0.54607854391047439 49 4306 39 4289 40 4287
834 -12.263604228321549 6.118376209079865 208.33144342113602 175 154 143 0.13791988399495922 49 4303 39 4290 40 4288
835 -12.263604228321549 6.118376209079865 208.33144342113602 175 154 143 0.13791988399495922 49 4304 39 4291 40 4289
836 -41.228365332533215 8.3418838245173283 206.82281581140339 52 51 54 0.28978251944556782 49 4310 39 4293 40 4292
837 -20.9255295799639 6.8140985391084863 208.48306713936697 52 51 44 0.42539852797178357 49 5944 39 4294 40 5909
838 4.0833591927489321 6.0823842484849244 191.0637890666172 155 108 99 0.15804819793235006 49 4323 39 4299 40 4300
839 -30.269790651344486 7.7137537371804363 206.64723145800212 129 124 84 0.075194821630540046 49 1540 39 4301 40 4298
840 -33.045688978871326 8.0662505439685628 207.20451863925229 173 136 109 0.17268010841823536 49 4315 39 4304 40 4302
841 -8.9343907806894034 7.0123371940252079 205.50690851576618 35 15 0 0.066047838031252554 49 4318 39 4308 40 4307
842 36.695869432341858 7.750821038360705 192.89501435447355 41 22 6 0.081697365101710231 49 1584 39 4310 40 4309
843 -31.988003065661896 8.3831293912675093 206.39815171585718 163 125 99 0.095972976697712736 49 5960 39 4313
844 7.8932002887029533 6.61915597351374 186.83627495376706 151 102 82 0.56721534492575598 49 4342 39 4315 40 1557
845 7.8932002887029533 6.61915597351374 186.83627495376706 151 102 82 0.56721534492575598 49 4343 39 4316 40 1556
846 -9.7150898348558705 7.3521892403874212 205.30909130388645 38 23 1 0.083653417998862986 49 4328 39 4318 40 4313
847 32.166038056705553 7.9342851580746654 193.899419538594 47 24 13 0.088505258785055038 49 4345 39 4321 40 4317
848 32.166038056705553 7.9342851580746654 193.899419538594 47 24 13 0.088505258785055038 49 4344 39 4322 40 4318
849 0.52063030937779053 7.2646263733027254 197.38546985436108 247 221 200 0.65757286021808281 49 4340 39 4324
850 13.985718031771169 7.608571515619766 190.47225264691576 63 64 67 0.22273358215112582 49 1615 39 4331 40 4329
851 -27.490925613484826 8.954673222750035 203.53576346860694 145 108 89 0.17175830998993905 49 4347 39 4334 40 4326
852 -27.490925613484826 8.954673222750035 203.53576346860694 145 108 89 0.17175830998993905 49 4348 39 4335 40 4327
853 -28.781883648385598 9.3458080740267633 205.43176403242606 124 86 69 0.14925749527151586 49 1602 39 4340 40 1585
854 45.186144996827728 9.8400403257781974 189.90469691666732 97 67 24 0.95404102779238309 49 4365 39 4344 40 1595
855 13.288785561026231 8.1530917838029264 186.55147862376324 49 44 46 0.087274728989931105 49 4370 39 4349
856 -30.618516321888283 10.202263921803452 205.7537487680849 29 30 11 0.26794987852803209 49 4361 39 4354 40 4345
857 -7.5079286217653181 9.0440939561766331 203.75639001077099 108 106 62 0.37807634824604403 49 4364 39 4355 40 4347
858 -6.2107228777269299 9.1947364376759708 202.14704620678745 106 106 67 0.29565936937482779 49 4368 39 4358 40 4350
859 24.812470344942351 9.4153790045373551 196.60005766316891 92 45 50 0.078929734636122503 49 5986 39 4359 40 4356
860 -37.380721408968441 11.152548590449584 201.72248614057429 157 144 111 0.11776973130832639 49 5985 39 4361 40 5952
861 5.9346346515557231 8.9004399836212276 191.90093182090828 201 155 146 0.16488279920219981 49 4382 39 4362 40 4355
862 9.1925071719672058 9.0173215679783265 189.08973999984485 147 80 73 0.25553847088669984 49 4386 39 4366 40 4360
863 9.1925071719672058 9.0173215679783265 189.08973999984485 147 80 73 0.25553847088669984 49 4385 39 4367 40 4361
864 9.6866617862334081 9.0280291599600879 188.6294625871451 216 153 158 0.19379702518009942 49 1686 39 4368 40 4364
865 33.868525247211061 10.028846746437205 191.50928089637529 79 58 35 0.4765920276160977 49 1680 39 4369 40 4362
866 -15.190066790421046 9.9615007540784077 199.26286054697272 124 75 69 0.32028181579535608 49 5993 39 4370 40 4367
867 -13.305722977954325 10.003843512690379 200.32152113834886 33 15 10 0.50532412213897304 49 5994 39 4373 40 4371
868 14.728517316030068 9.5450382352011616 189.95708779056642 23 20 27 0.30618210493746972 49 1704 39 4375 40 4376
869 -19.458549566776092 10.440908892626094 201.60464633627839 183 145 100 0.14253916743654368 49 1676 39 4378 40 4375
870 7.4410780957959579 9.7943099429140883 189.36467838549694 194 152 135 0.12024347028201178 49 4395 39 4383 40 5963
871 16.045311761653107 10.030227568935707 189.83079226339939 32 32 40 0.37640814359062952 49 4396 39 4385 40 4389
872 33.337142055473805 11.127260901263988 193.32995682620495 74 59 21 0.26905080986212432 49 4400 39 4386 40 4391
873 9.6568912081508085 10.324986329869006 187.33916952187397 154 92 83 0.10309907675737946 49 4409 39 4389 40 4395
874 9.6568912081508085 10.324986329869006 187.33916952187397 154 92 83 0.10309907675737946 49 4410 39 4390 40 4396
875 -29.240560587165369 12.104852738847573 202.60768367046032 70 52 43 0.44039354917169526 49 1721 39 4391 40 4393
876 50.522510279556712 12.763244419927391 189.1299206874927 125 92 40 0.45099708842392755 49 1745 39 4392 40 4398
877 6.4283170424811704 10.826580643071416 190.70731560346209 43 9 6 0.061156534049787659 49 1762 39 4396 40 4402
878 -35.483751093818462 13.097565740957483 201.72196970218332 93 78 27 0.023035439276717327 49 1746 39 4403
879 32.909637112207562 11.962169949923229 192.43732920159673 136 122 77 0.12997009143659893 49 4416 39 4404 40 4408
880 57.313546731586833 14.274533847503067 191.60055671267301 139 97 84 0.068850358800532349 49 4418 39 4406 40 4409
881 -23.93518038117017 12.734790390296308 202.61422285693089 98 76 42 0.28054704625920029 49 4415 39 4415 40 1723
882 -11.722073839594458 11.928517226546452 194.26790519874604 41 9 6 0.18443365529968317 49 1783 39 4417
883 -27.193161924619822 13.169849623860236 201.90907998211344 66 36 8 0.39555508888199609 49 4419 39 4418 40 4417
884 -20.795960397318851 12.875925578327273 201.98102886201818 112 78 38 0.40415179609275403 49 4423 39 4421 40 4419
885 54.707301775027275 14.620472292803091 189.03651712851664 104 69 42 0.49906919831691249 49 6040 39 4422 40 4422
886 12.480442456345529 11.991018838255288 188.85386728860982 162 138 130 0.07173152447023097 49 1820 39 4424 40 4427
887 53.914969304678941 14.533227957969098 184.58467907518411 185 145 105 0.65236712777592132 49 4436 39 4425 40 4423
888 -23.765910438375041 13.506370930522746 202.84193711381783 47 31 11 0.22483537154440372 49 6031 39 4428 40 4425
889 14.391601846501723 12.153237731248741 190.16437782199804 157 140 141 0.053147726319039024 49 4433 39 4429 40 4428
890 45.881585154070997 14.356707736303425 190.27233764640445 64 48 1 0.4929497548546502 49 4449 39 4432 40 4434
891 36.752747268615565 13.64835198938963 190.48788911723949 160 132 88 0.28793799268922615 49 4448 39 4433 40 4433
892 -16.47678843547779 13.202792862222344 193.32770239275058 18 9 3 0.16263012941294006 49 4447 39 4438 40 4439
893 21.396025866707539 12.927360554599961 190.98021703484696 28 29 34 0.23837280006974071 49 6049 39 4439 40 4440
894 42.283446549389637 14.140211520256555 190.22061008146613 204 170 110 0.12623425837072758 49 4450 39 4440 40 4441
895 -20.730969817034261 13.752415683429014 200.16946599259708 66 37 7 0.079798611041013892 49 1822 39 4443 40 1779
896 44.62178394864133 14.646759514456457 193.10845041207776 60 26 0 0.045659828618030175 49 1847 39 4446 40 4448
897 -22.211457124633235 14.282104270595703 202.2474113527268 69 32 28 0.24655435015336558 49 4443 39 4447 40 4449
898 38.816398618385989 14.299553600611125 191.42667916518727 138 118 88 0.12640439973359366 49 4458 39 4448 40 4451
899 -31.802026806088481 15.183553775686075 203.99498417946074 125 109 90 0.2366600272111625 49 1837 39 4449 40 1800
900 1.9043679862415486 13.45331036842528 195.48767295908121 228 198 172 0.12459373277610329 49 4459 39 4451 40 4454
901 -21.94307298674152 14.819168924127164 201.40097812985186 106 69 57 0.27067331166488057 49 4460 39 4453 40 4456
902 16.794240086153856 13.697261928011757 189.75027747720964 41 25 21 0.15261278389025176 49 4467 39 4456 40 1825
903 38.878178829243829 14.937705938233966 192.77431075243004 40 8 4 0.18005172591217919 49 4466 39 4457 40 4458
904 33.796207145136393 14.678344242408571 191.48096387867091 74 54 35 0.35478922112101191 49 4468 39 4459 40 4462
905 42.37933361097646 15.22278263845714 190.7891757026043 172 146 113 0.19056336525329068 49 4470 39 4460 40 4459
906 -11.243982956011637 14.615076265922644 196.08470375737915 217 183 169 0.56412926007199982 49 4475 39 4468 40 4465
907 15.363641291732558 14.165652616446344 191.8653517369336 222 209 188 0.077042514989542343 49 4479 39 4471 40 4468
908 48.579942844543211 16.006948820936451 185.48679707213259 198 171 98 0.49735112328709202 49 4489 39 4472 40 4474
909 -35.126974908385513 16.660998644585423 204.54904394930944 28 17 0 0.73079270344169334 49 1882 39 4474 40 4472
910 8.3717229257186911 14.12573494480225 189.3310675784825 113 48 38 0.23979846400443514 49 4488 39 4475 40 4471
911 -12.673271575319378 14.708970458963893 192.18308644118517 18 32 10 0.23774733493323405 49 4487 39 4476 40 4475
912 0.6423380765684753 14.644220829995204 196.69535141312656 171 141 123 0.066465309591493479 49 4481 39 4477 40 4476
913 21.58856626946551 14.775557100678492 193.24490741416693 60 62 69 0.31735847517975363 49 4485 39 4478 40 4477
914 45.355838285322911 16.276155537913418 190.41746883747186 152 131 72 0.14847032775088143 49 6069 39 4479 40 4479
915 -10.401442148480308 14.948150444431448 191.77458790308671 209 169 160 0.30004857504286681 49 4496 39 4483 40 4481
916 9.4458247459339848 14.626826626877417 189.42446905865651 220 175 157 0.1127671361176026 49 4498 39 4486 40 4483
917 47.034030486711515 16.865593155422616 189.20753735650391 196 178 90 0.18161904775010707 49 4504 39 4492 40 4490
918 53.251600031691915 17.57410768434498 191.22238631429457 82 56 15 0.55887847004812119 49 4500 39 4494 40 4491
919 53.251600031691915 17.57410768434498 191.22238631429457 82 56 15 0.55887847004812119 49 4501 39 4495 40 4492
920 -27.918027311465362 16.808175906022466 202.20264467822133 123 119 83 0.065259300922220681 49 4491 39 4496 40 4493
921 -22.610753879994508 16.084113844219281 193.4172047543691 38 32 1 0.6350899470283764 49 1934 39 4498 40 1888
922 9.1805778846247392 15.188708204183467 190.24465075472577 120 55 43 0.20351125134581469 49 4511 39 4499 40 4498
923 -11.485692675622868 15.790128938249397 193.36104217866529 60 75 37 0.63713342756499303 49 4510 39 4501 40 4500
924 -20.474464813101118 16.557916338113088 199.25653213924264 42 23 4 0.18274597155823111 49 4503 39 4502 40 4502
925 16.209688970626168 15.536356986316742 189.29967475364714 164 144 126 0.17025498278546389 49 4518 39 4505 40 4507
926 16.209688970626168 15.536356986316742 189.29967475364714 164 144 126 0.17025498278546389 49 4519 39 4506 40 4508
927 26.332928713925572 16.240908619179269 194.53662056561575 32 14 13 0.42523629952970743 49 4513 39 4507
928 -16.802430807253046 16.266226562970807 191.60350286694882 40 33 11 0.099672387596971432 49 4522 39 4511 40 4512
929 -22.455805757331657 16.800744567556464 192.39949650113408 87 83 53 0.31505580630663615 49 4526 39 4513 40 6054
930 40.325848952137946 17.544739379389313 191.3947612900501 98 80 70 0.31598105885603928 49 4531 39 4518
931 10.213196237440789 16.128783609942719 188.95459580673889 227 198 178 0.40575750196802918 49 4535 39 4521
932 -43.954749759220022 19.527358524394412 202.18588774993026 82 72 19 0.33732533272422166 49 4523 39 4522
933 27.836374766026875 17.139769203813653 193.8160896081647 139 81 59 0.32733008556974791 49 4533 39 4523 40 4522
934 49.179431204478803 18.532364578566874 188.94739442897961 178 156 81 0.2264976325852994 49 4543 39 4524 40 4523
935 51.29947962102591 18.800990608854118 188.90036472876432 177 149 85 0.087528747347214567 49 4544 39 4525 40 4526
936 9.6991624140976214 16.504273364265764 190.28659897887209 232 189 170 0.10497549399103694 49 4542 39 4528 40 4524
937 37.360914827052767 17.67412323737631 191.19708542512092 134 127 108 0.10813021981941695 49 4540 39 4529 40 4525
938 -21.253363614157397 17.935985698829604 197.2314186511461 149 128 85 0.19712706152691592 49 4546 39 4531 40 4529
939 45.47377900754045 18.585902296282036 190.18894406863177 169 159 88 0.30718307547557744 49 4550 39 4532 40 4530
940 51.573102930865311 19.072451293640551 187.90752204564353 75 46 11 0.079222495566378073 49 4555 39 4533 40 4532
941 51.573102930865311 19.072451293640551 187.90752204564353 75 46 11 0.079222495566378073 49 4556 39 4534 40 4531
942 25.080734102468806 17.358794193967444 191.16548132029524 22 19 4 0.57924268571593174 49 4554 39 4536 40 1960
943 25.080734102468806 17.358794193967444 191.16548132029524 22 19 4 0.57924268571593174 49 4553 39 4537 40 1959
944 28.481365927644706 17.765555531623022 194.04428429399533 159 99 78 0.52655278512977766 49 2000 39 4539 40 4538
945 -9.5320466632938974 17.028459673588848 187.26756099186269 39 30 22 0.39557136537699172 49 4562 39 4544 40 4541
946 -27.595083568023593 18.691643852793177 197.96916785112302 64 62 13 0.21238046217896275 49 6101 39 4545 40 4540
947 51.267643557375749 19.427953838189353 188.29072810159681 80 50 4 0.22236992852061011 49 4563 39 4546 40 4543
948 12.542362910027657 17.368037776216863 190.11346535151483 194 171 157 0.20198059084444572 49 4569 39 4548 40 4546
949 42.978567041653811 18.964801049233223 191.46950429646137 24 3 0 0.11588763902027129 49 2018 39 4549 40 4547
950 -36.675839637131091 19.917313972442116 202.28195224311767 83 87 46 0.27581753683206872 49 4551 39 4551 40 4545
951 24.241316467940415 18.203343903047401 191.06076394847614 90 94 57 0.39754485740686762 49 4577 39 4558 40 4553
952 -13.410477381759808 17.958910161424811 187.62243317783654 21 8 16 0.30555685767566604 49 4581 39 4561 40 4557
953 -13.399981025794444 17.924713019410994 187.36029578430254 21 8 16 0.25615776134282942 49 4582 39 4562
954 39.21991263925996 19.183980247559411 190.90646607055487 13 2 1 0.15119164578189204 49 4578 39 4563 40 4558
955 -32.749976751119533 19.957387850154802 198.36809055737419 59 44 6 0.35637648031463393 49 6112 39 4564 40 4559
956 -15.55948887041464 18.101965031080844 187.09671061128654 33 15 8 0.14317911758691607 49 4584 39 4565 40 4560
957 7.8650884328488306 18.030707987528846 189.85971313711568 27 11 17 1.0444998161454588 49 2048 39 4568
958 -14.516370329551265 18.32948117724462 186.75291773331523 117 106 101 0.17427009213917352 49 2065 39 4570 40 4562
959 8.9334481845611649 18.408358723855624 190.28313334258019 47 23 32 0.62241683888119337 49 2062 39 4576 40 4565
960 -3.1719074403076619 18.26851808832571 186.28469101940496 186 152 134 0.044574900867762272 49 4594 39 4580 40 4570
961 -30.550861184925115 20.235727343818745 195.55049089745938 44 33 0 0.13319868914769817 49 4588 39 4581 40 4568
962 -30.550861184925115 20.235727343818745 195.55049089745938 44 33 0 0.13319868914769817 49 4587 39 4582 40 4567
963 44.720638129932595 20.619711992957374 193.92659210987307 49 44 1 0.23976119973901436 49 2068 39 4584 40 4571
964 -23.910589367146621 19.573559390838746 191.54125065119604 141 129 77 0.072075255951099509 49 2071 39 4585 40 4573
965 -22.685298975774447 19.332666124973247 188.95839334339823 148 133 83 0.16241996037411088 49 4597 39 4586 40 4574
966 -22.685298975774447 19.332666124973247 188.95839334339823 148 133 83 0.16241996037411088 49 4598 39 4587 40 4575
967 29.728711865594548 19.334279402101846 189.89323465475772 184 130 88 0.31143331168397614 49 4591 39 4588 40 4577
968 -33.475800720832517 20.66221155553864 196.01750887679276 147 137 86 0.078348983188455637 49 2069 39 4589 40 4572
969 13.818155567956214 18.86375648844243 190.10354150698114 113 90 77 0.14932427539983351 49 6125 39 4591 40 4580
970 49.476128751652183 21.122742919820364 187.61149917208388 47 20 1 0.13606679489680187 49 4608 39 4594 40 4586
971 30.312439951762077 19.968583699963798 190.16267401021994 183 127 86 0.13153738369465376 49 4610 39 4603 40 2043
972 16.45106720259929 19.642545429097861 189.61469944115706 51 31 19 0.77969335682038821 49 2109 39 4605 40 4592
973 20.143257582652065 19.790329628735691 188.99443829958716 47 55 30 0.25595353508318364 49 2116 39 4607 40 4594
974 46.449907078581084 21.667545552022744 190.52598921148964 29 21 0 0.29222493703356672 49 4620 39 4609 40 4599
975 46.449907078581084 21.667545552022744 190.52598921148964 29 21 0 0.29222493703356672 49 4619 39 4610 40 4598
976 -37.889296266818633 22.413610247103502 199.236007332165 50 38 8 0.18888578672947667 49 4615 39 4612 40 4600
977 -15.906105141287957 20.29606271306243 187.85148650977732 174 143 124 0.57566547678966973 49 4636 39 4613 40 2089
978 -33.975093911479178 22.446225280290445 199.44075556945376 148 130 92 0.069897400329608159 49 4622 39 4616 40 4602
979 -23.073440843977288 20.67857835570689 187.32625745897346 77 65 8 0.40127730299482289 49 6144 39 4617 40 4604
980 30.368802867973265 21.835527503835596 188.65882568127978 107 78 39 0.19774271009450387 49 2182 39 4639 40 2132
981 -40.191256672145272 24.21781861435165 200.85333252678953 37 40 6 0.091508827589594902 49 4644 39 4640 40 4627
982 -39.444410406856413 24.107058896566905 199.60797598053909 106 104 57 0.18204068962338771 49 4645 39 4641 40 4628
983 -38.277711426827054 24.099928209752157 201.18774304373892 151 142 97 0.20638490177456714 49 2160 39 4642 40 2127
984 -30.248010272563651 22.994400104423072 195.16403974175969 130 112 70 0.12086816417419029 49 4649 39 4643 40 4631
985 11.603506078317748 20.083452047721977 175.11481446035665 154 108 109 0.54548493696589839 49 2220 39 4645 40 4632
986 29.766887688089607 22.132540021644427 188.1701202291834 119 107 66 0.26958568530695443 49 6172 39 4648 40 6139
987 51.870948196888143 24.102796784657901 188.66368291663977 172 157 114 0.23002551052459597 49 4661 39 4651 40 4639
988 45.139772841231363 23.349146646119166 185.77388181186569 116 121 87 0.17864120776896486 49 4666 39 4654 40 4647
989 45.139772841231363 23.349146646119166 185.77388181186569 116 121 87 0.17864120776896486 49 4667 39 4655 40 4648
990 -35.549632906181138 24.295527087842839 198.01825889922949 206 190 175 0.06266779606881194 49 2199 39 4658 40 4640
991 30.415618501694041 22.509652626874363 187.86601506076227 149 134 101 0.15203632681975951 49 4664 39 4660 40 4649
992 32.007896103611174 22.6108263832025 187.17835515339553 113 73 37 0.55398629223208096 49 4673 39 4663 40 2166
993 50.524076043124445 24.629885377492378 188.22114208705781 52 35 10 0.73480419999032165 49 2226 39 4668 40 4655
994 56.026255143266596 24.58620745503223 177.96820778239237 147 128 71 0.4068455822837827 49 4682 39 4671 40 4662
995 -35.23472815974543 24.781897320280041 197.33015878415259 41 30 9 0.20186940188374836 49 4671 39 4674 40 4657
996 25.964611810545577 22.848158863145649 186.93046155410042 69 79 42 0.12501874524009796 49 2243 39 4677
997 18.841118418513783 22.614354361191552 186.50446807358898 66 75 48 0.36469822723551376 49 2247 39 4678 40 4664
998 -35.82767251128778 25.158948383562226 197.92621823243624 31 15 3 0.10270250384167523 49 4676 39 4679 40 4663
999 -35.824865037049051 25.15769169626483 197.92401701778309 31 15 3 0.11258776993187192 49 4677 39 4680
1000 32.331379451886484 23.428671699794108 186.701752768977 118 90 68 0.28216976955104828 49 4681 39 4681 40 4666
1001 -36.286878216745798 25.804727256890381 197.64794475344686 165 144 129 0.16439503905036967 49 4680 39 4688
1002 34.434992327622993 23.969191333757397 186.54792265613509 130 89 84 0.362770223153277 49 4693 39 4689 40 4669
1003 34.434992327622993 23.969191333757397 186.54792265613509 130 89 84 0.362770223153277 49 4694 39 4690 40 4670
1004 2.2625812215413812 22.297349307620852 177.45416076010648 58 34 10 0.16869503636749075 49 4710 39 4693 40 4673
1005 35.021029658423153 24.076417821539199 185.58360115051278 57 14 6 0.57552613431725719 49 4696 39 4696 40 4672
1006 -9.0470234514887515 23.240123671862683 183.96364082371628 154 124 74 0.11942726620273914 49 4705 39 4697
1007 36.251112535287845 24.606904640365418 187.95740989892874 60 19 14 0.99037573455202565 49 4698 39 4699 40 4675
1008 -20.357705563996646 24.235735000367452 188.20126269549192 75 68 37 0.28453997663709146 49 4703 39 4700 40 4677
1009 -36.412322244222381 26.537179174659251 196.68315500114593 155 128 122 0.088249102308270364 49 4700 39 4705 40 4682
1010 55.240035497364502 26.208174659779949 179.47256628451322 76 64 0 0.13963144935969371 49 4714 39 4706 40 4684
1011 1.8381457457313266 23.074443619990937 177.16310809628797 53 35 0 0.16990330538443035 49 4725 39 4709 40 4686
1012 39.092407634404339 24.938729708309335 180.83098376438133 152 104 102 0.29337644269752472 49 4724 39 4711 40 4691
1013 -21.860984532370818 25.336796730906311 189.51410908862863 18 19 1 0.33356147728573909 49 4716 39 4713 40 4692
1014 -35.604127479378477 27.168077366981574 195.76599615323627 123 111 83 0.29028516700361301 49 4715 39 4715 40 4694
1015 -5.9270217847225082 24.435284135507832 183.67322881406477 127 109 79 0.11208587457490937 49 4731 39 4717 40 4699
1016 4.1413740885697266 24.310488589890866 180.79541839853437 15 8 8 0.20568150127959406 49 6201 39 4722 40 6180
1017 -44.596560688634163 28.77557842270194 197.82217619852725 48 46 3 0.047670445423597163 49 4728 39 4725 40 4703
1018 2.1935128178127443 23.572203673854581 173.33021753691492 26 10 0 1.0258826431839509 49 4755 39 4726 40 4707
1019 -21.908554259808358 25.936981695790845 187.64193063615159 46 51 31 0.5091556256100892 49 6200 39 4727 40 4705
1020 -27.114688426733078 26.552131206929626 186.91234094752684 172 117 65 0.41506099898609267 49 4753 39 4732 40 4710
1021 56.66622352917868 27.967072277890175 176.92517799805157 107 99 64 0.19127269889641715 49 4760 39 4733 40 4715
1022 56.66622352917868 27.967072277890175 176.92517799805157 107 99 64 0.19127269889641715 49 4761 39 4734 40 4716
1023 30.586807986417419 25.413214558955978 178.07240148610802 101 60 67 0.61761587660463435 49 4759 39 4735 40 2305
1024 -32.022123296922857 28.002493936806964 195.04012955898995 41 27 2 0.13354152050842216 49 4744 39 4736 40 4717
1025 9.8563618349242734 24.848027909229387 178.8333852600438 183 110 93 0.29721022606701702 49 4767 39 4737
1026 -25.495415005597046 26.506206623918015 183.98851161726657 148 105 62 0.16864937001920458 49 4765 39 4739 40 4719
1027 -7.1517262132373798 25.885998249551843 185.40460895241793 36 22 2 0.10556686592634822 49 2381 39 4740 40 4720
1028 36.270676099198973 26.215707031844801 177.57708907265584 111 39 43 0.3655566497449998 49 4778 39 4746 40 4727
1029 -46.192163659255264 29.562271269651156 191.64294164602867 203 139 138 0.13914995482121115 49 4763 39 4752 40 4731
1030 4.7945956994629588 25.340984653865497 178.69103919999245 69 54 45 0.23160785930926156 49 4783 39 4754 40 4734
1031 30.491684492771959 26.231841904903547 179.31129246041527 94 52 59 0.34343224369087211 49 2409 39 4755
1032 -25.663339037257785 27.441144260883604 185.2745912066606 73 31 2 0.31015326497664808 49 4784 39 4763 40 4742
1033 -40.141240793200048 29.905621582656096 196.53007884691027 108 105 80 0.22011502657593296 49 4773 39 4766 40 4740
1034 2.3931007802685653 25.945989064606021 179.50342303307878 26 12 0 0.22584920002823147 49 4791 39 4767 40 4744
1035 -40.857206894653594 30.379449838593171 196.40820144924137 91 83 73 0.14991723254051439 49 6221 39 4770 40 6216
1036 36.290232581365032 27.410293085657425 178.62921171422781 121 60 44 0.24646102811773427 49 4802 39 4771 40 4750
1037 -32.629261710541734 29.446374176325964 192.99860969162316 108 111 79 0.11051051784725678 49 4786 39 4772 40 4748
1038 -25.650720324074669 27.792818688087443 183.65758437169117 95 49 9 0.52793584792302006 49 4797 39 4773
1039 43.813945802955985 27.977723256631268 176.07383223690181 190 99 107 0.18126646857365 49 4809 39 4775 40 4752
1040 2.9654493610077832 26.485678182833293 178.82618116841098 129 115 94 0.24699307742300491 49 4807 39 4777 40 2377
1041 5.1117480402583011 26.549303418647323 178.81022578543497 190 167 153 0.06633074150076583 49 4808 39 4778 40 4756
1042 -16.359977186711735 26.794017451488216 177.34864816407583 104 46 9 0.39079011475715864 49 4812 39 4781 40 4753
1043 19.528190267616839 27.218327534399677 180.48980753314615 78 47 28 0.16108929200563563 49 2443 39 4782 40 4759
1044 41.610996793157476 27.919241609794707 175.43141831775603 114 47 38 0.56078311633232947 49 4818 39 4783 40 4760
1045 36.172620864733368 27.61478734963671 175.90862239560673 134 76 52 0.31233483912161708 49 2455 39 4786
1046 17.417291145885077 27.124401111544994 179.57010749067493 171 149 131 0.13562936440455567 49 4817 39 4788 40 4762
1047 37.06902475650157 27.889039087300425 176.84230659724713 184 126 104 0.16961800013091022 49 4820 39 4789 40 4763
1048 30.153477309549459 27.64638713636845 178.29976121182725 67 46 46 0.74218766131326408 49 6239 39 4790 40 2404
1049 51.653381232661168 29.469934376659872 175.13095544385229 47 23 27 0.53862476103897428 49 4832 39 4794
1050 -26.5831969134472 28.722478827265835 184.15981627943665 103 60 8 0.40804881986364466 49 2452 39 4795 40 4764
1051 -43.988689164053127 30.891542033393009 188.60544345893848 61 4 12 0.15661793920045378 49 4816 39 4798 40 4769
1052 53.831009379744089 29.655479329489523 171.89982079621768 224 192 178 0.25726289557699678 49 4841 39 4803 40 4774
1053 53.625918203990011 29.813879382888363 172.6872490430836 64 28 15 0.24212659144990578 49 4844 39 4805 40 4777
1054 53.625918203990011 29.813879382888363 172.6872490430836 64 28 15 0.24212659144990578 49 4845 39 4806 40 4776
1055 -33.698819337174641 30.117382914856496 188.09660818958179 56 51 46 0.4425057366995499 49 2458 39 4809 40 2416
1056 -3.1484337345186315 27.887752164173044 181.06581880498791 29 24 4 0.16679891193983057 49 4836 39 4810 40 4783
1057 6.0713774275359302 27.484256818627703 178.72239700038185 89 65 58 0.15371568737812066 49 4837 39 4811 40 4778
1058 6.0713774275359302 27.484256818627703 178.72239700038185 89 65 58 0.15371568737812066 49 4838 39 4812 40 4779
1059 29.264637253811387 28.257907991047464 179.28848714297047 57 29 24 0.67360783627026866 49 2467 39 4813 40 4780
1060 49.158482787457096 29.789775553732611 174.22709051679277 143 106 108 0.13744524882900835 49 4857 39 4816 40 4789
1061 17.38984568773045 28.017072918014748 178.4735199738713 108 88 68 0.40314509641867113 49 4852 39 4818 40 6241
1062 -4.0252643582240388 28.976318101806438 181.74482724888009 59 52 25 0.26689526472707897 49 4861 39 4825 40 4795
1063 2.7698444446506425 28.851440342425203 180.16348235722839 16 7 1 0.074208204713683903 49 4867 39 4830 40 4796
1064 42.093742193138858 30.222903467193447 176.11718331251436 131 59 38 0.12934121528747533 49 4873 39 4835 40 4799
1065 -49.422524215450117 34.116651937228951 193.7133928422889 89 9 2 0.35026078280809653 49 4860 39 4836 40 4800
1066 11.939885976328783 27.522229396310415 167.60330550642354 159 152 93 0.268501723782262 49 4886 39 4837 40 4802
1067 26.085499462157969 29.512359439136414 178.23530942492795 156 138 137 0.063683448136572562 49 2522 39 4838 40 4803
1068 -34.49349564309987 32.451166999150921 190.33611666880532 21 14 8 0.17389905469252231 49 6264 39 4841
1069 41.047322792132682 30.641098913507211 176.61526128543369 151 97 75 0.12239920424401536 49 4880 39 4843 40 4806
1070 47.770129717098619 30.679736086485718 171.30374168293514 226 171 167 0.10209785513173046 49 2542 39 4844 40 2508
1071 -25.927227689290994 30.813791259686159 181.97702591873269 189 143 84 0.17370969965412728 49 4879 39 4845 40 4810
1072 5.3971359878741829 29.546090289726092 178.87062158327066 49 21 15 0.41397763192122622 49 4883 39 4847 40 4812
1073 41.261055479645229 30.663312336284076 174.58084211390894 160 100 79 0.34541585518867918 49 2546 39 4850 40 2521
1074 47.625659579556405 31.096391347850059 172.05675124858575 184 131 119 0.097904739249046011 49 2560 39 4852 40 4814
1075 43.547312009535908 31.312849645026159 176.32373540188991 198 179 140 0.26605310770327101 49 2550 39 4854 40 2526
1076 5.0064444930968701 29.999161654105862 178.73878241293275 180 130 128 0.12079053169550565 49 2557 39 4856 40 4816
1077 12.278487049602537 28.243296334182904 166.87648461789877 132 138 70 0.085462622220896581 49 6285 39 4857 40 4817
1078 13.183598088564198 27.878811302880408 163.91501393107345 131 121 79 0.12671124053806929 49 6291 39 4859
1079 52.278576321668403 31.800926311886869 169.11170077456916 144 97 103 1.4587586637704912 49 4905 39 4860 40 4820
1080 -2.4070837673538916 30.174516188348989 179.28499149723902 32 25 1 0.29713376949628617 49 4891 39 4861 40 4819
1081 51.733858887981633 31.927560164217379 169.79645008252044 110 66 58 0.41214708150673629 49 4904 39 4862 40 4823
1082 14.706558146827675 28.559642432011515 166.53255691301655 82 77 24 0.29720611217736209 49 4919 39 4863 40 4826
1083 29.967100238015142 30.988035370062665 178.43897065579765 33 23 11 0.68228236675236076 49 4896 39 4866 40 2538
1084 36.880216203410015 31.344122739188784 176.78712439533285 172 137 110 0.13673676505184484 49 4900 39 4868 40 4827
1085 -0.08661084148702132 30.45032405526598 178.22652660953943 29 18 0 0.28583008417451744 49 4902 39 4870 40 4829
1086 43.898873222004063 32.233524485991722 176.87819341914297 59 51 15 0.11181279060780352 49 4907 39 4872 40 4832
1087 -26.36642671699283 32.096221208450693 182.44576100439076 168 138 72 0.19439814680616149 49 2578 39 4873 40 4833
1088 -26.36642671699283 32.096221208450693 182.44576100439076 168 138 72 0.19439814680616149 49 2579 39 4874 40 4834
1089 0.36469005778676222 30.544497508336661 177.65587340179761 140 128 99 0.14390419078755787 49 4909 39 4876 40 4836
1090 0.36469005778676222 30.544497508336661 177.65587340179761 140 128 99 0.14390419078755787 49 4910 39 4877 40 4837
1091 1.3304403220903334 30.540110726978305 177.468298484548 101 90 57 0.25091100193157306 49 4911 39 4878 40 2558
1092 14.336539003368522 28.982242741360935 165.57101090916302 107 103 52 0.34271227500144835 49 4932 39 4879 40 4842
1093 51.98519992470532 32.653866397917916 168.96820623934394 225 181 169 0.50916081082093845 49 4930 39 4883 40 4845
1094 6.1250198723464999 31.057217162391563 178.97899893300408 42 21 19 0.23087093011447371 49 4918 39 4885 40 6281
1095 -49.674679516622781 35.125813685489483 183.4454518861935 179 148 97 0.81932590255630178 49 4923 39 4888 40 4846
1096 -3.1906970585068528 31.312983528218119 179.68256173538666 129 113 71 0.38726583101185136 49 4925 39 4890 40 6282
1097 54.636874526112749 33.275326374892202 168.00224474740125 134 108 104 0.19434869026500534 49 4936 39 4892 40 4850
1098 14.057966165663377 29.598595943150418 166.83477338665799 47 44 2 0.086874031184498754 49 4938 39 4897 40 4853
1099 -37.984444991764654 35.411440617000103 192.30955360782252 25 25 33 0.084059726804363966 49 4917 39 4898
1100 42.027880671731126 33.183555590559322 177.80839737983462 82 63 40 0.41766214664418283 49 4933 39 4900 40 4857
1101 11.958676936044778 29.7856290735123 165.56178853821064 135 134 73 0.48551176995320339 49 4951 39 4902 40 4858
1102 -30.925406817460203 34.378335290180544 187.04708666939374 21 9 0 0.16306650868985678 49 2624 39 4903 40 4860
1103 31.522703291971617 32.288718805352474 176.06916189684964 16 8 1 0.12335719309545003 49 4939 39 4904 40 4861
1104 39.637666827899146 33.266878325905729 177.71289839128102 71 42 22 0.24007459043414481 49 4940 39 4905 40 4862
1105 43.285241298347906 33.462277500047016 175.7985178004933 120 118 71 0.25692214693791571 49 4947 39 4906 40 2611
1106 -50.578741831310339 35.711920780693241 179.92491078924303 110 89 46 0.18217646561580339 49 4941 39 4907 40 4863
1107 -42.315349644244655 35.474544132271483 186.56232789104482 48 13 29 0.23801647246842758 49 4934 39 4908 40 4859
1108 -22.42916509113827 32.70752347734053 178.61898547381458 114 102 74 0.28928448944120189 49 4944 39 4909 40 4866
1109 4.5102836411171872 32.367309227437396 179.84456204268861 45 24 20 0.20685621636550955 49 4945 39 4914 40 4869
1110 -33.142278171270554 35.21650316101784 188.52273908413156 20 7 4 0.53438372153202007 49 2648 39 4916 40 4872
1111 -33.605285570733756 35.632010978126047 187.73374432780014 38 30 6 0.56493552109808087 49 6310 39 4928 40 4886
1112 -33.605285570733756 35.632010978126047 187.73374432780014 38 30 6 0.56493552109808087 49 6311 39 4929 40 4887
1113 14.178398197131781 30.949379369138118 166.2959602992992 30 29 0 0.45408654694047046 49 4974 39 4930 40 4891
1114 15.899886877751246 30.768974223316782 165.17087754768329 45 42 0 0.13359372575675163 49 2706 39 4931 40 4889
1115 14.906947735073809 30.95293686302794 165.35372435918802 40 47 0 0.072442180732448846 49 4979 39 4933
1116 -42.971205683272132 36.959867358817995 188.35132274911621 76 55 74 0.19747510755256928 49 2678 39 4934 40 4892
1117 -30.057740547095939 35.713421776237851 187.51190099915976 18 13 7 0.3582029250346454 49 2685 39 4936
1118 -34.990083784223977 36.413056890933113 188.71732217943659 62 53 46 0.10891053637217041 49 4955 39 4938 40 4896
1119 23.608540342900394 33.429735851463157 177.00419068841677 73 63 53 0.26998472893105324 49 4970 39 4940 40 4898
1120 23.608540342900394 33.429735851463157 177.00419068841677 73 63 53 0.26998472893105324 49 4971 39 4941 40 4899
1121 -3.2592488491541118 33.305322085821977 178.46995425955618 87 63 32 0.33980823396219506 49 4969 39 4942 40 4897
1122 -3.256818815180726 33.40215001410305 178.89812349036163 87 63 32 0.13957488883170702 49 4968 39 4943
1123 28.415765889558035 32.959759603614167 171.66008903573484 42 3 0 0.20127206942029227 49 6331 39 4945 40 6318
1124 41.351514687939037 34.698608792466679 176.03850324978634 27 15 3 0.20808722830170012 49 4975 39 4946 40 4906
1125 -41.318104066076039 36.972011529188826 186.74193080070285 75 70 86 1.0566308789682539 49 4965 39 4949 40 4905
1126 1.9908567716997241 33.961353832317272 179.74194177572491 53 43 31 0.24982321488873094 49 4978 39 4955 40 4911
1127 -53.327001402793222 38.563009661103401 178.59236372328166 120 107 75 0.16006349355201346 49 4990 39 4962 40 6331
1128 -45.469654359201968 38.40854845617887 186.50893696420175 101 28 39 0.21691840465517168 49 4983 39 4963 40 4920
1129 52.908182988540283 36.440917770830161 169.56676683941851 158 131 99 0.15779262511172254 49 6353 39 4967 40 4926
1130 27.490714538803026 34.323540036091366 173.48741747214459 46 3 1 0.37534662741715402 49 2763 39 4969 40 4931
1131 36.183997568918471 35.229278680555204 175.45565392038046 24 20 2 0.19686454495897851 49 4997 39 4970 40 4925
1132 36.183997568918471 35.229278680555204 175.45565392038046 24 20 2 0.19686454495897851 49 4996 39 4971 40 4924
1133 -31.700113238370914 37.528653430184313 187.4770368657791 50 45 6 0.17532563203543508 49 4986 39 4975 40 4934
1134 24.267687056827587 34.802535112163824 175.92640809865503 23 11 0 0.079556867355337055 49 5001 39 4976 40 4935
1135 7.1599381532166726 32.183894716651814 163.13470563649707 104 40 4 0.11505438700281161 49 5023 39 4979 40 4939
1136 50.932232153878807 36.834990252553126 171.30437848922466 236 206 180 0.51785734805471029 49 5010 39 4980 40 4940
1137 -0.91648309693194108 34.884964685625192 177.83081064760566 19 9 0 0.26511494714616735 49 6356 39 4983 40 4938
1138 0.20008479694335404 35.014324424869152 177.63207612893279 16 7 1 0.41632769672433734 49 5006 39 4985
1139 52.98272734727832 37.34215702684525 169.56486923493284 228 201 167 0.35840229250985645 49 5026 39 4988 40 4946
1140 -43.964628454358724 39.451247699890388 185.44860193028941 71 51 70 0.16004790266304234 49 2786 39 4993 40 4951
1141 -43.964628454358724 39.451247699890388 185.44860193028941 71 51 70 0.16004790266304234 49 2787 39 4994 40 4952
1142 -30.178098186397314 37.886600897101324 184.4409852650754 77 69 35 0.15911235090933476 49 5013 39 4996 40 4953
1143 4.657131763658632 35.566599072408287 177.63185422940097 104 93 56 0.089559159776896199 49 5022 39 4999 40 4958
1144 54.40881429753459 38.571339852819925 170.5265330007407 208 180 154 0.1492342002780235 49 2833 39 5004 40 4966
1145 52.264487555971428 38.380054723335626 171.86469910757586 192 160 128 0.72028036308117738 49 5035 39 5006 40 4965
1146 -52.474977801936255 40.830552884430325 178.78400058564358 68 53 4 0.30535337577148663 49 5040 39 5012 40 4976
1147 -51.906567109864099 40.881780432952525 179.39947761936071 49 37 0 0.48885989447474004 49 6381 39 5016 40 4977
1148 -43.758148219908499 40.667238137968496 186.40253821257323 86 84 96 0.20521322128296179 49 5033 39 5017 40 4979
1149 26.576954914448308 36.197964573955673 171.46133550664362 171 139 90 0.063628245777447093 49 2866 39 5019 40 2827
1150 26.226972143430853 37.175009842008606 175.41783275788634 43 26 0 0.13636439530066749 49 5056 39 5026 40 4991
1151 -51.920278427530725 41.629465573204705 180.73689361213843 90 81 50 0.26342252799606897 49 5052 39 5027 40 4989
1152 -2.2662163389084107 37.811909971479238 176.66586077683618 106 79 60 0.27616369865280416 49 5074 39 5049 40 5013
1153 -48.376446243031666 43.484520724753551 189.78878995895525 209 185 178 0.26370722144195297 49 2887 39 5051 40 2879
1154 -48.620344752330681 42.819917520487742 184.05143246405206 170 149 138 0.38548282698541891 49 5080 39 5055 40 5022
1155 12.90930976236327 35.868855582066956 164.71145273584983 68 71 11 0.22866288124322121 49 5119 39 5056 40 5024
1156 24.482162794763568 38.425311866969786 174.0013758834979 25 18 5 0.7198723710179511 49 2938 39 5067 40 5035
1157 -0.86792240176026925 38.476545533512898 175.95264978837886 63 50 32 0.10776548720799876 49 5111 39 5069 40 5041
1158 5.0448429412298976 37.054125740785913 169.14512719144585 94 32 2 0.23376122534930044 49 2953 39 5071 40 5038
1159 -46.920509954555719 43.839255972462759 186.55330087813167 17 0 5 0.19704960849079997 49 2933 39 5076 40 5044
1160 -20.743685904695848 37.88623435002971 168.79953388283406 55 36 20 0.34333074114735312 49 2963 39 5080 40 2940
1161 22.626706713636974 38.808217615620386 174.02340070093905 27 14 8 0.24047114990143761 49 5125 39 5082 40 5050
1162 15.479961040005648 37.000030966632877 164.45162220308401 29 28 6 0.37886466760596127 49 5149 39 5094 40 5059
1163 -53.966279386931447 44.902062604897665 181.5854207232573 81 72 45 0.062643550043701104 49 2962 39 5095 40 2950
1164 -1.8056585802338292 39.726258198603745 177.76008576572767 23 11 1 0.22769446989059122 49 5137 39 5105
1165 -54.188866409075438 44.952132843709443 180.38430720566743 47 34 2 0.24211976299101556 49 5136 39 5106 40 5065
1166 6.501036372464414 36.566827585634407 161.52710718452056 101 26 0 0.82747872945413758 49 5167 39 5110 40 5070
1167 -30.653303150336697 42.402487334379593 183.96648604924738 197 178 182 0.10840615123967329 49 5133 39 5112 40 5068
1168 -24.539674110262514 37.869761933850626 161.33655524492781 66 57 10 0.53742314248503686 49 6452 39 5120 40 5084
1169 -2.0720685168675765 40.300929759746076 177.19106439881224 71 55 36 0.12149326778825646 49 5150 39 5121 40 5079
1170 23.757697754147326 40.112036226091767 173.42902066247888 64 55 36 0.28839762211747599 49 5156 39 5124 40 2985
1171 6.9444759623035699 37.599715209788826 163.25059452666201 209 142 91 0.41289866065062214 49 5182 39 5125 40 5087
1172 19.838498379270032 40.128032019694196 172.86608661643456 19 6 1 0.29313891717167506 49 3011 39 5128 40 2996
1173 -47.797315347325046 47.04843598950832 189.32103588548338 18 2 3 0.075370180174609488 49 3006 39 5144 40 5109
1174 0.80034988556526299 41.120472485628639 176.45817615590127 23 11 0 0.34521399105228645 49 5181 39 5146 40 5111
1175 25.033307429178677 41.522890168368214 170.89249230328767 92 83 64 0.41949975570887382 49 3075 39 5161 40 5130
1176 -49.503083387445713 47.272550310725293 181.20260691164984 91 82 67 0.31240847835133151 49 5210 39 5165 40 6457
1177 -3.4936849915669237 40.294737097469678 165.09784887264837 40 27 4 0.1964932699388395 49 5237 39 5176 40 3096
1178 19.492452761950641 42.413841931039116 172.33675180132664 31 8 7 0.48620493406251369 49 5224 39 5181 40 5150
1179 20.94645483532377 42.429064805459319 172.2145687511937 101 81 70 0.2028356541997155 49 5226 39 5182 40 5146
1180 20.94645483532377 42.429064805459319 172.2145687511937 101 81 70 0.2028356541997155 49 5225 39 5183 40 5147
1181 23.170658944947309 43.025677843528747 172.10242566821685 31 15 0 0.1978564659790969 49 5240 39 5189 40 5155
1182 -21.778255165171377 40.725387901261918 160.37429756607517 51 47 1 0.55775873991695024 49 5253 39 5201 40 3134
1183 22.163349307310781 43.390993771171068 172.56855101273638 94 71 60 0.23054333134365809 49 5245 39 5202 40 3138
1184 -14.164172277397036 42.029332607393926 166.71501040986021 187 125 81 0.21178747352184948 49 6526 39 5205 40 6499
1185 -6.0195003398383902 41.859670412721258 164.99327390790592 139 122 99 0.21008083856390991 49 6534 39 5211 40 5180
1186 22.146780334212238 44.077633923353297 168.92193618324109 33 18 9 0.33909245406592375 49 5269 39 5222 40 5193
1187 -15.719963888469783 43.647227729895732 167.75831078868518 66 7 0 0.48578931533308084 49 3198 39 5223 40 5191
1188 -48.220434493981628 50.916312635647685 182.86191450974658 49 36 31 0.64466844740349372 49 5266 39 5225 40 5194
1189 22.784317957612533 44.687529163092179 169.85074113926456 62 49 38 0.049578151358048099 49 5276 39 5227
1190 -32.971587382010398 48.813893809012129 182.9286494354063 62 40 19 0.18498289500683937 49 5267 39 5229 40 6538
1191 -2.7255207916419217 45.728808107063095 175.88689305070329 22 6 2 0.15443740097356301 49 3199 39 5231
1192 -44.900835261673855 50.101925730219705 179.75308804077488 40 27 6 0.12203953851411675 49 5272 39 5233 40 5207
1193 52.231578319133057 49.985349198572479 168.32931390679883 55 41 14 0.18073549247392048 49 5303 39 5253 40 5233
1194 -54.200058310888814 54.471728361184752 183.90624224600182 19 15 0 0.26517093459601998 49 5292 39 5254 40 5230
1195 19.638367826051834 46.686653689846956 172.18903266872599 33 17 9 0.1188820220222692 49 5305 39 5261 40 5238
1196 20.524835063740117 46.231534201972529 168.37290167073093 14 5 0 0.51729330564616938 49 3279 39 5267
1197 -43.559777662201164 52.491876678431254 180.0354625700266 57 27 3 0.14655607132632117 49 5312 39 5269 40 5249
1198 23.866863020878696 47.435098323732007 170.40001238916574 37 31 22 0.36709472320769571 49 3290 39 5270 40 5250
1199 -50.601277275715411 54.646568597963181 181.82716920551673 78 68 58 0.31480902513238346 49 6568 39 5271 40 5251
1200 -44.144947224694995 52.620311988108675 179.42438731361332 133 110 82 0.14195286728743023 49 5317 39 5272 40 5252
1201 -43.094139242509037 52.56382778825968 180.17972368871835 175 142 115 0.13733733108670157 49 5314 39 5273 40 5253
1202 -50.567356686185697 55.517550622484166 181.91049783566046 4 0 0 0.23028746767907285 49 5331 39 5292 40 3298
1203 -15.008312147036813 -23.261396401506168 207.33994011678601 202 185 175 0.19320125709127015 49 5527 39 5478 40 5439
1204 -17.23841139822942 -21.512186000791928 207.16033741242452 237 210 190 0.26971663094502102 49 3640 39 5506
1205 -11.284302416908696 -19.867920585730854 208.54085871908495 59 64 74 0.18328904750171129 49 5597 39 5550 40 5507
1206 -15.403889133582396 -18.796274243861689 208.59711358361258 187 165 147 0.12901254809271315 49 6754 39 5562 40 5527
1207 -11.363246465367608 -19.081770648780889 210.05312894859091 69 74 82 0.22163967041829161 49 5608 39 5569 40 5530
1208 -11.90701659631533 -13.7457657004366 210.20623403262306 72 77 87 0.31583992729383442 49 5680 39 5648 40 5620
1209 -10.742875336290631 -12.54974463459371 206.33184535275876 207 168 167 0.18297192316008329 49 3924 39 5659 40 3855
1210 -11.04149418860246 -11.819759454194372 203.73797228192043 59 35 36 0.56000939514603587 49 5698 39 5668 40 5643
1211 -11.04149418860246 -11.819759454194372 203.73797228192043 59 35 36 0.56000939514603587 49 5697 39 5669 40 5642
1212 -13.609396901542633 -11.770483209662835 206.62069281217228 250 223 207 0.16491099757894867 49 5695 39 5670 40 5645
1213 -13.609396901542633 -11.770483209662835 206.62069281217228 250 223 207 0.16491099757894867 49 5696 39 5671 40 5646
1214 15.594540603787355 -11.577887296747468 202.78832198986279 203 186 175 0.20297333311945573 49 5703 39 5678 40 5652
1215 -3.5462187170414894 -11.195003897247048 206.05218199245391 204 186 171 0.31990276766624159 49 5715 39 5684 40 5659
1216 -3.5462187170414894 -11.195003897247048 206.05218199245391 204 186 171 0.31990276766624159 49 5716 39 5685 40 5660
1217 -22.825245532825647 -10.497958545272979 210.11144342121273 216 184 173 0.39666454644632387 49 3960 39 5687 40 3898
1218 -13.224624897475728 -10.651818461914855 205.33027678580495 172 147 123 0.10188576070880521 49 5720 39 5688 40 5663
1219 -22.02320829788323 -10.311087754088868 208.76959018764117 217 192 186 0.28844741059428064 49 3967 39 5693 40 3900
1220 14.901467398687103 -10.478488825970032 202.1779931729275 251 225 205 0.072178528413627388 49 5724 39 5694 40 5669
1221 -0.67262566864310136 -11.053587069114355 211.36330406995458 220 208 191 0.59004852202032787 49 6854 39 5695 40 5671
1222 -11.295548242126568 -10.024618990983301 207.3187029947978 225 193 168 0.26687494741615242 49 3988 39 5702 40 5680
1223 1.4558419740935407 -9.5833882792737288 201.69672894231394 192 171 160 0.20746025387193864 49 5743 39 5709 40 5689
1224 2.2156530579536518 -9.2149194950374937 201.53933775631415 198 182 165 0.32812112093930984 49 4017 39 5712 40 5692
1225 -12.323034725861735 -8.9353951981999877 205.85366489402074 236 206 178 0.40595575042796211 49 5746 39 5714 40 5693
1226 3.1433517328898346 -8.8566529619928964 200.58806711169413 213 192 165 0.091956669028749938 49 5753 39 5715 40 5695
1227 -8.2334130933455985 -8.7157665870958159 203.52309604422226 237 208 188 0.30462979904647525 49 5751 39 5717
1228 1.9246287256825707 -8.5284374674661834 201.50777179281715 65 46 48 0.10760427859611281 49 4030 39 5723 40 3971
1229 4.8769147302161606 -7.8482037026394842 199.17007628434413 202 187 167 0.036753763537447005 49 5766 39 5728 40 5706
1230 5.7117580374871793 -7.4051641089781137 198.76928576878038 220 200 193 0.12270950056336387 49 5769 39 5734 40 5712
1231 -0.58447971600880844 -6.9901225251720378 194.55335977983921 41 9 12 0.094018241056755658 49 5775 39 5737
1232 6.4920669370065971 -6.9483095068674947 197.74235071495519 200 183 173 0.088046106003287161 49 5776 39 5742 40 5716
1233 17.882538478993506 -6.4580791685466075 197.48486588010437 167 154 149 0.2079126042148669 49 5777 39 5744
1234 15.621027245705957 -6.385310663843363 196.37471954783894 186 177 171 0.90343960319997407 49 5782 39 5749
1235 19.014801324460311 -6.3698673586981407 198.97300836774727 56 45 49 0.28539325411216293 49 5780 39 5750 40 5725
1236 -19.355201628932925 -5.8353893821442089 210.52163855453523 228 199 177 0.13372852292882922 49 5781 39 5759 40 5730
1237 0.21391765735484505 -5.7593266514595518 195.07741947401851 33 8 9 0.082480440711583461 49 5791 39 5760 40 5731
1238 -10.058293555088692 -5.6773948964368586 206.72866900255303 244 213 192 0.22469198020836323 49 5787 39 5761 40 5735
1239 -6.2474202002342567 -5.6685247170670419 202.41724425581833 152 121 98 0.13327802783509526 49 5789 39 5762 40 5733
1240 6.3840071097524449 -5.2595465916253037 196.77138616497646 45 41 42 0.15653461450345815 49 5793 39 5765 40 5739
1241 -23.572700938876487 -4.6866453461502999 211.39701018721817 43 17 5 0.16382064352334405 49 5792 39 5766 40 5742
1242 -12.983242670718839 -5.0646099648081391 206.67448220534752 26 13 9 0.10870085973955927 49 4100 39 5767 40 4044
1243 9.9881562750125443 -4.9113269883356105 194.03639828476759 237 216 205 0.05137106788188462 49 5797 39 5768 40 5743
1244 -12.139791745502015 -5.0431332333833554 207.11800412055828 41 14 9 0.1402429777676831 49 4103 39 5770 40 4049
1245 21.619536712832588 -4.330291031287409 201.50738242141585 93 93 103 0.16506492234619213 49 5798 39 5774 40 5750
1246 9.92184660843267 -4.0543625469015208 194.44163473856801 75 46 45 0.12451844608551166 49 4124 39 5778 40 5754
1247 -6.4736047168908204 -3.6889760532603248 202.48798006411801 250 225 204 0.52627350429645425 49 5806 39 5782 40 5757
1248 2.7490679649161436 -3.4951157022571504 192.07712778087208 241 205 191 0.14898229639440527 49 5811 39 5783 40 5756
1249 22.134709154368196 -3.1972840638915505 202.93342010925693 52 52 62 0.11410591442015032 49 5809 39 5787 40 5760
1250 3.6901056241532522 -2.9940224874890675 192.85069046327965 243 195 177 0.085767208833187017 49 5813 39 5791 40 5765
1251 -19.606256990461898 -2.7190097496215526 210.05232886270446 189 159 133 0.40933005030724229 49 5810 39 5793 40 5764
1252 16.981302839964666 -2.7217373907990692 198.23745467395398 38 38 46 0.3371686116308516 49 5814 39 5796 40 5770
1253 -10.960657528203043 -2.8007365092495373 207.76478611767453 243 210 185 0.27589546231576034 49 5812 39 5799 40 5769
1254 -4.0527713509118959 -2.6380462901353758 199.79019503517554 30 1 0 0.27963802080105049 49 4146 39 5801 40 5771
1255 -3.5233823449504791 -2.4450913737855267 198.80180755732204 227 193 171 0.15070438072674552 49 5822 39 5802 40 5774
1256 5.1120506873755414 -2.2880417763456977 190.08696782090394 233 199 180 0.083583023060324224 49 5826 39 5803 40 5775
1257 20.86165190909179 -2.3274810828898223 199.63605769937593 56 54 62 0.17776243675741454 49 5820 39 5804 40 5776
1258 0.43001498241283814 -2.2766504383260888 195.00871047468027 239 210 192 0.16574244005071406 49 5824 39 5807 40 5777
1259 21.609317854933359 -1.8814371755942956 200.95993836925757 99 99 107 0.066901049710918037 49 5825 39 5809 40 5782
1260 -1.0987109626778802 -1.8812033347242243 197.85013897756363 247 222 194 0.13087641856076349 49 5830 39 5812 40 5783
1261 19.375423828372522 -1.4466239384345254 200.11422044995808 78 76 84 0.1560019977468329 49 5831 39 5817 40 5790
1262 13.874371277958577 -0.81872381555355478 195.53625180815729 73 73 83 0.14795287931471934 49 5848 39 5820 40 4131
1263 4.5386684931836951 -0.76628849069250782 190.62947502093894 248 207 191 0.12075027744991396 49 5850 39 5823 40 5796
1264 37.204491948885519 0.66504086989198397 192.59587541997789 36 20 7 0.9216271461792539 49 5854 39 5828 40 5799
1265 37.204491948885519 0.66504086989198397 192.59587541997789 36 20 7 0.9216271461792539 49 5853 39 5829 40 5800
1266 -32.471256971630972 1.0423942364524132 210.40499761713247 59 48 37 0.38577389463976702 49 5847 39 5830 40 5803
1267 -19.490515232712941 0.10739825974982287 211.51781065376809 225 195 167 0.073445016150497672 49 5845 39 5831 40 5802
1268 -4.0464761333561468 -0.11920806839350988 201.04064240852745 178 153 123 0.1114801826188571 49 5856 39 5835 40 5810
1269 -0.59253957128136336 -0.0082075335680235895 197.18662498694187 55 24 14 0.035155722374450943 49 5859 39 5836 40 5811
1270 -0.59253957128136336 -0.0082075335680235895 197.18662498694187 55 24 14 0.035155722374450943 49 5860 39 5837 40 5812
1271 1.4375655366804687 0.024215938531914505 195.57042363720791 247 218 198 0.23997536969761271 49 5862 39 5838 40 5814
1272 -15.372833633371263 0.4589881863002534 210.35535891280841 185 157 128 0.2509082921797679 49 5855 39 5840 40 5817
1273 -4.6390404663510525 0.18569196556747208 202.0374833542096 239 213 188 0.073308971658749222 49 4204 39 5841
1274 20.076555426127449 0.50219827784979831 202.27081719485443 65 63 71 0.19087467485507012 49 4205 39 5846 40 5820
1275 -1.1598049776799153 0.67453897989308109 197.34012194627118 250 229 206 0.065511816419986366 49 5865 39 5847 40 5822
1276 -4.140617694394777 1.0806465609030325 201.84684921983555 241 213 184 0.19147744025406968 49 4215 39 5851 40 4174
1277 12.276588566609716 1.4954614009891944 185.66357023739999 121 96 93 0.32561544802141107 49 5886 39 5853 40 5827
1278 39.473869292622162 2.8427548830201714 191.00471557482877 55 35 16 0.10742382134721418 49 5881 39 5854 40 5828
1279 -22.177352371223439 2.2758692837281522 211.83623646319106 88 17 16 0.30863140366272385 49 5870 39 5855 40 5829
1280 -7.155203897692215 1.6864924033145405 204.5947826353312 173 138 113 0.17687804612136473 49 5874 39 5856 40 5830
1281 -37.455708885252136 3.5954726735997697 208.65023024558042 41 45 43 0.26247696904467349 49 5873 39 5857 40 5833
1282 -37.455708885252136 3.5954726735997697 208.65023024558042 41 45 43 0.26247696904467349 49 5872 39 5858 40 5832
1283 -3.3475133161008586 1.740448220061469 200.1032166188744 240 215 191 0.10092683924453486 49 5878 39 5859
1284 19.496655884955079 2.0287226392263342 200.66882239651082 30 26 35 0.079651905463701503 49 5880 39 5860 40 5835
1285 -22.734166781075437 2.7953012790056109 211.09870931959878 192 140 130 0.17293591260185359 49 5875 39 5864 40 5838
1286 -21.613770310702115 2.7743711780273492 211.70680731980622 167 112 111 0.051416144383346178 49 5877 39 5865 40 5839
1287 -4.3352870328072255 2.2539624365858133 201.71315634759952 219 185 160 0.21001096676066888 49 5888 39 5867 40 5843
1288 17.805304651836632 2.2933287038407184 198.53750503673132 65 65 73 0.19857207791712694 49 5889 39 5868 40 5844
1289 12.391128150936998 2.4362663210016078 187.10691569243903 127 109 104 0.45343227077512194 49 5907 39 5869 40 6986
1290 2.8045945689781062 2.4177456985296253 193.43853799852516 227 193 174 0.18883526201388903 49 5904 39 5870 40 5846
1291 -22.211989669196889 3.2694631071806826 211.43020788451454 69 18 16 0.13381400707259608 49 5885 39 5872 40 5850
1292 8.973372393174186 2.6862417262035905 187.23158732756519 208 171 156 0.10123841972957187 49 5913 39 5873 40 5854
1293 8.973372393174186 2.6862417262035905 187.23158732756519 208 171 156 0.10123841972957187 49 5912 39 5874 40 5855
1294 19.801893595117892 2.8335825129673275 200.59213143394348 55 52 58 0.10220977692409272 49 5900 39 5875 40 5853
1295 -15.575773709481261 3.114518213521881 209.6389387041306 152 127 103 0.60515205107558745 49 5893 39 5878 40 5852
1296 14.543264423367564 3.1794874051678668 197.04291919953292 84 87 98 0.21805459800975058 49 5911 39 5881 40 5862
1297 -6.9141644938538125 3.2097141821281299 207.23922925830882 207 176 146 0.17765787610501529 49 4241 39 5882 40 5861
1298 32.103989941329196 4.1068309345937228 194.07781043452312 135 109 95 0.14034875161562263 49 5917 39 5885 40 5865
1299 39.225940763526602 4.7425408601910917 190.20825998653379 125 103 58 0.83970049645301226 49 5922 39 5886 40 4222
1300 -14.216817040685932 3.9259151147579368 210.43377345232531 161 140 126 0.451372902490005 49 5908 39 5888 40 5868
1301 -2.1811046217310914 3.4786745679773885 199.23440266472841 234 207 191 0.10954599945104111 49 5916 39 5889 40 5869
1302 10.294687740393883 3.5499229031825434 186.81582973938845 154 117 104 0.26095681165318907 49 5924 39 5891 40 5871
1303 20.67753212879315 3.9742031915445875 195.5722057803122 33 32 35 0.33960126311628125 49 4260 39 5894
1304 -15.023416069981197 4.2488224983691163 208.72555874984207 72 51 43 0.12401544057426046 49 5915 39 5896 40 5874
1305 2.1909170237953672 3.9225892916955285 192.90931709880479 235 198 185 0.25927289659150649 49 5928 39 5899 40 5877
1306 31.676209351670668 4.708718709942886 193.77283910610629 99 71 56 0.43629014753717366 49 5925 39 5900 40 5875
1307 9.4195578071717918 4.0462485108318651 187.89590012361055 202 165 150 0.20249819364180147 49 5936 39 5902 40 5878
1308 4.4790103034593898 4.206433395302521 190.74291458892827 212 171 155 0.27663299254396456 49 5935 39 5904 40 5880
1309 6.9133744172768461 4.5232051533886137 189.36707656479894 161 115 97 0.19569771829871926 49 5941 39 5909 40 5884
1310 9.0537857499958889 4.8669382964304404 187.05634239492392 59 22 9 0.036475102949792775 49 5945 39 5911 40 5888
1311 9.0537857499958889 4.8669382964304404 187.05634239492392 59 22 9 0.036475102949792775 49 5946 39 5912 40 5889
1312 -12.805253884822706 5.5701001059668496 209.61273079674785 49 32 24 0.32057584220267837 49 5933 39 5915 40 5892
1313 -12.805253884822706 5.5701001059668496 209.61273079674785 49 32 24 0.32057584220267837 49 5934 39 5916 40 5893
1314 33.836197021745157 6.384650034106456 193.32484539842014 83 60 45 0.30035598129438806 49 5949 39 5927 40 5902
1315 -33.998427927078637 7.6332384804647289 208.17073463344423 125 98 64 0.25027738389755461 49 5942 39 5930 40 5907
1316 -11.251169832918238 6.3159013942184821 208.32799708790202 145 118 84 0.19433487537425598 49 5943 39 5931 40 5908
1317 -40.252571547183727 8.4769774983844854 204.02620916112974 12 9 15 0.62200440740662566 49 5955 39 5939 40 4295
1318 -25.815558612017281 7.3815989483619058 204.20112157493841 39 3 8 0.14305497236838982 49 5956 39 5941 40 4299
1319 30.598379958517054 7.2040527224115785 196.06437589389759 96 72 66 0.17494877663454536 49 4324 39 5943 40 5917
1320 -5.321278443689093 6.7819956035518194 201.69137270966013 224 194 168 0.32233582073839578 49 4320 39 5945 40 5919
1321 -4.6428578528863325 7.6156728698128919 204.66573312531582 223 194 170 0.080427385430789533 49 5964 39 5947 40 5924
1322 12.70229275933546 7.3825988583346067 189.51303379624298 136 119 111 0.32934314930321906 49 5969 39 5949 40 5927
1323 9.4180398263700553 7.3499459399921543 187.81714141277965 158 111 92 0.33785690987961248 49 5971 39 5953 40 5930
1324 11.947391534193624 7.5026851568171802 188.37539824999828 161 130 118 0.17126596084560539 49 5972 39 5955 40 5931
1325 30.151982408604567 8.549855436419568 195.73060548668244 80 59 59 0.51873888800713985 49 5970 39 5958 40 5932
1326 41.49493228771486 9.2630293104450594 190.5492947037817 77 55 8 0.18187924813573572 49 5973 39 5960 40 5934
1327 -21.450707836377916 9.4493987110856388 202.96560903002759 99 54 44 0.25756390916484317 49 5975 39 5969 40 5941
1328 29.142936358449848 9.2780923297898461 194.89398991247705 69 59 58 0.1858986231047606 49 5982 39 5970 40 5944
1329 -9.4333755995826607 9.1280015706350977 202.92727629785935 24 13 1 0.24865019216677395 49 5978 39 5973 40 5943
1330 -17.119451501449589 9.4603556093530905 200.24853025118483 131 73 59 0.14346686133522749 49 7018 39 5974 40 5946
1331 23.715079764633206 9.3751769395138318 194.40243348821963 91 19 23 0.14208875584135527 49 5988 39 5976 40 5950
1332 -25.234429618316454 10.372395783279632 204.58635746509853 148 102 72 0.1706937297367549 49 5984 39 5980 40 5953
1333 -22.205336400417895 10.43209292432711 201.92421354042855 150 115 90 0.30546508169500092 49 5990 39 5983 40 5957
1334 -22.205336400417895 10.43209292432711 201.92421354042855 150 115 90 0.30546508169500092 49 5991 39 5984 40 5956
1335 -1.1890851892114473 9.684047591050593 199.30169768702328 217 190 172 0.069946459149770046 49 5995 39 5987 40 5958
1336 -4.2295519973620221 10.092770258160304 200.96289558999297 41 38 14 0.1434287947671895 49 6000 39 5988 40 5961
1337 30.454874741362719 10.578660734851564 196.12119388914914 31 10 10 0.35037226059735771 49 6002 39 5989
1338 -32.656579701280236 11.825447962049049 206.39622743096936 35 25 13 0.29200929820874971 49 5999 39 5992 40 5962
1339 10.315183392894129 10.154418644490985 188.66915513375491 221 191 179 0.19502166412148006 49 6014 39 5993 40 5971
1340 40.165447234256568 11.710691141425404 190.9328344051732 149 130 101 0.11348552671911789 49 6015 39 5996 40 5972
1341 1.8112104647971583 10.65787524630689 196.27729055169718 245 215 200 0.13420298808315581 49 6012 39 5997 40 5973
1342 3.5440370617190955 10.68924239541486 193.70251924480118 83 34 25 0.063919098959141038 49 6016 39 6000 40 5976
1343 11.565615756681547 10.748811147667974 190.27352406287488 140 114 100 0.28432429611300242 49 6020 39 6002 40 5977
1344 -16.826502698081008 11.678319152577577 198.61838331025635 157 115 98 0.3319195310090845 49 7040 39 6004 40 5979
1345 -34.321516205610465 13.253343217818436 204.51519317167705 104 97 66 0.10527528364043959 49 6018 39 6005 40 5982
1346 -26.009999699776291 12.544097256230156 201.4241511018663 132 112 66 0.24352414871023451 49 6019 39 6006 40 5983
1347 9.6432486783344888 11.164197704095139 188.81696297949594 221 177 162 0.11796533305891814 49 6028 39 6007 40 5984
1348 39.15366456098014 12.59669646849169 189.91691021895255 58 37 12 0.27191055679107229 49 6026 39 6009 40 5988
1349 54.152200319632264 14.070799389651057 192.2660172850164 161 138 103 0.18827269836593227 49 6024 39 6010 40 5987
1350 43.917569741606989 13.314139984771938 191.93639605962363 65 32 6 0.25149572688067146 49 6030 39 6011 40 5989
1351 -35.862763326088547 13.901483507157618 202.97609057929233 116 104 49 0.22550583615724049 49 6025 39 6012 40 5990
1352 18.258597973844704 11.891977212034721 192.4016228462375 43 46 53 0.44473750751930474 49 6032 39 6013 40 5991
1353 45.388953190113078 13.475954060760856 190.65717446674654 166 151 103 0.3598940642542458 49 4428 39 6014 40 5992
1354 -12.99179207896133 12.260384253717232 196.43342016921414 45 21 13 0.40350241708091916 49 6029 39 6015 40 4418
1355 6.5010536513542263 11.724603995468732 190.60531397830044 55 14 5 0.050308212989913816 49 6035 39 6016 40 5993
1356 16.803229079165018 11.865969429379621 190.83967126929014 100 89 96 0.15223580237889392 49 7058 39 6017 40 5994
1357 46.233114213804129 14.042150370901084 189.42513348136316 196 180 96 0.091837713293307477 49 6043 39 6019 40 5997
1358 46.233114213804129 14.042150370901084 189.42513348136316 196 180 96 0.091837713293307477 49 6044 39 6020 40 5998
1359 -24.315818668795483 13.604639590003893 200.255316812827 106 90 56 0.20785952579067005 49 6038 39 6021 40 5999
1360 45.246327252685127 14.187215647858761 189.80618058233091 57 42 4 0.49562491485143795 49 4441 39 6023 40 6004
1361 -36.116474961372717 14.960050349455321 204.14289392881682 65 54 10 0.17244420764811719 49 4432 39 6025 40 6005
1362 -36.116474961372717 14.960050349455321 204.14289392881682 65 54 10 0.17244420764811719 49 4431 39 6026 40 6006
1363 -3.5144985719425614 13.152961768475928 198.50923983611881 66 65 58 0.28459272370193683 49 6047 39 6029 40 6009
1364 -35.5048543893774 15.199746740877984 205.76994772189229 41 31 1 1.1819445874355672 49 7062 39 6031 40 6011
1365 -19.845663545667115 14.004014839930171 202.16060451119981 43 11 1 0.11622224747811609 49 6046 39 6032 40 6012
1366 27.432505061688261 13.640394496419727 193.21960703167113 150 83 79 0.24241581014641289 49 6050 39 6034 40 6014
1367 44.462481718419831 14.808411419139855 188.2754879226774 137 112 71 0.7412927494629008 49 4464 39 6039 40 6021
1368 -44.661755814106527 16.56147592637452 202.73006308347487 50 36 20 0.1443984351932078 49 6051 39 6041 40 6022
1369 -3.7871182825527114 13.998928090862757 198.91128252056589 21 27 18 0.18039689069897477 49 4461 39 6043 40 6024
1370 21.877251806611444 14.090920384153547 192.29522886759133 29 28 31 0.22181477917090675 49 6063 39 6047 40 6027
1371 38.925927235784101 15.00757312898776 190.81851145285435 20 3 1 0.25591026029281244 49 6064 39 6048
1372 -32.303261201129025 16.210438501742914 196.03353759644904 79 69 16 0.18049267077968623 49 7085 39 6051 40 6035
1373 2.01658334087203 14.935082452564467 193.73871737387847 177 147 132 0.29839110644219019 49 4497 39 6056 40 6038
1374 44.184130913852755 16.625754547164377 190.59663678582868 117 88 25 0.085128351033138108 49 6079 39 6057 40 6040
1375 44.184130913852755 16.625754547164377 190.59663678582868 117 88 25 0.085128351033138108 49 6080 39 6058 40 6041
1376 17.436929274115343 15.23482101345196 188.89749885541806 46 37 29 0.11766346722754957 49 6083 39 6059 40 6044
1377 55.152186675478276 17.928683396481823 188.17118336964299 214 177 92 0.15116798369253176 49 6085 39 6060 40 6043
1378 -8.2757974700155792 15.525755856862041 190.09012418974976 130 129 120 0.017046939683489967 49 6087 39 6062 40 6045
1379 54.741497420865713 18.449071075111473 190.74796335674776 87 53 11 0.21982008883586709 49 4520 39 6064 40 6048
1380 -26.186340119160175 17.105699337123749 197.76853423589222 61 54 12 0.26654063713301496 49 4515 39 6065 40 4511
1381 -19.59081669534169 16.553206034979109 195.51768595920367 142 121 98 0.33169366288736946 49 6086 39 6066 40 6049
1382 42.176500619780747 17.333202369860018 190.50540316701802 114 92 79 0.29887507546640996 49 6088 39 6069 40 6052
1383 44.482397984049712 17.581451410731194 191.05255159677702 181 155 75 0.1845406342954258 49 6089 39 6070 40 6053
1384 50.754673020759697 18.335783070826388 187.44732186917315 177 150 75 0.22868442467234545 49 6096 39 6072
1385 50.754673020759697 18.335783070826388 187.44732186917315 177 150 75 0.22868442467234545 49 6095 39 6073
1386 -18.918119218527796 17.072539017703214 194.17658521198658 71 46 17 0.53809927660788637 49 6090 39 6074 40 6055
1387 25.769478912277226 17.052117133421195 193.0510399967321 79 66 59 0.4364482314028495 49 6094 39 6077
1388 52.894276649885342 18.991816977903827 187.51598980649331 191 163 94 0.20762369547488899 49 6098 39 6080 40 6063
1389 -37.486687905967479 18.958842827468263 198.10526413443927 117 101 67 0.52152203264944386 49 6092 39 6081 40 6062
1390 12.144370617428278 16.659544455523001 189.95373650824263 117 91 74 0.14980090489099451 49 4548 39 6082 40 4528
1391 29.334871824213153 17.530282382646352 190.07084491997284 173 109 83 0.18036348411403799 49 6105 39 6084 40 6066
1392 53.730037999583665 19.738022574587173 184.05842434363527 135 106 30 0.822275928713605 49 4574 39 6092 40 6073
1393 8.3183945695523409 17.640751130707759 190.74203074580501 203 166 161 0.14681977175954422 49 6111 39 6093 40 6075
1394 -42.919169815624407 20.809068590030755 201.80654450960409 127 117 81 0.35916351238680738 49 6109 39 6094 40 6076
1395 9.255510814069396 17.762988207836344 190.38667682271287 185 153 147 0.12854325974713129 49 6113 39 6095 40 6078
1396 -7.3791899732143724 18.063055975244037 188.64142551686089 142 120 98 0.27647847836371919 49 6119 39 6097 40 6081
1397 17.054421110200177 18.191914230341432 189.39112419238953 125 104 91 0.25744352556921279 49 6120 39 6099 40 6084
1398 40.420786080264726 19.528538348558158 190.68955367520064 26 19 12 0.29009986599977522 49 6117 39 6101
1399 50.67798403857266 20.929283555448343 187.61217489185043 179 157 83 0.065662834671994338 49 6126 39 6107 40 6093
1400 -4.1423835364110735 18.811111572501062 187.04190949289492 139 96 88 0.47666332867763489 49 6134 39 6109 40 6095
1401 47.817198797942467 20.931638480756892 187.72120902579252 171 165 78 0.11104144363701733 49 6130 39 6110 40 6096
1402 47.823596408936289 20.935992709210637 187.76007261871084 171 165 78 0.09734908695816008 49 6131 39 6111
1403 -43.37018363647018 22.545300928098928 202.04509672242793 124 109 71 0.11207015632815287 49 6123 39 6114 40 6098
1404 -7.1368089753780311 19.229075131861158 187.77805462118727 74 40 18 0.10328827435963224 49 6136 39 6116 40 6100
1405 49.227386899117143 21.707260025250694 187.81160178044223 172 158 88 0.16983633202725631 49 6140 39 6118 40 6105
1406 19.295267034654991 20.037061436084464 187.78866439432289 46 51 31 0.51843086645414804 49 6143 39 6121 40 6107
1407 -37.036302101418272 22.67732902675106 199.99450450661004 76 78 44 0.26683741502023678 49 6139 39 6122 40 6108
1408 -37.036302101418272 22.67732902675106 199.99450450661004 76 78 44 0.26683741502023678 49 6138 39 6123 40 6109
1409 33.110423221682765 20.977175516278074 186.92498555019415 86 31 17 0.22487603879967663 49 4640 39 6126 40 6113
1410 46.382153183907398 22.223256109966417 188.93782776502354 144 128 86 0.24098834587626805 49 6146 39 6127 40 6115
1411 -10.576929893959594 20.579409591885661 189.08390673546685 172 133 75 0.10540084585359222 49 6150 39 6129 40 6114
1412 48.906152088290462 22.533027391902845 188.53005893103801 179 158 80 0.2830322915960764 49 6151 39 6130 40 6117
1413 48.906152088290462 22.533027391902845 188.53005893103801 179 158 80 0.2830322915960764 49 6152 39 6131 40 6118
1414 49.660980624379668 22.656345467522218 187.92739215847564 78 60 4 1.0705288557690449 49 4641 39 6132 40 6119
1415 -16.904951933352766 20.65355309488621 183.94106910801571 90 48 35 0.31888683156857794 49 6160 39 6133 40 6120
1416 -34.399139856177619 23.151211135746983 198.5891854803217 20 6 1 0.15732393308314596 49 6149 39 6136 40 6121
1417 31.471331731532565 21.377578584013207 188.09346494216916 182 123 95 0.28429493606356487 49 6157 39 6137 40 6122
1418 33.850520069606155 21.392519949810268 185.96077297522933 108 44 34 0.38933133266483039 49 4648 39 6138 40 6123
1419 -37.327164438204839 23.56346477496847 199.92820671950253 32 24 1 0.17588996834304915 49 6148 39 6139 40 6124
1420 52.190420384211926 23.548234490211843 188.6351464074221 32 13 1 0.19288353991364682 49 6162 39 6143
1421 -35.179611905403057 23.693210149852547 199.07611625988264 24 8 6 0.079086029295528271 49 6158 39 6147 40 6131
1422 -31.518072747760776 23.256758068017508 195.31602039503269 81 69 34 0.34085766521689381 49 4653 39 6149 40 6134
1423 -31.518072747760776 23.256758068017508 195.31602039503269 81 69 34 0.34085766521689381 49 4654 39 6150 40 6133
1424 -22.064229334138144 22.108825103180433 188.70435578459276 82 75 36 0.27139463969606431 49 6171 39 6151 40 6135
1425 -22.064229334138144 22.108825103180433 188.70435578459276 82 75 36 0.27139463969606431 49 6170 39 6152 40 6136
1426 46.859629251835621 23.35870387238602 186.88634488899422 34 20 2 0.35347109451142961 49 7135 39 6154 40 6140
1427 33.912980441435408 22.63384750083495 187.2981125887477 121 67 58 0.40290516820013145 49 4665 39 6158 40 4646
1428 -18.024003476154046 22.057306108316979 184.71055972771734 114 70 60 0.16788779074555585 49 6179 39 6160 40 6144
1429 37.677640712443448 22.741385860799483 182.06892115396221 132 72 70 0.13026327761535605 49 7142 39 6162 40 6148
1430 -31.77046264305914 24.526477914319909 198.60822185165003 126 122 82 0.16328505133548152 49 6178 39 6163 40 6145
1431 -5.3444187483996606 22.629192926364357 189.26147522849166 58 34 13 0.14904681877467177 49 6181 39 6166 40 6153
1432 -23.544528880803149 23.954031267512018 190.13790896180484 48 37 2 0.47354732468718663 49 4685 39 6171 40 6155
1433 -22.062890087599374 23.812810796092322 187.76673856602665 142 138 91 0.29256187667410954 49 4690 39 6173 40 6157
1434 53.641904098550583 26.280583104195333 184.28513151603175 38 21 0 0.67326598543557115 49 7154 39 6179 40 6165
1435 53.641904098550583 26.280583104195333 184.28513151603175 38 21 0 0.67326598543557115 49 7155 39 6180 40 6166
1436 -19.343243138954065 24.531453450734865 186.08552942061141 196 148 93 0.37176245588687618 49 6194 39 6183
1437 56.773006586423442 26.606170811548971 178.33393454492742 81 67 24 0.20111328203294865 49 6196 39 6184 40 6169
1438 -0.61645268940017783 24.246771370452006 179.55191613770251 49 34 6 0.18931035260975573 49 6205 39 6190 40 6181
1439 1.7012284489984502 23.72391464966719 175.58289746229659 138 116 78 0.34837728510654542 49 6208 39 6191 40 6182
1440 -8.6322925077658343 25.580098974153294 185.47289058635539 44 12 0 0.17551780015877771 49 6207 39 6194 40 4711
1441 -0.02190187013284246 24.208816095604288 175.91160354577067 67 44 16 0.17986611022672272 49 4758 39 6195 40 4713
1442 55.91723126557779 27.812609301550278 177.78344145271762 130 125 70 0.50399077682494509 49 6210 39 6197 40 6189
1443 -21.378083674687819 26.401188117927578 188.5707933141187 6 9 0 0.35172349180332096 49 6204 39 6199 40 6190
1444 43.875940895686597 26.496272891774087 178.41121567172914 103 59 67 0.30856240151816494 49 6213 39 6200 40 6192
1445 -9.4060953186074947 26.172840068468936 188.82376368647178 112 80 51 0.27223850559964063 49 4750 39 6203 40 6193
1446 23.362604568099169 26.011265866640599 184.85319902700653 47 18 23 0.75854662855181909 49 6212 39 6205 40 6196
1447 35.565482977277782 25.934597612024795 178.40388300965205 112 47 52 0.33245676229715676 49 6214 39 6206 40 6197
1448 -33.571078216087024 28.65629678274798 194.59049920988906 120 123 88 0.07694741326123293 49 6211 39 6208 40 6200
1449 9.6040419316287462 25.662705365003728 178.95139786174525 134 77 42 0.21987382424872393 49 6223 39 6211 40 6203
1450 27.803904840391681 26.181614632743415 178.16322483404397 100 59 60 0.5902331592413792 49 7181 39 6214 40 6204
1451 1.741132910747976 25.681116639533549 178.21217995150519 56 39 5 0.12792174169566475 49 4790 39 6216 40 6208
1452 21.191615067015746 26.057646324732939 178.63586052760027 70 42 31 0.65465195249561869 49 4787 39 6218
1453 -5.2421341624912339 26.660918894741609 184.60726919330847 34 24 4 0.7737586933731988 49 4785 39 6219 40 6210
1454 29.855492014279498 26.543081088303133 177.22728150009047 46 15 15 0.41576724879970595 49 6229 39 6223 40 6214
1455 5.8452464117405292 26.663072904683506 178.67441037472307 160 140 129 0.1233579276757925 49 6237 39 6228 40 6222
1456 -27.822946941378209 28.476691432138288 183.06863489107491 176 129 64 0.28469984128661791 49 6236 39 6232 40 6224
1457 -32.83212536027731 30.209584007420858 193.03610869354176 27 31 14 0.10040445711558969 49 6235 39 6234 40 6229
1458 22.918695302771653 27.650382201198674 180.42838874620207 63 38 37 0.28499292100359758 49 6238 39 6235 40 6231
1459 -19.283457201976915 28.229240167825353 181.4680805190944 136 121 59 0.10605055658559261 49 4831 39 6240 40 6234
1460 1.8927400527608589 26.919496389900683 175.91741645132862 44 38 15 0.11957688775206064 49 6247 39 6241 40 6235
1461 27.881842850690877 28.298278247796262 181.11657822732528 51 28 27 0.40938370416694708 49 6243 39 6242 40 6236
1462 10.447895819931821 26.905264831004427 171.75037439890326 86 71 35 0.83603577550249808 49 6256 39 6246 40 6240
1463 22.827467342809559 28.303518366775972 178.56814071290518 152 119 108 0.19853393289070306 49 4853 39 6249 40 4790
1464 21.081648328378655 28.480598040172282 179.94855615095662 66 48 32 0.13135862552033042 49 6252 39 6251 40 6244
1465 -24.927574610586873 29.213852831541409 181.30389600548085 90 55 13 0.071148793649124201 49 6251 39 6252 40 6243
1466 -27.356702483440053 29.766290100838159 183.89258894686455 169 130 59 0.21069950793248152 49 6250 39 6254 40 6242
1467 26.642308782527579 28.888880007504994 179.66067951284532 56 39 33 0.29471964329830297 49 4858 39 6256 40 6248
1468 -3.3786398678090306 29.215154531886544 181.31816192139704 36 23 1 0.27095778175821456 49 6262 39 6261 40 6251
1469 -3.3786398678090306 29.215154531886544 181.31816192139704 36 23 1 0.27095778175821456 49 6261 39 6262 40 6250
1470 31.888858031684503 30.123826090124798 179.27660736149215 41 21 21 0.3031139741718154 49 6269 39 6265 40 6255
1471 5.9853487756554644 29.327372719838305 179.09167043004098 71 34 31 0.03778492269548047 49 6271 39 6266 40 6254
1472 35.066088852671506 30.865973942005926 178.70338142395406 156 121 102 0.14281738727963869 49 6278 39 6271 40 6261
1473 2.4572944690692418 30.240367502442034 180.23247358855522 25 13 1 0.21034731573278651 49 6279 39 6274
1474 -0.80182283266479748 30.226631521923785 179.0482060319963 35 26 7 0.14314048982818639 49 4894 39 6278 40 6266
1475 26.298033784285408 30.764376294650418 178.73855359810673 25 16 10 0.23545769198198055 49 6281 39 6280 40 6267
1476 42.045321628716799 31.783974957244926 176.62519423070216 207 166 144 0.21623337438275869 49 6283 39 6282 40 4828
1477 32.084367514826546 31.223864865058793 177.60527343746193 25 17 5 0.43068218782971396 49 6287 39 6283 40 6270
1478 4.2636498828783109 30.936898508278489 179.91969643042762 161 128 121 0.26269537819256844 49 4912 39 6289 40 4838
1479 41.848737035329748 32.301715623502211 177.06635116625017 189 156 135 0.47651887922478836 49 4916 39 6290 40 4840
1480 42.715276644804568 32.801981352833927 177.74686467897945 59 46 14 0.17043021764701427 49 6297 39 6294 40 6283
1481 54.055804285281873 33.515468417031407 168.76754170366755 126 80 76 0.21618108621656573 49 6305 39 6295 40 6288
1482 -49.698826085240484 36.599447700135208 190.48630907589711 212 126 124 0.15859821731828258 49 6296 39 6297 40 6289
1483 12.496853684218102 30.35236007698456 167.59989537124707 134 138 71 0.52661519888710739 49 6317 39 6300 40 6295
1484 -34.577095190930017 35.356508668520696 190.03703392140679 25 16 4 0.12626160267316502 49 6303 39 6301 40 4865
1485 -40.293991659740939 36.409632109935991 189.33013167692317 70 58 69 1.1367364869161021 49 6308 39 6309 40 6301
1486 42.537859935658318 34.053228371249716 175.71768993123774 39 32 3 0.10763665385746683 49 6318 39 6312 40 6305
1487 2.2414739595503743 32.651405058274584 178.31628881723583 65 54 37 0.37467336191436384 49 6316 39 6313 40 6304
1488 -49.172244701542816 37.931287212494034 189.86858712586661 208 134 132 0.076879678325660283 49 6314 39 6314 40 6307
1489 -28.889086755776024 35.459908977666039 186.76633185623592 31 14 3 0.34591545923195044 49 4953 39 6317 40 6308
1490 -53.293675605512156 37.592632613822602 179.05497384395073 37 26 3 0.48115139980625604 49 4976 39 6321 40 6313
1491 39.951761793603126 34.60189213928814 175.25385362507657 28 19 4 0.24984156069316299 49 7248 39 6324 40 7306
1492 -35.494202534762536 37.030235222478012 189.12980550963209 23 11 18 0.20091227224717997 49 6321 39 6325 40 6319
1493 25.2161352487343 34.337122688144902 177.97593087737195 26 14 2 0.13189624658750995 49 6336 39 6330 40 6322
1494 50.967967717192266 35.810574685792204 170.39325440172485 225 205 173 0.29499539524530327 49 6344 39 6331 40 6326
1495 40.317714526906911 35.075268501201855 174.60845085211673 54 48 26 0.15366022288652181 49 6341 39 6334 40 6324
1496 40.317714526906911 35.075268501201855 174.60845085211673 54 48 26 0.15366022288652181 49 6342 39 6335 40 6325
1497 55.817020825214456 36.484829106402472 168.50171847586304 197 175 158 0.26512666161114751 49 6347 39 6336 40 6327
1498 -51.060968368204037 38.524339929021849 182.26370658633996 92 75 44 0.36737886997619712 49 6340 39 6337 40 6329
1499 -31.215218203277136 37.09664417164781 187.58561432505778 146 141 109 0.097653706569605592 49 6335 39 6338 40 6332
1500 25.501346498143146 34.778726958055664 176.70171743247079 107 95 68 0.2762455969357584 49 6345 39 6339 40 6333
1501 40.395771457902207 35.96952582834075 177.53001854480357 25 26 4 0.32157223866810197 49 6346 39 6340 40 6334
1502 48.968439349793833 36.108240048191611 170.01048018629231 238 214 190 0.3462905790084832 49 5008 39 6342 40 6337
1503 -33.122378745598098 37.628209993211478 186.94882796420757 36 15 4 0.1159604777812545 49 6343 39 6343 40 6335
1504 -4.282343309790912 35.26705792968464 180.52652873256287 34 11 0 0.21106125974228387 49 6351 39 6350 40 6338
1505 46.896229777644194 36.473739714564545 173.17382692238533 125 111 68 0.47881445489421059 49 6358 39 6351 40 6343
1506 -51.389171943916487 39.417755962107044 182.19653461861802 32 17 0 0.25325173788212246 49 5003 39 6352 40 6344
1507 -51.389171943916487 39.417755962107044 182.19653461861802 32 17 0 0.25325173788212246 49 5002 39 6353 40 6345
1508 28.978880457825493 34.879293151259184 172.45850101731972 153 107 77 0.38426176916687882 49 6363 39 6356 40 6349
1509 -41.107905920553499 39.420482387907605 189.84150344596287 13 5 24 0.32098956217141222 49 6352 39 6357 40 6348
1510 24.893340386068026 35.198663691169621 174.37857346380909 35 21 1 0.32820116759306062 49 6365 39 6358
1511 44.63469620124156 36.871612646980111 174.2626112616953 14 14 1 0.080616807266604792 49 6366 39 6359
1512 14.393175232400562 32.856907385640227 162.58923439954634 55 60 6 0.89707723263264949 49 6376 39 6360 40 6352
1513 51.106432717370808 38.200513221020152 172.82311565220431 209 174 146 1.1512970676554457 49 6373 39 6368
1514 48.537608863495059 37.942236817370244 173.21193913513105 74 61 37 0.73961458142098491 49 6372 39 6371
1515 54.233245056555127 38.304464237277308 168.66612120210019 107 80 64 0.33134176488956096 49 5039 39 6372 40 4967
1516 -53.13376989518791 40.602625710995149 179.68724174484015 130 112 60 0.22602251748357183 49 6370 39 6373 40 6360
1517 -32.586564997341398 39.088444951711665 186.79850597638773 37 17 10 0.43857335712032697 49 6368 39 6374 40 6361
1518 12.939062965644672 34.148653033557075 165.10221266194813 138 148 85 0.30065564244450027 49 6385 39 6377 40 6366
1519 41.485837550725499 38.475222155518509 177.76351719724772 35 35 8 0.20534862561468653 49 7281 39 6382
1520 -0.70421071455762507 37.03874134702675 175.82418184529635 74 57 29 0.20646739283779889 49 6391 39 6385 40 6375
1521 19.128763927535129 37.470525772537428 173.91449594915713 18 5 0 0.90055168932051899 49 6401 39 6396
1522 -52.714995630327856 42.537707087272402 179.57743378239948 60 47 0 0.26955087435074959 49 6400 39 6397 40 6384
1523 2.3773474693261583 38.19384912821009 177.32032866833632 21 12 4 0.095011270813739668 49 6402 39 6401 40 6388
1524 12.967270640855228 36.233780806515753 162.97711604230508 125 125 69 0.10594384309429287 49 6423 39 6419 40 6409
1525 2.4484325119387154 40.097188491227726 175.66136255974828 30 13 3 0.426989937115136 49 6439 39 6437 40 6423
1526 0.33154833705799713 40.565384787666382 174.00461094890818 19 7 0 0.17449802395205891 49 6455 39 6449 40 6434
1527 -51.157969476059215 46.486087365578094 180.7509912553964 107 96 66 0.11678809149615467 49 6457 39 6455 40 6440
1528 12.899962536062906 39.073757197600976 162.60966635791746 116 91 70 0.2970947740840158 49 6481 39 6469 40 6452
1529 19.73633635440676 41.93377113746881 173.69354175493004 81 53 51 0.22418249888528463 49 6475 39 6470 40 6455
1530 19.73633635440676 41.93377113746881 173.69354175493004 81 53 51 0.22418249888528463 49 6474 39 6471 40 6456
1531 25.248435684117972 42.562769068665986 171.58110330313116 42 32 12 0.26766373047726266 49 6488 39 6487 40 6474
1532 -32.66779935385388 45.930069130729166 182.51585658507673 57 31 8 0.074158013310701071 49 6484 39 6488 40 6475
1533 -52.027218162728786 49.161297402897731 180.45538698666221 117 107 72 0.15003514533652584 49 6495 39 6499 40 6486
1534 12.522610609789718 39.260789370952736 156.63240133318044 32 13 3 0.39011161102094505 49 5256 39 6502 40 5163
1535 -5.5480678934138945 41.265728542522773 164.98940901119917 30 8 0 0.45525355692063352 49 6519 39 6505 40 6495
1536 -50.798101024308423 49.018680574255448 180.13228866476967 31 22 3 0.1732217936093077 49 5242 39 6510 40 6492
1537 20.747530323354667 43.340478718821181 172.40485035010846 27 5 0 0.2564926667319502 49 6504 39 6511 40 6494
1538 24.01881239071384 44.008986307112885 174.44650003212669 97 86 66 0.37152284291332216 49 6505 39 6512 40 6497
1539 18.468108272601246 43.806034262238263 172.37787938757222 121 93 84 0.16956279839594945 49 6528 39 6528 40 6514
1540 19.929602227885546 44.058370376818459 172.55936539466313 30 13 5 0.41344329818112202 49 6529 39 6532 40 6518
1541 -23.473129717315924 42.779493505514296 162.78260122990767 48 41 1 0.66026040921459173 49 6545 39 6544 40 6534
1542 2.8495673177229839 42.994136273726618 166.80128723369407 44 13 0 0.55985396215965899 49 6543 39 6547
1543 21.646738030868473 45.26612860414432 171.07519202303826 18 7 2 0.10965234060640976 49 6549 39 6555 40 6540
1544 23.037478419341941 45.842110256718243 170.53206377399798 23 13 3 0.20397493778600051 49 6555 39 6563 40 6548
1545 -35.278322295834606 50.182325994133109 182.29146804085849 46 28 13 0.18950109882985691 49 5285 39 6567 40 5229
1546 -33.937060243101072 49.768566376028588 180.44923289618151 139 102 63 0.31690871986753083 49 6551 39 6568 40 6552
1547 -48.370215843859597 53.550613254624992 182.98639241231615 36 17 2 0.19158258772344519 49 6561 39 6573 40 6558
1548 -45.382334444377392 52.889739876961485 179.56420064661759 176 147 112 0.15593928478290686 49 6572 39 6579 40 6563
1549 -35.685775197554307 50.113040207119198 175.26382487888679 34 29 31 1.5622923717239525 49 6573 39 6580 40 6564
1550 0.91199214369418113 47.480963137129017 173.07808027285733 120 92 54 0.47659421492473975 49 5325 39 6581 40 6565
1551 -16.30441745311543 -21.551379438480954 207.48668667623309 251 221 206 0.2171897765451368 49 6718 39 6723 40 6705
1552 -13.186954674517164 -21.826525582099684 209.43831454455031 93 93 98 0.60009214085398421 49 6719 39 6724 40 6709
1553 -16.941780675135849 -18.819468046006705 208.40836760781588 236 223 202 0.24988232397330534 49 6751 39 6764 40 6746
1554 -12.19728786612256 -18.27707804307758 210.31720666586122 28 28 36 0.19581784807935146 49 6763 39 6781 40 6761
1555 -11.629879593734902 -11.351550804288754 204.53606435318233 231 208 205 0.1276796700485027 49 6843 39 6854 40 6839
1556 -2.8826785962059436 -11.795963548367897 208.67379779954618 37 23 23 0.56942741442919287 49 6838 39 6855 40 6841
1557 -17.721799285387448 -10.045590608132084 209.69340907406158 87 63 58 0.15614642564989431 49 7591 39 6869 40 6859
1558 -5.2667925749646676 -9.5898926519777863 199.82598738860315 43 21 23 0.10282567071784553 49 6858 39 6874 40 6865
1559 -5.2667925749646676 -9.5898926519777863 199.82598738860315 43 21 23 0.10282567071784553 49 6859 39 6875 40 6866
1560 -9.5454576664832693 -9.0281420416251521 204.72291027676499 231 202 180 0.53697399763418308 49 6860 39 6881 40 6873
1561 3.9843438221159957 -8.1544168028274218 199.96017714382901 223 193 178 0.047800968559208366 49 6872 39 6896 40 6878
1562 21.443908310126936 -7.1295610507660632 199.91430464205766 100 100 110 0.31522036210205401 49 7610 39 6906 40 6887
1563 -1.7408984667482599 -6.9875940534172072 196.89957339018255 31 8 5 0.22027191947664174 49 6877 39 6909 40 6889
1564 -8.3412100612996287 -7.0726230780602357 204.82925821107466 163 130 108 0.18503656783517008 49 6876 39 6911 40 6892
1565 -15.094594819781822 -6.3412828210733752 208.56746516700866 166 140 115 0.26785480143624363 49 6879 39 6916 40 6899
1566 -7.1126789533806951 -6.4651029139521521 203.47114024895035 195 163 140 0.26150099312935732 49 6880 39 6917 40 6900
1567 -7.1126789533806951 -6.4651029139521521 203.47114024895035 195 163 140 0.26150099312935732 49 6881 39 6918 40 6901
1568 13.269178688924034 -6.1723698700330694 196.7542219008682 40 22 30 0.83533565407631494 49 7617 39 6919 40 6902
1569 8.2235494867649681 -5.7772490309062912 196.23260209998776 222 200 185 0.025935195330520647 49 6883 39 6922 40 6907
1570 7.0197374078417347 -5.4958856891745613 197.24850841791834 241 215 202 0.072540284245564482 49 6886 39 6928 40 6913
1571 20.955118151164424 -4.9347351470081025 195.93706674862347 95 95 105 0.10819079307186504 49 6891 39 6932 40 6915
1572 19.245990384155366 -4.9421228952833962 199.09222780046591 96 94 104 0.065156392445981703 49 7621 39 6934 40 6917
1573 -17.862473114068667 -4.6083605493895323 208.57444780665429 234 205 181 0.34576526806531444 49 6887 39 6935 40 6918
1574 -17.862473114068667 -4.6083605493895323 208.57444780665429 234 205 181 0.34576526806531444 49 6888 39 6936 40 6919
1575 -7.7213387811088712 -4.867773175836362 203.20726511130189 38 15 1 0.037347379082015159 49 6893 39 6937
1576 -7.656632932196243 -4.8887616724874183 201.66274536975777 38 15 1 0.77324358911393409 49 6894 39 6938 40 4045
1577 21.903984266559902 -4.5659856636426213 198.97052079985502 22 18 27 0.18627307598751575 49 6896 39 6940 40 6923
1578 21.903984266559902 -4.5659856636426213 198.97052079985502 22 18 27 0.18627307598751575 49 6897 39 6941 40 6924
1579 -16.908556975638948 -4.6153903952153259 208.63454900215208 235 209 186 0.18984033161798883 49 6889 39 6942 40 6920
1580 -16.908556975638948 -4.6153903952153259 208.63454900215208 235 209 186 0.18984033161798883 49 6890 39 6943 40 6921
1581 8.1743640626103193 -4.3854783361250043 194.77954712270721 69 56 53 0.21957682706440612 49 6900 39 6944
1582 -15.622391278404837 -4.1136104001722824 208.37772345226622 169 140 105 0.40890178167289637 49 6899 39 6945 40 6926
1583 -4.9338392613385356 -3.4216770664176686 202.3261707464284 241 214 192 0.098706021466816285 49 7627 39 6951 40 6933
1584 18.07569925651099 -3.0764596759380889 197.96042824875909 28 28 38 0.21180452966631777 49 6907 39 6952 40 6937
1585 9.9961575786760566 -2.8681227923185286 193.23438301479442 42 37 39 0.16905702521385646 49 6910 39 6955 40 6938
1586 -23.540998453109886 -2.336249135527555 213.02779749584317 230 185 162 0.25107915082539306 49 6904 39 6956 40 6939
1587 -4.8118344065202994 -2.158818558136975 201.28465028209763 249 218 196 0.63928279593932635 49 7632 39 6961 40 6945
1588 -1.6414843894721309 -1.8307536165017522 196.48707985160343 145 112 85 0.16287656882927695 49 6915 39 6962 40 6947
1589 20.02946834349542 -1.5509779947222553 199.44304136728672 39 37 45 0.17545000888437076 49 6916 39 6963 40 6951
1590 34.155296722627632 -0.015086740381697328 193.22124403676435 94 71 72 0.10238987203203535 49 6924 39 6965 40 6955
1591 -8.3959005195932068 -0.62772972213245448 206.12719675005806 227 194 169 0.15735995662909522 49 6923 39 6967 40 6956
1592 -10.895242802444924 -0.36166716142874844 207.57847093133563 225 184 153 0.226208421446325 49 5846 39 6968 40 5801
1593 -26.593884076412238 0.75474425221068298 214.38307176506441 57 47 46 0.18161577624500233 49 6927 39 6969 40 6959
1594 -30.370996994268655 1.422139324669716 210.56574846817037 109 83 85 0.1231457045668759 49 6931 39 6971 40 6964
1595 -14.261749660556568 1.1942451560970153 208.994738375091 189 155 133 0.17907187164852909 49 6936 39 6976 40 6971
1596 21.883750150161497 1.4747982367061296 200.96890923760898 54 57 66 0.15071354677714524 49 6939 39 6981 40 6973
1597 -11.389827190217181 2.2538516648945808 207.7972639677204 195 155 138 0.17242323972883053 49 7654 39 6984 40 7719
1598 23.279158070778642 2.4228768761891795 202.52200896762594 63 66 75 0.26730415964047699 49 6948 39 6986 40 6981
1599 -20.215879052974525 2.8771320780255865 210.37055358035326 140 58 52 0.11168494420666786 49 6945 39 6987 40 6982
1600 -20.202231879287734 2.8716486076280372 210.28065326496659 140 58 52 0.045481147879175315 49 6946 39 6988
1601 3.0203988171593092 2.2676279130357813 193.28742009194789 238 202 182 0.094718463731908287 49 6952 39 6989
1602 40.659177324239742 3.9483453406697686 191.10402188552428 162 134 96 0.11136088560296124 49 6954 39 6993 40 6987
1603 -17.903538971327514 3.3455018919795165 209.009527699622 93 62 43 0.17666744999144812 49 6950 39 6997 40 6990
1604 -10.079015682283776 3.2559434676677141 208.44502196375393 127 99 70 0.29190031151778206 49 6951 39 7000 40 6994
1605 -12.949850057725833 3.7284121750235557 207.83503117038887 77 66 51 0.2042367211457381 49 6955 39 7001 40 6995
1606 13.653998197412493 3.4729798198560635 193.02492586631737 30 36 37 0.35520462564513616 49 6962 39 7004 40 6998
1607 -32.255615578236529 5.0002336225543731 207.53417531193369 102 93 63 0.12744346782001162 49 5910 39 7005 40 6997
1608 30.331422634537475 4.6339984323201016 195.02336132253254 111 87 80 0.19516056486859265 49 6964 39 7006 40 7003
1609 -18.142492973145664 4.7380080210472615 209.67066913507827 138 109 102 0.22972403199866431 49 6961 39 7007 40 7001
1610 -0.3841214398950859 4.2652449421962304 198.16400536664418 155 124 105 0.074069460584520228 49 6968 39 7009 40 7004
1611 -7.2373962336148701 4.5158416926500804 206.45689564405632 200 174 146 0.26657562959438924 49 6963 39 7010
1612 -35.936121414005306 6.5731435788189296 206.89735140436142 19 15 8 0.13544487241343089 49 6969 39 7014
1613 -6.1972089895528573 6.1760227583184237 205.84203009484358 214 188 159 0.097061738236415049 49 6978 39 7020 40 7011
1614 2.2449576080610902 6.1588719395725198 194.75416440888472 55 24 13 0.070192013323658264 49 6987 39 7021 40 7014
1615 -17.640266723581387 7.2241978355348735 206.31125858587453 50 46 40 0.4084794246155854 49 6984 39 7023 40 7016
1616 -1.2104610606040576 6.8291532332755756 199.30496924714092 243 209 190 0.10533892893040075 49 6991 39 7025 40 7018
1617 13.219314465120792 6.8007422364682011 190.10159485025378 60 54 52 0.53098867378484427 49 7000 39 7026 40 7019
1618 -35.482023444611848 8.9546728794885393 208.28281071663443 43 29 4 0.067508021122407877 49 6989 39 7029 40 7738
1619 -18.916263526559121 8.0260630582553034 201.86044031907343 42 25 9 0.15140487005295775 49 6999 39 7030 40 7022
1620 -8.092372071602302 7.7002099273884275 205.28765845633552 125 117 69 0.26996469881676827 49 6994 39 7031 40 7023
1621 7.4484811613464013 7.2955336663760839 190.29945695130209 189 150 139 0.57120323969081666 49 5968 39 7032
1622 -20.985257069144907 8.5917981961344942 202.53073727433437 137 82 71 0.10347020408306717 49 7003 39 7034 40 7025
1623 5.686658916416321 7.457849786470943 189.58848553553702 205 164 148 0.15798262915661895 49 7012 39 7035 40 7027
1624 -9.3042359507930108 8.1825419419044554 204.11056155371344 88 77 54 0.55045514733707346 49 7682 39 7037 40 7026
1625 -32.775486278988858 9.866082800059413 206.31916534113765 75 46 22 0.12210365100901455 49 7005 39 7038 40 7029
1626 -37.334776587142663 10.32815643915284 205.25760261754854 39 23 11 0.12741856141489122 49 7009 39 7039 40 7032
1627 -35.230835596338764 10.221582516390814 208.38207772366647 124 100 60 0.69990982752099706 49 5967 39 7040 40 7746
1628 -36.355869470649594 10.380073963223754 203.57148273916158 125 104 71 0.019065012902226178 49 7013 39 7042 40 7034
1629 -18.78040940874012 9.2064071449976801 201.7878805583272 169 123 97 0.045130867420403127 49 7014 39 7043 40 7035
1630 18.408587673011063 8.5819857720128532 197.06173958207398 132 120 126 0.16284393334485769 49 7016 39 7044 40 7036
1631 23.093259129471395 9.4707682181084891 194.49745698198811 171 110 115 0.16259629719815472 49 7022 39 7047 40 7041
1632 -14.183059803580829 9.6715123477274982 196.95622010855797 91 51 47 0.42761496213871419 49 7021 39 7050 40 7044
1633 -26.604870841970151 11.053017995999491 204.6944001186603 130 104 65 0.18729854828339057 49 7020 39 7052 40 7046
1634 29.687339659775745 10.608869868048995 195.32493982670815 80 58 57 0.61480625395706534 49 6004 39 7055 40 7052
1635 40.691338314616267 11.26009678849805 190.99852100490364 33 13 4 0.19234863094404073 49 7032 39 7057 40 7054
1636 -15.002400451195498 10.731958383261226 197.46454078994066 31 9 8 0.042895681105013343 49 7031 39 7059 40 7056
1637 -1.6972139201427361 10.267795378006062 198.14720259180609 196 170 155 0.18279742576108446 49 7028 39 7060 40 7057
1638 9.1551078483542003 9.9859595066209685 188.88263636534214 181 126 113 0.090352755036984964 49 7038 39 7061 40 7058
1639 -20.559763622704093 11.240204089519478 201.40488985648989 78 37 18 0.38710624110066855 49 7030 39 7063 40 7061
1640 12.15531979321705 10.371849945330537 189.38754711749726 105 84 69 0.41209295763274861 49 7041 39 7066 40 7063
1641 -18.80796531239616 11.804451972405221 202.20268201486172 66 43 14 0.33678254843651928 49 7708 39 7069 40 7756
1642 -1.3164571574835515 11.08081627514542 199.15618641269873 61 35 14 0.16151198576153195 49 7039 39 7070 40 7069
1643 -21.170959769517847 12.234574262687657 200.67689171618588 202 157 93 0.23295630875569551 49 7042 39 7072 40 7074
1644 17.667856006529256 11.577890564485752 193.52498530289361 18 15 22 0.43103571051040457 49 7049 39 7073 40 7075
1645 -24.746283744703483 12.758258074089213 200.99526010935875 52 32 14 0.18905570728536092 49 7046 39 7074 40 7076
1646 -2.6802478884744194 11.976687762628263 200.1309329331541 199 176 161 0.20709177716257932 49 7047 39 7075 40 7077
1647 -43.31030780843745 14.83273598865887 203.87991271356358 92 83 64 0.098974799434896454 49 7051 39 7076 40 7078
1648 -21.642124110787911 12.922959267894278 199.40360396864492 100 58 40 0.32044645543507427 49 7053 39 7077 40 7079
1649 41.809625330269839 13.409821228547539 190.96765363845407 33 13 5 0.53881755259408726 49 7059 39 7078 40 7760
1650 -1.5272304941014119 12.483453929133566 199.801567517965 131 114 88 0.5160298838851366 49 6034 39 7079 40 5995
1651 14.987967825953481 12.220425479450675 190.8528912540981 54 39 34 0.15279849266733547 49 7063 39 7082 40 7082
1652 22.103012285134046 12.590106202269656 192.91058086586222 63 59 63 0.33808423956744399 49 6041 39 7083 40 6000
1653 -25.339643028293466 13.790226454171313 198.23301989619355 125 115 66 0.211819755846233 49 7720 39 7085 40 7084
1654 48.506881248353181 14.549456274382841 186.96123383973807 175 147 79 0.15054385945369153 49 7068 39 7086 40 7085
1655 17.313863018451347 12.755115029993377 190.75635838905143 87 81 81 0.3931333418284873 49 7066 39 7087 40 7086
1656 22.519173989717284 13.388637365234109 192.49343440071507 40 39 42 0.2359011347949867 49 7070 39 7090
1657 33.976976765912482 13.987274018912002 195.81530241327627 117 99 67 0.078117045528710849 49 7067 39 7092 40 7090
1658 -4.2507631212730015 13.487999047395165 198.87990024167809 68 63 56 0.18686609664176501 49 7065 39 7093 40 7091
1659 39.943852774533369 14.480209459742891 191.3898307084749 139 131 97 0.14938605929270385 49 7074 39 7095 40 7770
1660 43.229295074198482 14.704894161651909 189.82999583305232 197 171 78 0.15336997872207667 49 7075 39 7096 40 7093
1661 -41.250655370908547 16.229946508380152 202.73286432536568 92 95 46 0.83931445745057387 49 7073 39 7098 40 7096
1662 52.937625231835504 16.138037711812622 191.19019608431506 94 70 33 0.53074895863215665 49 7081 39 7099 40 7101
1663 10.945134888840991 13.910353343502607 189.73095408761321 129 103 78 0.4478168410728775 49 7082 39 7102 40 7102
1664 -31.533066322263505 16.061669150362448 202.53955020418226 53 40 20 0.30993314173963316 49 7078 39 7103
1665 32.294420494304298 15.048558938249753 190.86287112595053 71 58 45 0.091635595257754929 49 7084 39 7104 40 7103
1666 -40.297016655089102 17.490294204565799 204.37297844403511 78 90 43 0.22262969364407681 49 7083 39 7105 40 7104
1667 37.080890143063243 16.060365684650691 191.12392738990965 40 24 11 0.65111185217214929 49 6076 39 7107 40 7106
1668 11.775686723225833 14.982793295169692 190.42027671602904 182 155 139 0.22577089938088624 49 6078 39 7109 40 7109
1669 46.351887998378004 17.095034539893838 191.5160129555978 182 178 75 0.16673968520927324 49 6081 39 7110
1670 45.757231494950332 17.556017945607664 191.95936213084352 61 37 3 0.33543485998345463 49 7738 39 7114 40 7114
1671 -21.158149760110732 16.993653808751198 196.83598685038632 24 14 4 0.30272771678202609 49 7737 39 7116 40 7116
1672 12.869866123576632 16.125671827325835 190.2864669405318 172 152 142 0.082550189334708493 49 7094 39 7117 40 7118
1673 24.983733870932486 17.173299723475811 192.42160831288413 24 20 12 0.12686537187334171 49 7099 39 7119 40 7125
1674 54.325319435776429 19.276860481201613 188.30720864728329 185 153 74 0.1291964253138482 49 7100 39 7120 40 7126
1675 49.804872604409475 19.255283940873813 189.279382544394 37 11 0 0.26852864559186668 49 7106 39 7123 40 7132
1676 -31.070003621706988 18.970084781150067 195.57352532327641 146 131 80 0.27190080167427388 49 7103 39 7125 40 7133
1677 -30.262799290640661 18.853934832654275 196.60575164847396 44 35 10 0.021510633683814923 49 7104 39 7126 40 7134
1678 -12.981988198101153 17.446395179326167 188.16993773848935 120 115 103 0.18777653595393584 49 7110 39 7127 40 7137
1679 -12.981988198101153 17.446395179326167 188.16993773848935 120 115 103 0.18777653595393584 49 7109 39 7128 40 7138
1680 -3.3080411703748567 17.066530777271161 187.3135587917962 22 15 2 1.7139027441750592 49 7748 39 7129 40 7135
1681 14.658455174883843 17.439059613316083 189.91352217772626 69 47 42 0.1735719881855067 49 7111 39 7130 40 7139
1682 -19.028568914548604 18.404161174442102 194.38580009167765 157 131 97 0.15675467601177873 49 7108 39 7132 40 7140
1683 -13.991511190529886 17.810303986133931 187.50566777550748 103 96 96 0.16579468319361459 49 7114 39 7133 40 7141
1684 53.860277537024864 21.368552708253748 191.69715488211625 32 4 0 0.7508282596783401 49 7117 39 7139 40 7149
1685 45.820184297157262 20.446638671975265 189.90174376031939 128 142 78 0.3131292322281034 49 7121 39 7140 40 7150
1686 -42.456682244828727 22.00194649232866 202.51127824043368 124 110 58 0.688429240373998 49 7116 39 7141
1687 52.135078779261136 21.396437863833558 187.67816333718508 161 139 73 0.18907682786204674 49 7123 39 7143 40 7152
1688 53.183855087673756 22.816903474182212 190.42620620546629 21 9 0 0.69479828772181251 49 6142 39 7146 40 7157
1689 -20.83827331881708 21.014360050367902 189.0616966066726 70 60 23 0.088879378914875698 49 7128 39 7148 40 7160
1690 -0.46887068586213243 19.902123611479048 184.6548701700753 151 113 96 0.5988920287406706 49 6154 39 7149 40 7158
1691 47.924029773184529 23.009118421644818 188.74857742955857 168 148 90 0.59908608073780734 49 7131 39 7155 40 7164
1692 -8.0422536040442232 21.181264157888915 186.71643442111011 180 140 65 0.16519388250314548 49 7134 39 7156 40 7166
1693 -7.2653817181692775 20.804628731590764 185.29964564145055 58 33 16 0.21539064342442951 49 7132 39 7157 40 7165
1694 -24.057014377240076 22.73812075814114 187.86856511717843 63 51 10 0.17123190263370844 49 7139 39 7158 40 7168
1695 46.146561923346859 23.942298969659731 185.45111866559233 87 91 51 0.39718150518202061 49 7143 39 7160 40 7174
1696 23.892229472479734 22.74426667095085 187.61659801970808 83 91 44 0.79981135904950695 49 7141 39 7163 40 7177
1697 25.170250631108924 22.686448229351246 186.79659522611496 75 86 40 0.11162737329949632 49 7786 39 7164
1698 32.011863130807484 24.173232089175887 186.56226226325668 17 16 10 0.21119623329658677 49 7148 39 7176 40 7190
1699 41.745275699947875 25.718212044522097 179.91182656284107 117 61 74 0.39216675259976436 49 7160 39 7185 40 7205
1700 41.745275699947875 25.718212044522097 179.91182656284107 117 61 74 0.39216675259976436 49 7161 39 7186 40 7206
1701 53.742128297449895 27.723844114915451 180.27246108662345 140 128 81 0.29374406712458834 49 7168 39 7188 40 7209
1702 6.8951458369846161 24.606858654062311 177.72478721735541 98 93 90 0.45989349190378864 49 7171 39 7189 40 7855
1703 6.8951458369846161 24.606858654062311 177.72478721735541 98 93 90 0.45989349190378864 49 7170 39 7190 40 7856
1704 9.0671586350568756 24.959470744327263 179.42822320954511 190 116 101 0.13327018370232122 49 7172 39 7191 40 7859
1705 -42.743084569124974 29.152644014024339 196.05411234773749 43 41 2 0.16921925036229646 49 7163 39 7194 40 7211
1706 19.692146580301969 25.855179777893554 180.36000408378092 121 84 71 0.13962502177570671 49 6220 39 7199 40 6201 40 7217
1707 -19.831836663931156 26.625364576142616 181.50939055826922 11 3 0 0.60287065571498832 49 7177 39 7202 40 7218
1708 6.8376880524648511 25.670767687071358 177.45271134254685 40 30 29 0.35962604263494258 49 7184 39 7203
1709 -31.842616427331532 29.34238726261205 192.84490475386377 59 40 3 0.50111615951829092 49 7175 39 7206 40 7222
1710 -23.936899129261022 28.02961033183864 185.89394749260441 24 16 1 1.9874474652748211 49 7185 39 7207 40 7223
1711 51.898111996488332 28.932467768925065 173.76790589461669 197 176 172 0.30486515560981381 49 7193 39 7210 40 7226
1712 -28.182569867688709 28.100416477200774 181.70260388781202 110 61 21 0.3104170579300331 49 7191 39 7211 40 7224
1713 -44.67465888637534 30.966086214576176 191.0913272171081 58 0 7 0.11870232854962842 49 7189 39 7212 40 7227
1714 4.0587578398479263 26.956680399376722 178.90851099184314 54 17 16 0.1895088298156388 49 7195 39 7213 40 6226
1715 49.472752849152478 28.972032909374239 173.3119427533457 28 12 10 0.85886060575016687 49 6246 39 7214 40 7228
1716 44.915687937276118 30.030527514125207 174.98691855500556 168 84 74 0.39710093126709783 49 7205 39 7221 40 7239
1717 48.165561329728156 30.035738390747305 172.31792539106192 69 19 21 0.5187157925348127 49 7206 39 7222 40 7238
1718 49.095558988562736 30.567535414870832 173.32618871155356 102 47 45 1.2763082702553676 49 7211 39 7225
1719 -19.874265480074655 30.156063264220681 184.45603372361586 132 107 55 0.56917487557036461 49 7204 39 7226 40 7240
1720 3.6035614255790862 29.031211619227793 180.47830591337924 39 26 21 0.084576129333572961 49 6263 39 7227 40 7241
1721 -39.683628845206982 33.649393256708429 193.95876751160174 26 26 37 1.1951054441062363 49 7207 39 7234 40 7248
1722 -39.683628845206982 33.649393256708429 193.95876751160174 26 26 37 1.1951054441062363 49 7208 39 7235 40 7249
1723 -14.401676494377107 30.11070935517364 178.99312571322142 84 26 5 0.38477469601956676 49 6276 39 7240 40 7255
1724 -14.401676494377107 30.11070935517364 178.99312571322142 84 26 5 0.38477469601956676 49 6275 39 7241 40 7256
1725 21.378490242561881 30.315085692927582 179.73818923794528 31 21 10 0.31184336797922052 49 7217 39 7242 40 7260
1726 -45.844699481150094 34.267822685701759 188.91076964034784 89 1 11 0.57553958572447961 49 7215 39 7244 40 7261
1727 -45.844699481150094 34.267822685701759 188.91076964034784 89 1 11 0.57553958572447961 49 7216 39 7245 40 7262
1728 -24.324169493786812 31.30800966995854 181.364734790694 124 109 58 0.26427737511738442 49 7219 39 7246 40 7263
1729 6.2093723462464201 30.250367002852453 179.00998022757128 119 81 75 0.15792074048832347 49 7222 39 7247 40 7264
1730 6.2093723462464201 30.250367002852453 179.00998022757128 119 81 75 0.15792074048832347 49 7223 39 7248 40 7265
1731 29.334730271835191 31.282284147218796 178.36932054579142 22 15 0 0.18245965225522401 49 7227 39 7254 40 7268
1732 44.046184120034759 32.145456268509697 175.38739588073099 194 179 143 0.067509882125767029 49 6292 39 7255 40 6271
1733 -31.28712435299391 33.47336855572847 187.193873672205 32 12 0 0.43916160676007171 49 7226 39 7259 40 7272
1734 -14.553280682238077 31.398224303815482 179.28448665188085 188 132 66 0.22788347803599274 49 7229 39 7261
1735 26.787752450008618 31.203103761629091 175.36210949719452 26 16 7 0.82972474796463602 49 7230 39 7263 40 7274
1736 -49.077679421333087 35.594264137889972 185.97079597761243 60 17 9 0.356864304625156 49 7228 39 7264 40 7276
1737 33.675118939370499 31.911767260373562 176.49669454530164 73 67 44 0.17883441794445387 49 7231 39 7265 40 7277
1738 37.133428786808665 32.565526766593983 177.90203885640133 56 40 14 0.11705214974035348 49 7232 39 7266 40 7278
1739 -48.248448336525655 36.088695763117649 187.76770771649865 83 13 23 0.75674485194905461 49 7834 39 7268 40 7280
1740 22.472696043774246 32.755074403186249 180.64950458153308 23 6 1 0.69206852919123174 49 7235 39 7272 40 7285
1741 28.458098981286273 32.267632710276217 175.33372645903921 26 5 1 0.19480766342433609 49 7238 39 7273 40 6297 39 6302
1742 -36.858257367294357 36.234625475156577 192.44578831436053 2 6 8 0.77742854282835905 49 7234 39 7278 40 6299
1743 43.674471722310429 33.822022428233325 174.95107629956999 27 23 3 0.41266753316287336 49 7241 39 7281 40 7291
1744 -19.720923191068376 33.70190475531701 181.98258799467803 51 38 22 0.16746925297080278 49 7240 39 7283
1745 15.396300787540207 31.031091822299505 164.19837125656662 102 104 49 0.14319557778908218 49 7253 39 7288 40 7300
1746 27.436548365648751 33.294974105532603 173.92597334843879 54 15 3 0.26518329951568087 49 6330 39 7291 40 7304
1747 31.854932608951803 34.776330206304685 181.03235086792452 27 7 3 0.087590712130104234 49 7245 39 7292 40 7305
1748 52.481214074205468 35.905201376856866 170.80165751334658 229 202 170 0.39180692040314979 49 7257 39 7293
1749 43.925415144927278 35.245381844163838 174.26169172505558 62 67 43 0.28466388625285671 49 6337 39 7294 40 7309
1750 -42.996205063674658 37.891887355214749 187.21570140918146 71 66 79 0.25811676067454431 49 7249 39 7295
1751 -40.493041927807596 38.176814671404372 188.85276466249377 76 67 85 0.16845707188746117 49 7252 39 7296 40 7312
1752 6.8176856893256748 31.645546794056184 163.43638292261969 187 130 84 0.59054299055081672 49 7266 39 7299 40 7313
1753 -50.012966674476466 38.366674020327871 180.85484508651354 74 57 30 0.024838548931739337 49 7261 39 7300
1754 -30.310430065686806 36.984183450336445 186.53333926718332 18 10 0 0.20141395842464691 49 7256 39 7301 40 7314
1755 8.7845005733787715 32.578152433710599 166.45333832152525 159 103 66 0.55119746785352386 49 7268 39 7302
1756 8.7845005733787715 32.578152433710599 166.45333832152525 159 103 66 0.55119746785352386 49 7269 39 7303
1757 17.214500428924289 33.60393028275724 170.3668878910544 121 118 76 0.89937181710816949 49 7270 39 7304
1758 -53.566538280510542 39.871757907500424 180.07239246856611 37 18 0 0.56410680920178891 49 7271 39 7305 40 7319
1759 3.9613018990982631 35.359218448428642 177.63448958820564 32 15 7 0.048686794770920673 49 7273 39 7308 40 7321
1760 -42.486949384307607 39.605573079405026 187.62483641414025 101 91 111 0.36364053377306887 49 7267 39 7309 40 7920
1761 46.822055227298847 37.364839401351595 174.11955579017138 105 95 63 0.59630034740585369 49 7279 39 7310 40 7323
1762 23.493803118704246 37.304700849761602 175.75696481312224 25 14 6 0.35676202627877918 49 7285 39 7320 40 7334
1763 -51.335344590551422 42.206302941488893 178.96155305509342 45 35 13 0.26954623750897977 49 7289 39 7324
1764 21.465694907127883 38.304042669760832 173.97332694397679 53 42 37 0.10904450444023084 49 6409 39 7333 40 7346
1765 7.87111682594582 36.398895059785261 164.53516265308272 198 138 86 0.39853574588790625 49 7301 39 7338 40 7350
1766 23.590587021317873 39.199619788762107 173.51250162060902 32 17 6 0.34129841046543447 49 7303 39 7342 40 7353
1767 -55.923856156112535 46.226403842086199 183.53250532194735 104 89 43 0.34815502417197292 49 7304 39 7345 40 7355
1768 -51.528403014610667 45.604909039563267 180.39473592789736 48 36 6 0.10500741832088234 49 7310 39 7350 40 7360
1769 1.5614456607113849 40.764620236560873 176.22690288860272 33 14 0 0.41248363354376494 49 7311 39 7353 40 7362
1770 -3.4566777686445165 38.811121718732728 166.20476924179036 84 74 50 0.17289168330575855 49 7897 39 7357
1771 -49.977667998438825 46.49317139270422 183.53590463916737 32 18 2 0.39555131237190938 49 7317 39 7359 40 7367
1772 -50.795571841276875 47.446259936019636 178.8340408948232 34 24 1 0.26358483735091548 49 7335 39 7376 40 7382
1773 -48.444130257159472 47.261682679484522 180.39501382546825 15 9 2 0.27332177790289408 49 7337 39 7377 40 7383
1774 -14.255279330670522 40.95974040708176 167.25714390962764 53 2 0 0.40363040432874103 49 7345 39 7381 40 7385
1775 -14.255279330670522 40.95974040708176 167.25714390962764 53 2 0 0.40363040432874103 49 7344 39 7382 40 7386
1776 17.574394481512027 42.473846870261077 172.74501241843657 89 60 55 0.41083263381552465 49 7342 39 7389 40 7392
1777 26.043354116275495 42.534853634528929 171.02134904318453 26 10 1 0.34178382465853457 49 7347 39 7390 40 7393
1779 -33.88794345837394 46.470635516730923 181.77824463290239 68 23 4 0.40702863846334053 49 7352 39 7399 40 7402
1780 -16.757919758420488 42.824378090984084 169.23249626202065 178 118 64 0.096766812781214087 49 6518 39 7403 40 6505
1781 -15.236378472176105 42.435224744237608 167.31376120697362 218 154 74 0.58324861817929241 49 7364 39 7404 40 7411
1782 57.383095220918108 48.57717237332961 164.06357496692959 84 61 24 0.28758946799444279 49 7369 39 7416 40 7425
1783 -52.815501658387063 51.366253058745578 181.98565319659335 23 15 0 0.192200925136496 49 6533 39 7417 40 6529
1784 17.991309989096827 44.40665354067422 170.05244272279847 22 4 1 0.56648650181351057 49 7916 39 7423 40 7430
1785 25.512274190846576 44.71411126567255 169.64095751364795 115 98 61 0.30386108904566256 49 7379 39 7424 40 7431
1786 25.512274190846576 44.71411126567255 169.64095751364795 115 98 61 0.30386108904566256 49 7378 39 7425 40 7432
1787 26.259440917438255 45.833066245440506 170.3657646305254 32 13 1 0.13014588350918357 49 7384 39 7432 40 7441
1788 -49.787277101702685 52.623969066136183 182.22297424928317 19 18 9 0.20762116396330552 49 7380 39 7433 40 7442
1789 -49.787277101702685 52.623969066136183 182.22297424928317 19 18 9 0.20762116396330552 49 7381 39 7434 40 7443
1790 24.527785906388001 46.760770996736994 171.48111123773646 39 29 17 0.14984330208887822 49 7386 39 7439
1791 -45.714422065431272 51.908486237215222 179.32382532831488 40 18 14 0.13635230619882618 49 7387 39 7441 40 7448
1792 -45.772785511786346 51.986267554971924 179.57040444808408 40 18 14 0.034238958103430882 49 7388 39 7442
1793 -13.294985260500257 -24.215711786559048 209.70749779978593 222 208 195 0.0957104014005596 49 7969 39 7508 40 8054
1794 -23.18360952569434 -11.487570570668273 211.40364207701896 57 30 23 0.79629688326365855 49 8027 39 7609 40 7630
1795 -6.2570712238351147 -12.116539088267725 208.48240412030361 188 162 156 0.056315347009343507 49 6837 39 7610 40 7631
1796 -18.573938579627665 -11.558213612244469 213.33429407504218 243 222 207 1.1091636931233255 49 8033 39 7614 40 6845 40 8106
1797 -23.677587128146612 -10.331117657388589 209.59931761384127 203 170 143 0.24605058714847305 49 7580 39 7620 40 7640
1798 -23.677587128146612 -10.331117657388589 209.59931761384127 203 170 143 0.24605058714847305 49 7581 39 7621 40 7641
1799 -6.9814588532542858 -10.706940961188732 201.81260202022298 34 24 25 0.15578857915802161 49 7585 39 7622 40 7642
1800 -0.52241017813230683 -9.4988700303480655 204.51028609628136 57 55 60 0.074440766793532079 49 7594 39 7630 40 7654
1801 -10.816753523424769 -9.0180774555549217 205.8408409634869 195 156 128 0.76614662701402569 49 7595 39 7634 40 7660
1802 -8.3638617917677607 -8.2494175890139303 205.48484336241299 241 212 190 0.15432910375120512 49 7604 39 7643 40 7668
1803 20.324198894103976 -7.7747710575616749 197.49007194739346 65 54 61 0.24721054175896262 49 7605 39 7644 40 7669
1804 5.98574054228349 -6.9820426254056382 197.4890198552562 194 171 160 0.31826694253450638 49 7613 39 7650
1805 20.602223604086859 -4.5087119529835205 198.95577464588627 44 44 54 0.31154687402955411 49 7622 39 7659 40 7686
1806 10.551275945323704 -4.3355994725153213 193.54714672636976 229 208 203 0.074971065607757958 49 6901 39 7660 40 7690
1807 5.0851330798998786 -3.2159567420995856 190.84871883403514 35 13 16 0.18959859199609433 49 7628 39 7664 40 7693
1808 19.655257767438624 -2.5911838484173391 199.98605561350587 100 98 108 0.07185597594448874 49 6908 39 7668 40 7695
1809 19.655257767438624 -2.5911838484173391 199.98605561350587 100 98 108 0.07185597594448874 49 6909 39 7669 40 7696
1810 -26.085030939343731 -1.5545916677918663 214.69762809551321 53 36 37 0.75323175220752991 49 7629 39 7670 40 7698
1811 -21.173639330474767 -1.4470803069481015 211.03975227736541 140 66 57 0.1525534785535928 49 7631 39 7671 40 7699
1812 22.347498631710636 -1.1684447075093429 201.21484929804282 11 11 19 0.15360525091633936 49 7635 39 7673 40 7702
1813 -0.99246348717708999 -1.3537359737652708 197.75741687788027 243 217 194 0.13925515847873859 49 7638 39 7674 40 7701
1814 -18.144259709523322 -0.62778586532144243 210.5673540027164 226 197 173 0.25976754531811397 49 7634 39 7676 40 7704
1815 17.940968729932944 -0.79171910130516165 198.67190452284245 125 125 137 0.17136602577004811 49 7643 39 7677 40 7705
1816 -16.597652479949993 -0.027196906553532976 208.89443356671379 199 173 149 0.32629982739857993 49 6928 39 7678 40 6958
1817 -7.032287383801731 0.15535675525844103 205.07921528150143 236 202 180 0.23518738722381893 49 7646 39 7682 40 7707
1818 18.012330288611459 0.54362953313503481 197.95055014279822 29 29 39 0.39565113240631283 49 7650 39 7683 40 7710
1819 -31.597094724011296 1.8618117345864411 210.47818013992566 94 83 78 0.33945793790316442 49 6932 39 7686 40 6966
1820 -29.231978986808517 1.9591174348266118 210.10305539930562 95 61 67 0.2443354208265788 49 7649 39 7690 40 7714
1821 -15.115866942888728 1.5877722627024211 207.93163080511968 69 39 22 0.042201755596397529 49 8071 39 7693 40 7716
1822 1.6762283667601767 1.4831143286293771 199.86726428322362 250 221 201 0.5937852911935001 49 8075 39 7694 40 7717
1823 41.378905249360315 3.1707379363458079 192.72810909554676 33 21 21 0.11975793131065016 49 7657 39 7695 40 7718
1824 22.25127964905132 2.7866887612469524 201.22249150581575 35 34 37 0.38710273408371593 49 7659 39 7698 40 7723
1825 -35.101151362783718 4.3262868481517032 210.36257378669421 75 79 64 0.41859228328376963 49 7658 39 7700 40 7724
1826 -7.4920824374182287 5.6712058301633252 206.7606557462195 73 45 36 0.0081244263983508893 49 7678 39 7705 40 7735
1827 15.826069096401037 6.2414813942011769 198.5468748282569 45 45 53 0.1301624901722104 49 6985 39 7706 40 7736
1828 -0.050643747943954348 7.6628100750723478 197.81354777968269 179 150 126 0.22013501311125447 49 7684 39 7710 40 7743
1829 10.444998655545024 9.1515527734304882 188.9738633763111 22 4 3 0.12096152404476383 49 7693 39 7721 40 7749
1830 39.229443650512266 10.851482984835007 192.2391202803428 148 122 68 0.36139749143862893 49 7694 39 7723 40 7047
1831 39.229443650512266 10.851482984835007 192.2391202803428 148 122 68 0.36139749143862893 49 7695 39 7724 40 7048
1832 -21.738777116900721 10.987847890952933 203.91035118082507 68 36 13 0.51035828912348069 49 7026 39 7725 40 7050
1833 -12.792885211860224 10.690760744226029 197.84212436981511 141 79 81 0.12341055916448811 49 7698 39 7728 40 7751
1834 -12.792885211860224 10.690760744226029 197.84212436981511 141 79 81 0.12341055916448811 49 7699 39 7729 40 7752
1835 10.577199893357328 10.412179248209494 188.55920628581936 202 172 155 0.0065746821167937024 49 7709 39 7731
1836 -44.991779751572196 14.628603671071399 203.17769978884309 37 28 20 0.25705051078268754 49 7711 39 7733 40 7757
1837 37.269823299258583 12.507298831743608 190.01046296850762 155 135 87 0.059387646425647499 49 7713 39 7735 40 7758
1838 2.9105228424038025 11.968173197855373 194.52151081826173 236 206 189 0.19061289526717737 49 7715 39 7736 40 7759
1839 10.654418264292319 11.901569373256409 188.37876690192147 157 130 107 0.055860142388331833 49 7718 39 7737 40 7761
1840 -32.062783350986678 14.110895652238979 204.2188082691024 27 20 12 0.22805593572476943 49 7714 39 7739 40 7762
1841 -42.063520195649936 15.391850044830791 205.33217775197224 35 39 12 0.26951372292404741 49 7716 39 7741 40 7763
1842 53.891219526299686 15.205295810934977 190.79806257849896 67 47 22 0.076198446512479492 49 7722 39 7742 40 7764
1843 -38.908494444269749 15.399313912284773 205.1544099215111 49 44 9 0.16961045945491529 49 7717 39 7743 40 7765
1844 -37.64944589232968 15.264404445770657 203.55326764768569 157 143 73 0.086713000194304876 49 7719 39 7744 40 7766
1845 -31.607236611324996 15.089076960751104 204.87079936511566 113 91 69 0.23692714014411709 49 7721 39 7745
1846 -28.726049134403521 14.745555828086761 201.96406593265769 115 99 59 0.17706038462459797 49 7723 39 7746 40 7767
1847 42.303045670655656 14.586799807902683 191.20045879300957 110 78 26 0.24480904773658763 49 7724 39 7747 40 7768
1848 42.303045670655656 14.586799807902683 191.20045879300957 110 78 26 0.24480904773658763 49 7725 39 7748 40 7769
1849 35.917027687127202 14.475790930004777 188.77256583726552 124 102 64 0.34730172012930494 49 7080 39 7749 40 7771
1850 28.080468707717916 14.32796108132451 192.55043228972556 183 115 95 0.10690464242984384 49 7726 39 7750 40 7100
1851 22.950429985510951 14.556882354766808 190.16257548868847 0 1 4 0.052915119384582626 49 7729 39 7751 40 7773
1852 27.753638903008817 15.299836467395775 195.41261418194946 112 58 49 0.74418193217033168 49 7730 39 7752 40 7774
1853 -35.265086031243982 17.124855192203892 202.94773154419249 50 45 17 0.40198126400956774 49 7728 39 7753 40 7776
1854 -23.203343356909002 15.494004387723628 192.04763990654624 129 114 63 0.076931056844582679 49 7087 39 7754 40 7777
1855 18.343189906584104 14.971568181784139 189.02806395962367 89 91 91 0.11260680074655681 49 7732 39 7757 40 7779
1856 22.589443223053454 15.858981973584665 193.18428714288743 47 48 53 0.20724729674357692 49 7734 39 7758 40 7780
1857 -33.904625066060859 17.749386048414394 197.86366971248302 125 118 57 0.44688604311361207 49 7736 39 7759 40 7781
1858 -35.906697081549808 18.793834852180009 203.00819206230577 103 104 54 0.27116131572102703 49 7740 39 7761 40 7119
1859 18.044740336485486 16.678160564052913 189.79188040200575 42 42 42 0.35305013363537219 49 7098 39 7763 40 7784
1860 26.179498505521106 17.191506918793241 194.08496568300689 75 53 44 0.68227900662743701 49 7742 39 7764 40 7785
1861 43.81597758922922 18.255590176524187 192.30427141783989 182 159 95 0.21749758476197981 49 7096 39 7765 40 7786
1862 -8.2847626848362559 17.290230668149153 195.51880719473607 34 29 26 0.45962053764093636 49 7097 39 7768 40 7789
1863 -16.629273919851116 17.102025279455525 185.81611046841343 146 145 87 0.16872994031460267 49 7745 39 7769 40 7790
1864 27.287061276067558 17.994467980560302 192.27233409862404 92 59 39 0.39414483874447326 49 7746 39 7771 40 7793
1865 -35.094853530423265 19.954305868339954 200.15362598129957 34 31 3 0.22156097356001148 49 8145 39 7772 40 8214
1866 -35.094853530423265 19.954305868339954 200.15362598129957 34 31 3 0.22156097356001148 49 8144 39 7773 40 8215
1867 -15.169868613138055 17.937108166937687 187.35344937218971 22 13 7 0.19490936395290284 49 7752 39 7774 40 7794
1868 44.574186280145149 19.928140636652298 190.89423239718863 145 143 69 0.19165247411663902 49 7753 39 7776 40 7796
1869 -17.664676589194002 18.683570628755145 188.44015702147502 38 17 2 0.4498283908252107 49 8149 39 7777 40 8218
1870 14.175828023205391 18.659798201441177 188.4973768637706 108 88 54 0.16675583880403697 49 7757 39 7780 40 7799
1871 -0.3635233012399961 18.990335881141114 188.55557142720323 58 27 19 1.3804965119725605 49 7761 39 7782 40 7801
1872 17.264943579993979 19.343732430910244 189.66845361482615 143 131 119 0.14747144962391881 49 7763 39 7783 40 7802
1873 17.264943579993979 19.343732430910244 189.66845361482615 143 131 119 0.14747144962391881 49 7762 39 7784 40 7803
1874 24.49533321697286 19.754709469681817 191.56372439418715 40 45 10 0.90710610607485098 49 7760 39 7785 40 7804
1875 46.90326700469079 21.080064516404487 188.67913302448611 170 163 64 0.25311022806951466 49 7764 39 7786 40 7805
1876 -40.603380452082881 22.221367782641337 199.31073366063259 116 104 63 0.18554328443523183 49 7122 39 7788 40 7807
1877 -39.042309047187231 22.312101250839206 201.10740008265242 111 97 52 0.25716375402730923 49 7759 39 7791 40 7808
1878 -24.639402657676268 20.326639172675215 189.83141857807172 109 94 54 0.31632541551013321 49 7765 39 7793 40 7812
1879 25.399534892444777 20.370170106304599 190.14950510411532 81 90 42 1.127974677885583 49 7768 39 7795 40 7814
1880 32.123168370630822 21.007219981217805 187.96955771272465 103 43 29 0.095485707286999552 49 7773 39 7798 40 7819
1881 -29.638902441521932 22.11449729599849 194.58999820191156 49 26 12 0.46661662116364533 49 7770 39 7801 40 7821
1882 -23.581147533281321 23.191806582207111 192.52747702934735 129 123 73 0.034565467973012465 49 7783 39 7809
1883 6.1739594707227381 22.746983384939728 188.15718331339684 51 50 53 0.13269580049620325 49 7791 39 7816 40 7833
1884 40.907028733495274 24.011049228966506 186.22619227869663 25 2 3 0.2413807777270959 49 8166 39 7817 40 7834
1885 -2.3406698472636283 21.937765014473257 177.02428103152488 129 102 59 0.58815222233181919 49 7147 39 7818 40 7835
1886 -34.151121365463752 25.227059466993268 194.75211180004592 124 117 78 0.463867374248919 49 7790 39 7819 40 7837
1887 -36.15367345729203 26.033038026566413 196.62034477068465 141 118 104 0.26778793532505124 49 7793 39 7823 40 7842
1888 7.9041153619300033 23.726996856792649 183.61093385112196 15 16 16 0.25593796771694449 49 7796 39 7824
1889 -38.110739695781049 27.280920150292037 198.84056722702803 120 110 74 0.52495695647123819 49 7151 39 7825 40 7843
1890 -33.614368118121881 26.506945506336709 195.30647361701241 130 117 80 0.24752698381744367 49 7795 39 7826 40 7844
1891 40.114975565983798 24.929199888857358 180.57432870342728 137 85 83 0.46308442683266704 49 7798 39 7827
1892 40.114975565983798 24.929199888857358 180.57432870342728 137 85 83 0.46308442683266704 49 7797 39 7828
1893 -13.274487248785624 24.33797019666029 179.25639495227355 71 17 5 0.36771229739823857 49 7162 39 7829 40 7845
1894 -6.4416505702549847 24.997742220844152 182.98984277587311 48 33 13 0.50427912039024136 49 7805 39 7831 40 7847
1895 -32.7226806041012 29.464973177025076 189.64464034087018 23 28 14 0.83998871904879691 49 8176 39 7843 40 7866
1896 -25.39469118208488 28.459022408556852 181.56369688887207 159 116 63 0.16820215401690639 49 7811 39 7844 40 7869
1897 50.213175707723728 29.046476380570581 172.93303240095693 228 202 192 0.25408755283374301 49 7812 39 7846 40 7867
1898 52.98247527488698 29.447101799422384 173.1422033888758 236 209 191 0.33932744554110111 49 7813 39 7847 40 7868
1899 -15.256041300847922 27.579928844822554 176.17867929035216 187 124 71 0.43096835743221767 49 7198 39 7849 40 7231
1900 54.175239531465557 30.219354701909367 172.62980376381714 218 185 171 0.15625547340122106 49 7200 39 7850 40 7871
1901 5.7681447183954138 28.306509579583729 178.73934577141509 148 122 117 0.28844694544876354 49 7201 39 7853 40 7236
1902 20.142739606325861 28.429154037243272 177.61633935742887 160 142 123 0.42797121188380266 49 7202 39 7854 40 7237
1903 41.125698208210594 29.47643499273951 176.10817968710947 181 121 96 0.148527191255967 49 7815 39 7855 40 7875
1904 7.7707640395643454 27.3529060276515 169.46515310511413 142 140 82 0.97550575987430743 49 7820 39 7856
1905 55.108728776392802 31.348978549352317 171.45392425609811 229 212 207 0.18585255605331555 49 7821 39 7859 40 7877
1906 -13.025597148692462 29.323173468698979 179.37560724239245 108 55 27 0.384614744274904 49 7816 39 7860 40 7878
1907 -11.283816383830818 29.226296481135247 178.58437040201392 106 57 21 0.24759433154825736 49 7819 39 7861 40 7880
1908 23.799217571888526 29.605838114931853 179.34011535912154 94 77 71 0.24533948551400844 49 7209 39 7862 40 7883
1909 -17.132514389137093 30.284311966275503 179.35459939388508 183 113 68 0.56367753498135509 49 7824 39 7866 40 7254
1910 -6.9280528947255311 30.028581213410703 179.0745919302837 43 24 8 0.3295926441408123 49 7826 39 7869 40 7889
1911 -42.009702578387284 34.678777705226672 188.43724546023981 51 12 23 0.3383414967286984 49 7831 39 7872 40 7893
1912 -44.553088728076233 36.40874311566926 188.00236068500698 122 48 66 0.12684687252325075 49 7840 39 7876 40 7895
1913 -0.013747712859258431 32.257674418510653 174.01173415728573 18 16 0 0.18806619395652491 49 7848 39 7879
1914 1.4125136847305273 32.875771688777682 177.05862120939321 11 5 0 0.25339534952311532 49 7244 39 7880 40 7899
1915 44.173214514856959 34.316800178462898 172.76320668919934 49 39 17 0.2899382207835362 49 7849 39 7881 40 7901
1916 34.922174090500349 33.969279020005303 174.9765255744214 97 87 65 0.14081051622992519 49 7850 39 7883 40 7905
1917 -1.841947077083584 33.509795529377826 177.73158691368789 27 23 2 0.28522293844605745 49 7851 39 7885 40 7906
1918 12.463633144225122 31.8027343540404 164.44049458832473 131 132 64 1.3130501099194818 49 7854 39 7889 40 7907
1919 43.415401030204634 35.704277711980573 175.23384874808227 20 16 8 0.43304242614840244 49 7260 39 7890 40 7908
1920 -49.166390359928677 40.030052575118944 190.77425386324632 197 157 150 0.060535848058476477 49 7852 39 7891 40 7909
1921 -32.874480668403848 37.842156200376728 189.47319229891059 126 114 84 0.18574002578144219 49 8204 39 7893 40 7911
1922 41.047331905982389 36.104340841441385 175.31778078724216 15 7 0 0.21744345984769478 49 7265 39 7894 40 7913
1923 48.777815695012201 37.046244229269 173.5827311372324 195 169 146 0.61912176780803396 49 7856 39 7895 40 7914
1924 55.571487510200214 37.783085939158724 169.87620600444916 77 48 42 0.39011956099834455 49 7859 39 7896 40 7919
1925 -3.3551740207374339 35.40663477682741 178.96373517004932 83 57 32 0.74735308972834258 49 7855 39 7897 40 7915
1926 45.796785486563124 36.903832420374087 174.18515263796672 35 23 10 0.44969001869832531 49 7858 39 7898 40 7918
1927 -49.873257625785953 39.503672483512105 179.98277678970391 53 41 15 0.37385232296303439 49 7275 39 7900
1928 26.00731592288588 37.122837254365407 181.03621822559103 25 13 3 0.51995342799583888 49 7278 39 7904 40 7922
1929 -30.322812869186659 39.166858895559756 188.3342208359812 87 81 35 0.29212332571480787 49 7861 39 7905
1930 41.434372534218618 38.198617105707598 174.45141240901111 62 58 37 0.25497196630261049 49 7286 39 7909 40 7331
1931 -54.183288160656403 43.043899117242979 182.46161778867739 126 112 54 0.060001773271355606 49 8211 39 7910 40 7925
1932 56.917173055494303 41.067147760679035 170.67729653010852 209 184 154 0.10593372500730262 49 7873 39 7911 40 7926
1933 20.638893406158381 37.77343432874693 174.38447143596878 14 8 3 0.14945971398867916 49 7877 39 7913 40 7928
1934 -49.841944426124776 42.529461184209154 180.81490418986346 34 24 1 0.098941681917644395 49 7874 39 7914 40 7929
1935 -4.0420545568422419 37.863831782183702 173.07032451814692 29 14 3 0.83844902277876687 49 8215 39 7918
1936 -1.4502396722222322 39.465041883105783 175.275589708388 28 16 5 0.19154871622503855 49 7881 39 7924 40 7934
1937 13.929544860395763 37.499472457906293 163.26553124465747 86 98 53 0.44079987558349604 49 7314 39 7929 40 7946
1938 -23.199390541767862 37.861020081958301 160.26307072666569 67 54 22 1.3749525271700873 49 7894 39 7932 40 7952
1939 24.629287956098072 40.451031816830131 173.30106047795041 21 12 4 0.28594413644873762 49 7886 39 7933
1940 24.541754046340007 40.304993278940195 172.7838177049839 21 12 4 0.42567893197818679 49 7887 39 7934 40 7949
1941 21.331289378510728 41.512103573391919 175.17889031764679 29 7 4 0.21758672323759998 49 7896 39 7942 40 7960
1942 -51.08378341792028 47.307309921383364 183.23102848668447 30 23 7 0.30647679262490263 49 7327 39 7944 40 7965
1943 -15.681909676921068 41.434417958730535 169.54554000959828 92 44 12 0.41135355481981789 49 7341 39 7948 40 7970
1944 5.375303468553577 40.352812446671734 165.61724144182398 193 130 61 0.078770183302144539 49 7346 39 7949 40 7971
1945 24.785051659865804 43.596804127886912 172.28690187256501 34 28 3 0.1314205590544765 49 7357 39 7956 40 7979
1946 -47.031069151092673 48.853901017707038 181.14770269108132 13 2 7 0.058567770131373688 49 7909 39 7960 40 7982
1947 -13.215635149302614 41.751846800031807 164.52985142797556 148 97 42 0.14635465924844748 49 7366 39 7961
1948 -16.870879450106425 44.153970582938712 168.99342111207844 78 26 4 0.13564246708138719 49 7375 39 7972 40 7996
1949 -49.89250054341273 51.284835359049389 181.26894958741349 56 52 42 0.15061374719743773 49 7371 39 7974 40 7997
1950 19.234517478431368 45.081305255989449 171.32576179358952 70 52 38 0.38088194120063018 49 7917 39 7977 40 8000
1951 0.77115011624202867 43.453489949017964 165.86236454125637 44 13 2 0.34264057227476102 49 7920 39 7978 40 8001
1952 -51.255977705687016 52.454559658863744 181.56900732093277 13 12 3 0.26844041798488377 49 7918 39 7979 40 8003
1953 -4.1177396666619179 44.97764169294382 170.38162606684602 18 5 1 0.57631208707506687 49 7382 39 7980
1954 -14.932567562707247 48.003991589364176 174.69609942686432 160 119 70 0.66037836659859106 49 7393 39 7987 40 8011
1955 -46.578126696005185 54.337339376798099 179.65114888383266 6 0 9 0.10928901675182916 49 7930 39 7992 40 8016
1956 -43.349733517880118 53.149363268805388 178.13860667623891 2 1 1 0.26412958729892871 49 7931 39 7994 40 8017
1957 -14.352302614911116 -19.304380383555323 207.52227289286429 122 109 104 0.35287294117392509 49 7990 39 8046 40 8072
1958 -11.725009103873735 -17.473311145606029 210.12913813786503 83 83 93 0.15669010950570261 49 8004 39 8053 40 8082
1959 -10.257665479287674 -11.317184535017473 205.31605748082603 255 227 223 0.14547033426645076 49 8034 39 8080 40 8108
1960 -6.4163379838914265 -9.6092844067359238 203.67516122548574 240 217 204 0.18129327560899214 49 8037 39 8087 40 8112
1961 -21.324744206126788 -7.4248160109990557 208.94533371734164 179 148 125 0.66161517090456745 49 8046 39 8094 40 7673
1962 -18.444700411444732 -6.0969873894424991 210.91631901384568 194 163 142 0.29344884862576992 49 8050 39 8101 40 8126
1963 2.6720933278871213 -4.4070459766565522 192.56297529909162 36 21 12 0.10438742294617313 49 7624 39 8103 40 7688
1964 -4.9630128659551049 -0.93191389846147155 202.09700966584441 245 215 188 0.094148245425606888 49 8064 39 8112 40 8132
1965 20.236828821574683 -0.43660062393755567 199.36622313198575 32 30 38 0.35260629985796638 49 8066 39 8114 40 8135
1966 19.093827460190358 -0.22326505719396011 201.483989175353 32 30 38 0.10442918141190553 49 7645 39 8116 40 8137
1967 -13.437686234820525 2.067705459121989 209.63520722211399 195 169 145 0.079413300658244909 49 8073 39 8120 40 8145
1968 -13.437686234820525 2.067705459121989 209.63520722211399 195 169 145 0.079413300658244909 49 8074 39 8121 40 8146
1969 13.972810465516909 1.885263923658598 196.89870630545622 26 29 35 0.49130641558839055 49 8076 39 8122 40 8147
1970 -0.93407365312976087 2.3009673954821293 198.42175356659641 240 215 198 0.12042802527064488 49 8077 39 8124 40 8149
1971 38.75797176913634 3.7025108478065847 194.53452066193108 137 115 69 0.22533541666685986 49 8080 39 8126 40 8150
1972 38.458765621252198 3.8605496376190582 187.68190453865282 85 59 38 0.71604104767303267 49 7662 39 8127 40 8151
1973 -5.9988432052743894 2.8873511203782392 203.81987891665767 154 120 90 0.10266607397766481 49 8078 39 8130 40 8154
1974 -5.9988432052743894 2.8873511203782392 203.81987891665767 154 120 90 0.10266607397766481 49 8079 39 8131 40 8155
1975 -21.309820364128537 4.9118617372652063 212.44876124031683 22 10 10 0.3039141048813277 49 8082 39 8135 40 8159
1976 12.238396499916963 4.1925862944776933 187.56176428153748 162 139 136 0.1343745413997626 49 8091 39 8138 40 8160
1977 -38.203358747564224 6.6421390479935569 208.61527733963757 49 51 36 0.49378652876990969 49 8085 39 8140 40 8162
1978 -38.200613013549713 6.6410590271230943 208.57886612639729 49 51 36 0.6796614532228713 49 8086 39 8141
1979 -2.5494404508273378 4.6576094779898334 199.18515365115178 227 193 171 0.10650479396202395 49 8088 39 8142 40 8163
1980 -2.5494404508273378 4.6576094779898334 199.18515365115178 227 193 171 0.10650479396202395 49 8089 39 8143 40 8164
1981 17.948226664012026 4.8657558394809515 210.88619856294866 24 24 34 2.1736026851752257 49 8084 39 8144
1982 -41.625750831441209 7.3298507625690084 206.83232178510448 66 60 65 0.20760016268071577 49 8087 39 8145 40 8165
1983 -27.566651140198378 6.2604872287545081 204.53054533464245 61 30 37 0.3066962997432105 49 8090 39 8146 40 8166
1984 -14.396468345500292 6.7318910211437188 207.43896582731412 29 26 30 0.21286485515304412 49 8093 39 8147 40 8168
1985 -24.43659275047467 7.8961635234002552 203.72855037996749 129 76 64 0.18301198096144852 49 8096 39 8150 40 8172
1986 35.865221855712107 7.795851100624053 189.47707034168542 56 43 23 0.34074857480857695 49 8101 39 8152 40 8174
1987 -31.089582387719386 8.8973052600807119 206.75649281307943 70 58 34 0.050152537579871197 49 8100 39 8154 40 8175
1988 -18.047718712759057 8.268896782386971 202.00470186755487 33 22 5 0.59533885407161735 49 8102 39 8155 40 8176
1989 29.50982546491953 8.1340387109905361 198.44687981830967 24 19 16 0.36244274263268889 49 8103 39 8156 40 8177
1990 37.036543395809041 8.5530274039423038 190.41245351284547 171 147 90 0.1874369715304546 49 8104 39 8157 40 8178
1991 -2.8307494472805712 8.7457730644303773 198.23449228619515 225 198 166 0.53746916974852521 49 7687 39 8160 40 8181
1992 11.528363813568172 9.4389769813692617 189.63540980597125 210 180 167 0.13390684550682416 49 8112 39 8161 40 8186
1993 13.395744927596979 9.7771803592289022 190.35993931357342 38 27 32 0.12910889793850736 49 8114 39 8164 40 8188
1994 6.193416751165028 9.7578901009443637 190.64092137263597 173 131 120 0.17570576558803552 49 8113 39 8165 40 8190
1995 42.237587802021629 12.816318038769307 188.59833430784633 197 159 95 0.36087690975735004 49 8121 39 8169 40 8192
1996 42.237587802021629 12.816318038769307 188.59833430784633 197 159 95 0.36087690975735004 49 8122 39 8170 40 8193
1997 30.326749083957107 12.214046290063999 193.44999227792482 85 61 48 0.65090410585269265 49 8119 39 8171
1998 -16.456982724965798 12.697050958992733 196.12612107218294 19 7 7 0.18700579248799776 49 8123 39 8173 40 8195
1999 26.522501730274506 13.057748019792159 194.33362977118065 160 87 78 0.11349520437789905 49 8127 39 8175 40 8197
2000 50.781180827788027 14.737189653553447 186.19470958741704 123 101 34 0.32004647440838502 49 8129 39 8176 40 8198
2001 49.842505920235872 15.268032767431595 187.1819810940566 79 59 27 0.26356494701376287 49 8130 39 8177 40 8200
2002 -33.456682861296272 15.659504626403919 198.89556434310489 134 121 56 0.45234608346077293 49 8400 39 8178 40 8474
2003 -0.63602675027999989 13.820810285471953 190.96358698986776 43 24 15 0.79032443946657926 49 8403 39 8179 40 8201
2004 46.778542008609129 15.983344617251907 188.79987762775167 187 174 71 0.040267275338427388 49 8132 39 8180
2005 13.244783255600922 14.428226322497675 190.79104464645965 188 167 165 0.081034397909224842 49 8133 39 8181 40 8202
2006 42.422572633499556 16.157367687427648 190.94426539787688 38 13 10 0.3344632378027772 49 8135 39 8182
2007 26.650023152424453 15.503478072921036 196.07141131116336 33 11 13 1.1912739685707772 49 8404 39 8184 40 8203
2008 34.495799928474547 15.933629345495993 193.9731873689004 75 64 49 0.038939615752027333 49 8136 39 8187 40 8206
2009 5.6026323000258174 15.678552977721385 193.63045471954644 187 139 123 0.27665617832228401 49 8140 39 8189 40 8209
2010 -11.729218588885164 16.155244874768446 189.54920849652046 21 27 16 0.48582821720781638 49 8141 39 8191 40 8211
2011 -11.729218588885164 16.155244874768446 189.54920849652046 21 27 16 0.48582821720781638 49 8142 39 8192 40 8212
2012 9.6720071744148708 17.534506473669289 190.167556793514 181 156 136 0.11728713604171942 49 8146 39 8196 40 8216
2013 -9.6214333156338494 17.702860158300002 187.33560479764114 48 31 26 0.45073459372455904 49 8147 39 8197 40 8217
2014 -12.914082271453664 18.336124150535795 180.79690379166988 22 4 13 0.4258742774481129 49 8423 39 8198
2015 10.203419975584586 19.161842318781062 190.14738206539423 25 23 24 0.31374926825013894 49 8150 39 8201 40 8220
2016 33.79076491045997 20.391759623737343 186.42348306588136 142 75 68 0.27091638095340326 49 8151 39 8202 40 8222
2017 42.107083762753568 21.990350759048308 189.75865425598937 25 15 15 1.4672744520671104 49 8152 39 8205 40 8225
2018 -23.504506870345782 21.155612199556266 187.26993151751913 72 58 14 0.96048361791645009 49 8153 39 8206 40 8226
2019 -27.668155895837511 21.878705524529082 188.99222742937988 174 132 67 0.41991792214598095 49 8154 39 8209 40 7822
2020 -43.526488863308501 24.680646316281042 200.09518018805323 126 116 74 0.23674841100865987 49 7780 39 8210 40 8229
2021 -11.144338075075035 21.774063129252859 187.81529107701385 58 32 20 0.29198954670810923 49 8157 39 8211 40 8230
2022 32.351424943471201 22.781245051847392 187.44272774424317 115 74 46 0.80930376613181121 49 8433 39 8212
2023 -39.239994112287398 24.947898378490553 197.23663592709207 117 119 68 0.46354959575747062 49 8158 39 8213 40 7829
2024 -39.239994112287398 24.947898378490553 197.23663592709207 117 119 68 0.46354959575747062 49 8159 39 8214 40 7828
2025 20.026161895940771 22.312675589739325 186.93394715443048 71 86 47 0.33816996823222661 49 8160 39 8215 40 8231
2026 52.688088604178049 25.201185374811409 187.15522170346739 157 127 83 0.42119413906390452 49 8161 39 8217 40 8233
2027 -10.633631358274297 23.473869927875075 186.32873120501685 140 126 61 0.30990194120431691 49 8167 39 8219 40 8234
2028 -18.941619672698533 23.997707885832696 184.84062224074628 183 130 62 0.17190400866440969 49 8168 39 8220 40 8235
2029 -19.756555348151643 25.478533021359894 184.66532387781655 9 5 0 0.98807551141251937 49 8441 39 8221 40 8236
2030 54.060115517386748 27.327024921586808 175.53746697018076 145 143 56 0.44513509245791422 49 8174 39 8224 40 8238
2031 -35.105729720850299 28.209084958545347 194.77066758680525 22 18 9 0.12764147366385148 49 7801 39 8225 40 7852
2032 54.727430435937954 28.861105021374925 174.90324272885215 36 28 11 0.58536016563952176 49 8444 39 8227 40 8515
2033 54.727430435937954 28.861105021374925 174.90324272885215 36 28 11 0.58536016563952176 49 8445 39 8228 40 8516
2034 31.418865654754814 27.22964860091993 178.22709725349492 34 11 12 0.29747143407471444 49 8177 39 8229 40 8240
2035 42.529726022905955 28.124768398239322 176.04604138981551 163 91 76 0.41714630660558255 49 8178 39 8230 40 8241
2036 25.153919007401687 28.083428265532511 179.13651912727292 77 59 56 0.31410293284787238 49 8179 39 8232 40 8243
2037 13.394906660598176 27.164536784179017 173.94069093636938 89 65 41 1.077809240147374 49 8184 39 8233 40 8245
2038 2.5600008644648766 28.062110453583408 180.55937373951221 50 41 35 0.059372806429975743 49 8182 39 8234 40 8244
2039 22.290094654927898 28.446945215420975 179.36090097037834 135 108 97 0.40901722512148925 49 8185 39 8235 40 8247
2040 22.290094654927898 28.446945215420975 179.36090097037834 135 108 97 0.40901722512148925 49 8186 39 8236 40 8248
2041 42.48554360167946 31.122644779043437 175.84034168482106 205 161 133 0.1154715365031541 49 7828 39 8242 40 7887
2042 9.8971651895717851 28.38881960937649 165.65381860121792 68 54 19 1.0896306366569062 49 8195 39 8246 40 8256
2043 -3.3614801254180606 30.935666812719319 181.12591166012322 118 97 45 0.1407478461126761 49 8191 39 8247 40 8257
2044 7.9591431240078219 28.985473635204883 167.73460797785091 149 139 80 1.7079912763395002 49 7835 39 8249 40 8259
2045 4.6033539398042551 31.21706953141766 179.50032561653941 117 76 76 0.086394751640071876 49 8194 39 8250 40 8260
2046 -46.060238802934286 37.396252020061596 189.14166770185096 213 117 113 0.10925861561548356 49 8200 39 8251 40 8262
2047 -4.8296651002018463 32.893252815457103 177.91365183152098 36 23 7 0.20176937002261552 49 8201 39 8252 40 8263
2048 -50.240884748753714 39.258650626476559 187.86225323455486 35 19 2 0.60469719768751784 49 8203 39 8253 40 8264
2049 -6.8886536784445589 35.146605408875914 172.20044394661056 63 36 17 1.5071228226824933 49 8208 39 8258 40 8272
2050 53.871253472974082 39.058551861584633 169.57033424979127 223 195 163 0.11025234061622417 49 8210 39 8261 40 8274
2051 -48.976865608182102 44.078167821848147 188.83148717635902 37 14 13 0.21150864593973498 49 8213 39 8263 40 8278
2052 4.1275934337360862 37.617011092259226 170.17622817152198 58 30 23 0.17734940836657118 49 8220 39 8264 40 8282
2053 4.1275934337360862 37.617011092259226 170.17622817152198 58 30 23 0.17734940836657118 49 8221 39 8265 40 8283
2054 -18.796094533320733 42.755423888065245 182.39665445625562 104 53 16 0.4839969775926049 49 8494 39 8274 40 8291
2055 -52.057407465413277 46.259875259894685 178.95623631446105 110 96 52 0.45114286742999316 49 8229 39 8275 40 8292
2056 12.177863822171563 42.739387271014316 162.84672374999269 57 39 36 0.74501020264010887 49 8250 39 8288 40 8303
2057 -54.113455472928216 52.078831285114461 175.86811791397986 41 28 7 0.51821822290666708 49 7919 39 8290 40 8306
2058 -47.575629192834029 51.431364894079863 179.71851254618136 20 7 5 0.070067246787225368 49 8249 39 8291 40 8307
2059 -20.597385900844028 46.944609129145931 174.14373089684864 27 21 3 0.91230289492775241 49 7921 39 8292 40 8309
2060 -17.606827808959448 46.096891010370889 169.3327738163691 174 108 57 0.024840443854007934 49 8254 39 8293 40 8310
2061 -15.864637448479606 45.608340569979191 167.18063269244902 177 113 48 1.4328870892929007 49 7926 39 8294 40 8006 39 7443
2062 -46.67748296072493 52.430742658298819 179.21363810807929 155 135 92 0.06185275506923027 49 7923 39 8296 40 8312
2063 -46.67748296072493 52.430742658298819 179.21363810807929 155 135 92 0.06185275506923027 49 7922 39 8297 40 8313
2064 -3.5590666012220988 49.736184295139203 177.81321530277822 0 0 2 0.80976732597879097 49 7929 39 8300 40 8317
2065 -11.682565313030867 -12.721254506318241 207.45465617462844 34 32 33 0.16308998339111816 49 8320 39 8365 40 8385
2066 -8.2890553896195893 -10.593028895443904 204.13565679201216 254 244 234 0.13940074776406128 49 8330 39 8375 40 8393
2067 -1.370776625744105 -11.018911531900905 210.66671703632124 178 160 139 0.2020218914134643 49 8331 39 8376 40 8394
2068 -20.892244003676449 -9.0991115752952858 208.74671247847769 191 170 146 0.46155883945989579 49 8334 39 8384 40 8402
2069 -4.828308378757602 -8.2957923805694751 200.67920597438206 230 210 198 0.24537921469316595 49 8337 39 8388 40 8406
2070 2.7738455019853729 -8.2395166612185164 200.69821268721103 203 181 147 0.20744670530431655 49 8340 39 8389 40 8408
2071 -19.656245373445039 -7.0619698979961321 209.38519327570324 160 138 111 0.71266359548389657 49 8341 39 8391 40 8409
2072 -2.8858600151542464 -6.9320020547420196 196.83087909731887 253 231 213 0.048151141873964909 49 8342 39 8393 40 8411
2073 4.9374659291656204 -7.1480363104197231 199.30795300991727 208 183 165 0.03027334475686062 49 8343 39 8394 40 8412
2074 4.9374659291656204 -7.1480363104197231 199.30795300991727 208 183 165 0.03027334475686062 49 8344 39 8395 40 8413
2075 -1.0141858407465643 -5.693935379877014 195.22088586219994 250 235 215 0.19010145320884964 49 8350 39 8397 40 8416
2076 -12.664411608466393 -5.7535699487729026 207.25621500958655 22 11 16 0.13175805209421301 49 8347 39 8400 40 8418
2077 -12.664411608466393 -5.7535699487729026 207.25621500958655 22 11 16 0.13175805209421301 49 8348 39 8401 40 8419
2078 -14.247434933821827 -5.2972026641188057 207.85587392440462 240 212 184 0.37144266535892395 49 8054 39 8402 40 8420
2079 23.457045002679827 -4.5254964091146102 201.70062358163636 98 101 112 0.091929042621442456 49 8353 39 8403 40 8421
2080 -18.281705886293835 -3.0860252865985127 208.55082227689201 192 162 134 1.2720073719599587 49 8356 39 8407 40 8424
2081 -7.4592428567632219 -2.9429392844204316 205.25969872094637 248 227 202 0.53135241978249215 49 8358 39 8408
2082 0.17973678427328391 -1.1358029357520707 195.17191469221478 249 223 206 0.32921413330683952 49 8362 39 8413 40 8427
2083 -19.553937993735268 -0.40354271783740103 210.90404436520376 214 184 158 0.4932665442288891 49 8361 39 8414 40 8628
2084 36.613538036208119 1.5343834104845411 192.76441491054271 139 110 75 0.43871298395356034 49 8365 39 8417 40 8433
2085 40.968118307531697 4.3406118681352615 192.79066406798538 168 141 97 0.42779799260356288 49 8375 39 8420 40 8442
2086 15.114389146167806 3.2491830272968696 196.89522764620847 72 74 88 0.3566973442126547 49 8374 39 8421 40 8444
2087 -12.573246792088158 3.877667059700002 208.96653276777866 120 108 96 0.27458511396339974 49 8372 39 8423 40 8448
2088 -12.573246792088158 3.877667059700002 208.96653276777866 120 108 96 0.27458511396339974 49 8373 39 8424 40 8449
2089 -33.001188147166374 5.5243242187267469 207.03486373729459 136 139 90 0.24623658402499773 49 8376 39 8425 40 8450
2090 -14.312157337096986 5.0788895826141927 209.2631353822359 126 110 93 0.2947114284980128 49 8379 39 8428 40 8452
2091 39.759106143458055 7.3434980406966295 189.60190154186029 94 72 37 0.22765364621285947 49 8384 39 8430 40 8453
2092 31.587354156667988 7.312554933433427 196.0940426000067 60 39 35 1.0427830973339214 49 8385 39 8432
2093 -25.695391553516117 8.6813582355349777 202.90661503755811 37 16 21 0.12947699209729208 49 8388 39 8436 40 8458
2094 4.0135560017022378 8.0184380329827594 192.80426745432368 186 137 126 0.1822496212393534 49 8389 39 8437 40 8460
2095 6.8237176200235963 8.201812449310987 190.2286299908609 32 18 18 0.082378256396562641 49 8390 39 8438 40 8461
2096 6.8237176200235963 8.201812449310987 190.2286299908609 32 18 18 0.082378256396562641 49 8391 39 8439 40 8462
2097 2.920998275818488 9.2676220119756572 195.23081023465798 246 214 198 0.03428044094448493 49 8393 39 8440
2098 22.715864781720363 11.22434324300735 193.29683164321412 18 13 15 0.049831212521112701 49 8394 39 8442 40 8465
2099 -22.879136569700517 13.287330109656518 203.00313659723713 34 22 11 0.11162807958098092 49 8396 39 8445 40 8471
2100 8.3247650518093579 12.260659780430476 189.53637992682243 144 71 66 0.061842926403744392 49 8398 39 8446 40 8472
2101 54.426804857961159 15.557956920698741 191.19865921887563 100 80 53 0.31314685032820178 49 8399 39 8447
2102 6.9246783909053411 13.307685816723518 190.24509384919196 172 131 115 0.23736049094890324 49 8401 39 8448 40 8473
2103 -45.145244898525398 18.461344355330368 202.67718689330124 104 88 46 0.43325004503152914 49 8596 39 8452 40 8478
2104 38.34218492330757 16.441877126791276 192.79227499362491 144 122 75 0.19601503017143626 49 8407 39 8453 40 8479
2105 50.155961129662387 17.467504505108373 188.41586227601303 167 141 59 0.4768486487723167 49 8408 39 8456
2106 14.253642897103385 15.636914147320844 189.42896549137492 93 74 76 0.13164359744667464 49 8409 39 8457 40 8482
2107 -27.293781151571711 17.868873148074041 200.12042446318605 120 122 47 0.20136513813244136 49 8410 39 8458 40 8483
2108 -22.415957293790598 18.352036378764033 195.40579419971806 25 20 8 0.14805599149525639 49 8412 39 8459 40 8484
2109 31.572315466898303 18.449073939783062 188.85106048368442 176 90 75 0.34784705440648866 49 8415 39 8460
2110 -25.994244433189593 19.556116864235747 194.98009443700727 33 29 14 0.023362211531679167 49 8417 39 8466 40 8492
2111 -3.7923958871970251 18.122569228937003 187.45711932883006 185 132 123 0.31816084266891725 49 8420 39 8467 40 8493
2112 -16.444422923783605 18.798920845597191 187.4865418308147 174 154 124 0.13287119485003265 49 8421 39 8468 40 8494
2113 -22.821491906341812 20.307085372868933 190.09833561713043 136 125 63 0.080440150689218837 49 8425 39 8469 40 8495
2114 17.521883149569188 20.292852959894049 184.25607583143207 22 25 13 1.4480774951791542 49 8429 39 8471 40 8497
2115 -13.357675360286342 20.436107494212202 180.87710450195033 125 75 76 0.47332036740837957 49 8155 39 8474
2116 -40.796593166617924 24.276023012540268 199.92658317514127 36 34 12 0.31848397271362505 49 8428 39 8475 40 8498
2117 0.81666102131025997 20.880943823102886 183.56647220055029 169 135 101 0.17930369248814831 49 8156 39 8476
2118 27.364683675478705 22.361161972894028 188.36187334834364 90 101 44 0.26090301071287042 49 8431 39 8477 40 8499
2119 -42.175718261116472 26.644389725867775 200.87111693458158 121 118 63 0.10177380663775375 49 8434 39 8479 40 8501
2120 -32.456911849048261 25.631875437883593 194.68159981319656 38 42 13 0.256710420056456 49 8435 39 8480
2121 -5.572800007938076 24.013069580547054 184.77837073943721 107 88 49 0.13419526718640215 49 8437 39 8484 40 8505
2122 -5.572800007938076 24.013069580547054 184.77837073943721 107 88 49 0.13419526718640215 49 8438 39 8485 40 8506
2123 -40.115743007321718 27.616360775367884 197.81206381230498 18 12 5 0.18503105478814094 49 8613 39 8486 40 8507
2124 14.513039699359785 23.861567564933772 180.33848187370563 36 8 6 0.45220736672577838 49 8440 39 8487 40 8508
2125 -2.8489433678147753 23.889760631124688 180.1108670555908 133 113 54 0.35603063422589276 49 8439 39 8488 40 8509
2126 -32.55255410013045 27.853614913408727 191.75834394800245 106 99 56 0.1534936938646424 49 8617 39 8490 40 8511
2127 -43.09765391111597 29.461035617319244 193.49397986908801 106 110 43 0.32157165423605116 49 8442 39 8491 40 8513
2128 23.414902812068952 27.038760894318528 178.70589897995907 49 31 32 0.65463439525507283 49 8447 39 8494
2129 18.530613931879884 27.926290020027441 180.50220704655595 168 148 116 0.54671252322016839 49 8448 39 8496 40 8680
2130 -6.6401345455285243 29.078519309643831 184.65429053019909 59 31 9 0.11145995281445123 49 8450 39 8497
2131 0.74227479434011612 27.75732080586338 176.34788349253674 28 20 9 0.41773457146097076 49 8453 39 8498 40 8520
2132 14.189363563873542 28.14588784622401 174.08652095692358 52 32 15 0.47992528645529808 49 8625 39 8501 40 8682
2133 29.236409196235844 29.90902436878596 180.17415891607385 82 54 42 0.30609341463006989 49 8455 39 8502 40 8684
2134 29.236409196235844 29.90902436878596 180.17415891607385 82 54 42 0.30609341463006989 49 8456 39 8503 40 8685
2135 -47.999505724589184 34.255786086212389 190.3140930233526 222 125 118 0.33490985643973525 49 8457 39 8504 40 8525
2136 -31.379999716695057 32.672426358326312 192.90924668917754 131 84 33 0.74184259474315395 49 8624 39 8505 40 8686
2137 53.661454567025949 31.87069638120381 170.52865395870484 50 22 27 0.825906808199246 49 8461 39 8507 40 8526
2138 -34.180159869487596 33.159049843512904 188.51631939150872 36 32 22 0.2467196022077652 49 8460 39 8508 40 8527
2139 40.738083510884472 31.909513806715907 177.2127575665323 215 178 158 0.19760945759496593 49 8463 39 8510 40 8529
2140 32.606561894509497 32.082492598514982 176.20497546225923 72 62 42 0.13990235164254369 49 8465 39 8511 40 8530
2141 32.606561894509497 32.082492598514982 176.20497546225923 72 62 42 0.13990235164254369 49 8466 39 8512 40 8531
2142 40.072862359223016 33.76048706174857 176.64868203631698 63 39 26 0.20919630844777773 49 8467 39 8513 40 8532
2143 34.362801918940363 34.048258068307931 178.82557230532865 38 25 18 0.7411572787073949 49 8469 39 8515 40 8533
2144 -39.050430341004613 37.162879460608622 188.14029475139705 64 60 74 0.28641471542508501 49 8471 39 8516 40 8536
2145 -39.050430341004613 37.162879460608622 188.14029475139705 64 60 74 0.28641471542508501 49 8470 39 8517 40 8535
2146 -47.62989438261188 41.040756836420307 184.54993752156844 52 15 16 0.50277204130967734 49 8475 39 8520 40 8539
2147 -34.45294102506017 40.217551107083295 190.9732604946114 37 23 28 0.15632039446035048 49 8635 39 8521 40 8540
2148 -3.3096979051739761 37.775042787014954 180.02300609883855 43 25 19 0.28583063881561493 49 8477 39 8525 40 8543
2149 50.562352871796712 39.635325770946068 172.17511072913726 225 179 154 0.15548918311768098 49 8480 39 8526
2150 -30.770813336544595 40.426392971948125 185.42455468988069 20 13 16 0.32796241728450121 49 8479 39 8527 40 8544
2151 11.708490700783265 34.710485403847997 162.83360025978243 80 67 41 0.35437039660791242 49 8481 39 8528 40 8546
2152 26.805055552123733 37.389195435894102 171.98903357257942 126 93 29 0.51426937761160496 49 8637 39 8529 40 8701
2153 15.170189632407807 37.233464226699624 169.6306563585679 37 29 7 0.18773867838643635 49 8488 39 8530 40 8551
2154 -19.894822559923476 37.874116894974222 170.48638023546823 110 93 55 0.85215865268130164 49 8486 39 8533 40 8549
2155 16.255566514401988 36.633034090221457 165.30884069398709 61 60 22 0.043642920286952061 49 8222 39 8534
2156 -6.4554691727111688 39.497652754823882 165.02185019095492 84 67 30 1.3219100510369677 49 8501 39 8539 40 8555
2157 3.2148009627625371 40.593337116575626 164.9145749629819 161 113 66 0.65609884484527636 49 8236 39 8547 40 8560
2158 15.842997608733402 44.413611044232042 169.24956732394406 29 18 15 1.5161326649725178 49 8511 39 8550 40 8562
2159 -18.098469611815077 -22.180135527750764 209.48586853102157 209 180 156 0.28686847721118769 49 8532 39 8573
2160 -3.216960764595608 -9.2839094683350734 201.23034420346164 36 33 37 0.94431803719017215 49 8687 39 8601 40 8612
2161 17.206349523052381 -5.5370723358519323 199.86586533196791 44 44 52 0.47334000062237375 49 8351 39 8607 40 8616
2162 -10.965690227089457 -5.2096103688548689 207.49240857328405 245 214 191 0.13903762348773585 49 8563 39 8608 40 8618
2163 0.99021332514825733 -4.438629760336231 193.36477610864284 224 198 175 0.59049753459058096 49 8564 39 8611 40 8621
2164 9.2941568789086055 -4.4343278831010773 194.52390984641619 204 177 164 0.28634608325282901 49 8565 39 8612 40 8622
2165 8.478215015119174 -2.1933798168870617 192.13527929652543 32 25 22 1.2595518872535669 49 8570 39 8614 40 8624
2166 -28.821227386788113 -1.060871612104306 209.71708214767389 93 12 19 0.14539344817376457 49 8569 39 8615 40 8625
2167 -22.66931254483826 -0.43854634507939144 212.86226565386139 204 163 136 0.42025392421930235 49 8571 39 8616 40 8627
2168 -17.788517181525012 1.1477081062036063 210.03750020734253 51 28 17 0.046227196728733135 49 8573 39 8617 40 8630
2169 1.110916743014019 0.84166069750433004 194.97304244495066 242 213 193 0.087059789973246801 49 8577 39 8618 40 8631
2170 -10.365645503392306 1.2693569606757766 208.01450425238033 142 105 79 0.47218723638901988 49 8367 39 8619 40 8438
2171 16.280083369909025 1.258608226904832 190.92156071479772 38 38 48 1.7349823958724258 49 8578 39 8620 40 8632
2172 18.555392788068453 2.7907498860996194 199.35375607505478 83 83 91 0.12131276342746562 49 8581 39 8621 40 8635
2173 -16.33322351708512 3.9185711520292408 208.48688444265483 123 96 73 0.24947885891055588 49 8582 39 8627 40 8638
2174 10.760445051203007 4.8242522807905086 187.78711001626405 197 161 151 0.022689564104017398 49 8381 39 8629 40 8640
2175 -11.079467538070844 5.4830496428300863 209.2965904199493 170 141 106 0.21104407409127937 49 8583 39 8630 40 8639
2176 -22.444459984913493 8.7433878197508612 202.82901268931164 135 92 73 0.64461252145075265 49 8585 39 8631 40 8642
2177 -16.45024247031068 10.546334586219992 198.70275694456353 137 73 60 0.4850033249228109 49 8587 39 8634 40 8645
2178 46.636650036737294 12.851476133490008 192.51362222909688 196 169 64 0.34817625037353567 49 8591 39 8635 40 8646
2179 -25.782780485536321 13.694697856716825 197.65210881209367 127 117 64 0.57200049601806346 49 8593 39 8641 40 8652
2180 -25.782780485536321 13.694697856716825 197.65210881209367 127 117 64 0.57200049601806346 49 8592 39 8642 40 8653
2181 11.24831685845243 12.696505781104811 187.19873282537287 145 115 99 0.40461136513642043 49 8594 39 8643 40 8654
2182 45.564508141976155 15.522164214840981 185.82829792059667 171 158 58 0.7576655840706491 49 8595 39 8644 40 8656
2183 -23.200656253681924 16.259111729166015 189.76037656413473 95 81 28 0.35944693006571188 49 8599 39 8646 40 8660
2184 -36.941217901098369 18.106088473034859 199.98631372801134 109 90 56 1.1642880814624779 49 8597 39 8647 40 8661
2185 -39.659956378282963 18.782181642538411 202.16208884484931 20 23 1 0.57185856821838066 49 8598 39 8650 40 8662
2186 59.241062201519881 19.80946387935084 188.2252718319919 158 123 59 0.46671903066024933 49 8600 39 8651 40 8663
2187 -6.6420975078823048 17.259302594564065 189.46593205838278 184 147 129 0.14480775234385979 49 8602 39 8652 40 8664
2188 -21.028189847047233 18.875304452842983 196.37811088274276 153 129 63 0.35358849017120381 49 8601 39 8653 40 8665
2189 -41.725564491725159 22.295210432836313 200.3465634075568 131 116 66 0.36329183384686964 49 8604 39 8654 40 8666
2190 45.485810958736941 21.905249192196678 190.41036022593838 25 26 14 0.50201103635692734 49 8607 39 8655 40 8667
2191 -4.0033852391353211 22.685895915629384 183.74110022039363 32 18 4 0.31704311531808654 49 8611 39 8656 40 8669
2192 -7.0825235673984865 23.102511641145888 183.48562945621143 45 28 20 0.28601822105973329 49 8612 39 8657 40 8670
2193 32.53436826183728 24.332482405834465 182.41438093547418 17 19 12 1.0681740365059884 49 8727 39 8658 40 8671
2194 5.2344330695750951 24.145995814668833 184.36960817664192 12 16 20 1.040349398972569 49 8728 39 8659 40 8792
2195 34.636872277606521 24.637358612887024 180.50412840342923 28 13 11 0.18717632199460446 49 8614 39 8660 40 8672
2196 -29.93999008031734 26.267359327097832 187.52821055920305 43 42 9 0.68826890541586261 49 8615 39 8661 40 8673
2197 -44.646943541050327 30.580327431673744 192.88067627661104 51 23 25 0.14147212344976409 49 8618 39 8663 40 8675
2198 5.5986159175382433 26.346105899501172 178.42652170131788 172 153 137 0.14691191193464148 49 8619 39 8664 40 8676
2199 7.579070206117799 25.838657635388952 174.8255624991553 23 12 15 0.18890317141059873 49 8621 39 8665 40 8677
2200 -48.531518191366722 31.611618378249791 193.28403239941514 65 24 24 0.29592548143548619 49 8443 39 8666
2201 -19.494061141733297 29.01119233385467 185.82835134779165 134 113 46 0.23561534192058861 49 8622 39 8667 40 8679
2202 18.521236158560537 30.589605548714516 180.19188457323031 67 53 35 1.3258452244021071 49 8627 39 8668 40 8687
2203 20.883218924824522 30.941823508860402 179.00746007186615 41 27 9 0.55981076214321968 49 8628 39 8669 40 8688
2204 -1.5208395816169855 31.201152205498378 178.48612819577346 30 27 9 0.39397230558551843 49 8630 39 8670 40 8689
2205 29.431105047790766 32.274214001530659 176.99834610290466 29 30 18 0.58802530020655797 49 8631 39 8671 40 8691
2206 -36.179196179028452 35.581160094115653 191.23984239897547 4 6 6 0.43072945231574966 49 8629 39 8672 40 8690
2207 -44.017810171616631 36.819156463057602 188.11530838518431 101 46 72 0.28394383492104197 49 8632 39 8673 40 8692
2208 -29.575689875833042 37.060086001290806 187.90152708373211 14 10 2 0.241840233718394 49 8633 39 8675 40 8694
2209 12.045582926592381 32.253608381330501 164.78281029200838 102 104 29 0.21384213100032423 49 8737 39 8676 40 8695
2210 25.26125448631516 36.867276056215545 174.16793343277629 39 28 21 0.37142248957162249 49 8636 39 8677 40 8698
2211 -37.330745511987125 41.818142156926079 183.59638622877642 42 38 28 1.2981659964806547 49 8638 39 8680 40 8702
2212 -7.017687484178154 37.837967654013404 168.70093202168931 41 31 9 1.0902555468293931 49 8640 39 8681 40 8703
2213 18.068358838247995 39.809893718423879 171.22043560249844 18 5 0 0.23332627291415484 49 8495 39 8683 40 8704
2214 21.831348159161063 42.001187349160034 172.14123597410526 77 45 29 0.15224915873740735 49 8642 39 8685
2215 -2.133127365037796 44.635555529214976 174.12895135106976 20 7 4 0.22315918631799872 49 8645 39 8688 40 8708
2216 -33.77158390964275 49.062167352917903 179.39156306052877 165 126 83 0.2945030711428942 49 8745 39 8689 40 8709
2217 -29.560805655995814 47.438542425552036 171.89285462394042 128 113 49 0.97148114025505539 49 8513 39 8690 40 8710
2218 -0.29951746590226058 45.524782067796465 170.02550251924981 139 91 46 0.10441405642061168 49 8646 39 8691 40 8711
2219 17.468865422416947 46.292874449890078 170.77235535420979 61 42 28 0.11206829461698588 49 8515 39 8692 40 8712
2220 50.800706082841579 51.376675825059294 173.8023577836808 136 121 60 0.34269783023674555 49 8516 39 8695 40 8565
2222 -23.029389739236738 -9.306078015022857 209.56702153547374 206 177 155 0.069383758055649794 49 8685 39 8726 40 8746
2223 2.9859422177825152 -5.4297852835470177 195.95376809043245 44 44 47 0.36783407313587874 49 8692 39 8734 40 8757
2224 5.8596911764228308 -3.6559602540645089 190.88261321641039 38 31 41 0.93288299122484364 49 8697 39 8737 40 8758
2225 3.6732548605941391 -2.4909372257160958 191.626652606585 247 211 193 0.21426198273375599 49 8698 39 8739 40 8760
2226 -12.648878573972095 -1.4706651082615894 207.65862251080628 151 116 91 0.12947503951610048 49 8699 39 8741 40 8762
2227 20.399501490500416 0.11028158598530813 201.52333201397155 36 34 42 0.43976904356316132 49 8701 39 8743 40 8764
2228 -2.6849946021941746 0.59080336226104302 198.80008714217345 236 212 188 0.11167759455072879 49 8702 39 8745 40 8765
2229 -30.653082310252525 3.6282795509392365 210.42874789776963 20 7 17 0.80420567538180932 49 8703 39 8746 40 8766
2230 19.69796206844482 5.9588972222688454 198.62492238664268 25 22 30 0.23706787186340475 49 8705 39 8749 40 8770
2231 -5.0098982960137937 10.448627483045168 201.41885911275094 40 37 26 0.19455358352905452 49 8708 39 8752 40 8774
2232 -19.775365577904953 15.031891244266843 199.59969295816703 44 24 21 0.27921988469643311 49 8712 39 8755 40 8778
2233 -19.775365577904953 15.031891244266843 199.59969295816703 44 24 21 0.27921988469643311 49 8711 39 8756 40 8777
2234 54.12936993732108 16.520190971252561 184.49362405668663 174 139 57 0.97158170169804758 49 8714 39 8757 40 8779
2235 -22.128709113249677 16.711014281304603 199.03413187386434 36 32 26 0.29696297715323094 49 8717 39 8759 40 8780
2236 43.221378233902811 17.827772314675936 187.83957415323459 155 136 43 0.41812034504769335 49 8718 39 8761 40 8782
2237 -12.047450346025139 19.956887699178321 185.79219502866519 19 19 19 0.8051242089944407 49 8722 39 8763 40 8784
2238 -9.6858398510850385 20.851558802877527 187.54629034205257 204 156 76 0.26687902339136754 49 8723 39 8764 40 8786
2239 -4.5582354829076221 20.539115965776066 183.86500155177896 49 35 35 0.31924278312523491 49 8724 39 8765 40 8787
2240 -4.558126219775164 20.588082377152791 184.19128984897611 49 35 35 0.23522541167426436 49 8725 39 8766
2241 -39.186275712413959 24.797263963001907 201.55679277988918 79 77 20 0.29906640539430074 49 8726 39 8768 40 8790
2242 18.517877686087793 23.76196614848747 179.87819724994941 35 18 19 0.71224422129251941 49 8787 39 8770 40 8855
2243 15.071784405757318 25.642845526620619 176.13668719465809 183 154 128 0.74575828859803739 49 8730 39 8773 40 8795
2244 -44.334422146207629 33.57596957852239 188.39525456044561 217 122 109 0.075292125601796656 49 8733 39 8774 40 8796
2245 -31.793201990118394 33.807290560040137 186.92167264191744 20 18 5 0.58225742677272807 49 8734 39 8776 40 8797
2246 -47.512560236098494 36.680813689278736 189.63786723915732 58 7 21 0.26974262205656874 49 8735 39 8777 40 8799
2247 -40.805450067341873 37.124515976103673 187.92649885932542 71 66 84 0.693343517284018 49 8736 39 8778 40 8800
2248 20.163178062852023 37.752154946286716 186.27095046791814 19 10 2 1.6478798547634417 49 8634 39 8779 40 8804
2249 -23.426815884465508 39.15571237443509 163.3773792874147 60 49 20 0.51933337917596367 49 8742 39 8781 40 8806
2250 26.56314004484404 41.366163417052618 173.88331696754238 51 37 21 0.65656763552614505 49 8741 39 8782 40 8807
2251 14.977903451015775 39.385243802411757 162.90982325240779 14 8 2 0.36338963270474639 49 8744 39 8783 40 8808
2252 -21.063908017512205 44.224334563261003 174.53559561600986 47 38 17 0.85369749727118938 49 8643 39 8785 40 8809
2253 14.4887268221949 46.967426748910817 173.43610631056976 96 67 47 0.95002766614514655 49 8648 39 8787 40 8811
2254 16.854551064118429 -4.7222677074382968 197.33935166299125 43 43 51 0.48091433023842761 49 8693 39 8799 40 8829
2255 -25.022113423168904 -2.4536323385004004 211.07406870342555 39 17 22 0.059414114317682655 49 8771 39 8800 40 8830
2256 -5.613908457891255 2.2189577070147775 205.41093771841207 185 146 118 0.19155842978546736 49 8775 39 8804 40 8837
2257 36.333957470220433 6.3246092600578017 194.99048783587509 107 91 76 0.69486386636815434 49 8777 39 8805 40 8838
2258 0.67561660218688868 6.1102645964212634 199.96783908370699 231 202 185 0.16473256137310599 49 8778 39 8806 40 8839
2259 44.060957619884483 11.237461999194814 190.83652054779844 30 26 20 0.13368399520296667 49 8779 39 8807 40 8840
2260 -29.521539557745097 17.373728017898252 200.2703216209986 28 24 14 0.55635217044703111 49 8716 39 8813 40 8847
2261 20.02221231500965 17.538205980216699 192.58001969769177 0 3 7 0.16756525055570926 49 8834 39 8814 40 8849
2262 13.178223278745035 18.770819631978508 181.61030982434607 47 32 14 2.2088307081286862 49 8783 39 8816
2263 -22.554830796052038 21.150961057667953 190.29089211637236 93 80 28 0.1355979771488898 49 8782 39 8817 40 8851
2264 -27.823436795548446 24.066441474527988 189.856442946946 172 133 55 0.56832857176631746 49 8785 39 8819 40 8853
2265 -27.823436795548446 24.066441474527988 189.856442946946 172 133 55 0.56832857176631746 49 8786 39 8820 40 8854
2266 -46.110131897710318 32.160595408604266 190.53260140531557 219 125 101 0.25500364971696282 49 8790 39 8821 40 8857
2267 -46.110131897710318 32.160595408604266 190.53260140531557 219 125 101 0.25500364971696282 49 8791 39 8822 40 8858
2268 25.552165837814204 32.027166971527549 178.66976277070594 20 10 9 0.35918004453238622 49 8792 39 8823 40 8859
2269 53.38469745119933 35.260063317698211 169.83018783904629 215 191 156 0.97198665251191052 49 8793 39 8824 40 8860
2270 53.38469745119933 35.260063317698211 169.83018783904629 215 191 156 0.97198665251191052 49 8794 39 8825 40 8861
2271 -19.511695155470623 36.747270627351504 188.16335138711 75 56 42 0.423344337304633 49 8795 39 8826 40 8862
2272 -22.504823687186214 42.793242317246602 161.98974761241988 150 142 87 0.93723779725545509 49 8799 39 8832 40 8865
2273 -17.192744115183572 -20.907702574477046 211.6028679349173 204 178 155 0.23406481039331117 49 8845 39 8839 40 8907
2274 -22.033971919172657 5.4685941236206084 209.10637625365675 38 26 28 0.89301518687412562 49 8820 39 8850 40 8881
2275 -32.882134913684894 7.0295825437619177 208.85399499445614 121 104 68 0.25010029132324746 49 8821 39 8851 40 8882
2276 -32.882134913684894 7.0295825437619177 208.85399499445614 121 104 68 0.25010029132324746 49 8822 39 8852 40 8883
2277 47.14841663812232 9.2529948380444704 192.65371085565189 162 127 65 0.73371105706212425 49 8823 39 8853 40 8884
2278 -31.617052622334036 11.925941973406609 208.03956861304559 29 25 16 0.44366292054616158 49 8825 39 8855 40 8886
2279 -18.416267194985529 10.809871717907797 199.8383066067903 103 84 47 1.2972098328521244 49 8826 39 8856 40 8887
2280 -18.416267194985529 10.809871717907797 199.8383066067903 103 84 47 1.2972098328521244 49 8827 39 8857 40 8888
2281 -37.40088562623616 13.408914167026706 203.78975652628841 107 89 27 0.12556911148041569 49 8828 39 8858 40 8841
2282 -26.162540329172121 12.132802927971122 198.80955220594066 101 81 33 0.4122402256635036 49 8852 39 8859 40 8889
2283 32.996162873624492 11.85840379658025 194.87047343418556 123 107 64 0.3703480223596321 49 8829 39 8860 40 8890
2284 -14.646561108239286 14.705700504954475 190.41276074649645 12 19 12 0.2517715552039998 49 8830 39 8861 40 8891
2285 24.595812586531007 15.385700417091803 193.79174779773632 16 13 17 0.22530567754450961 49 8831 39 8862 40 8892
2286 10.577074215588675 16.206773386690966 189.89159483070168 208 177 158 0.12660700563780303 49 8832 39 8863 40 8893
2287 16.39010122302804 16.551639427791201 191.11107340803454 209 187 167 0.40479035973440425 49 8833 39 8864 40 8894
2288 34.785555600915224 17.950891266033519 190.08122418481045 12 9 15 0.78852611443133636 49 8835 39 8865 40 8895
2289 34.785555600915224 17.950891266033519 190.08122418481045 12 9 15 0.78852611443133636 49 8836 39 8866 40 8896
2290 49.391336660324349 40.726895798154032 177.49848516498272 37 30 17 0.36230399685519205 49 8796 39 8868 40 8900
2291 -28.651877110050417 46.785837683847092 175.4505690058823 145 135 66 0.4132868392201568 49 8840 39 8870 40 8901
2292 -15.397207620877527 45.401090637740403 172.06487157137596 129 82 32 1.0122452767086567 49 8800 39 8871 40 8902
2293 -7.5735577437046322 45.57077409805953 173.83768449107168 122 106 73 0.35439085263272302 49 8841 39 8872 40 8903
2294 -16.635516835452773 -14.081666585842527 209.27558514722892 244 218 195 0.094689806889462935 49 8846 39 8875 40 8908
2295 13.088749128061393 -3.481177091751277 193.93657014730783 36 36 44 0.50287259050093847 49 8848 39 8881 40 8914
2296 33.334848876830982 3.4377905023131472 201.69940039357175 85 57 44 0.79224542442865431 49 8849 39 8883 40 8916
2297 1.6668689030939414 11.417247199717202 196.31477976786462 229 202 178 0.069654349388105316 49 8853 39 8885 40 8918
2298 29.840481307792889 19.335797758502618 188.91289030598568 175 118 78 0.45805669976712809 49 8854 39 8886 40 8919
2299 17.387140045015524 22.498064110949443 183.5777188308891 34 38 18 0.22659011903866552 49 8856 39 8890 40 8923
2300 11.339038268840493 26.508263846137105 181.1782399446837 170 129 100 0.88946444371879296 49 8837 39 8891 40 8924
2301 -22.423456787547735 28.420656459148546 186.07005204568415 15 17 12 0.29915779958291766 49 8857 39 8892 40 8925
2302 -22.423456787547735 28.420656459148546 186.07005204568415 15 17 12 0.29915779958291766 49 8858 39 8893 40 8926
2303 46.574068468857497 33.054949348681426 173.69678031747762 221 194 162 0.55486187002106757 49 8860 39 8894 40 8927
2304 46.574068468857497 33.054949348681426 173.69678031747762 221 194 162 0.55486187002106757 49 8859 39 8895 40 8928
2305 13.362288849661487 33.410363784510551 166.01067065786521 95 104 44 0.40690911522800927 49 8861 39 8896 40 8929
2306 17.32154361361043 -9.4997645325477684 201.07421441538318 158 130 119 1.8049453309649603 49 8868 39 8898 40 8933
2307 17.32154361361043 -9.4997645325477684 201.07421441538318 158 130 119 1.8049453309649603 49 8867 39 8899 40 8934
2308 9.5655246619989249 2.6010462711552189 186.99011718946772 192 155 140 0.19775401973195614 49 8871 39 8901 40 8935
2309 -38.181902399277512 6.7731078711211881 200.67401736258799 14 16 17 1.3507072555502042 49 8884 39 8902 40 8936
2310 -38.181902399277512 6.7731078711211881 200.67401736258799 14 16 17 1.3507072555502042 49 8885 39 8903 40 8937
2311 -0.48373508939594639 22.598464122237189 184.09115798325053 79 58 31 0.76707733588424365 49 8873 39 8906 40 8939
2312 -0.48373508939594639 22.598464122237189 184.09115798325053 79 58 31 0.76707733588424365 49 8874 39 8907 40 8940
2313 49.645039140529818 27.411842957102159 180.75422408085441 12 11 6 0.15165654079460919 49 8875 39 8908 40 8941
2314 -6.7348166870498014 26.573277132362595 181.30960987963357 52 39 18 0.325351741884153 49 8876 39 8909 40 8942
2315 -6.7348166870498014 26.573277132362595 181.30960987963357 52 39 18 0.325351741884153 49 8877 39 8910 40 8943
2316 -15.789594188397148 26.995938087008508 170.76546217170207 191 131 81 0.75892192062648733 49 8878 39 8911 40 8944
2317 -26.44279792002213 1.3721899175975287 206.80100350055656 50 14 23 0.25639783749583395 49 8883 39 8920 40 8951
2318 54.084115723136406 19.966847842989118 177.82987465012877 178 153 79 0.12396608799029389 49 8888 39 8924 40 8955
2319 6.943248539217068 21.071479974019535 184.94829486179808 39 37 35 0.95322660692342964 49 8889 39 8925 40 8956
2320 1.2212656545110483 35.30992545306492 177.27125143366382 21 10 3 0.59698901702781348 49 8890 39 8929 40 8958
2321 21.997566031054497 35.259040482452889 173.78309120972301 23 13 12 0.72515895163216071 49 8891 39 8930 40 8959
2322 30.532350508549332 42.53092638853213 177.341153750438 107 68 43 0.079452475403427383 49 8892 39 8931 40 8960
2323 46.68466605551172 15.000592149628819 185.8368303048517 150 131 51 0.29067070987404403 49 8895 39 8936 40 8964
2324 -37.896341229678427 33.059565216289073 192.43703241817212 3 3 5 0.23233618376153686 49 8898 39 8937 40 8965
2325 -37.896341229678427 33.059565216289073 192.43703241817212 3 3 5 0.23233618376153686 49 8897 39 8938 40 8966
2326 12.422642296481879 29.591041362308552 169.36217756105304 95 99 32 1.3347631201352719 49 8899 39 8939 40 8967
2327 -16.165385723511154 -7.3359731347833295 210.42060523790613 176 152 128 1.5400552059910082 49 8909 39 8944 40 8972
2328 -0.028222195793618451 1.752058447805932 193.03372484597517 243 212 193 0.54748048567205387 49 8910 39 8945 40 8973
2329 -0.028222195793618451 1.752058447805932 193.03372484597517 243 212 193 0.54748048567205387 49 8911 39 8946 40 8974
2330 22.063635619501262 4.766612782467706 183.71487585098149 18 18 26 1.8450167795681456 49 8912 39 8947 40 8975
2332 -27.447969068555619 -42.199932246727251 262.26620201339045 133 121 121 0.30206252112382986 39 95 49 18 40 69
2333 43.198875838665536 -41.894366676438672 261.35377038797941 160 115 122 0.27257244794212537 39 102 49 28 40 75
2334 46.326307036938672 -41.921713949800917 262.52391724232706 140 109 109 0.34308537696363428 49 30 40 76
2335 -31.291623313628545 -41.541204594209759 263.45437744235051 140 128 123 0.16494566065502075 49 32 40 81
2336 46.234309017094077 -41.581893263572319 263.25673640457734 101 64 63 0.20551829054648038 39 106 49 36 40 83
2337 39.81536201551657 -41.795295904870258 262.2962385592387 149 111 117 0.035197154273512901 49 35 40 84
2338 51.238500188232734 -41.432930760358985 266.40375565096502 97 81 83 0.25171002440575568 39 116 49 42 40 88
2339 71.329362571419026 -39.976298640369976 268.53994191119409 150 130 123 0.79391310416236915 39 117 49 44 40 91
2340 62.295473415201592 -39.929462493575514 265.50893875950402 132 108 100 0.17391344695130045 49 50 40 93
2341 49.014938046082236 -39.882269413270109 261.52197343799128 137 101 109 0.33210136476096486 49 56 40 99
2342 51.749937436619099 -40.228564495720541 264.71002482972335 89 65 69 0.83006570599362373 39 127 49 3359 40 100
2343 70.548356308302999 -39.139160936131368 267.09595414515564 92 75 67 0.62745122323918956 39 122 49 54 40 101
2344 69.373687486874502 -38.125115391085636 261.0435245848879 142 120 114 0.57279080018569806 39 123 49 59 40 102
2345 46.474202409299473 -40.200342149088463 263.49371903548501 121 91 90 0.30619520259434557 39 128 49 58 40 103
2346 46.474202409299473 -40.200342149088463 263.49371903548501 121 91 90 0.30619520259434557 39 129 49 57 40 104
2347 73.21130354708788 -38.286584110879176 265.55250339328387 129 108 97 0.18623931337641561 39 137 49 61 40 107
2348 45.165162719635838 -39.612922325322295 260.73855058975141 73 41 48 0.17272943514945119 39 134 49 3368 40 108
2349 53.780140748805522 -39.967798558336938 265.9768660088215 139 116 116 0.20062739382445782 39 136 49 3364 40 110
2350 -34.99612829123943 -39.591756574560009 265.0363443987074 134 118 103 0.4976366798541661 49 69 40 111
2351 -12.742770231190569 -40.264952870256216 261.89787744972182 68 55 63 0.53469773642416885 39 142 49 71 40 112
2352 -9.087702594264977 -40.362926898463151 261.92717471084381 120 109 118 0.332186364051612 39 3385 49 72 40 113
2353 67.124638889265228 -38.309146815764805 267.26837700114351 147 138 130 0.32496880770905223 39 3391 49 74 40 118
2354 67.124638889265228 -38.309146815764805 267.26837700114351 147 138 130 0.32496880770905223 39 3390 49 75 40 119
2355 68.330785340632218 -38.007811846061045 267.06574274387907 159 146 135 0.15968217050059574 39 147 49 77 40 121
2356 73.942967324598399 -36.92944785504514 264.94066980276659 135 121 118 0.31611136942311241 39 150 49 78 40 124
2357 54.80325460007225 -38.076299188080654 264.79873726498261 137 119 121 0.39915148990765165 39 156 49 83 40 130
2358 -30.667232437899756 -37.640773346992582 259.99605275840378 123 99 103 0.1730218680491602 39 155 49 3394 40 133
2359 69.068135406816523 -36.354994019223 262.39010776624241 158 139 125 0.050966657954347405 49 86 40 134
2360 56.037035293582178 -37.442009176255318 262.61461733885346 142 124 119 0.13905634329089933 39 159 49 88 40 136
2361 56.037035293582178 -37.442009176255318 262.61461733885346 142 124 119 0.13905634329089933 39 160 49 87 40 137
2362 64.543460259470677 -36.830594569516123 264.8789531965798 95 83 76 0.34151880330020989 39 164 49 89 40 141
2363 69.707893589846719 -36.104946581637194 263.79213573338649 109 89 69 0.10689345294922106 49 92 40 142
2364 65.530563451550819 -36.224919065359643 264.57721846752798 136 120 107 0.34346567320274479 39 174 49 98 40 146
2365 64.691412215380083 -36.138085573118282 264.06672201260949 163 143 138 0.10488719225468324 39 175 49 99 40 147
2366 -31.512548811842748 -36.945727998969453 262.08170335536647 117 93 99 0.3334450205813122 39 176 49 3408 40 148
2367 65.883165197782731 -35.919759624768446 264.11266532332951 111 96 85 0.30097227350234851 39 178 49 100 40 149
2368 67.413608340546958 -35.576288644852575 262.50936701459045 173 153 140 0.19300973979035399 39 179 49 3406 40 150
2369 71.084109658771879 -35.368090520153871 264.61903413138236 165 139 123 0.29416002765003368 39 180 49 103 40 151
2370 45.474023256185653 -37.209810300057725 263.43096338862944 64 32 27 0.15286894914322682 39 184 49 106 40 152
2371 72.672298290560263 -34.602319414268777 264.19169916037487 194 167 151 0.35246412688526196 49 113 40 160
2372 59.931898207407549 -35.453526039885652 263.75453758868883 131 116 106 0.25116334737484192 49 116 40 162
2373 65.887106313722754 -34.940113050408641 264.47877700447793 153 132 127 0.13650017208815488 39 192 49 117 40 164
2374 68.049735872836379 -34.738190724800603 264.40598628150047 104 83 83 0.3869274920120927 39 193 49 118 40 167
2375 32.842010615565044 -36.513502617337501 260.51842947512813 138 119 107 0.99249534702397879 39 200 49 3419 40 168
2376 -39.50637823306522 -33.024654972991385 248.62726386079763 110 99 87 0.1404769148928709 39 195 49 133 40 169
2377 -29.761713387462539 -36.109032643836976 263.65297694624508 107 73 69 0.48437955591335735 49 124 40 171
2378 -41.130023107984222 -32.848380503968549 249.91203789396795 111 98 82 0.1274278732872467 39 202 49 142 40 172
2379 70.522345331390824 -34.060258833092426 264.11950562629079 114 93 89 0.099695110931968325 39 205 49 126 40 175
2380 -41.614383430022755 -32.53676922442736 249.99603760640579 77 58 43 0.30417258236924821 39 208 49 146 40 179
2381 -41.592819091539639 -32.524233217762841 249.8754270159198 77 58 43 0.43165895006680888 49 147 40 180
2382 -45.136924572824519 -31.960280213769398 249.49688128751322 144 84 86 0.2495638847317051 39 210 49 150 40 181
2383 -55.340758300152018 -31.667832968667827 254.786710597991 63 53 54 0.58651800393102604 39 212 49 3436 40 182
2384 66.924201428824531 -33.842221775773453 264.35661301585515 129 108 108 0.22608607705543915 49 140 40 183
2385 -50.462972192569346 -31.388419292447566 251.02668038236268 91 50 50 0.16667368142988356 39 214 49 158 40 184
2386 -39.407029946360254 -31.783874220265798 247.79267714133181 147 119 110 0.34367701503830977 39 218 49 3448 40 186
2387 -16.816244617263948 -35.267897995778284 260.622374563432 154 137 127 0.55227929411121157 39 221 49 151 40 187
2388 69.943131707904215 -32.81644614086477 261.98444635501141 83 67 63 0.076631322421747028 39 219 49 148 40 188
2389 74.222316450674043 -32.610460795292099 263.50174297809207 180 153 137 0.082979680479742621 39 222 49 3440 40 189
2390 -44.982108990110902 -31.683283665516029 251.20388790826436 127 62 58 0.095282106520237594 39 220 49 161 40 190
2391 65.356089203182549 -33.056828736937177 262.27404034824445 139 114 113 0.14234469546486422 49 157 40 193
2392 -58.009514754834136 -29.72390337615823 250.27357259344981 222 206 204 0.1821721566424277 39 230 49 170 40 198
2393 -58.009514754834136 -29.72390337615823 250.27357259344981 222 206 204 0.1821721566424277 39 231 49 171 40 199
2394 -37.203165028204012 -31.416530164468963 248.15328240043962 77 39 33 0.29848240112687907 39 241 49 172 40 206
2395 -33.169401498408263 -31.298693017147915 246.197430567309 164 138 113 0.7599323733976322 49 174 40 210
2396 -60.007346590929757 -29.161194496414694 250.42789181901841 81 60 56 0.13055029897781964 39 243 49 175 40 211
2397 -49.54192880558503 -30.162107218700022 251.33630624548101 47 30 25 0.22539771255463467 39 246 49 178 40 215
2398 -28.959909826296538 -31.636790988389709 249.19506563931265 133 116 115 0.21430797401619073 39 251 49 181 40 216
2399 -32.365550703613593 -30.843945301403703 246.10994851775195 78 59 36 0.060376670873084688 39 253 49 185 40 219
2400 -62.495295279741406 -28.242617575785179 249.90204022126045 132 128 122 0.15470559901279599 39 254 49 186 40 220
2401 -34.248657799806118 -30.528005266339111 246.32392364467145 73 51 39 0.35262617547118319 39 255 49 191 40 222
2402 57.654682244909957 -32.149111241740833 261.48119252842088 149 133 118 0.22659002235178308 39 258 49 3471 40 223
2403 -11.506731312668766 -33.947277875375903 263.02954554403698 153 138 121 0.75700330623524692 39 3474 49 3473 40 226
2404 -25.462700149374385 -31.833298199095655 254.77498793036517 119 100 103 1.2354099896862456 49 5440 40 229
2405 59.819398983305156 -31.780023589627017 263.60833320641842 167 148 124 0.086523517407340211 49 187 40 230
2406 72.759144046147938 -30.581141312230876 264.62676815889387 162 145 146 0.064495574903441835 39 271 49 192 40 235
2407 75.31952038843734 -30.38198471191988 265.14196128115958 146 126 117 0.19527548790196136 49 193 40 236
2408 -31.685123312385517 -30.047920467419104 246.87435286082379 85 68 53 0.42249559489755301 39 268 49 3492 40 237 39 3480
2409 74.65715378299636 -30.424484015993421 265.86628883777229 127 109 107 0.29035848765210065 39 275 49 3483 40 239
2410 59.470238552218895 -31.242028194617788 262.66007172644163 145 126 103 0.5894043893674481 49 195 40 243
2411 65.595014766849559 -30.167997843535872 259.25334742543959 137 116 105 0.12003443672083955 49 201 40 244
2412 -26.836236881122574 -30.302790706460456 248.17128302975448 91 83 89 0.1003075563976978 39 279 49 209 40 245
2413 -33.33750508975897 -29.506760247988868 246.72136625608965 112 89 78 0.1518436386485171 39 285 49 213 40 249
2414 66.841842574628032 -29.840408707925956 260.02710497822795 78 61 60 0.31476833241050373 39 294 49 207 40 252
2415 -36.544265593814444 -28.935812926911609 247.45960798678857 140 106 104 0.27868888135529635 49 224 40 258
2416 -30.564600399090413 -29.190736441827912 246.43020237781482 111 99 91 0.090768868738361985 49 227 40 261
2417 -30.564600399090413 -29.190736441827912 246.43020237781482 111 99 91 0.090768868738361985 49 228 40 262
2418 -25.385426790971128 -29.51738210439628 248.00370445127146 107 84 83 0.2652000393532869 39 305 49 232 40 265
2419 -38.4715406677849 -28.01954848446076 244.66124938382191 104 65 34 0.5437574615556886 39 3498 49 3505 40 266
2420 -45.929633135521172 -27.898913776480779 249.48414427166293 49 35 29 0.10064780375682199 39 312 49 237 40 268
2421 -33.325607104119136 -28.590698971211637 246.24032161021157 60 40 33 0.1213681604740332 39 307 49 241 40 270
2422 -33.325607104119136 -28.590698971211637 246.24032161021157 60 40 33 0.1213681604740332 39 308 49 242 40 271
2423 -24.654135614143946 -29.230724706520338 246.9553483926739 120 94 95 0.056942836732931441 39 313 49 248 40 275
2424 4.9004466828193616 -32.069512548712616 260.73680884344731 85 66 54 0.18668004306888306 39 317 49 3500 40 276
2425 69.700803335472713 -28.437739019543468 260.28242996839549 68 59 53 0.26245721152005408 39 331 49 236 40 284
2426 -35.54090206163719 -27.766088241129918 244.40781912870051 131 100 88 0.24922410861765129 39 323 49 260 40 286
2427 34.65556193442179 -30.890518219021818 258.94958018855777 104 80 72 0.75464481573917586 49 240 40 288
2428 34.65556193442179 -30.890518219021818 258.94958018855777 104 80 72 0.75464481573917586 49 239 40 289
2429 70.524742561459391 -28.186638849632388 260.02699496957877 64 56 45 0.26033256817330819 39 3511 49 247 40 293
2430 17.120484070533823 -31.445333805310497 259.98729781323789 242 230 232 0.14544921696800814 39 337 49 250 40 296
2431 -49.620855601588886 -26.736213871319844 248.83154223833733 91 98 51 0.47526912056411746 39 338 49 3519 40 297
2432 -15.049610002451896 -24.529575703280294 211.80351179529879 195 175 166 0.22802133698804489 49 314 40 298
2433 4.7016236354202094 -31.557568102692194 261.92658522356629 139 117 108 0.59818798934060768 49 252 40 300
2434 7.3807964604690044 -31.37879693500112 260.1067340920988 119 103 89 0.16188278330865943 39 339 49 253 40 301
2435 -37.120000293941715 -27.123476091447895 243.94259677940036 118 86 55 0.44316645742724942 39 342 49 3525 40 302
2436 2.5653846393330055 -31.370438462237388 261.16840058644021 78 61 62 0.17534441258233999 39 347 49 256 40 303
2437 16.474955813241483 -31.09847608461234 259.39134526169818 63 55 51 0.14343569942560463 39 348 49 259 40 304
2438 -3.9774834880971208 -30.858670905291977 259.82855090173643 185 146 129 0.21580167543493919 39 350 49 263 40 308
2439 12.022764749856467 -31.342903241438837 262.0105824367796 78 70 57 0.46966053467799407 39 351 49 258 40 309
2440 -51.971008592911687 -25.712110714602218 248.18006219270796 111 118 86 0.081782191292342793 49 281 40 314
2441 -38.494538803526538 -26.867584101934888 247.14180780290619 149 121 88 0.37475586592914151 39 3522 49 283 40 315
2442 -36.938606232753898 -26.57024500436928 244.10170523864517 129 108 92 0.10310058204993407 39 364 49 3535 40 319
2443 40.14178694206398 -29.22599118273919 258.0829430679957 160 129 113 0.11176590918643034 49 277 40 322
2444 -65.22251525627965 -23.79275511494415 248.32900122344756 128 93 82 0.23542141429346455 39 373 49 293 40 324
2445 -65.22251525627965 -23.79275511494415 248.32900122344756 128 93 82 0.23542141429346455 39 374 49 292 40 325
2446 -43.977911260479367 -25.617342371377003 243.90018667225289 91 60 34 0.13474762336381638 39 369 49 298 40 326
2447 -32.658869915626056 -26.88972128653527 245.83663105760672 114 95 83 0.20476765002339761 39 370 49 294 40 329
2448 -59.805188616494242 -24.335897777982989 247.83440491719043 97 78 86 0.43502386182656405 49 296 40 331
2449 -23.767170346205628 -27.388977665563466 246.24960103669144 32 26 33 0.34096726493842899 39 375 49 304 40 332
2450 34.02109020802672 -29.488363343023273 259.58003286069498 167 145 137 0.22199924503970495 39 379 49 282 40 333
2451 -5.5907089677793564 -30.041985089243518 261.61626852599579 115 85 75 0.31142202496868471 39 381 49 285 40 337
2452 20.194024134951313 -29.578867960447017 258.18711519738116 38 34 47 0.1239664915118107 39 387 49 289 40 338
2453 40.277366728355858 -28.613388350249966 257.21482699513865 195 164 154 0.17946072616171296 39 388 49 290 40 339
2454 61.855130039286614 -27.131394530462213 257.76025803144734 97 68 69 0.5922808148826445 39 3542 49 3534 40 340
2455 -35.799556562414551 -25.852989172740649 242.78062531841886 74 55 41 0.26089810137216102 39 383 49 316 40 341
2456 -51.252697988137854 -24.840475544817878 247.44764640808739 107 110 81 0.18717775449844362 39 389 49 315 40 346
2457 -6.3477385057405522 -29.606356515165047 260.99773130904327 96 73 60 0.19468126532799176 39 392 49 295 40 349
2458 9.9459694018980844 -29.558983330189815 259.90394431014658 129 109 100 0.54330194333898396 39 396 49 302 40 351
2459 17.18745077147247 -29.463835388153029 259.34296009745213 75 54 46 0.22494285386713586 39 398 49 303 40 352
2460 -63.664023752371911 -22.998960418737401 246.06653546905781 130 90 80 0.10257228426477998 39 394 49 331 40 353
2461 -36.694985146586077 -25.834580334913419 246.06153708611663 89 73 71 0.23066441902683424 39 399 49 328 40 355
2462 36.026434700579607 -28.543394714671745 258.11817461814337 109 90 76 0.37962727888557407 39 402 49 312 40 356
2463 36.026434700579607 -28.543394714671745 258.11817461814337 109 90 76 0.37962727888557407 39 403 49 311 40 357
2464 11.03089331744065 -29.169646235257908 259.03330241314109 103 61 62 0.26511603771607634 39 3563 49 319 40 362
2465 32.726413981506653 -28.372949181249751 257.60738963989922 153 135 127 0.18628740072114466 39 3566 49 3558 40 364
2466 61.647221474475636 -26.506469043623795 258.26348328035084 98 71 66 0.19473464992866291 49 321 40 365
2467 71.737849149342111 -26.374925160381142 263.936665887331 96 88 105 0.27307516760918232 39 411 49 307 40 367
2468 20.333692920551005 -28.894146770260452 259.05498698989413 251 245 252 0.30140464731271732 39 418 49 322 40 373
2469 35.322417827217812 -28.415635864129982 259.59577441591068 140 124 111 0.34454522003320864 39 419 49 3559 40 374
2470 6.86771448059962 -29.14482915889139 261.04662211010782 37 34 45 0.074340643030894313 39 421 49 3562 40 377
2471 38.341260585856993 -28.121636570118575 259.36597425942989 76 54 54 0.34826797108244345 39 422 49 3565 40 378
2472 42.673796703264607 -27.846642816788975 259.06762548219734 78 54 57 0.14617985770607719 39 420 49 327 40 379
2473 -42.597894757772345 -24.582244220482213 245.09142340527936 115 95 77 0.25811602461322541 39 424 49 351 40 383
2474 -6.4154530558709615 -28.799207172238102 261.30529524482949 91 66 48 0.24141833572748647 39 426 49 332 40 384
2475 15.090961046997384 -28.731945828510394 259.48150794731822 144 131 127 0.024854462139432747 49 3572 40 385
2476 72.47958946249382 -25.698985204157548 264.41247125471745 158 155 170 0.62343892499985554 39 431 49 3574 40 386
2477 -58.709497267895763 -23.08596596945695 248.70504261295298 119 99 111 0.23718693500120783 39 433 49 366 40 387
2478 -58.709497267895763 -23.08596596945695 248.70504261295298 119 99 111 0.23718693500120783 39 432 49 365 40 388
2479 -5.9209311852522504 -28.555785304677869 260.14267715679279 164 140 119 0.23778031092941551 39 428 49 340 40 389
2480 8.4884921028932236 -28.765188972880821 260.76977661849531 123 115 120 0.25947280629331293 39 435 49 341 40 390
2481 14.584759181339258 -28.472945118209815 258.71851307171579 147 135 134 0.37063890662749399 39 437 49 3578 40 392
2482 69.347121119429389 -25.506885525755099 261.46196087569206 54 45 58 0.10635424321034397 39 439 49 3579 40 393
2483 -12.411078735327269 -28.085049644999305 259.52765764453937 81 86 86 0.055483434109076336 39 444 49 3582 40 397
2484 29.731330998915457 -28.14997443171297 260.09803197068555 155 132 121 0.19255218710941557 39 446 49 3580 40 398
2485 30.962934322961171 -27.869307305622588 258.92868271821538 157 129 116 0.25384359629637576 39 452 49 344 40 399
2486 -38.942541153762228 -24.567984268721663 245.14111772988753 107 86 79 0.15090822839588949 39 442 49 3600 40 400
2487 -5.4533680958920998 -28.347926459536819 260.10307483011024 96 73 56 0.35580526830213682 39 451 49 343 40 401
2488 -3.854512550929734 -28.11453672725332 258.74308197214106 162 135 121 0.10549120871950868 39 457 49 355 40 402
2489 32.648501800651687 -27.527946861445901 257.30730521644546 82 64 63 0.11024276018121439 39 453 49 3591 40 403
2490 34.116614297566855 -28.030730682728134 262.05673583580887 44 26 37 1.0314984956167632 49 345 40 404
2491 -58.116592758062893 -23.059153555989695 249.61369042532132 71 70 73 0.28508599807535556 39 447 49 376 40 405
2492 -58.116592758062893 -23.059153555989695 249.61369042532132 71 70 73 0.28508599807535556 39 448 49 375 40 406
2493 -40.803211503213298 -24.278350939003357 245.18956314937995 68 47 43 0.27481311823403037 39 449 49 381 40 407
2494 43.752201705739473 -26.945110302773166 258.01491219907609 220 206 219 0.098449925676946812 39 458 49 3592 40 409
2495 37.823926747567455 -27.249956183636371 258.59381136919734 105 94 92 0.13507502421935588 39 461 49 360 40 412
2496 61.311310113618212 -25.454225280953164 258.2111114935733 78 57 53 0.12864995427848383 39 463 49 363 40 413
2497 51.847439287189189 -26.176977805565159 258.19070017494562 85 60 59 0.048657323582476125 49 368 40 417
2498 53.933324076297993 -26.268354486557264 260.27278252032727 148 127 125 0.19708322676110201 39 468 49 361 40 418
2499 62.845350607681695 -25.203208996149538 257.9602413624234 78 57 57 0.12278714899760614 39 469 49 369 40 419
2500 20.720101225181192 -27.753679239899611 258.47402586474101 36 23 20 0.10939262652486148 39 471 49 371 40 423
2501 62.612586274457371 -25.145998576503363 258.58081315802781 129 111 110 0.20424908645951015 39 476 49 373 40 424
2502 32.16596813077733 -27.051557847376507 257.35227225498664 86 74 65 0.15025305070916462 39 474 49 378 40 425
2503 11.858770563491477 -27.887109105012762 259.7374750132517 128 80 94 0.23949644636003853 39 473 49 377 40 428
2504 50.662794019081602 -25.797521444639266 258.32124285433616 249 231 228 0.11485428356212719 39 481 49 388 40 433
2505 50.662794019081602 -25.797521444639266 258.32124285433616 249 231 228 0.11485428356212719 39 482 49 389 40 434
2506 -48.923150227551091 -22.99100453496893 248.11291979975883 115 104 87 0.13355298332296051 39 489 49 407 40 437
2507 23.524423213742377 -27.135621639574801 259.17276192494563 157 139 134 0.14718809436528146 39 490 49 394 40 438
2508 23.524423213742377 -27.135621639574801 259.17276192494563 157 139 134 0.14718809436528146 39 491 49 395 40 439
2509 30.761917726656524 -26.68036558345629 257.7389003624163 102 77 60 0.028116315475727349 39 492 49 398 40 440
2510 -54.149946696305534 -22.422253378996967 249.00008571678777 94 95 96 0.23888671361233813 39 494 49 414 40 443
2511 42.746748885472606 -26.081604906379901 258.2426659439472 240 224 239 0.14080588034409516 39 495 49 399 40 444
2512 60.647862207026471 -24.484397748212128 257.44747311070819 139 110 106 0.12298065461266046 39 499 49 402 40 445
2513 -35.846708908547498 -23.665278506591342 245.34682855406717 54 40 24 0.26825769189729598 39 496 49 419 40 446
2514 21.849546016600993 -26.755436327129235 258.12809355413259 77 59 60 0.095203526911849454 39 503 49 3620 40 447
2515 31.438070311863907 -26.4711979245393 258.13242076883841 171 156 134 0.043202145513425008 49 403 40 448
2516 31.438070311863907 -26.4711979245393 258.13242076883841 171 156 134 0.043202145513425008 49 404 40 449
2517 56.384698273239117 -24.962107498711621 259.12497893288099 80 51 31 0.18784316747330534 39 504 49 405 40 450
2518 57.502673961001584 -25.069182872583966 260.43963077570157 116 80 65 0.19190709299217881 39 498 49 401 40 452
2519 -41.976704209631272 -22.877706996807539 244.5569847923127 86 61 49 0.29677239251114879 39 507 49 426 40 454
2520 44.664698540587487 -25.61315228695457 258.60211830913238 123 117 124 0.7324124821721959 39 514 49 411 40 457
2521 -15.785653615979909 -20.556831078788544 208.56501418125563 222 197 178 0.18678791168852094 49 493 40 462
2522 60.450199681730034 -24.375440373309328 259.32723065279521 171 134 117 0.44121817416404835 39 516 49 412 40 467
2523 75.669666131590745 -23.14801036597348 261.97151833897794 165 140 124 0.31422763688692973 39 519 49 413 40 471
2524 -50.49468325365725 -22.043911687683394 247.9370212957121 87 82 85 0.19504762938540687 39 523 49 439 40 473
2525 -32.134945116722236 -23.503835055631903 245.77997186935804 41 35 31 0.070176670768340402 49 440 40 474
2526 5.8778113055167909 -26.860934640461902 260.9745653712942 102 109 130 0.11396697125378763 39 525 49 415 40 476
2527 25.206587808514627 -26.49753563346221 261.06951589822592 123 107 92 0.32880423813532234 49 3625 40 477
2528 69.056371819928728 -23.33786435987005 259.30382071347157 68 36 34 0.11569609045074418 39 528 49 3626 40 478
2529 -47.228574435944481 -22.045370709532158 245.50790026344472 165 125 100 0.082048909310408771 39 529 49 442 40 480
2530 37.236665002865152 -25.274884366185432 255.48223701691302 164 144 136 0.74088821471793631 39 532 49 3631 40 481
2531 -43.173691488753221 -21.785268428145685 240.27594846212148 109 89 74 0.068170878077842278 39 530 49 456 40 483
2532 55.295011522050906 -24.286798235241886 258.4375713245347 121 117 103 0.17956111476966652 39 535 49 424 40 486
2533 -49.867032434132369 -21.572778907851397 246.28702897703846 62 56 49 0.25762449618691935 39 536 49 455 40 487
2534 71.740659867466107 -22.872591730725627 260.93042482160189 52 40 48 0.26210673589341377 39 3635 49 3637 40 490
2535 64.230263289521162 -23.165405868798164 258.44511569592498 129 88 70 0.51003777562981967 39 538 49 441 40 492
2536 69.95209755623155 -22.66410850432823 258.53234554820608 68 37 42 0.25112233001756418 39 539 49 436 40 493
2537 73.551818115669533 -22.587814675550117 261.6443877928096 103 80 77 0.27190056990832789 39 545 49 437 40 494
2538 -63.560390127098344 -20.071859110536963 248.11795032488936 154 123 137 0.3934009690212199 39 537 49 457 40 496
2539 -61.258868854402188 -20.150670688195383 246.88237803940569 74 30 29 0.19780305276823057 49 460 40 498
2540 33.021088374704455 -25.250247712175607 257.62004423954755 225 211 197 0.16335644366668065 39 542 49 445 40 500
2541 33.021088374704455 -25.250247712175607 257.62004423954755 225 211 197 0.16335644366668065 39 543 49 446 40 501
2542 58.645467127966974 -23.563883634940723 258.12862632150211 83 60 57 0.24196644261876296 39 544 49 3649 40 502
2543 34.350613963734098 -25.080573330603933 257.68997136404533 219 207 194 0.15889878609791439 39 546 49 450 40 505
2544 57.679885475451904 -23.709216956801328 259.54896460819032 97 60 58 0.029490791202664495 49 447 40 506
2545 46.698888482474217 -24.36861109879759 258.65755242004178 41 46 42 0.10693809097726602 39 548 49 451 40 507
2546 50.72187274296914 -24.053778071762956 258.63140601676292 63 53 43 0.076332064046826076 39 549 49 452 40 508
2547 55.665851045213934 -23.591488408888122 258.58842315153464 132 131 106 0.19887321555869264 39 554 49 454 40 511
2548 -50.089522286360079 -21.11446755546211 247.20827421888038 115 105 95 0.086558566852026356 39 555 49 469 40 512
2549 -35.014685183377559 -22.183942887286829 243.74258649647138 127 113 95 0.27400347789288909 39 551 49 472 40 513
2550 -35.014685183377559 -22.183942887286829 243.74258649647138 127 113 95 0.27400347789288909 39 552 49 471 40 514
2551 -10.190595138263545 -24.178451708529003 249.00670398165533 24 29 35 0.26813037799982431 39 3646 49 3662 40 516
2552 23.624858241655694 -25.219075430525923 258.37681892814453 136 117 105 0.33453989741475931 39 557 49 458 40 517
2553 36.736013587823912 -24.136083780009692 256.6731042569063 99 66 59 0.14490702229140531 39 565 49 3663 40 521
2554 -10.518152702311919 -23.769016790678357 248.71339384300273 65 70 76 0.084484068818327943 39 564 49 487 40 522
2555 -46.118880065997011 -20.640416093975443 244.74331222383043 154 108 90 0.49231396541482675 39 569 49 505 40 524
2556 69.288826894618396 -21.483417167267909 257.55015962345891 113 77 55 0.043575061745845738 39 574 49 483 40 527
2557 30.978699125771602 -24.230706593106689 257.26896729744021 152 136 121 0.18565223292250455 39 577 49 3667 40 529
2558 -60.173925985021413 -19.232886199549174 247.02710282666362 53 30 40 0.040355774023286245 39 575 49 504 40 532
2559 25.230129330803752 -24.378853666589588 257.64407745686577 97 82 61 0.20436967701803332 39 580 49 488 40 537
2560 64.065365434636618 -22.241165591380081 260.74484899212217 160 128 106 0.28266911545210793 39 578 49 481 40 538
2561 72.92562130825354 -20.934563301014961 258.40363190634076 76 42 25 0.20814947572135437 39 584 49 3675 40 540
2562 -42.340484543502569 -20.494814741287474 243.26234348506816 65 51 35 0.15998270890949251 39 586 49 520 40 542
2563 20.225339139196414 -24.2854249020459 256.87660723183052 249 230 237 0.11712798853457974 39 587 49 497 40 543
2564 30.317845007423092 -24.113453245039061 258.36162017601907 138 122 112 0.37151248480555737 39 588 49 3682 40 545
2565 37.967729225153434 -23.532922840119689 256.44738733058006 83 60 64 0.36592587657229386 39 590 49 498 40 547
2566 75.124453992841282 -20.350154464463674 256.14609739055498 114 85 57 0.13144110680676713 49 500 40 548
2567 29.078992130190663 -23.895965593214743 257.01967634264224 119 96 96 0.091391656196112558 39 592 49 3690 40 552
2568 23.647176612557804 -23.990834183114039 256.99921514862893 111 95 93 0.78211324369764601 39 593 49 502 40 554
2569 1.9632679759961036 -24.270321204483938 258.87705423436717 119 125 148 0.10247246456491854 39 601 49 507 40 557
2570 1.9632679759961036 -24.270321204483938 258.87705423436717 119 125 148 0.10247246456491854 39 602 49 508 40 558
2571 37.198820280406835 -23.229397134684522 256.04581515436644 122 92 93 0.087674402726151943 39 596 49 509 40 559
2572 52.65725363206591 -22.313071010401082 257.14757590687896 90 67 54 0.097981159197908799 39 597 49 510 40 560
2573 64.607893755015724 -21.158413835841667 256.64802046573351 113 78 49 0.071236701215831075 39 598 49 511 40 561
2574 -66.148035679996042 -17.961660012698001 247.21112095637832 90 78 97 0.10501214733150836 39 595 49 526 40 562
2575 38.689032552771927 -23.249342146061551 257.791484246908 160 132 136 0.21913706956423348 39 603 49 512 40 565
2576 38.689032552771927 -23.249342146061551 257.791484246908 160 132 136 0.21913706956423348 39 604 49 513 40 566
2577 -30.068015423420857 -21.358750650906188 245.43392154471445 28 28 25 0.28757374694535587 39 600 49 532 40 567
2578 47.023150535924628 -22.584048036563136 257.44495737179864 245 221 227 0.16323863336529271 49 516 40 568
2579 24.737247810751743 -23.564463344359044 257.47337760579921 109 100 94 0.28513328905608742 39 616 49 517 40 574
2580 53.396401193716308 -21.951013830886804 258.01456340696365 137 109 107 0.16195343638378995 49 519 40 575
2581 -33.491778921940089 -20.69620928232272 244.27594681717665 74 64 68 0.1929717177841771 39 613 49 543 40 576
2582 72.68312989595951 -20.398354277605797 260.68133316512444 106 69 62 0.31897494605880228 39 619 49 3700 40 580
2583 -65.947757111812635 -17.453118090420009 246.74120694482957 43 34 49 0.21941703884604138 49 540 40 581
2584 37.191798776193068 -22.85896990436785 257.72041885891559 66 46 44 0.13872206593857797 39 617 49 525 40 582
2585 -64.813198975142441 -17.478848914753449 246.76024518422594 134 125 110 0.4077904637114696 39 622 49 548 40 585
2586 -64.813198975142441 -17.478848914753449 246.76024518422594 134 125 110 0.4077904637114696 39 621 49 549 40 586
2587 -57.364249920150613 -18.26229420367094 245.51658180571064 64 70 73 0.18333497979189883 39 620 49 550 40 587
2588 12.299651248138064 -23.620481568361171 258.26410199696198 158 157 185 0.13202336066636883 49 527 40 588
2589 15.148544486574192 -23.56235551084951 258.21765275084516 82 90 108 0.16299040561207878 39 3700 49 3712 40 589
2590 15.148544486574192 -23.56235551084951 258.21765275084516 82 90 108 0.16299040561207878 39 3701 49 3713 40 590
2591 74.170883289101624 -19.020831906571718 253.37824385559836 100 69 48 0.23646378604661389 49 539 40 595 39 627 40 596
2592 75.439389174824356 -19.039439911880422 255.88924736199218 164 133 110 0.53031992958086549 39 633 49 3723 40 598
2593 -51.902720798222511 -18.682322748503957 246.10062543041093 61 39 31 0.11159932164884095 49 554 40 599
2594 -59.671503147412182 -17.523195614940104 245.79767899797605 50 36 30 0.11859047306330883 39 635 49 562 40 604
2595 -45.910911335942167 -18.775670032337551 245.50463900112868 137 106 83 0.037906617399621027 39 640 49 566 40 606
2596 32.968769197738759 -22.119919776626084 257.51084345813086 121 110 105 0.18857883792376606 39 643 49 555 40 607
2597 50.36699999347762 -20.689713218886371 255.31832510144673 56 41 28 0.12833716799158343 39 645 49 560 40 608
2598 60.317261083613587 -19.871685454382984 254.96155900137498 98 63 36 0.3305378053780435 39 3722 49 3739 40 610
2599 -37.579805595770758 -19.344680772342898 245.10804896104236 48 29 26 0.32205919246788722 39 644 49 577 40 611
2600 19.972850745655816 -22.583785080171644 259.52328755355506 44 38 59 0.076193003409559368 39 647 49 559 40 613
2601 59.47787696275816 -19.554988032998732 253.65680361979491 163 127 101 0.10865672808325054 39 650 49 569 40 615
2602 -46.973086471027877 -18.287349046861866 245.9469435274948 147 111 101 0.11494390091666329 39 651 49 583 40 616
2603 -65.712100980807875 -16.039308314256353 245.53733070277093 116 101 109 0.27288780107781108 49 3762 40 617
2604 -47.657303182782663 -18.236957852595125 246.8744177115511 43 17 20 0.15467439067771163 39 655 49 582 40 618
2605 0.13789225856030748 -21.496714566196356 250.36798212478683 87 83 91 0.26336034150036219 39 656 49 578 40 619
2606 -38.489949764742491 -19.053167905157142 247.29269772278059 44 34 29 0.35423385997417067 49 589 40 624
2607 38.872205923508098 -21.106689623023041 255.8882850815715 76 57 43 0.094181372870842175 39 664 49 573 40 625
2608 28.869067428582309 -21.314039121942688 255.4659148292703 88 37 55 0.37607469822905021 39 665 49 580 40 628
2609 26.559832071968135 -21.316890265234921 254.93135516513877 150 52 76 0.16149736080357005 39 668 49 586 40 629
2610 34.982945044501307 -21.013122846912001 256.4023543716919 105 61 44 0.21049313045828169 39 670 49 587 40 631
2611 40.548736958514219 -20.81713879935031 257.88706556283273 45 28 38 0.30000212194025216 39 671 49 588 40 633
2612 -34.277745000751096 -18.439737924988776 242.78227153509323 42 33 27 0.085613013235662547 49 607 40 639
2613 63.258976057701688 -18.529899900037339 255.4171642561123 70 43 47 0.18625737152386013 39 683 49 597 40 642
2614 12.627970349325286 -21.39291846791351 256.79534790848658 40 31 55 0.26698810251361921 39 3745 49 3765 40 643
2615 74.263063597141439 -17.168651706328909 254.24748345670091 105 69 49 0.28130070405895141 39 3748 49 602 40 645
2616 74.714466996498103 -16.992892484318052 253.42978947884095 148 114 96 0.21158948602936509 39 692 49 603 40 647
2617 30.586818322668577 -20.889568546951022 257.47678399980896 129 106 121 0.25423673885324971 39 696 49 3771 40 649
2618 -50.017050697820515 -16.920219516075562 245.15927880769217 107 80 73 0.67560474696968043 49 621 40 652
2619 -48.918894673480402 -17.136793828954705 245.99628023359929 84 61 50 0.17485862451403456 49 622 40 653
2620 -32.762763973473881 -18.447943349484415 244.32224068838724 61 62 50 0.21779977570153211 39 695 49 623 40 656
2621 0.57367425545168627 -20.637415839870293 251.39972305507115 37 28 29 0.1743296931217376 39 702 49 3778 40 657
2622 49.091793094521485 -19.332716138835085 253.70202423759773 64 41 40 0.079979729477508241 39 697 49 605 40 658
2623 -54.875194596608168 -16.573679681676161 247.66740413917822 99 89 87 0.043456594078178694 39 699 49 619 40 659
2624 -54.875194596608168 -16.573679681676161 247.66740413917822 99 89 87 0.043456594078178694 39 700 49 620 40 660
2625 -37.398146257818645 -18.0477044549041 245.01432891152456 125 105 96 0.14834690164788988 39 3753 49 3784 40 662
2626 47.134330909369218 -19.189808737759517 252.16815577319895 118 72 58 0.47931787161735967 39 703 49 609 40 663
2627 37.71524870508275 -20.15618976724587 258.25874090555214 126 114 119 0.2187425404942647 39 705 49 608 40 665
2628 14.414366228000848 -20.230856010382283 251.09157336369435 72 70 80 0.057416291689075846 49 626 40 667
2629 23.208557162175829 -20.601135132118436 257.13428289243666 88 87 100 0.13474267268038423 39 709 49 616 40 668
2630 41.613259948451208 -19.61227298812635 255.68502865657135 58 38 30 0.10974996965222168 39 710 49 618 40 669
2631 -48.733399673075532 -16.414495640802503 243.59001010063957 94 55 46 0.19868210164092512 39 708 49 644 40 670
2632 -47.01971785372325 -16.46083253193753 243.47855509140118 58 44 29 1.4296425630423455 39 3769 49 3798 40 671
2633 -50.828694072755106 -16.110802174587672 244.34051048645057 145 103 100 0.18218144853544838 39 713 49 648 40 674
2634 -43.186198943413522 -17.095686963889154 245.59765821266802 93 82 68 0.068144308477017954 49 645 40 675
2635 40.280903112589129 -19.48357836904103 255.87448488064979 49 20 25 0.14794826757274357 39 715 49 629 40 676
2636 47.788951612200364 -18.817448064131121 253.84894409585331 155 111 100 0.16362710335828831 49 630 40 677
2637 -37.335042789984911 -17.256645127946513 243.35847609484753 52 33 21 0.23813434189394819 39 717 49 653 40 678
2638 -37.335042789984911 -17.256645127946513 243.35847609484753 52 33 21 0.23813434189394819 39 718 49 652 40 679
2639 19.80758706802423 -20.406754563736826 256.74835354584349 156 150 185 0.13627287015138864 39 714 49 627 40 681
2640 63.923275713418228 -17.503378903172184 255.86277360415656 114 92 95 0.098997840853890698 39 721 49 632 40 682
2641 -56.880590981360371 -15.031398101749883 242.06788035602838 57 61 63 0.1759102069156889 39 722 49 667 40 684
2642 43.469439548908532 -19.276365583760615 258.5320494803766 139 112 90 0.17467946745298743 39 725 49 635 40 685
2643 61.104253489448226 -17.371163324902309 254.40033806154648 68 44 38 0.10491298263466232 39 726 49 642 40 688
2644 72.087436961311781 -16.409554790150352 256.29644017932623 147 122 85 0.214675723510419 39 734 49 643 40 689
2645 9.7737279821999952 -19.594500150927871 251.04446766503895 101 99 107 0.74332195936701406 39 732 49 656 40 692
2646 9.7737279821999952 -19.594500150927871 251.04446766503895 101 99 107 0.74332195936701406 39 731 49 655 40 693
2647 8.5378287403045121 -19.338232583075882 249.43972852627189 40 35 34 0.26182466853865438 49 669 40 694
2648 17.023961037934789 -19.475277070681553 252.03525667293164 31 29 30 0.0153755069608159 49 664 40 695
2649 75.1400531476651 -15.766547466902686 255.03446075067006 86 52 32 0.30408500278061512 49 650 40 698
2650 -52.039962984164141 -15.389061487584161 245.13687051688811 154 106 121 0.33185738365169531 39 745 49 3808 40 703
2651 47.829804264067327 -18.186946094350041 256.07786401093216 154 106 92 0.45480056237730437 49 666 40 704
2652 47.829804264067327 -18.186946094350041 256.07786401093216 154 106 92 0.45480056237730437 49 665 40 705
2653 -37.921785137394032 -16.470411344980704 244.39463696649011 106 91 83 0.027152444593310267 49 3819 40 712
2654 0.51132937081110252 -18.933202460910419 249.50001487960495 128 121 101 0.12352843418107684 39 752 49 3811 40 713
2655 8.1514008936977955 -18.834704596456451 248.38413150164297 89 84 81 0.31736550483274606 39 3785 49 3813 40 714
2656 8.1514008936977955 -18.834704596456451 248.38413150164297 89 84 81 0.31736550483274606 39 3784 49 3812 40 715
2657 0.053687844238649113 -18.827629677040335 249.22786526076604 36 36 20 0.15348884574174579 39 3783 49 685 40 717
2658 -52.855209831470205 -14.885573925530531 244.71702483969912 106 100 102 0.14835504810744454 39 757 49 696 40 718
2659 -52.855209831470205 -14.885573925530531 244.71702483969912 106 100 102 0.14835504810744454 39 758 49 695 40 719
2660 22.090319292884008 -19.310454799551824 257.46171461297251 122 124 149 0.12680306982959103 39 759 49 672 40 720
2661 25.215371674639787 -19.075209034154149 256.84263226425873 83 87 90 0.11010803777155025 39 762 49 680 40 722
2662 44.461983455800961 -17.728209236287448 252.78343467770333 171 120 99 0.038808449188928056 49 686 40 724
2663 75.726048777562781 -15.180681175777103 255.86890402801311 154 125 103 0.38687252093847108 39 766 49 678 40 725
2664 -54.330761943552815 -14.648996513182553 246.26805461515116 89 87 83 0.085491129721790959 39 768 49 701 40 726
2665 -53.992935622858333 -14.704944751173619 246.55443523972082 89 86 83 0.30983073785712573 39 3793 49 3829 40 727
2666 -53.992935622858333 -14.704944751173619 246.55443523972082 89 86 83 0.30983073785712573 39 3794 49 3830 40 728
2667 -49.720812072877401 -14.941386779346525 244.19459230569828 132 66 86 0.35330520921677505 39 770 49 702 40 729
2668 38.316892433752535 -18.051557732972075 254.48826264899367 193 145 153 0.25352795631546737 39 772 49 692 40 731
2669 46.281725698056555 -17.387066888742112 252.71399073828039 154 110 96 0.30562472961445425 39 773 49 3822 40 732
2670 27.410910423898208 -18.739995885723847 257.78086969813268 119 94 93 0.25352989843958196 39 775 49 691 40 736
2671 27.486377680978414 -18.768939194102177 258.37479576631739 119 94 93 0.026724786519393803 49 690 40 737
2672 35.845243811770963 -18.053173470721248 253.90107412620796 95 79 66 0.32668226300698344 39 776 49 693 40 738
2673 41.779141030674104 -17.899191137598319 256.47862870166233 105 98 101 0.26878075189453882 39 780 49 694 40 739
2674 -57.155763717818132 -13.532467542428874 240.74711852322616 26 27 29 0.25000607375994738 49 713 40 740
2675 2.1962227327254973 -18.215147800624973 249.30868546198104 81 53 24 0.15232827794074216 49 703 40 743
2676 -35.440489531741704 -16.054360032448557 245.48432992066714 97 86 79 0.25398484850802266 49 708 40 744
2677 48.586377436705675 -16.943321548954032 253.85705921794963 133 108 94 0.11439152554177895 39 784 49 3833 40 747
2678 -55.232472695889605 -13.662943752701198 243.65570032338638 43 39 39 0.23554935216827458 39 789 49 719 40 752
2679 36.190827082229418 -17.352781600385597 253.07016524850818 124 104 97 0.23557979507741827 49 711 40 753
2680 49.26883926629543 -16.627437669713981 253.63907786603298 49 43 29 0.1473733290665746 39 3814 49 3841 40 755
2681 -55.183054348068048 -13.657844497684293 246.06820870390939 34 32 33 0.40301396997808198 39 794 49 728 40 759
2682 57.76559653866962 -15.735202906294887 253.90640655393807 163 126 117 0.056275303925430044 39 792 49 715 40 761
2683 57.76559653866962 -15.735202906294887 253.90640655393807 163 126 117 0.056275303925430044 39 793 49 716 40 762
2684 53.075651643511144 -15.831372181587232 253.46225349084619 122 100 94 0.067217325721449145 39 801 49 725 40 766
2685 -55.741119052389642 -12.914617418931483 241.8931579635682 26 26 33 0.16284919958930533 39 798 49 742 40 767
2686 -38.443787098524567 -15.13209678223758 246.67523997893855 43 32 34 0.20896753245059918 49 738 40 768
2687 33.334715277966865 -17.205196411176896 254.93175539427514 106 89 92 0.26659557347008239 39 806 49 724 40 770
2688 -54.544086304926545 -13.324602500835162 245.71002238809555 69 67 68 0.10054233148322535 39 805 49 741 40 774
2689 37.068487395668129 -16.831920256647646 254.49073799050194 219 187 182 0.090331632087869485 39 808 49 730 40 775
2690 -63.567150865659478 -11.190534106672173 235.99913742434578 81 65 61 0.10156994866789086 39 3831 49 758 40 778
2691 -62.142564149022469 -12.205911462202044 244.81360457694035 77 70 73 0.040474602348201501 49 744 40 779
2692 57.070686084191955 -15.200013223516965 254.10885630985567 64 26 33 0.17809035073389973 49 737 40 782
2693 -44.740066487223878 -14.335408092053811 249.39503069616268 47 33 33 0.19112498784186135 39 817 49 747 40 784
2694 36.401171265699695 -16.548947495116519 253.97121088298843 111 89 81 0.11841408657252926 39 813 49 3857 40 788
2695 60.800635403249537 -14.481010259917516 251.92313262615266 76 23 38 0.085418170734986296 39 815 49 3859 40 791
2696 3.1838689363719928 -16.901325906007482 250.39269003772429 91 68 44 0.25837633552998424 39 819 49 748 40 793
2697 51.729613921762777 -15.031282279527812 253.27159841676655 67 26 36 0.076955421945800892 39 826 49 751 40 795
2698 6.4244824386784405 -16.39674368838779 247.83837064793153 109 113 86 0.18378694211262583 39 830 49 759 40 798
2699 75.89019193668733 -12.765006699744236 256.65495186261927 73 54 41 0.14672198609874684 39 833 49 757 40 800
2700 -36.251495818251762 -14.065292918769208 246.76308640893473 63 64 62 0.24446438024910844 39 838 49 774 40 806
2701 38.958817659031972 -15.534521339788366 253.77137751199248 201 185 178 0.10048693163603328 39 841 49 766 40 807
2702 41.039250890661606 -15.253208879320988 252.69856731962946 52 37 47 0.18403638532290215 39 842 49 3882 40 808
2703 72.659792247719437 -12.814640393159097 256.04430121528247 131 116 116 0.22190117295473225 39 843 49 762 40 809
2704 76.276564837970099 -12.339656380188448 256.65775126906465 125 111 95 0.10022913067572077 39 846 49 767 40 811
2705 76.276564837970099 -12.339656380188448 256.65775126906465 125 111 95 0.10022913067572077 39 847 49 768 40 812
2706 32.987884037634096 -15.647728609827574 254.56269429258219 48 44 41 0.35546853845734244 39 848 49 772 40 813
2707 32.987884037634096 -15.647728609827574 254.56269429258219 48 44 41 0.35546853845734244 39 849 49 773 40 814
2708 6.0805938238610659 -15.837009787032853 249.26539449251004 125 115 99 0.20427280579461204 49 778 40 819
2709 13.08618501308308 -15.585474657020681 250.07090829772153 37 27 37 0.22993987646088163 39 855 49 3896 40 824
2710 76.561280038051905 -11.844801184983352 256.34363056787021 78 61 48 0.12320866030706057 39 857 49 780 40 826
2711 44.386708405944653 -14.354797491754676 252.42395716606538 94 58 51 0.17090085299508975 39 858 49 3898 40 828
2712 73.966078238797877 -11.772803476242272 256.73619112963263 50 31 37 0.16040883321057833 39 873 49 788 40 833
2713 32.378138387430432 -14.801963618779185 252.38429366866737 41 31 37 0.20612740041753 39 871 49 790 40 834
2714 33.191724901313002 -14.878794562343522 254.21357016504413 83 76 78 0.14600843456164009 39 872 49 791 40 835
2715 39.576137681698341 -14.478023862702782 253.67948263619527 82 62 55 0.026328756547374727 49 3904 40 836
2716 46.705271795054067 -13.839280690767005 252.72860046415161 71 34 32 0.50911624581033932 49 796 40 837
2717 69.632156338110747 -11.943809618154225 255.30143373288431 168 148 154 0.2713524725923982 39 880 49 798 40 839
2718 -9.9108013193249338 -11.446105216312443 207.49950161470386 250 226 223 0.036741758091746707 49 878 40 849
2719 -41.107899978426332 -10.453038881848153 224.46374595558225 115 103 90 0.098473623740585658 39 884 49 850 40 851
2720 76.554348786506324 -10.694288356254878 256.36569910903626 80 52 50 0.22307437813357447 39 894 49 3912 40 861
2721 41.509087252127053 -13.436037972614651 252.26735934224399 148 121 111 0.15944375105800521 39 898 49 815 40 862
2722 -42.457090849642505 -9.8179068307896848 221.90646193522363 141 125 92 0.33154593210655325 49 866 40 864
2723 67.865798718226372 -11.197420808785557 253.36169180043282 209 130 137 0.15934114287297607 39 909 49 817 40 867
2724 -27.692502768459494 -11.268579949715402 226.91049899146074 62 53 34 0.18139532657061816 39 3894 49 868 40 872
2725 11.677333034063613 -13.937269380878408 249.63315649487691 122 90 85 0.30572617411478675 39 913 49 831 40 875
2726 33.634295904957192 -13.318242939350027 251.4719694261286 50 40 38 0.35298842881046277 39 914 49 832 40 880
2727 60.789311900492578 -11.406774573106249 253.16295193308815 225 189 166 0.24388861770961967 39 916 49 833 40 881
2728 -6.6545718029277312 -10.526899684704965 203.19704725101741 46 19 14 0.026541284843649593 49 931 40 882
2729 63.479702831326257 -11.117459253610487 252.83260326182187 78 54 41 0.1002479891625614 39 917 49 834 40 885
2730 -32.06396007644819 -10.883436045332118 231.2033623339245 98 94 73 0.60486433430842912 49 871 40 888
2731 62.741122766872408 -11.160933304131936 254.23314500181613 134 94 69 0.091615217193125389 39 922 49 839 40 889
2732 -32.85578887734124 -10.708598263917954 232.21099717314044 112 110 88 0.25070757186879994 39 928 49 3950 40 893
2733 55.480750267128109 -11.4983691470108 253.34000447576219 76 24 42 0.11369435300213604 39 936 49 847 40 895
2734 6.5298516223563636 -13.131535692272676 247.45116987680058 35 25 12 0.26360756552233899 39 942 49 864 40 902
2735 -32.377138760673986 -10.446795110857927 231.63820019961736 53 53 24 0.27548378043801303 39 946 49 894 40 903
2736 -32.377138760673986 -10.446795110857927 231.63820019961736 53 53 24 0.27548378043801303 39 947 49 893 40 904
2737 43.896452298370505 -11.571662946664034 245.82207123682505 137 101 109 0.098422690856198272 39 949 49 3939 40 906
2738 62.974575752123499 -10.497965555680326 253.9891807729604 246 217 193 0.052191460307135028 39 959 49 3934 40 909
2739 14.435288708654136 -12.750302561810095 246.88403804587392 75 42 38 0.15974890244332285 49 876 40 914
2740 33.405555425812828 -12.332406309182518 252.82610972936357 47 34 30 0.12758157271812862 39 966 49 877 40 921
2741 60.266784764219665 -10.568134775712178 255.68965994237126 178 147 124 0.1100641099972501 39 972 49 3940 40 923
2742 -28.973940027327782 -9.8414972614019884 224.96617757918901 88 78 66 0.28565344847018742 49 930 40 924
2743 -4.7416731002389998 -9.5495331335585849 200.59951303518585 215 180 183 0.072007050752314131 49 977 40 925
2744 13.763289836344306 -12.501938986939731 248.6134482151156 79 50 34 0.28756354590263794 39 975 49 3955 40 928
2745 56.023904315894512 -10.576951443347452 253.49756062238669 71 28 43 0.087893704642499668 39 978 49 3954 40 934
2746 13.10922375884949 -12.159287653282696 246.28464173265718 152 119 105 0.28361267662063455 39 3947 49 3962 40 935
2747 43.116696975397666 -11.010433753205019 247.84576086582234 177 138 137 0.21904290520436792 49 896 40 942
2748 65.643449582861351 -9.3658099342292278 252.72612750757773 79 47 45 0.061104963451282322 39 989 49 890 40 950
2749 41.904035255692236 -10.586303314525464 244.22656191834693 161 127 125 0.19721407315168524 39 997 49 922 40 962
2750 69.517493208326343 -8.6453831153248242 252.34607745658539 148 119 119 0.078527706687862062 39 1006 49 905 40 963
2751 13.649527814526143 -11.717425109399027 246.55814065610861 79 43 25 0.15431734921830395 39 1009 49 3975 40 965
2752 34.27827482113571 -11.431871241703268 253.29650568070096 66 52 34 0.23795845726151202 39 1010 49 908 40 966
2753 -61.455259437902313 -6.670511038907577 239.94957637781482 45 16 26 0.15450811829014474 39 1012 49 945 40 971
2754 72.513276996134991 -8.0713223544614738 252.83273051100215 122 91 79 0.12712172525763668 39 1022 49 925 40 975
2755 3.6303329108644435 -8.7642257092094251 199.86332169502347 47 29 26 0.10515849098975723 39 1015 49 1023 40 978
2756 3.6303329108644435 -8.7642257092094251 199.86332169502347 47 29 26 0.10515849098975723 39 1016 49 1022 40 979
2757 18.014416320772355 -8.6013782803786878 199.45353440868035 152 124 115 0.017148850862332456 49 1019 40 980
2758 33.196483556150632 -11.09570495315579 251.57149206789654 136 123 120 0.2129582380672447 39 1026 49 934 40 981
2759 46.025317635222478 -10.032914293164998 247.4815267886411 228 150 144 1.2522500772538228 39 1027 49 937 40 982
2760 62.541345593730888 -8.8469161398906682 251.47381073019963 75 52 45 0.11944324115047729 39 1031 49 935 40 985
2761 38.295658661272256 -10.384143657165833 252.31038072266554 120 107 84 0.33634746111899622 39 1043 49 947 40 1001
2762 41.782705099059115 -9.876947764469433 250.07157140179405 98 67 67 0.22954139307957769 39 1046 49 955 40 1006
2763 62.749596417495546 -8.3165638787531044 252.71996142267005 70 47 42 0.30218288113182362 39 1048 49 952 40 1008
2764 60.250421081191142 -8.1117358646222488 250.47843808346565 65 42 43 0.11894655288379719 39 1056 49 967 40 1017
2765 36.033217463901416 -9.7079963778172687 250.05226158973346 85 63 43 0.34367780603894266 39 1065 49 979 40 1024
2766 -37.127548854429087 -7.4112220394996813 233.19684031354817 41 43 0 0.036831700909895355 39 1075 49 1015 40 1029
2767 70.504629493140186 -6.7978435686063161 253.90284878638366 96 68 57 0.53624310635776051 49 988 40 1034
2768 70.504629493140186 -6.7978435686063161 253.90284878638366 96 68 57 0.53624310635776051 49 987 40 1035
2769 39.868646748868862 -9.3943043193455971 254.60210693317416 116 104 118 0.35171901526415544 39 1080 49 986 40 1038
2770 60.251249519844833 -7.6030354752589346 251.85068092925101 47 39 47 0.57188952566181805 39 1086 49 990 40 1039
2771 75.624469425100415 -5.8312176333856645 253.11717538231341 116 80 62 0.17041288065302859 39 1096 49 998 40 1048
2772 -53.328343929084802 -4.6057527664647111 221.18847168191823 70 49 15 0.13569545012964326 39 1089 49 1061 40 1051
2773 30.844187066066034 -9.2603154945623913 250.39628995466171 61 59 64 0.31909023129731101 39 1101 49 1003 40 1057
2774 54.931899254799944 -7.5935037609151941 251.24728434958141 45 21 41 0.55546402652187465 39 1104 49 1009 40 1060
2775 -26.377992883618489 -7.1125973042638364 225.91833218425947 145 127 104 0.17241603349724496 49 1064 40 1063
2776 -11.160348167657647 -6.9985935115389788 206.96778623798721 235 202 177 0.12848371541272133 49 1084 40 1065
2777 16.889807399713504 -6.6127818841655284 196.78573251440022 194 178 176 0.61076465089756315 39 1107 49 4076 40 1071
2778 17.292370351053265 -6.4560641445153415 197.0633411640226 59 45 45 0.16647235231886306 49 1120 40 1078
2779 -29.308072107052947 -6.3535254553930658 225.68651129049468 35 33 20 0.62990746833324773 49 4050 40 1083
2780 66.994691263928061 -5.5478305259801104 250.48100674393226 53 40 61 0.022854669606813524 49 1050 40 1085
2781 73.203193231209639 -5.0581547803816314 253.22298012127817 66 42 20 0.074247931093517572 49 1042 40 1087
2782 -47.222832706330244 -4.3852153215282623 228.54193633942972 143 106 108 0.22057042083309444 39 1132 49 1096 40 1097
2783 -63.617022357939497 -2.5976509600691173 233.83619689129333 111 79 66 0.4187985490659491 49 1094 40 1103
2784 -63.617022357939497 -2.5976509600691173 233.83619689129333 111 79 66 0.4187985490659491 49 1095 40 1104
2785 66.629194399906481 -5.1040831089661598 253.22862097817512 46 38 57 0.53749983420838443 39 4037 49 1066 40 1107
2786 47.705311363505118 -5.9559635998667986 247.85536235206973 89 79 90 0.43371304463545973 39 1156 49 1085 40 1120
2787 -40.461339707079318 -4.1153218061932346 220.79416273767325 32 22 23 0.032966571043026763 49 1127 40 1122
2788 -39.693451468436002 -4.1780467305591369 221.71849317295329 152 145 148 0.31092031488257971 39 1154 49 1128 40 1124
2789 69.078392180463041 -4.0248406884573189 249.88810894133886 172 143 149 1.0241819104345298 39 4047 49 1082 40 1125
2790 73.546986460072489 -3.4317473722661029 252.95803173165069 153 126 112 0.18538446751001897 49 1093 40 1137
2791 74.552402635814346 -3.1514896870467912 251.51737464675966 195 169 155 0.18776475101820572 49 1101 40 1138
2792 68.011666557655758 -3.6541168304822849 248.31666123694814 136 118 127 0.80858823416441084 39 1167 49 1105 40 1140
2793 -41.891678300616555 -3.4035451838094986 222.09433454751792 124 113 116 0.33632546885627423 39 4051 49 4092 40 1144
2794 49.449946855331582 -4.8859033019467848 246.97297308571521 106 89 105 0.29591325333657587 39 1175 49 1125 40 1148
2795 -62.305854595883936 -0.75709091560152331 231.96361300183273 45 31 7 0.26234998844735763 39 4069 49 4097 40 1160
2796 -50.17056034338728 -0.74529783031218211 208.15969607641725 45 31 4 0.19198621155920445 39 1199 49 1192 40 1170
2797 -51.192967226947651 -1.1439599279201329 219.56088462656763 75 63 11 0.26775474644846353 39 4075 49 1177 40 1171
2798 74.074123893642891 -1.5181582662448398 250.93472839728403 96 78 87 0.020194937890308275 49 1153 40 1175
2799 -3.11764087484408 -3.5517662755687316 198.84208281649018 145 109 85 0.15298666111939402 49 1209 40 1180
2800 48.01062134785316 -3.4062186443366769 246.09849284776186 92 88 101 0.076745521864920743 39 1212 49 1163 40 1181
2801 48.01062134785316 -3.4062186443366769 246.09849284776186 92 88 101 0.076745521864920743 39 1213 49 1164 40 1182
2802 -63.49115016077436 1.4415623955967647 229.96823128946531 150 135 84 0.16445554658417574 39 1241 49 1206 40 1204
2803 -7.8204049219973264 -2.4454396898773432 204.40621627420302 250 226 202 0.28309454050328969 49 1229 40 1209
2804 33.897730643144172 -3.0643188558937569 250.05792099835352 51 58 70 0.1714404075511112 39 1246 49 1188 40 1211
2805 49.056478359585896 -2.1413301504742925 249.14838111199941 33 25 35 0.2981488712153767 39 1244 49 1190 40 1213
2806 68.63966230560348 -0.27404853741160284 251.34006983251703 28 26 43 0.11516241019244967 49 1191 40 1215
2807 -39.045893989039342 -0.39930391348913463 219.25730827169625 51 70 20 1.1653448097282961 39 1255 49 4145 40 1220
2808 14.627559670302459 -1.8859552090204563 197.50670855712099 35 35 45 0.26997654039715158 49 1262 40 1222
2809 13.890440025915781 -1.6046941369064036 195.01758228742165 30 30 40 0.30525777911734864 49 1273 40 1233
2810 10.826594595941012 -1.3269894019011901 189.59866738279513 17 0 0 0.39384552300233566 39 1268 49 5841 40 1241
2811 21.319796188785389 -1.3163865494257276 200.85153403294922 49 49 57 0.11350273726425852 49 1272 40 1242
2812 -63.929190493594469 2.6908456486770445 232.07008023168825 61 56 15 0.25567095621097413 39 1273 49 1237 40 1244
2813 -63.929190493594469 2.6908456486770445 232.07008023168825 61 56 15 0.25567095621097413 39 1274 49 1236 40 1245
2814 8.2878655677820916 -1.0545648983190905 187.34447137984981 203 166 165 0.53440567404603556 39 1271 49 4192 40 1249
2815 -60.121442482688003 2.543462500203951 230.08628290195216 160 146 148 0.28641656004610733 39 1284 49 4158 40 1250
2816 -47.412202553951843 1.571500459059856 216.06354647750203 159 143 137 0.08276330381745578 49 1267 40 1254
2817 -10.041906441221373 -0.55274743773611112 208.32085864813726 158 117 86 0.10032401440820445 49 1286 40 1273
2818 74.400096632854357 2.7929021254757607 247.8051638450786 148 139 165 0.17425270257799941 39 1300 49 1244 40 1281
2819 70.809931734573567 3.0275466759144862 246.83623405034004 32 34 59 0.20668881398674593 49 1266 40 1293
2820 74.055064539723915 3.4829051419979997 245.93210328720923 49 43 65 0.19883439758239399 39 1331 49 4170 40 1295
2821 -31.525022709249399 1.3507126517657995 211.20129237169803 66 55 48 0.42175201509430416 49 1313 40 1298
2822 -48.232040881846011 3.060864683012519 215.78749786039168 183 163 145 0.012958677617391105 49 1312 40 1306
2823 22.398053129292691 0.44060444406314786 201.44712076825536 46 46 56 0.16770933651611522 49 1328 40 1311
2824 70.543299355235078 3.4930414230786417 246.51521435534224 105 104 135 0.13874517884196966 39 1348 49 4175 40 1319
2825 73.961697984926531 4.7515484593230957 247.95577558714487 28 19 34 0.43998564311471045 39 1373 49 1302 40 1351
2826 -50.696449566244965 4.4612597020842504 219.29958840679842 160 124 84 0.18266494635326069 49 1351 40 1355
2827 57.637966281216414 4.1812842817088578 241.97316787332886 28 25 37 0.14705237326037632 49 1343 40 1373
2828 65.605793095218928 4.9813963093590612 248.8166368059363 55 54 69 0.45944526429572563 39 1399 49 1333 40 1378
2829 65.605793095218928 4.9813963093590612 248.8166368059363 55 54 69 0.45944526429572563 39 1400 49 1334 40 1379
2830 -49.789783349423296 5.4160801465588913 217.59346947850801 93 58 4 0.16264834057379476 39 1408 49 4229 40 1380
2831 71.634012179445961 5.9508703254901381 246.78715474402151 30 24 52 0.1321163469287128 39 1415 49 1349 40 1383
2832 -5.4325801187039726 2.6724865883099924 203.65337740878337 146 105 78 0.080197658762043753 39 1419 49 1409 40 1386
2833 -29.799512364366574 3.9340902133190845 211.32209982181422 14 0 10 0.69091388783263408 49 1397 40 1388
2834 -32.453569134765964 4.2453203259606562 207.72398963972469 46 33 25 0.25871898645874036 49 1408 40 1390
2835 -19.199424313513074 3.9582412481448652 210.43021535985605 147 109 91 0.45523958460671815 49 1424 40 1409
2836 74.910117307656506 7.9748197053470813 245.59560694510296 122 108 125 0.24850566825761322 39 1457 49 1395 40 1414
2837 -50.750573873970211 7.1738996247016615 210.42414792290708 149 129 103 0.36780050529085601 39 1458 49 1444 40 1421
2838 -48.522719686081402 7.1263894735885325 214.89366246335882 143 112 60 0.45324535295673546 39 1473 49 1445 40 1430
2839 -2.094678841927752 4.3710280740624157 198.72271353907837 246 214 200 0.019876641450107171 49 4277 40 1441
2840 5.9170617331090707 4.6527833929313767 192.42959869549532 161 120 102 0.007263156168609973 49 1510 40 1462
2841 -52.557300572943021 8.4469658926592359 214.16144687758413 51 25 2 0.16026595956657849 39 1507 49 1479 40 1469
2842 -53.376480175864515 8.6995890963015192 215.7033948725238 177 150 118 0.25338879187160585 39 1517 49 4275 40 1477
2843 -5.0559441582279279 5.4968934720422613 205.43166722704586 223 194 163 0.15446892314669419 49 1508 40 1486
2844 74.519283228919207 10.612828550098376 244.6298549978695 34 27 41 0.18327955057913378 39 1556 49 1475 40 1507
2845 71.241063120450136 10.720979923938112 243.62144038304194 39 44 54 0.57414178661550508 39 1575 49 4284 40 1521
2846 -55.501310537780938 10.186312176437266 212.80903759962322 84 66 60 0.16597797916299314 39 1563 49 1525 40 1523
2847 -48.542183454772037 9.3774886689824992 209.72963938671415 54 46 14 0.097924753442545073 39 1564 49 1531 40 1524
2848 -29.754592383372888 7.5971953037521152 206.4038207942707 76 58 31 0.1065008977222176 49 1538 40 1526
2849 -56.291813455937053 10.405251162881587 200.38841878129111 96 81 68 0.30380706737060242 39 1562 49 1552 40 1528
2850 -52.454036145891443 10.036919765565788 214.98639350702931 51 29 4 0.16233227754377608 39 1576 49 1530 40 1533
2851 -25.060974781651812 7.491754442291505 204.86677158138744 130 77 78 0.031685126658785055 49 1546 40 1535
2852 2.6260932079061821 6.3149843398545347 194.28226361437081 216 185 173 0.075632602606486091 49 1577 40 1537
2853 -8.5432033449946303 6.8497092689352232 206.18786801245949 48 34 4 0.054443203855852329 49 1548 40 1540
2854 -45.396361010352791 9.6830841783787491 208.35017335032521 42 25 26 0.17903879405845005 39 1594 49 1563 40 1549
2855 -43.631874917658983 9.430091845543755 207.83321884577853 56 47 41 0.046979503649849173 39 1591 49 1564 40 1550
2856 -5.5229599081335197 7.2796524331481116 206.45969347949449 198 170 142 0.092656954409695153 49 1580 40 1558
2857 34.266191987800873 7.842590397763094 190.02593665076938 116 96 78 0.26797974635239652 49 1591 40 1561
2858 75.22747145908852 12.616483027692851 244.67792685553079 13 18 26 0.22522277400208116 39 1613 49 1524 40 1568
2859 -15.4817056374972 7.9653627337539881 207.93369073387257 75 73 71 0.3945711179606447 49 1583 40 1569
2860 -48.093832188581722 10.599512109151233 208.090044990846 79 70 66 0.55970416328063655 39 4328 49 1585 40 1572
2861 -24.333552821351013 8.6588765905591529 203.12306112692636 147 97 84 0.38518440099382484 49 1592 40 1578
2862 -32.3756334440138 9.9669144478019831 206.98307954669119 104 81 63 0.074229114587362255 49 4359 40 1593
2863 -55.951951899046811 12.481438979253412 203.58560635980888 71 62 54 0.18188829762773218 49 1620 40 1597
2864 -56.63219023786899 12.849919600516021 203.43922187062938 43 32 26 0.17791905106461423 39 1636 49 1633 40 1603
2865 12.380284956831572 8.4835192985026033 188.69575793845456 94 68 56 0.12624735411115462 49 1657 40 1605
2866 -50.12519714958249 12.567647108978324 209.21955562146744 30 24 15 0.093372956306373101 39 1658 49 1636 40 1615
2867 -55.282451193641883 13.596882386237997 208.31037320852204 19 6 3 0.39123594651452115 39 1680 49 1648 40 1640
2868 -50.607239923727448 13.025661680887843 208.21857489563089 26 19 1 0.08307558174294262 39 1679 49 1649 40 1641
2869 46.740472063755362 11.554157335326687 190.31836844407556 172 144 69 0.16508061181723888 49 1706 40 1655
2870 -55.065559130707463 14.068845026668649 206.86579948571784 109 96 91 0.067020927955416421 49 1682 40 1656
2871 -52.563069086109522 14.221956952481124 209.00348168067853 56 39 29 0.31568639074822319 39 1717 49 1700 40 1666
2872 15.484612649638304 10.190189924504271 190.00416060248364 44 37 45 0.52586117833096513 49 1733 40 1671
2873 -27.919921025673496 11.853530253142202 202.09835236248202 120 86 67 0.11341378141488469 49 1714 40 1674
2874 -47.553272939543056 13.926468077398091 208.40048288123376 107 93 77 0.37947009903545448 39 1722 49 1709 40 1679
2875 -29.96845405581232 12.42350535446608 204.7587945165414 32 20 10 0.060170672832743341 49 1726 40 1683
2876 -17.358278341715415 11.518915210589384 201.77079967239348 146 106 83 0.29896039418317732 49 1731 40 1684
2877 20.502558379052715 10.827689293604681 191.64685920671729 58 51 51 0.025729134189183055 49 1742 40 1687
2878 -56.037131647718823 15.211810859061046 206.83366663730988 40 30 18 0.027357809559278419 49 4402 40 1689
2879 -47.231990875312526 14.068306356506948 205.57222278493046 58 46 34 0.38582849111865991 49 1725 40 1690
2880 -37.815178733326611 13.172237882788592 205.24844286520042 146 128 70 0.14180347899389592 49 1730 40 1694
2881 -51.602724856642368 14.965022092518016 208.47493026912247 98 83 72 0.20455603486961729 39 1749 49 1734 40 1705
2882 30.008844141044509 11.833354993843395 195.21204950297235 84 63 59 0.40172872655137287 49 1758 40 1715
2883 30.008844141044509 11.833354993843395 195.21204950297235 84 63 59 0.40172872655137287 49 1757 40 1716
2884 -20.453208728910493 12.226490125185938 201.35170949906012 147 117 73 0.19476061251388344 49 1752 40 1717
2885 -24.315312034600641 12.865279121534005 205.60381892131119 102 78 45 0.075264349306351938 49 1756 40 1722
2886 53.129937162658557 13.917019452746811 190.25219097713131 78 51 19 0.47403897134092876 39 1759 49 4424 40 1726
2887 -56.033138261678573 15.894872358798516 202.4194515749351 87 78 63 0.21780383407438189 39 1765 49 1766 40 1734
2888 -48.989906266100839 15.446766699342778 210.16269963285745 86 87 66 0.31261211158520352 39 1777 49 4411 40 1744
2889 36.214557285273308 12.882544996447015 191.42307029782609 158 133 116 0.026546547050190886 49 1803 40 1756
2890 -44.417716181346258 15.098796689813893 206.40389549102278 40 29 14 0.26065889227414263 49 1777 40 1757
2891 -49.690210884633814 16.013451701849711 209.49008150716321 28 25 10 0.26947989180986809 39 1799 49 1782 40 1767
2892 42.533946109781255 13.845551713829131 189.25796382483975 198 164 94 0.17403783401787434 39 1806 49 1831 40 1774
2893 35.754886171659372 13.338290349483017 187.48950856504069 78 54 16 0.2499857436718978 49 1839 40 1777
2894 51.623810698332044 15.256126010313077 188.37826843544673 162 140 77 0.027555479161511881 49 1858 40 1793
2895 -32.253995480823811 15.608501303728882 204.52807499620661 104 92 62 0.23622882240057438 49 1853 40 1816
2896 57.354035742285554 16.73708200089866 186.68481788671588 107 66 20 0.82828559695906656 49 1894 40 1833
2897 1.1204018772441735 14.541263511295586 196.43948180935411 85 51 31 0.130818126059465 49 1892 40 1846
2898 3.2924937648115371 14.557455518934541 194.36404451965834 221 199 191 0.16610067922550981 49 1900 40 1849
2899 -52.164976526609834 18.976354783923892 209.6051899642504 93 76 66 0.28536231525724931 39 1881 49 1889 40 1859
2900 8.9218260317679352 14.466145180120535 189.02959016559575 248 184 172 0.24096296230941611 49 1917 40 1863
2901 56.825830676304683 17.584582200152024 189.92801390719075 82 44 0 0.84650072625161388 49 4492 40 1865
2902 36.237969670685111 16.145998801970915 192.10254571834525 83 70 68 0.21450103615305788 49 1932 40 1883
2903 -22.610753879994508 16.084113844219281 193.4172047543691 39 33 0 0.6350899470283764 39 4497 49 1935 40 1887
2904 -46.386556488989946 18.868567233010747 205.92821504738421 162 148 119 0.058094727596996777 49 1916 40 1892
2905 -44.237568332932703 18.546190085893798 200.8287003592427 94 75 18 0.287249407044259 39 1905 49 1933 40 1896
2906 50.941099172716328 17.685872821647706 189.09385799611212 96 67 7 0.019897776377097817 49 1951 40 1902
2907 -48.279528221566444 19.717943546757073 207.03046789173948 53 55 38 0.25962766378458685 39 1922 49 1940 40 1909
2908 -46.828751840216682 19.850306327835995 205.35801464882982 74 67 24 0.058726842615041679 39 1937 49 1953 40 1922
2909 7.781164048762844 16.240263021450474 192.07593560409015 175 144 125 0.36115330090446135 49 1974 40 1924
2910 11.061182319892577 16.037810195705291 188.53134417830458 211 179 163 0.15384196175894227 49 1983 40 1930
2911 -53.639258748712315 20.744923971807484 203.2508118379948 14 9 7 0.39200248510623475 39 1947 49 1967 40 1934
2912 -13.084203569193111 16.892300958641751 188.97387262932264 16 13 1 0.31827021244295683 49 2005 40 1953
2913 -36.544366136213554 18.978622663550542 196.55956447922213 64 54 20 0.43690992975275877 39 1963 49 1990 40 1955
2914 -38.956337766093291 19.704665681905592 200.45346400761258 103 84 59 0.25578706959714681 39 4543 49 1992 40 1965
2915 18.834435199630601 16.980305390147343 188.20199873407117 50 50 58 0.42635685503224502 39 4535 49 2010 40 1968
2916 37.106682085908083 18.07644397700664 189.32901231292161 14 9 0 0.27648063848116217 49 4561 40 1971
2917 -15.742180784211405 17.535497366983286 187.73946856363935 127 116 106 0.043697722233670702 49 2030 40 1982
2918 -5.0238646674183611 17.107029772199315 187.34764790765331 186 137 128 0.46870341139950089 49 2025 40 1983
2919 -0.8054773465092302 16.245187279527123 176.2321700240937 105 85 78 0.37562712242914392 39 1983 49 2045 40 1985
2920 23.837640629951931 18.418960035193752 191.28365204791919 75 78 43 0.13642457228197186 49 2039 40 2001
2921 46.127645728345783 20.132090666792237 191.77260273686093 139 149 88 0.27661801823103505 49 4583 40 2008
2922 -9.286609375421639 18.852805167090402 185.90344790949095 164 119 87 0.4083957722889443 49 2097 40 2035
2923 34.354996464378623 19.751150126136448 186.34502247893644 40 2 8 0.035422969956433702 49 2098 40 2040
2924 16.840757181860134 19.370810309441644 190.38115770629838 195 174 164 0.45030241438890167 49 2094 40 2042
2925 -36.587592898356405 21.958621102280134 200.92993046283937 37 44 10 0.14018820329519971 49 2079 40 2044
2926 20.873693898082276 19.821134902022973 190.93672380426571 52 61 33 0.16135987185738376 49 4612 40 2057
2927 -47.842596223999486 23.916495850983267 206.40956347057525 130 127 60 0.11698167012225381 39 2081 49 2084 40 2062
2928 -58.878134959032977 25.336455006827965 205.99769444072703 42 35 15 0.16489228593109631 39 2080 49 2087 40 2067
2929 -58.899250750979995 25.347097702676244 206.08821908129596 42 35 15 0.1670047313598973 49 2088 40 2068
2930 -49.758991179932508 24.209393653209066 205.9647170545247 101 93 30 0.096457314525827245 39 2087 49 2095 40 2069
2931 -45.135131023450661 24.056658026021921 202.82767236526308 59 48 2 0.039849715120201017 39 2114 49 2127 40 2102
2932 -43.302165531333941 24.14031013626045 202.14419162341349 81 75 27 0.056653895239161089 49 2141 40 2110
2933 -45.706152405856798 24.522742755884739 202.57518504085635 136 126 77 0.16938535003455116 39 2126 49 2146 40 2114
2934 -37.621200067736758 23.646345055191009 199.51973217674643 39 31 0 0.10637653201772471 49 2152 40 2119
2935 -55.217687888584592 26.614329988942178 205.86133783682772 32 19 13 0.34395319085577758 49 2164 40 2142
2936 -51.768921843698315 26.256094013845249 205.79837265082725 66 67 17 0.18293081101445097 39 2151 49 2168 40 2144
2937 -51.470812607453674 26.312200493796954 206.06161104916137 143 140 84 0.33196649538659467 39 2152 49 4647 40 2145
2938 -55.872118120888437 27.277345519073169 206.12352806269405 40 31 14 0.74968743679953609 49 2185 40 2160
2939 38.778247587672617 22.861144356001024 184.60851631246962 44 10 6 0.40949704024733535 49 2222 40 2169
2940 51.141186649426906 24.34108902184478 187.87767161857658 58 39 4 0.032172249548261998 49 2218 40 2171
2941 38.783789245887078 23.285707109232888 183.91684553565511 125 65 67 0.18339239629610124 49 2248 40 2187
2942 -59.884314017245821 28.639208131650118 206.22113287558921 133 122 89 0.21072918078475725 39 2198 49 2214 40 2190
2943 28.009968021287445 22.869399099150783 186.09612674825485 78 86 47 0.1543581341356276 49 2244 40 2191
2944 35.749654681627327 23.486037261069523 184.57142677963404 160 100 86 0.23294984339843283 49 2260 40 2203
2945 -26.76204530513397 23.889918307457346 188.37495248762949 107 71 4 0.25120486243910606 49 4684 40 2205
2946 -46.632640022253618 27.034369213673799 201.35807705212858 122 118 69 0.068671006559376135 39 2210 49 2238 40 2210
2947 2.936857678356894 21.427714636016582 173.29591110778313 84 65 39 0.18721314373000544 39 2209 49 2293 40 2214
2948 -50.245009196223108 28.472509579537356 203.29761551280393 112 117 70 0.14652997442671403 39 4704 49 4689 40 2233
2949 0.92432416356255465 22.798521040840242 178.07370956252333 57 42 4 0.066852707577777781 49 2312 40 2242
2950 -13.094028772563558 23.460921654226908 177.51696482609469 79 25 18 0.12263117084969472 49 2334 40 2252
2951 54.092594116533611 26.592765910369302 181.36766356003125 156 138 78 0.74459960119169077 39 2245 49 2320 40 2255
2952 -47.417901357093257 28.763625992441543 201.87825347505668 34 32 3 0.41245071515079745 39 2249 49 2296 40 2256
2953 -45.703612712913859 28.470348685193969 199.5679469129102 92 91 36 0.13934901215057782 39 2253 49 2298 40 2259
2954 -5.6248588982364103 24.372565901505183 184.75044893381022 68 49 12 0.052809753868895595 49 2329 40 2261
2955 -4.6242860989464525 24.530359006845568 183.35966438171849 36 18 1 0.29086036812403498 39 2264 49 4737 40 2269
2956 43.395515660992139 26.05719711957844 182.44411797392567 30 13 11 0.70773888521896255 49 4739 40 2270
2957 -19.330708160577078 25.300441684002749 186.07074278792038 58 17 0 0.54427136010105959 49 2340 40 2273
2958 -47.563284541472605 29.359156339006802 200.81316716942251 124 127 95 0.043304668650594215 39 2269 49 2321 40 2276
2959 -1.8635140618520336 24.41967267697267 179.02361857742832 76 66 17 0.21813717639692565 49 2368 40 2285
2960 -1.8635140618520336 24.41967267697267 179.02361857742832 76 66 17 0.21813717639692565 49 2369 40 2286
2961 -3.7871392012626659 24.855650343908426 181.8750638116247 56 36 4 0.30819229561548678 39 2284 49 4751 40 2293
2962 -54.589982474339784 31.118396291267214 202.47314623029951 117 99 67 0.18143975237361173 39 2296 49 2348 40 2302
2963 -31.351991147423785 28.03078842857418 192.00538259640945 104 86 65 0.35478064177934526 39 2321 49 2380 40 2325
2964 -60.350633813329118 33.576764204564768 206.16102444028374 63 36 16 0.25682615297790684 39 2348 49 2386 40 2353
2965 -19.432339332161348 26.765813086956474 182.53686393305566 125 112 77 0.55863666340584683 49 2418 40 2358
2966 41.486532051186657 27.481008611812324 176.46323396125646 152 89 84 0.098940232469634432 49 2434 40 2369
2967 48.13746542328591 28.493425263773769 179.03644549931022 39 14 12 0.74167082134625384 49 4796 40 2370
2968 53.590644885907189 28.899241209507366 174.37208047955625 55 40 16 0.26373053694070708 49 4810 40 2371
2970 -40.055122971971905 30.556106705206666 194.35669644372263 15 6 7 0.7177208656893832 49 4793 40 2382
2971 47.103881217531359 28.439561755585739 175.95274227182577 79 41 47 0.028921882972020297 49 2448 40 2385
2972 -59.755805969350604 34.504175623800506 206.01654082832758 130 108 60 0.25521683959941416 39 2374 49 2416 40 2387
2973 -50.469163943758659 32.267423145958254 195.1578415998859 161 83 82 0.13964437720121137 39 4791 49 4804 40 2399
2974 42.428284771652187 28.94732446218746 177.74015234033004 179 107 90 0.061144372867997426 49 2465 40 2418
2975 -26.59577814326228 29.115135482311846 182.07224989239126 106 68 11 0.27328594929355698 49 2470 40 2424
2976 -28.725748577725081 29.497888464958752 182.3958127123928 162 120 66 0.42329709226927753 39 2419 49 2477 40 2432
2977 53.435017722055896 30.626131769912007 172.84903210014156 54 31 40 0.05979012374093149 49 2501 40 2447
2978 -50.265588784879213 33.867115172805775 195.89929801330021 138 65 64 0.10544822647843188 39 2436 49 2468 40 2448
2979 -50.265588784879213 33.867115172805775 195.89929801330021 138 65 64 0.10544822647843188 39 2437 49 2469 40 2449
2980 -22.020687535132385 30.650144868796843 189.14384400015135 60 60 45 0.22552306440691175 49 4854 40 2459
2981 4.4036246680159712 28.542271599382548 179.17677163885404 64 27 26 0.25582530723421859 49 2497 40 2462
2982 4.4036246680159712 28.542271599382548 179.17677163885404 64 27 26 0.25582530723421859 49 2496 40 2463
2983 44.486446286114536 31.449875295303823 175.82488046846723 213 187 150 0.088951892801902216 49 2559 40 2528
2984 37.698280437731327 31.140562388839378 177.35655972925619 218 175 152 0.36160715684125894 39 2511 49 4893 40 2535
2985 15.549341075777432 29.354407085431838 166.84993476335083 154 150 103 0.24479489435280843 39 4887 49 2638 40 2573
2986 -29.13212600273889 33.426141012678329 184.83245715682844 172 141 85 0.26323311333451282 49 2608 40 2586
2987 -3.9126918183453974 32.033656018078823 181.25717253211388 107 85 67 0.015810181555244295 49 2631 40 2596
2988 -3.5255573073765083 32.309621314520371 181.53510257941431 37 17 0 0.33065234439799085 49 4935 40 2602
2989 -33.392848895007127 34.892211659909037 187.88511870755872 112 101 94 0.15782326555226128 49 2635 40 2608
2990 49.569822523444422 33.712997462145999 171.27208442636419 193 170 139 0.33696179048015162 49 2671 40 2612
2991 -1.6018666758813775 32.383201797230399 179.43978775439237 18 10 0 0.26540355621103218 49 2660 40 2617
2992 -39.615964209533573 36.092238835772591 187.85252235963304 73 59 72 0.11323128382096334 49 2665 40 2629
2993 -17.286011021267552 33.279580104735707 179.61276421907635 92 34 7 0.81456093592121581 39 2612 49 2681 40 2635
2994 -48.420619388256583 37.493111337152904 188.41319487288243 81 11 21 0.039228110655921279 49 2674 40 2638
2995 -45.854233112210352 37.395091978071946 189.98528174882875 212 115 117 0.31905120959225941 49 2668 40 2639
2996 -30.999839037673347 36.026633550971766 189.00219055881476 10 10 0 0.65857967446474319 49 2680 40 2653
2997 33.932198391667342 33.832397849390446 175.01989500752731 18 7 2 0.47199360071563401 39 2649 49 2709 40 2672
2998 42.173457770692103 35.820221431682498 176.38143188386329 48 43 31 0.52359352020455185 49 2752 40 2707
2999 50.1217048786147 35.988157376103601 170.26268214823315 227 201 176 0.60339045845296568 49 2768 40 2708
3000 -46.484763878846948 38.889075930520775 187.71640235067716 98 23 28 0.067137649493894835 49 2735 40 2710
3001 -5.3193423032113465 32.830141283586471 167.8095346718782 131 108 80 0.24246049243457823 39 2706 49 2779 40 2720
3002 32.213374414975682 34.341079814807642 166.19678683414099 31 18 2 0.19861864243081015 39 2744 49 2816 40 2765
3003 -49.307230195827771 39.604006401906204 180.06490256776934 38 28 3 0.3717729194451076 39 2759 49 2803 40 2775
3004 34.786926662698576 36.49609912278332 174.23865448360743 22 14 1 0.38929510730831035 49 2819 40 2790
3005 -9.3704398348339168 34.443602523477445 168.26103932443877 53 26 11 0.082288770948945086 39 2768 49 2842 40 2792
3006 -0.16969568451482725 36.450589227100586 179.5188667305944 61 41 29 0.089748390976164286 49 2815 40 2793
3007 38.749438903056323 37.033256363119648 174.17855746489994 86 92 65 0.16519331233891349 49 2831 40 2799
3008 19.356232427273074 36.721320764426018 176.40356968358768 12 3 0 0.040960891789697348 49 2849 40 2824
3009 -48.751478769482858 41.522376517940437 185.63581691154772 51 21 17 0.15830138486784678 49 2840 40 2825
3010 -3.3980908102602827 37.225568256320045 179.59237936826804 25 9 0 0.048453345381270545 49 2854 40 2833
3012 6.0307248159168108 34.867918921162364 162.54256011740404 208 126 82 0.19278547938059562 39 2851 49 5104 40 2883
3018 50.384025691533296 40.437609614864343 172.37269891589568 121 75 56 0.2871676956282263 49 2925 40 2895
3019 -48.276757122938342 43.614651912545895 188.17740538886204 29 6 5 0.060735161744856797 49 2902 40 2896
3025 -51.247118733278043 44.62507041722651 183.43208250663281 75 66 48 0.78710760206000741 49 2958 40 2951
3026 25.584079357106233 39.442912371240482 173.56423031113997 75 63 51 0.043668818983569814 49 2973 40 2956
3028 39.346016770023169 41.861082649448427 179.41824108796541 23 19 8 0.37113581996707334 39 2931 49 2969 40 2962
3031 -21.435468737992121 38.208299610339097 161.55716679019724 37 32 0 0.9139990882065665 49 3032 40 3002
3035 6.9975067805685383 39.488696658945756 165.74859910898329 82 28 0 0.44444058870054409 39 3025 49 3071 40 3049
3038 6.2874116743910378 39.04706482253291 163.16478156606485 103 43 2 0.051372054742458345 49 3085 40 3062
3050 0.59448818437283457 43.824884835120983 174.67587544747363 41 18 3 0.12414258725947687 49 3144 40 3149
3051 25.520913095826849 44.013084632253268 168.5167945722423 159 146 98 0.44215086357912725 49 3193 40 3176
3052 0.47669246834416412 45.173710276793329 175.57941879139787 32 4 0 0.16468780030373475 39 3170 49 3185 40 3180
3053 42.87530206482392 48.329519760487422 169.11137841121865 14 7 7 0.37918446111975718 39 3238 49 5309 40 3250
3054 -46.055913880842908 52.142033085933797 179.03806700688807 45 15 3 0.1628687071648402 49 3263 40 3260
3055 26.551892495403571 46.76120938928959 168.99718498296195 124 104 83 0.40073786684232471 39 3255 49 3278 40 3265
3056 -42.284754100574418 52.032542931798503 180.39188075913776 31 1 0 0.13536833064803008 49 3271 40 3268
3057 36.426616467962234 -42.533054945918344 261.75401247991556 95 67 60 0.2576264441722283 39 98 49 25 40 3351
3058 61.1773820188359 -41.898719499728749 267.74030410783746 135 118 124 0.36009622869481772 39 3355 49 23 40 3353
3059 -12.969294488375047 -42.485849684655356 260.80255602345051 84 66 64 0.16129386208798979 39 100 49 3338 40 3354
3060 35.459311511095905 -42.455585199167466 263.1991437664949 159 138 131 1.0153873301725491 39 3357 49 3339 40 3355
3061 66.261354545844824 -40.490342385556005 264.21744089611883 163 148 130 0.11541600170055244 39 3358 49 3341 40 3358
3062 42.61550248133787 -41.563292769759201 262.81555189887717 82 42 46 0.54058367385236672 39 3362 49 3343 40 3361
3063 -26.83240343469301 -40.879859253155054 260.8822765529485 97 91 98 0.10150448117538034 39 3364 49 3348 40 3362
3064 -27.726372787964713 -40.491889628246732 259.81157162578234 113 106 118 0.25578240011750786 39 3368 49 3351 40 3364
3065 48.250701848939173 -41.308841850785086 264.99164999638992 142 113 112 0.11450251615494185 39 3366 49 5363 40 3365
3066 34.829202577562434 -41.471847095382898 263.50856339844404 175 151 138 0.16299780182745202 39 3373 49 3354 40 3368
3067 34.829202577562434 -41.471847095382898 263.50856339844404 175 151 138 0.16299780182745202 39 3374 49 3355 40 3369
3068 50.19493430209301 -39.829586092876525 262.02914285203332 70 38 45 0.31247298838166521 39 3379 49 3361 40 3370
3069 -30.278283063985107 -40.062741097338233 262.80666176662749 99 80 96 0.26031640202251566 39 3377 49 3362 40 3372
3070 -13.056505112468333 -40.446613668724801 260.45760158515316 126 104 109 0.23073222053329581 39 3382 49 3366 40 3375
3071 -13.056505112468333 -40.446613668724801 260.45760158515316 126 104 109 0.23073222053329581 39 3383 49 3367 40 3376
3072 -31.296163783774897 -39.68141128541928 262.57446294041597 108 89 96 0.2355210462865831 39 3381 49 3365 40 3378
3073 55.261611115251519 -40.191238674887501 268.14874975813814 120 117 118 0.39461736568752204 39 3384 49 60 40 3379
3074 -34.086615994942669 -39.089933228535365 263.85138871656847 163 146 136 0.37801806929202392 39 145 49 3372 40 3381
3075 71.193714224545332 -37.556982052582015 264.76716890507345 140 104 94 0.59877864452087237 39 5363 49 5377 40 3382
3076 -36.387338771650427 -38.74552242571071 264.14318746755896 159 148 131 0.84474173757670512 39 3392 49 3376 40 3384
3077 54.483095921682192 -38.515309150144461 262.88887045673806 61 47 49 0.13743945111236533 39 3388 49 3378 40 3385
3078 -32.017415454480101 -38.637989667603421 262.22843233888597 81 56 65 0.27899966379502383 39 3393 49 3380 40 3387
3079 62.267745683640328 -38.347367074983723 266.27932437927001 155 139 133 0.24108925319279176 39 3394 49 3379 40 3389
3080 -29.655030433243248 -38.326110852217113 260.64307679172271 63 44 60 0.23953746132767692 39 5367 49 3385 40 3390
3081 -13.147540700996299 -39.154661845631473 260.33984978446898 79 61 60 0.076690149029008059 39 3397 49 3386 40 3391
3082 -12.387862988015236 -39.440265620600606 262.00359096262918 53 41 43 0.12275002228129056 39 3399 49 5381 40 3392
3083 74.581148021151122 -36.669270208173685 264.60925138530467 92 77 68 0.46813281068503909 39 3401 49 3384 40 3393
3084 68.965564963176604 -37.036385768117377 264.0477488747643 115 95 86 0.65857159008869315 39 3400 49 3387 40 3394
3085 71.558198532955828 -36.204293171390241 261.9111913080589 164 140 118 0.24622545235202439 39 3407 49 85 40 3395
3086 -27.994000393518899 -38.152032101111409 261.49683573128709 123 109 115 0.10219798008887142 39 3410 49 3391 40 3396
3087 52.043578503943579 -38.433413255211732 265.25756242035186 66 38 50 0.18313810745653389 39 3406 49 81 40 3399
3088 55.200491776781419 -37.554952314837905 262.03401233385665 69 51 52 0.22204033298954159 39 3411 49 3390 40 3400
3089 -34.625884734974726 -37.387718161965665 261.02777505126255 142 123 118 0.75246591537267271 39 161 49 5389 40 3401
3090 -32.67510921359144 -37.916421589045875 262.33619255594346 142 125 127 0.18401793771880282 39 5376 49 5386 40 3402
3091 -59.85705765656499 -35.727245112467763 265.30697705865947 69 74 81 0.66061807149265417 49 3393 40 3404
3092 61.280839595207894 -36.777772902215688 262.04663946273803 100 85 79 0.054445522821979453 39 3413 49 3398 40 3405
3093 75.235765602173402 -36.218763670800499 266.23511975212244 136 119 110 0.5279901244489752 49 3392 40 3406 39 3412
3094 63.823844054869411 -37.221978157024054 266.34787068220862 85 68 63 0.39254183733499493 39 3416 49 3395 40 3407
3095 65.281884562210053 -36.974036322252928 265.4701142088295 80 68 58 0.039190909573747233 39 3414 49 5388 40 3408
3096 65.281884562210053 -36.974036322252928 265.4701142088295 80 68 58 0.039190909573747233 39 3415 49 5387 40 3409
3097 -32.239711157474161 -37.412704423735043 262.8128701449503 80 61 68 0.43930233088924636 39 3418 49 5392 40 3411
3098 46.290638541078295 -37.44009257968289 261.93664011425375 118 95 95 0.2261523434707193 39 170 49 95 40 3412
3099 45.929089626916642 -36.732036407296675 257.11420961517786 79 55 59 0.09272081221106615 39 5380 49 3405 40 3413
3100 40.366187520973462 -37.768014058845502 262.26235821359279 173 149 141 0.21782128972650083 39 3421 49 3404 40 3414
3101 62.768472437514852 -36.528854090413034 264.28886458170086 163 146 142 0.24876445222024671 39 3419 49 3403 40 3415
3102 -35.461224802071563 -36.910531595015705 264.01676560764753 77 60 63 0.18454603705561037 39 3422 49 3407 40 3417
3103 55.795609460447352 -36.026998134065714 261.3302600099189 96 64 61 0.24275578717032695 39 3424 49 109 40 3419
3104 55.795609460447352 -36.026998134065714 261.3302600099189 96 64 61 0.24275578717032695 39 3425 49 108 40 3420
3105 58.555552027048989 -35.920073931859896 263.64314356252163 79 62 54 0.33015475799331223 49 3413 40 3424
3106 56.273588166505618 -35.485143293919904 263.48220733695223 95 63 61 0.37808510366222531 39 3435 49 123 40 3430
3107 65.074409978281793 -34.690716139465344 263.04913517804545 81 63 64 0.13150960170245643 39 201 49 3416 40 3431
3108 69.891092580447449 -34.136964698244462 264.09565362403504 114 93 89 0.11729907957765129 39 3437 49 3421 40 3434
3109 59.804372010939325 -34.653724781670654 262.83164797673305 96 84 72 0.26040321592885868 39 3439 49 3426 40 3435
3110 63.691017680958886 -33.729552219955714 259.03350447131373 142 123 124 0.39893729503823466 39 207 49 3429 40 3436
3111 67.460686648255788 -34.116711722289516 263.5583173761658 146 128 130 0.2078414622201373 39 3440 49 3427 40 3437
3112 -39.365014974815161 -32.610882048858109 249.86260402466417 92 75 67 0.044315035558390205 49 3437 40 3438
3113 53.599622005939409 -35.04891925359621 263.35580800836533 118 98 94 0.26096732796701194 39 3441 49 3430 40 3439
3114 66.562719613502566 -34.222641210053702 264.99079663289683 75 55 57 0.14893926539162447 39 3442 49 3431 40 3440
3115 -62.947006405577127 -30.136450281659474 250.06120378557014 84 77 91 0.2897085144861119 39 3443 49 3441 40 3441
3116 -45.527230423082408 -31.62614332686497 249.36551407293905 77 18 27 0.057147445667476704 39 3445 49 3444 40 3443
3117 -34.910927860702408 -32.228473130633311 246.92493015903653 87 60 53 0.63788014603435184 39 5401 49 3446 40 3445
3118 -52.358277733172464 -30.90325488766727 250.95575996148628 88 75 78 0.20630114718649917 39 3447 49 3447 40 3447
3119 -40.465728017810903 -31.479741821857552 248.36004683926504 83 51 40 0.22742131911352295 39 3448 49 3453 40 3449
3120 -63.308533512407394 -29.400582357887572 251.11690598773049 255 246 250 0.20205933173548196 39 3449 49 3452 40 3451
3121 -61.550291861197252 -29.318436092307927 250.28826100915725 250 246 240 0.14521995831472398 39 3451 49 3454 40 3453
3122 31.085809301670086 -34.776133362832581 260.87895514226949 168 145 130 0.25098782122814683 39 3453 49 5420 40 3454
3123 -43.362027113031921 -30.756498449557977 248.65410127517399 131 75 78 0.22360532414985199 39 3454 49 3462 40 3458
3124 -42.586556988393504 -30.733436775582629 247.84876122343891 114 49 54 0.57528608373212653 39 3452 49 3459 40 3459
3125 -40.271653541059649 -31.165461408052863 249.12683573014755 154 107 98 0.434753776269096 39 3455 49 3460 40 3460
3126 -62.586489482060244 -28.975509549405245 251.1039194446391 253 249 241 0.17899500179665581 39 3456 49 3464 40 3461
3127 -32.766095459549241 -31.305763754047927 246.44450807103556 142 122 96 0.45546337049524005 39 5419 49 3467 40 3462
3128 -56.565455862385768 -29.524673586772611 251.23305491673906 48 42 63 0.25667738659884481 39 3459 49 3469 40 3463
3129 -56.565455862385768 -29.524673586772611 251.23305491673906 48 42 63 0.25667738659884481 39 3460 49 3468 40 3464
3130 51.331039956127157 -32.770458669355804 260.04752193774618 116 98 90 0.16615778328081476 39 3463 49 3463 40 3467
3131 -57.82907112288229 -30.58485450655548 261.08938658690334 32 33 45 0.68936118677680058 39 3465 49 3465 40 3468
3132 57.163109074303584 -32.576746206189007 262.23405659218332 144 125 111 0.29387636186249338 39 3466 49 3461 40 3469
3133 -60.422060929624429 -28.458645394754754 250.3676709267661 192 167 155 0.19885679517919205 39 3467 49 3476 40 3472
3134 -60.422060929624429 -28.458645394754754 250.3676709267661 192 167 155 0.19885679517919205 39 3468 49 3475 40 3473
3135 -35.261499470122729 -30.410097345047973 246.32100784610694 79 52 47 0.38627835136844874 39 3469 49 3481 40 3474
3136 64.185744553632347 -31.708061286522359 262.33757305630957 108 85 69 0.18880239658491674 39 3470 49 180 40 3475
3137 -60.13602915585728 -28.571882794634234 252.23339413017126 113 85 74 0.18052935701125281 39 3471 49 3477 40 3476
3138 -60.13602915585728 -28.571882794634234 252.23339413017126 113 85 74 0.18052935701125281 39 3472 49 3478 40 3477
3139 -31.609622812970805 -30.695276135103903 247.61483399652943 144 126 113 0.23837685241704198 39 259 49 3482 40 3479
3140 70.837921611083246 -31.140235623108488 263.68872023035124 80 69 59 0.1665863644866297 39 3473 49 3472 40 3480
3141 -58.228335951102622 -28.251384451094385 250.64244001533146 100 89 84 0.35561922257309214 39 3476 49 3486 40 3483
3142 11.820486297698178 -33.925711975383955 261.77706419180106 162 141 126 1.8656542507388512 49 5436 40 3484
3143 -63.29030285241393 -27.613395230453619 251.54332336687855 201 189 194 0.26048464455360176 39 3478 49 3488 40 3485
3144 -43.213727810088038 -29.520701245777261 250.44665185884389 71 41 40 0.17037823963676649 39 3479 49 205 40 3486
3145 -26.577083656223092 -31.026463337843111 251.41512550248177 48 37 40 0.21294235022282329 39 3481 49 5448 40 3487
3146 -65.164966637784815 -27.193214131060948 252.53009333988663 73 63 67 0.0194938727815154 49 3493 40 3489
3147 74.338080719306873 -29.644178507608981 262.77714289003688 73 55 50 0.38728624941401479 39 3487 49 3489 40 3492
3148 -63.324046508890639 -26.960852670850322 250.3998507454825 67 49 55 1.030666966076869 49 3495 40 3494 39 278
3149 -28.58379960458576 -29.801093473062416 246.87006729054767 117 100 92 0.18651451274798503 39 3489 49 5465 40 3495
3150 62.978238024384851 -30.232788891570173 259.71655983849382 159 132 125 0.10932858948487957 39 3490 49 3490 40 3496
3151 -49.322112446905983 -28.476522655314334 251.00846801742745 94 87 60 0.28877477427893761 39 3491 49 3496 40 3497
3152 72.097873677110996 -29.805291370879367 263.28408997864807 62 51 50 0.10374760067859885 39 3493 49 3491 40 3498
3153 27.718735061029214 -32.422131670985692 259.9997824668082 164 147 128 0.32829085906936817 39 3494 49 3494 40 3501
3154 34.82140969607196 -31.779385503221363 261.06269268164209 165 141 133 0.62092276303975014 39 3499 49 5471 40 3503
3155 -48.809647390331627 -27.629729621404824 249.43099756849685 121 116 81 0.24363480922117028 39 3500 49 5477 40 3504
3156 -43.984726206521621 -27.625412499081772 247.90878690347301 98 88 73 0.081124298366049286 49 3513 40 3507
3157 16.702169413258307 -31.868848736146173 260.01580644457391 66 55 56 0.22262123028840597 39 3503 49 3501 40 3508
3158 -11.131621461149443 -31.690282875080765 262.63144283615412 120 120 104 0.55776675089671268 39 3508 49 3503 40 3512
3159 63.130977147184211 -28.650659613005342 257.54802739769923 131 109 117 0.19551685431932767 39 330 49 3507 40 3513
3160 -38.351558401969491 -27.554512298057201 244.88047662233816 188 156 112 0.2485729407640426 39 3507 49 261 40 3514
3161 -11.987276226085333 -31.358734266050796 261.2707747918447 118 120 105 0.30546140949677408 39 3510 49 3506 40 3515
3162 -2.8820916733537141 -31.227769176608412 259.12207319072951 150 131 117 0.64123008971074436 39 3513 49 251 40 3518
3163 17.690637585004879 -31.122537245283915 259.3960983498734 54 52 65 0.022622582079218526 49 3516 40 3521
3164 37.86116646158569 -30.451867193009797 259.66730909268347 176 147 132 0.4508392019218721 39 3514 49 3514 40 3522
3165 60.469935899134612 -28.128592257499953 255.41303856398454 152 116 109 0.23466156331199386 39 3515 49 3517 40 3525
3166 -40.368307539837566 -26.934180349342387 246.80641180292358 116 74 54 0.23658321196918788 39 352 49 3527 40 3527
3167 -31.985525254973322 -27.572578623683341 246.29549697140826 98 86 74 0.24296967805152969 39 5475 49 3528 40 3528
3168 59.967790791511867 -28.297659025408468 258.53707367557479 164 126 107 0.79962214933197329 39 354 49 3521 40 3529 49 264
3169 70.361926890973677 -27.434107833125054 260.26463554447128 76 64 57 0.24712555079367685 39 362 49 265 40 3530
3170 -8.1461543496434441 -30.497961528545915 260.86846146019894 125 120 117 1.2709178254780176 39 3524 49 268 40 3531
3171 39.345940681654213 -29.608740104059919 258.86659537106641 149 125 101 0.32694762049336923 39 3523 49 3524 40 3532
3172 0.63484479597967769 -30.567321445507563 260.50867445185764 56 37 39 0.21967875353717306 39 3525 49 3526 40 3534
3173 12.803038714201376 -30.809898986865456 262.29772861849654 105 116 84 0.56674003539134876 49 3523 40 3535
3174 73.175659806884326 -26.955809418324879 260.39972619554533 109 96 104 0.45552135248356757 39 3526 49 273 40 3536
3175 73.175659806884326 -26.955809418324879 260.39972619554533 109 96 104 0.45552135248356757 39 3527 49 274 40 3537
3176 3.8118252728903932 -30.511397851531974 261.30922250408855 79 54 51 0.10125623708775366 39 3533 49 275 40 3538
3177 -28.46233475147206 -27.110001294638106 246.00718832982599 69 68 73 0.13091811915345156 39 3537 49 3542 40 3540
3178 -17.491410794803635 -22.956870998878475 208.38240956278162 206 184 176 0.30418153479843635 49 3602 40 3542
3179 16.262039728525771 -30.132401747350062 259.89214452657365 204 192 184 0.16840294747898102 39 3539 49 3530 40 3544
3180 21.037446651466006 -29.80853906109472 258.39558285914973 37 33 45 0.1096469250018436 39 3540 49 3531 40 3545
3181 31.299454774508416 -29.510718668476986 258.6891173302086 170 144 132 0.34045464332156178 39 3541 49 5494 40 3546
3182 -47.391616391344854 -25.227354865201342 245.81619771484361 121 123 77 0.14544313228886463 39 3543 49 3553 40 3547
3183 -1.3989098662240309 -29.708068520756072 259.14955634659606 119 101 98 0.31687379336069282 39 3549 49 287 40 3550
3184 -19.107629287984434 -22.863240824898305 210.55781067753594 34 23 20 0.40038275112054977 49 385 40 3552
3185 -0.8256657706752607 -29.499386290526679 257.99236026990275 114 95 94 0.30392599143594123 39 3550 49 291 40 3553
3186 5.659483798561828 -29.796170938900488 260.51127296141328 139 116 117 0.22825947565384072 39 3551 49 3541 40 3554
3187 -35.725227561975487 -25.960822661404922 245.3421675083832 150 140 113 0.18410753483892162 39 3553 49 3560 40 3556
3188 3.4056824507310135 -29.833758804439558 261.13553371173612 146 122 126 0.37614531576664545 39 3555 49 3539 40 3559
3189 3.4056824507310135 -29.833758804439558 261.13553371173612 146 122 126 0.37614531576664545 39 3556 49 3540 40 3560
3190 -39.788642084288554 -25.4694205055882 245.02069596723746 73 46 28 0.32195510238118086 39 395 49 3566 40 3562
3191 6.7062289486107289 -29.687852203061404 260.56750055041192 143 133 134 0.064267462102868197 39 3559 49 3546 40 3563
3192 16.067899539418608 -29.432429771520425 259.23037742099046 76 62 53 0.3938495768616988 39 397 49 3549 40 3564
3193 36.503973594129633 -28.385116616668004 256.65450357860897 146 130 124 0.58708830321393357 39 3560 49 3550 40 3565
3194 41.275482058704981 -28.238333810744248 257.22003069739844 186 160 147 0.40935593729510433 39 3561 49 3551 40 3566
3195 -3.4043482085311534 -29.389768772868248 259.29654186456526 104 80 65 0.56126427757550867 39 5490 49 3545 40 3567
3196 12.969862739454094 -29.374020199293756 259.00427049836219 116 116 93 0.54067174853683275 39 401 49 3548 40 3568
3197 -9.7287051780378828 -29.10782755452373 259.57003329890944 108 97 91 0.15260084701567947 39 3562 49 3552 40 3569
3198 29.755166789740876 -28.661248602629556 258.31638929641832 84 58 48 0.10431930089449733 39 3564 49 320 40 3570
3199 8.3434167757606961 -29.312094438329328 260.86928777434906 58 47 44 0.38271272880081675 39 413 49 318 40 3571
3200 20.762296189555506 -28.662230527809125 257.35330644877183 33 29 41 0.14526088971567402 39 3567 49 3564 40 3572
3201 7.530071228985534 -29.13779593911109 260.74702822852123 50 45 43 0.57035626027931496 39 3569 49 3563 40 3573
3202 34.137668885017895 -28.31094645747504 260.14250366189583 142 123 130 0.14311421292742169 39 3571 49 3568 40 3574
3203 34.123095557679484 -28.302662299664888 260.0445746518775 142 123 130 0.19142485346848476 49 3569 40 3575
3204 41.059721567092005 -27.626831862817188 257.97877961164193 63 40 36 0.208460811955721 39 3572 49 3573 40 3576
3205 -39.728568326319149 -24.84411533574751 244.8458423276571 115 91 75 0.37919509000062052 39 3570 49 353 40 3578
3206 -9.004151231696552 -28.534918003910221 259.64472723224674 119 116 116 0.13905852988395187 39 3576 49 3575 40 3579
3207 71.202582168883836 -25.758139389422169 262.91252552076645 175 176 195 0.21658718052528125 39 3577 49 3570 40 3580
3208 0.18966309265207454 -28.962481904956906 262.63182992837687 91 84 93 0.28735584294108635 39 3578 49 3576 40 3581
3209 -25.536052800848587 -26.185716962764829 247.98176670448726 27 26 25 0.39797809781948751 39 3574 49 3589 40 3583
3210 -14.583878313107146 -21.908170820647939 208.38531187998603 51 38 38 0.11046595997168612 49 3635 40 3584
3211 34.663283486593691 -27.800406541241689 258.28211000402052 84 67 67 0.16902808782982504 39 3580 49 3581 40 3585
3212 -66.227905975712247 -22.214223076641069 249.5465644672787 82 55 50 0.33964849037041772 39 3581 49 3595 40 3586
3213 15.929149771611218 -28.238527892691543 258.97370377608615 61 49 51 0.34590574890667997 49 3586 40 3588
3214 15.929149771611218 -28.238527892691543 258.97370377608615 61 49 51 0.34590574890667997 49 3585 40 3589
3215 30.942924828681864 -27.184206625408397 253.8785167064124 131 108 93 0.2221069705609745 49 3594 40 3590
3216 44.46486043634178 -27.044518562727433 258.69846620129033 77 65 70 0.090679681936640624 39 3583 49 3587 40 3591
3217 -63.494494086593612 -22.3405111264995 249.36612349302112 171 134 112 0.24297823056746723 39 454 49 5533 40 3592
3218 -34.440667807995425 -24.995561185064265 247.55934014149025 43 32 22 0.26954814338329552 39 3584 49 5536 40 3595
3219 -0.63772679429014079 -28.115252622940908 259.2202445473784 73 66 78 0.24129771577676187 39 3591 49 3590 40 3596
3220 -33.638032252487335 -24.634154420577048 245.35536563753377 150 111 97 0.11725420216043587 39 3593 49 5541 40 3599
3221 -12.013888568833588 -27.685121153096343 260.19448690291233 48 52 54 0.15636679655266669 39 3594 49 3597 40 3601
3222 2.8951277733397101 -28.018106684712436 260.07974100816784 84 83 98 0.14559154937637073 39 3595 49 3598 40 3602
3223 18.13656127221952 -27.721314226189005 257.64670278347847 154 121 112 0.13609550804251949 39 3597 49 3599 40 3605
3224 50.284624671210111 -26.287234695145088 259.05260717227145 100 79 77 0.1653154449679077 39 3598 49 5532 40 3606
3225 -3.5209359549390098 -27.624663723607348 258.79272247019952 59 46 53 0.11726113934440675 39 3599 49 3607 40 3607
3226 34.617032055162198 -27.005271724336922 258.07013923045338 201 187 199 0.66663070724564666 39 3600 49 379 40 3608
3227 -51.78964581092643 -23.023999969192648 248.86915354076422 98 99 77 0.44951519651745692 39 5523 49 5543 40 3609
3228 43.898908251472093 -26.188749065223988 257.87440805431606 44 35 50 0.23395397341041926 39 3602 49 3612 40 3610
3229 -31.726977222749717 -24.396580238142111 245.86991143923856 44 35 31 0.36952006154046707 39 3605 49 408 40 3611
3230 38.539052654422278 -26.37623155876528 257.65172980816106 54 49 54 0.14810939038347828 39 3606 49 3615 40 3612
3231 47.691914543582129 -26.093770731093915 259.49608201285645 42 28 17 0.17528803443707272 39 3607 49 3613 40 3613
3232 64.046682406113135 -24.478737869022765 258.38147163233691 68 40 41 0.02881920906332594 49 397 40 3614
3233 46.13394305985728 -25.954597109188011 258.48444676101911 121 119 101 0.19935181700058058 39 3608 49 3616 40 3615
3234 10.652431761410678 -27.180422866724356 258.88962203682814 70 39 56 0.34354904129989478 39 3611 49 3618 40 3616
3235 -59.625956985651584 -21.398678094026849 247.8544435077506 68 59 83 0.16104646693599523 39 3612 49 3629 40 3617
3236 64.506304945908937 -23.921237614847577 257.88800006248204 146 117 111 0.026008262343293516 49 5548 40 3619
3237 -36.224973759579399 -23.150906774114279 244.55615643517453 117 100 91 0.17302628349402335 39 3619 49 3639 40 3621
3238 64.004239635727799 -23.789309638265859 258.21164221681818 159 128 116 0.17477850710983645 39 3621 49 3624 40 3622
3239 74.909472140746459 -23.347012265155694 263.83296536203341 147 123 124 0.29913130308470892 39 3622 49 3623 40 3623
3240 29.601091591184051 -25.969346140036752 257.08114417877147 131 107 103 0.13970864443739073 39 521 49 417 40 3624
3241 31.661563723941381 -25.746078905844012 256.35738243087559 123 115 91 0.22682818410974995 39 3624 49 3627 40 3625
3242 46.428103385777334 -24.778618712715701 256.7984178990971 115 114 102 0.2848223063501128 39 3628 49 3632 40 3629
3243 60.574673833603043 -23.781466647942263 258.22488246697105 88 49 37 0.39153206800317547 39 3629 49 3633 40 3630
3244 -35.543509102223616 -22.875991250260881 244.74318545272772 53 34 20 0.24621657483904905 39 3627 49 3653 40 3631
3245 -62.279930257128612 -19.98056254687722 244.99872967100299 170 139 150 0.0897688299420209 39 3630 49 3655 40 3632
3246 28.759961894024833 -25.568224397802336 256.60452329879348 211 185 182 0.22886879828709147 39 5545 49 3645 40 3633
3247 28.759961894024833 -25.568224397802336 256.60452329879348 211 185 182 0.22886879828709147 39 5546 49 3646 40 3634
3248 48.626922354764623 -24.512602494727219 257.83495321077498 135 125 124 0.18856844523725091 39 3634 49 3638 40 3635
3249 23.560013154520771 -25.779721452269673 258.00898332900863 64 47 37 0.19085271998858747 39 3637 49 3643 40 3637
3250 23.560013154520771 -25.779721452269673 258.00898332900863 64 47 37 0.19085271998858747 39 3638 49 3644 40 3638
3251 60.977344473423614 -23.26559961380794 256.60289106589272 124 95 89 0.070092092500503828 39 3639 49 3650 40 3639
3252 35.091909368281911 -25.135495680228285 257.79481867212121 210 195 186 0.28068239252252414 39 3640 49 5557 40 3640
3253 36.358509531812679 -25.212320790206629 258.73076367003057 138 114 108 0.20912202208731409 39 3641 49 3647 40 3641
3254 -52.706890571966177 -20.93308100659565 246.00442283607373 52 50 62 0.54509778519766205 39 3642 49 3659 40 3643
3255 -31.595624448761228 -22.877283207575196 246.04855768220051 31 26 23 0.16322308309099151 39 3643 49 3660 40 3645
3256 51.955902625656613 -23.968809423377056 259.09241666244441 121 95 85 0.058892900414083543 39 553 49 453 40 3646
3257 64.941205304253543 -22.472765819394777 257.20869652000636 173 140 114 0.18948410919234773 39 3649 49 3656 40 3649
3258 -41.24709946989568 -21.095899482826209 240.81454884126083 65 48 38 0.68110119737165531 39 3650 49 3678 40 3650
3259 4.5972040671915035 -25.514445331997784 259.13806417839362 36 41 60 0.10138228538673377 49 3657 40 3651
3260 4.6400060073028424 -25.551576518962239 259.61152455505197 36 41 60 0.60225217966974343 39 562 49 3658 40 3652
3261 72.193573563001834 -20.973394549148193 252.83720304504783 134 103 82 0.44947900381962941 39 3653 49 468 40 3653
3262 -36.685421400101781 -21.892393949755963 245.29700407939242 52 33 21 0.11120142241624614 39 3656 49 3673 40 3654
3263 -36.685421400101781 -21.892393949755963 245.29700407939242 52 33 21 0.11120142241624614 39 3657 49 3672 40 3655
3264 -35.504887713789955 -21.816292210405855 243.61850076511362 76 55 42 0.22736237802856443 39 3651 49 3679 40 3656
3265 -35.504887713789955 -21.816292210405855 243.61850076511362 76 55 42 0.22736237802856443 39 3652 49 3680 40 3657
3266 -14.056061123075178 -19.316850683983219 207.936470851693 119 107 107 0.05124450228957176 49 3728 40 3658
3267 -57.160073186478904 -19.938441719339515 247.22931430112061 43 29 31 0.13096724742477228 39 3654 49 3676 40 3659
3268 62.47632503976412 -22.259243774310811 256.22285893705924 118 85 77 0.19955455819391055 39 3658 49 3665 40 3661
3269 52.696349895480772 -23.18211916544622 258.47941022012327 150 124 114 0.85904337806742725 39 3666 49 5570 40 3662
3270 -57.428605588517769 -19.590435519825292 246.07435931056506 72 70 67 0.11728518846155696 39 3660 49 3693 40 3663
3271 -54.007315783157381 -20.080843733793554 246.95616011593597 83 66 80 0.073656362028582861 39 3665 49 3688 40 3664
3272 54.09019214059709 -22.939390892047506 257.63695326851382 169 144 128 0.51291243225584982 39 3667 49 3666 40 3665
3273 -55.981027498088437 -19.785032304894152 246.8875972014857 86 80 85 0.11251384455298163 39 3663 49 3694 40 3669
3274 29.752675837468207 -24.466860062280325 258.45701043144965 75 52 53 0.41211484645082469 39 3669 49 5576 40 3671
3275 42.417003510273382 -23.623298553452457 257.3236493597239 244 232 233 0.27315037133096276 39 3670 49 3668 40 3672
3276 43.027382632010287 -23.569943465146977 257.37424421052737 243 227 231 0.094466103300862955 39 3671 49 3670 40 3673
3277 43.027382632010287 -23.569943465146977 257.37424421052737 243 227 231 0.094466103300862955 39 3672 49 3669 40 3674
3278 -51.721144778440923 -19.877018611976936 245.69986258023684 44 31 29 0.071994257352492083 39 3674 49 515 40 3677
3279 -34.692923494751994 -21.542078564488389 245.16377358050877 79 68 61 0.35139659181294941 39 3673 49 3696 40 3678
3280 -32.737027853176734 -21.738748662203601 245.89786625793377 34 26 26 0.089414122730695031 39 3675 49 3697 40 3679
3281 26.258357111807879 -24.210230403934432 257.37083118060838 136 123 105 0.081902484089297609 39 3676 49 494 40 3680
3282 61.599674048522338 -21.815978642455907 257.2702559633305 69 38 34 0.18199534004011819 39 3677 49 3685 40 3681
3283 -52.472641052025644 -19.731434162498463 245.97626304243465 47 24 35 0.098238585172975165 39 5571 49 5589 40 3682
3284 70.618252372868909 -20.879249581999478 258.14450899559023 122 100 99 0.4472161124551568 39 3679 49 3691 40 3683
3285 70.618252372868909 -20.879249581999478 258.14450899559023 122 100 99 0.4472161124551568 39 3680 49 3692 40 3684
3286 -50.398181271007971 -19.707472038854007 246.11163961513796 95 84 84 0.079097942470154128 39 3684 49 3706 40 3685
3287 -30.74032863009484 -21.439715224537697 244.14120940690574 32 32 32 0.34373183343343888 39 5575 49 3703 40 3687
3288 -51.335845118451815 -19.465967866243151 245.45526486382715 109 92 87 0.11155303065923333 39 3686 49 530 40 3688
3289 -51.074103077483493 -19.714141735238634 246.6494990973693 40 31 24 0.084681122029146724 39 3683 49 3705 40 3689
3290 -53.988752791346457 -19.354567764103056 247.50887304050062 71 30 39 0.28399448643051567 39 3688 49 3710 40 3691
3291 30.542844755174148 -23.366416081876878 256.82605118091811 62 47 37 0.21066614508716408 39 3692 49 3699 40 3693
3292 72.804405717427883 -20.156429566132687 257.3793325077595 170 135 114 0.6356579394947659 39 609 49 3701 40 3694
3293 -59.800787543587859 -18.375563160215719 246.42513474451189 44 34 33 0.20885131420600547 39 3690 49 3717 40 3695
3294 -36.430647162176101 -20.454750118519499 243.53694523132953 124 104 95 0.15456403620618808 39 3691 49 3720 40 3696
3295 -24.30509783262589 -21.763582398574648 248.86506903928338 38 39 27 0.15992138315801796 39 3694 49 3718 40 3697
3296 55.177552926408943 -21.459689468208726 256.39043496782688 152 116 94 0.2123503040226038 39 3695 49 529 40 3698
3297 56.901871535852379 -21.28200748864684 256.06331790084835 182 141 116 0.27516087783456572 39 3696 49 3709 40 3699
3298 56.901871535852379 -21.28200748864684 256.06331790084835 182 141 116 0.27516087783456572 39 3697 49 3708 40 3700
3299 -47.636873692197504 -19.308151000476471 246.17131309605634 47 15 20 0.11724713942526965 39 3704 49 3727 40 3702
3300 -47.636873692197504 -19.308151000476471 246.17131309605634 47 15 20 0.11724713942526965 39 3705 49 3726 40 3703
3301 -59.778177870676743 -18.155365210535013 248.42495271477148 109 97 77 0.20309510093085306 39 3702 49 3724 40 3705
3302 -26.533387164457679 -20.787935086572663 246.06560786581139 77 72 69 0.20337952837788068 39 3710 49 3740 40 3707
3303 18.055737006647224 -23.094843841378282 259.00604140365573 124 119 137 0.089743103879660932 39 3713 49 3721 40 3708
3304 18.055737006647224 -23.094843841378282 259.00604140365573 124 119 137 0.089743103879660932 39 3714 49 3722 40 3709
3305 41.314368487358891 -21.81593697732572 257.34190753505214 208 201 204 0.24370022865373872 39 3716 49 3729 40 3711
3306 42.78825422487099 -21.747623972492242 257.3266965102992 138 113 126 0.097759852172668152 39 3717 49 5603 40 3712
3307 54.415080344106499 -20.885675432156464 257.05314629196135 81 55 41 0.14767705118544824 39 3715 49 3730 40 3713
3308 72.547872041165704 -18.979301637576658 255.482251424944 130 100 68 0.21907391637830931 39 5591 49 3733 40 3714
3309 -36.401928738894483 -19.401519939921585 243.24393922142306 55 33 36 0.15745619611563164 39 3718 49 3749 40 3717
3310 58.69225308998346 -20.290554397351876 257.53068562710746 88 66 60 0.2475172479429413 39 3720 49 3737 40 3720
3311 58.69225308998346 -20.290554397351876 257.53068562710746 88 66 60 0.2475172479429413 39 3721 49 3738 40 3721
3312 25.33125540732534 -22.196227004950558 256.87335817467147 42 40 41 0.26689205332651195 39 3723 49 3742 40 3722
3313 25.33125540732534 -22.196227004950558 256.87335817467147 42 40 41 0.26689205332651195 39 3724 49 3743 40 3723
3314 -40.894278417825731 -18.867237243502565 246.01476961762262 41 36 33 0.225521949066149 39 3725 49 3756 40 3724
3315 -40.894278417825731 -18.867237243502565 246.01476961762262 41 36 33 0.225521949066149 39 3726 49 3757 40 3725
3316 29.269276418595858 -21.616901616826091 254.79774615691659 133 93 108 0.33735632910002494 39 3729 49 3748 40 3726
3317 53.223519317201621 -20.076584573366556 253.92229445422637 143 117 103 0.10216561483962111 49 568 40 3727
3318 53.223519317201621 -20.076584573366556 253.92229445422637 143 117 103 0.10216561483962111 49 567 40 3728
3319 -37.175007891532154 -19.112241025313967 244.92762133313607 112 92 85 0.28163313176523969 39 3727 49 3758 40 3730
3320 -37.175007891532154 -19.112241025313967 244.92762133313607 112 92 85 0.28163313176523969 39 3728 49 3759 40 3731
3321 35.766686327859283 -21.389626919475969 256.42514993940182 122 101 102 0.22310887460362042 39 3732 49 3751 40 3732
3322 48.654605766492523 -20.23017792871234 252.85930347213693 72 51 40 0.20889393896294264 39 3730 49 3752 40 3733
3323 54.208840809068569 -20.023346507136708 255.84049718732118 83 52 47 0.13735827096731709 39 3733 49 5609 40 3735
3324 30.157205200632184 -21.645085055093059 257.20703772903022 34 20 26 0.20060572319070738 39 3734 49 3750 40 3736
3325 31.207012109386536 -21.4984255872955 256.68034468368739 79 61 65 0.25433598085111525 39 3735 49 3753 40 3737
3326 52.16398062700685 -19.923783569746018 254.1892382873869 62 40 21 0.16372482379106507 49 3754 40 3738
3327 -61.847285604730892 -15.870803401184904 242.41032605698825 45 35 37 0.041851640077291544 49 3772 40 3739
3328 -54.131958511692311 -17.118769407338583 244.97429992235885 46 30 36 0.076733038866221903 39 3736 49 3768 40 3740
3329 27.175620566217148 -21.385410328726376 255.36977678404492 139 43 65 0.2477494964064908 39 3737 49 3755 40 3741
3330 -48.400140201257173 -17.576749339250043 246.49720306565473 120 102 95 0.2145392612506454 39 3740 49 3776 40 3745
3331 -40.95752361555374 -18.134776194644193 244.47924040492805 84 78 67 0.22646766686027464 39 675 49 606 40 3746
3332 43.661833797610193 -19.989297423386084 254.32631657349165 169 127 105 0.47825066858910831 39 3746 49 3766 40 3748
3333 62.226397107266457 -18.567190073860512 255.32590110736524 81 50 56 0.091683259730846775 39 3747 49 3767 40 3749
3334 2.7070131427382953 -20.691736480997132 249.75315101714196 47 30 25 0.068528197822696452 39 3750 49 3777 40 3750
3335 26.048329277519283 -21.384678770145609 259.58231759042445 55 47 53 0.11453690552669626 39 3751 49 5615 40 3751
3336 31.932714154191412 -20.456296175872307 258.15698207663473 47 19 36 0.3376346744470507 39 3758 49 3779 40 3758
3337 65.307680733347226 -17.734578135871697 256.0452795216022 67 55 57 0.32473527702205768 39 707 49 3782 40 3760
3338 75.067298928675953 -16.678773905175802 256.18651969473973 159 123 103 0.14202845846145198 39 3763 49 614 40 3762
3339 42.192132557801514 -19.531164595923279 256.30342277734559 148 120 110 0.16631882365960515 39 3760 49 3785 40 3763
3340 -42.302199138384367 -17.167969005254378 247.08036147938364 93 84 65 0.37650631915193794 39 5625 49 3799 40 3766
3341 -42.046600066778879 -17.101870943507507 245.62768076249179 93 84 65 0.080411652440570219 49 3800 40 3767
3342 63.114822526472125 -17.465642352604004 255.41333214482236 58 39 55 0.28179947083264145 49 3792 40 3769
3343 -40.856606846646535 -17.086619158572141 247.92498559750726 59 60 52 0.1356047608964942 39 3771 49 3803 40 3773
3344 40.952098751813104 -19.08127829006752 256.52856922476917 202 184 180 0.27741204621987536 39 3773 49 3794 40 3774
3345 40.952098751813104 -19.08127829006752 256.52856922476917 202 184 180 0.27741204621987536 39 3774 49 3793 40 3775
3346 50.169415710614466 -18.142341285528616 253.43904165855082 115 98 95 0.11054978020961244 39 3775 49 3796 40 3776
3347 74.284290386052149 -15.908172048319873 255.00494809791127 165 131 111 0.24732013617827875 39 3778 49 3801 40 3777
3348 52.543794293358161 -17.850818499752474 253.81728134512738 91 69 61 0.16598445483353641 39 3779 49 5638 40 3778
3349 71.696439742423507 -16.515955859293921 258.34138075709348 155 126 104 0.15975950664087171 39 3777 49 3797 40 3779
3350 58.562255352220674 -17.220993629332316 254.60986129523928 124 86 69 0.12681955128124048 39 3781 49 3805 40 3781
3351 -54.911348517927657 -14.814410545631279 245.38932399226698 36 37 30 0.073053115767275426 39 3782 49 3818 40 3785
3352 -47.771377317255492 -15.699264832413219 246.82915598345801 78 72 65 0.22692184099926629 39 3787 49 3816 40 3786
3353 -43.584602565968105 -15.930328586783736 246.44333022420435 110 100 91 0.14678838577195086 39 761 49 3823 40 3788
3354 7.176554868276332 -18.598305832157223 247.6697364867475 120 112 99 0.18191353111266972 39 3791 49 3821 40 3790
3355 73.811650896058069 -15.377550862746569 255.88265235284376 99 64 36 0.30707381109604176 49 677 40 3791
3356 -55.945841977649096 -14.395047237041769 244.19662898707898 30 29 32 0.16041949453440144 39 3789 49 3825 40 3792
3357 70.717419402337555 -15.594346514108022 257.0050503700478 81 47 29 0.17736465163172652 39 3798 49 3815 40 3796
3358 -41.715369764454977 -15.806152209888014 245.23658762358497 42 37 29 0.080875693096855453 49 3831 40 3797
3359 22.734396224929295 -19.049230983879117 257.81837231227928 27 28 50 0.65282062167446597 39 3797 49 3814 40 3798
3360 62.098865018017669 -16.14818692611334 254.6894944151459 64 25 30 0.37233650229446119 39 3799 49 5644 40 3799
3361 49.989948261755814 -17.10405187789069 254.80788106814322 99 92 80 0.080236774406096834 39 3800 49 3824 40 3800
3362 24.1693530911704 -18.385856224501179 254.46576464045492 70 70 70 0.12826229840608622 39 3804 49 3827 40 3804
3363 -48.273341911506954 -14.724137855640922 244.3131914397774 122 67 89 0.17871365943028583 39 3805 49 3847 40 3806
3364 75.128837194156233 -14.656885332853939 256.27619171678998 73 43 27 0.10236810254049057 39 3807 49 3828 40 3809
3365 -50.235716936520333 -14.311766015929123 243.589943433088 63 17 33 0.1116072617729985 39 3809 49 5660 40 3810
3366 -2.5685135627897284 -17.852392310836429 248.64369327917294 34 29 31 0.33761844459146878 39 3810 49 3845 40 3811
3367 -55.582231417167776 -13.627870925583267 243.05212197407175 72 71 74 0.17723761662973816 39 3808 49 5658 40 3812
3368 34.195234304938182 -17.944175122629233 257.04506787821748 161 134 102 0.22948345025117886 39 3813 49 3835 40 3813
3369 -62.291366044776161 -13.010002833918234 247.36134931794425 28 24 32 0.75363128063800422 49 5662 40 3814
3370 60.566399968598169 -15.612526021704545 254.657649884329 72 29 29 0.17202249482735554 39 3820 49 3846 40 3816
3371 76.109117341514491 -14.149876602046463 255.703652204089 151 126 107 0.2550516213255597 39 3821 49 3843 40 3818
3372 1.8086235710733845 -17.638399811453919 249.28502894500735 150 127 102 0.15797313379948716 39 3822 49 5661 40 3819
3373 -48.545826634733153 -14.121684630735459 244.58546490571209 61 24 47 0.44534855989327543 39 3823 49 3853 40 3820
3374 0.49444690670081137 -17.572264100022281 249.93250587198207 139 140 106 0.090133229387891742 39 796 49 3851 40 3821
3375 -38.792453995330668 -15.177637662607378 245.96096477290897 110 103 103 0.10330522430221657 39 3824 49 731 40 3822
3376 -38.792453995330668 -15.177637662607378 245.96096477290897 110 103 103 0.10330522430221657 39 3825 49 732 40 3823
3377 68.096923471939576 -14.435485649327317 255.40882353004028 147 118 114 0.092263710552386205 39 3830 49 3852 40 3827
3378 -63.278928018998577 -11.974689437267658 245.089438133405 68 69 66 0.27618417982293098 39 3834 49 3866 40 3829
3379 -44.622680283548853 -14.145561757088549 244.83620312351786 45 38 26 0.4383392718191817 39 3832 49 3864 40 3830
3380 49.462682895756174 -15.510265818652783 252.59452520039838 96 86 75 0.34893246065511763 39 3835 49 3858 40 3831
3381 30.283872214861855 -16.760119349206533 255.45652133944117 33 34 35 0.41327966919715792 39 3837 49 3861 40 3833
3382 34.126328645143197 -16.412281201487158 253.40295358470701 143 132 109 0.37845962311247355 39 3838 49 3862 40 3834
3383 33.661179376534548 -16.72570585583011 257.76720123821821 54 48 53 0.86610713085466473 39 3841 49 743 40 3836
3384 72.223878217880753 -13.831586729379389 260.02494775784942 112 86 92 0.34865900526236365 39 3842 49 3860 40 3837
3385 72.136642242941463 -13.463696568292939 255.35234223563893 65 46 40 0.047017767945792127 49 3863 40 3838
3386 73.0654183217069 -13.388715623394031 256.57721548987934 62 42 33 0.28077540499120479 39 3843 49 3865 40 3839
3387 -62.544252910651316 -11.491820465603221 244.06702280705613 40 34 37 0.05496952495272129 39 3844 49 5668 40 3840
3388 7.4921690167607995 -16.623925063953301 248.87960625909565 62 58 41 0.35396671933152585 39 3840 49 3870 40 3842
3389 50.809845154288055 -15.04768223523706 253.16092254085282 54 18 24 0.098253301047836805 39 3847 49 3869 40 3845
3390 34.587733824933942 -16.003311145721113 252.60781770269801 68 62 39 0.28018650284349955 39 3846 49 3871 40 3847
3391 46.147231344931242 -15.330936089683931 254.0623744111987 143 106 92 0.34571128700757253 39 3850 49 3873 40 3848
3392 46.147231344931242 -15.330936089683931 254.0623744111987 143 106 92 0.34571128700757253 39 3851 49 3872 40 3849
3393 71.687406786460926 -13.175723816734505 256.38194715184636 56 34 42 0.30690297919967147 39 3853 49 3874 40 3853
3394 75.59953383120326 -12.810131247699776 257.4404220054588 66 46 26 0.36729595431156192 39 3855 49 3875 40 3854
3395 53.107362558696828 -14.506104248365633 252.42309511541342 78 45 45 0.15198818102559836 39 3854 49 3880 40 3856
3396 -31.236213868031612 -13.494855773610185 233.64098447857012 36 36 19 0.49412470669829422 49 3897 40 3857
3397 8.3047336422875571 -16.078938601914555 248.09852582255922 51 46 35 0.39629416556133146 49 3884 40 3858
3398 32.243830425606191 -16.032330004689914 255.86489944961443 112 112 124 0.3732498194210625 49 761 40 3860
3399 32.243830425606191 -16.032330004689914 255.86489944961443 112 112 124 0.3732498194210625 49 760 40 3861
3400 33.945638040133851 -15.731875383725775 253.65956822302365 57 53 41 0.14967717590055382 39 3857 49 3881 40 3862
3401 37.676046793793468 -15.079030091574349 250.65083829250005 153 133 115 0.46367831629361217 39 850 49 775 40 3867
3402 44.345453906688391 -14.959714720891649 255.14634834208655 143 113 104 0.10618728589947883 39 3867 49 5671 40 3868
3403 3.0395571667010612 -15.573366270177338 249.4430567175803 145 126 108 0.30949133598387196 39 5672 49 5679 40 3869
3404 74.866324725362844 -11.901720927183389 256.69567260858281 143 122 111 0.131870883146435 39 861 49 3893 40 3871
3405 37.135237275245991 -14.323243055685884 249.6246775793295 158 134 113 0.32154185279292286 39 3872 49 795 40 3876
3406 4.5273683984907827 -14.984572857648223 250.74560267725994 123 104 90 0.050665659399479888 39 3873 49 3911 40 3879
3407 5.9287478325911396 -14.656495166459139 246.55381059104465 125 113 101 0.029712103260395573 39 3874 49 3913 40 3880
3408 10.092763513386132 -14.779730902263397 248.79587237890297 74 40 38 0.11831428274634237 39 3875 49 809 40 3881
3409 12.741042781655169 -14.817342745856028 249.63190452628933 96 83 91 0.20675765989260833 39 3876 49 805 40 3882
3410 39.565867203515197 -13.613029650693782 251.88098248988965 83 63 51 0.18495146642562363 39 3886 49 812 40 3888
3411 39.565867203515197 -13.613029650693782 251.88098248988965 83 63 51 0.18495146642562363 39 3887 49 813 40 3889
3412 39.668510109810178 -13.38815644071507 249.1438317637178 133 114 99 0.19570009089146925 39 3888 49 3922 40 3890
3413 -28.013306208022328 -11.326677407771882 225.29885818499727 97 88 69 0.18659215689395689 39 3889 49 3935 40 3892
3414 72.479920964779382 -10.772455213131034 254.8156471007035 75 51 67 0.25004730519147572 39 3892 49 3920 40 3896
3415 75.885657438960379 -10.531786282259667 256.61190828232122 59 38 48 0.4414129974329935 39 3893 49 3921 40 3897
3416 54.427755569793469 -12.217920532000297 253.90033344943188 63 38 49 0.13315666923312394 39 3901 49 3925 40 3902
3417 63.06223199748851 -11.348747664199497 253.7473520278696 247 204 185 0.094166026551863624 39 3902 49 3926 40 3903
3418 -64.204278123323149 -8.7211142626421516 243.8875108868138 40 29 36 0.73949942148392755 39 3896 49 5690 40 3904
3419 53.094828735718252 -11.557436337364784 250.96256124636136 97 54 66 0.55309212025038568 39 3911 49 853 40 3911
3420 59.012767735618631 -11.126632123821611 255.53523459926248 176 140 122 0.23336363479863645 39 3916 49 854 40 3913
3421 -36.060404842088317 -10.234138338808945 232.15815262821786 153 155 116 0.15640357739501026 39 3912 49 3958 40 3915
3422 10.104835552064953 -12.684457700574685 244.30194472114124 112 64 42 0.11766324515269923 39 3918 49 5710 40 3920
3423 10.104835552064953 -12.684457700574685 244.30194472114124 112 64 42 0.11766324515269923 39 3919 49 5709 40 3921
3424 72.581182287105975 -9.3087896735859115 254.11925006068378 97 64 68 0.34002364958968645 39 3924 49 3941 40 3926
3425 72.581182287105975 -9.3087896735859115 254.11925006068378 97 64 68 0.34002364958968645 39 3925 49 3942 40 3927
3426 -39.909322622408986 -9.585762484538435 234.8093996406424 27 21 14 0.63672762487505363 39 969 49 906 40 3928
3427 36.558270644595964 -11.835392218431794 250.42890115978344 145 129 87 0.38433741566378193 39 3927 49 3953 40 3933
3428 40.491931897664038 -11.263125068191302 248.62784337524482 91 65 54 0.11366424561858122 39 3948 49 3961 40 3938
3429 57.785463929560699 -10.205935254188329 251.68947250273735 128 95 86 0.086052721435722915 39 3939 49 3957 40 3939
3430 57.785463929560699 -10.205935254188329 251.68947250273735 128 95 86 0.086052721435722915 39 3940 49 3956 40 3940
3431 56.717852058799288 -9.9549769881184513 249.16678583735103 178 145 138 0.19876390649800302 39 3950 49 3963 40 3946
3432 32.656802634262682 -11.703103245793212 252.34944962425698 60 45 41 0.042808887488716953 39 3955 49 900 40 3951
3433 32.656802634262682 -11.703103245793212 252.34944962425698 60 45 41 0.042808887488716953 39 3954 49 899 40 3952
3434 -40.153990042096076 -8.4923755038056612 227.34085245389022 91 81 69 0.43508959947992881 39 992 49 3987 40 3953
3435 38.7050879695852 -10.960879065498272 248.98669184025371 63 51 41 0.28136975467859732 39 3958 49 3970 40 3956
3436 75.591677403255133 -7.8475788507347835 253.88488760433967 167 125 114 0.25612156437416683 39 1018 49 916 40 3962
3437 -26.158643414563581 -9.0951036046523779 225.81691768475102 54 35 10 0.38107013430215231 39 1019 49 4002 40 3965
3438 11.665441383337809 -10.949004067834947 238.50203317030486 54 30 24 0.27266749497275727 39 3966 49 5728 40 3967
3439 52.027677719076053 -9.4870117446743176 248.01322383982711 115 63 71 0.1265935419237473 39 3969 49 3981 40 3968
3440 57.417627196044137 -9.1729985717094031 253.43452514309047 89 67 72 0.2463490446190367 39 3974 49 3982 40 3969
3441 5.4699615679642726 -7.9452191636021183 198.979851014318 60 39 36 0.18711627470789252 39 3981 49 4039 40 3983
3442 34.920069098254373 -9.6750474465064755 250.65087904472671 142 121 110 0.13254116304848237 39 1073 49 984 40 3986
3443 34.920069098254373 -9.6750474465064755 250.65087904472671 142 121 110 0.13254116304848237 39 1072 49 983 40 3987
3444 57.405329069635563 -7.7993987452747557 252.52614259334632 43 32 45 0.25580492112999992 39 3998 49 5745 40 3989
3445 -0.59725166052708234 -6.8299178783543457 192.15720059817403 50 8 9 0.26397972355028859 49 4070 40 4002
3446 54.332413214371563 -7.8641004847274933 254.43133041069427 88 38 48 0.50126087756323523 39 4005 49 1000 40 4006
3447 51.515572992125861 -7.5486367033656814 248.37745084281866 149 72 91 0.21693597632389214 39 4016 49 4025 40 4010
3448 -40.898751934992411 -5.7721768903947117 223.37433193036856 93 88 58 0.41672419276767386 39 4009 49 4040 40 4011
3449 -63.791960244401821 -3.6105042902776443 232.47112658078947 58 31 27 0.33028309896969371 39 4017 49 1058 40 4014
3450 -28.781005516556977 -6.7726709847362692 223.55861516190188 112 103 95 0.65656411960071359 39 4010 49 4041 40 4016
3451 -26.922314342637083 -6.9624800288441984 224.79322359846375 129 122 100 0.31773384430682278 39 4012 49 4042 40 4017
3452 -52.067511131003812 -4.2613762989001795 221.58701726490889 73 61 24 0.31222008107060395 39 4018 49 4047 40 4019
3453 5.5148467300222839 -6.7696783370909008 199.22395384660066 71 52 37 0.11647276449660487 49 1109 40 4021
3454 -41.48733713500382 -4.8894809588671428 221.89200952625555 91 85 67 0.087975797199233999 39 4026 49 1099 40 4027
3455 -45.337911761096507 -4.754099588814154 227.48030908199846 55 31 37 0.21541201659054368 39 4027 49 5771 40 4028
3456 -51.944300748644132 -3.4424958918184942 220.37971079605538 153 139 83 0.18268250024305721 39 4034 49 4068 40 4030
3457 -51.851003682444983 -3.2322612462639904 222.78486867010676 134 119 70 0.23366297039191455 39 4038 49 1119 40 4034
3458 7.6645950295045751 -5.4818812103772387 196.34094799863982 64 40 38 0.0151702120761536 49 4102 40 4041
3459 55.222487114536293 -4.8575460688004073 247.61508879222225 38 33 49 0.2267527722290158 49 1104 40 4046
3460 52.326834567814458 -4.7914329871840389 247.77887437602459 70 54 69 0.1586405861540543 39 1174 49 1117 40 4050
3461 48.46867940309015 -4.9815740324732332 247.01382445858482 57 48 66 0.24100955102395183 39 4056 49 4079 40 4052
3462 23.975867507307033 -4.107682224514023 202.0532081615807 106 105 120 0.1210513932412593 49 1182 40 4064
3463 51.347998136906291 -2.9021878377395214 248.73237472042035 77 68 87 0.15735500786770465 39 5794 49 5796 40 4091
3464 73.177970139797679 -0.49332891510532473 252.03251802567945 66 62 80 0.73892979523579616 39 4088 49 4116 40 4093
3465 -46.439345148669751 0.2832850839566709 217.49363416852543 175 154 152 0.07253862297035138 39 4104 49 4144 40 4103
3466 -40.680619723284927 0.45257978592128906 218.8101645581682 52 70 28 0.076130851447525461 39 4122 49 4161 40 4119
3467 -42.586551250544574 1.4144860874109892 207.92380608951564 24 17 17 0.46441466784655949 49 4179 40 4130
3468 64.477628340713991 1.3571341690029035 247.04473488165991 37 33 53 0.27464497652310499 39 4140 49 5821 40 4138
3469 -44.760421977003489 1.8415700374503141 210.15718244081322 33 19 21 1.4495263097393563 39 4138 49 4184 40 4139
3470 73.657983153418868 2.5820390870757692 247.51127594527304 134 125 147 0.28999836119383654 39 4146 49 5823 40 4141
3471 73.422979394675437 2.9881474510556756 248.19857054384113 38 32 49 0.15508363226395563 39 1308 49 1258 40 4153
3472 -44.522861223197332 2.4448349360007193 208.55645585775306 164 144 137 0.42418567878188945 39 4157 49 5851 40 4154
3473 73.525122911465118 3.8416322847576798 247.10901680175144 64 56 71 0.17156153291238477 39 4167 49 4176 40 4165
3474 74.906584762125348 4.4029810749779195 244.4773486816608 23 17 40 0.6010130985504093 39 4170 49 5842 40 4168
3475 74.906584762125348 4.4029810749779195 244.4773486816608 23 17 40 0.6010130985504093 39 4171 49 5843 40 4169
3476 7.9410727429512651 1.6626207353696576 187.34185930155391 208 174 156 0.10373477951759855 49 1400 40 4186
3477 -42.956763510394026 4.0999500782636433 208.22842666474858 50 38 43 0.19651137824783863 39 4190 49 1373 40 4187
3478 22.72562646907987 2.4725465064431802 203.21103163374548 30 33 40 0.31744072351290054 49 4235 40 4200
3479 -50.413788538541034 5.5193389059746982 217.95557326904213 203 161 96 0.20827761420552904 39 4207 49 4230 40 4201
3480 -42.00382008145322 5.5021645953963336 206.7526498056867 70 62 68 0.41277873207521526 39 4221 49 4242 40 4209
3481 -51.066942298318871 6.761047895651882 210.38713074413988 29 20 5 0.18407237885082642 39 4227 49 1428 40 4215
3482 -59.075305964611957 7.8489831464817135 215.5257940349893 183 120 125 0.54386569239638527 39 4233 49 4243 40 4223
3483 36.093264110903178 4.8561131061150133 192.02903787140323 71 50 37 0.26695755205159394 39 4238 49 4266 40 4233
3484 74.885221833908417 8.4284143290967375 247.16530870386981 19 11 23 0.16364939563580336 39 4245 49 5891 40 4237
3485 -48.657291459194369 7.2624138709833082 210.5452603408981 60 26 1 0.14072968915043896 39 4247 49 1459 40 4240
3486 -44.692881133100883 7.1697729572202897 206.93609868217635 173 136 127 0.10871100139350481 39 4252 49 1477 40 4249
3487 -49.311049558009906 7.9333927002184286 210.49248429433089 58 32 1 0.060596735747335262 39 4259 49 4270 40 4254
3488 -41.985350775356295 7.1333105257021963 207.19239601582845 85 75 79 0.2282568618425754 39 4260 49 4276 40 4255
3489 -39.443598215841938 6.9916445447202165 211.69460876456947 46 47 38 0.87020873996145076 39 4264 49 4271 40 4258
3490 -17.991772662224445 5.4573221087755792 208.4933278086942 36 17 19 0.59686992070290423 49 1488 40 4261
3491 -42.419214074977965 7.5399730223802859 207.3913004548923 38 26 28 0.1220812220862189 39 4274 49 4287 40 4270
3492 -14.938668487730315 6.2457103481979201 209.95515709514842 38 24 24 0.064550532791897666 49 4302 40 4283
3493 11.346578150535498 5.6222225605162564 187.92874336453272 214 188 176 0.16144151494404713 39 1547 49 5958 40 4290
3494 -44.376830815223443 8.9361702414770754 206.24777072871328 69 46 45 0.27123898299571886 39 4298 49 4313 40 4294
3495 -46.288239770209699 9.8758097338752506 207.09665866963681 56 54 50 0.28625631908109161 39 4317 49 1574 40 4311
3496 -11.618978852686237 7.647700753176343 205.82768634598486 131 115 100 0.039641066379588988 49 4331 40 4316
3497 -53.454052464856346 11.230650551027104 216.47216563071962 46 27 12 0.47295445012823317 39 4325 49 4327 40 4320
3498 2.0840037826982205 7.232262121054851 195.74241497224352 251 225 213 0.20473676271426189 49 1593 40 4322
3499 38.777071061485238 8.9074115119933204 194.25167183398963 101 72 24 0.5922262388507179 39 4337 49 4354 40 4331
3500 -49.695257979403074 11.321314591379458 207.64874629607058 33 20 19 0.2459172062410718 39 4338 49 4349 40 4332
3501 -47.943769870427879 11.118618529001758 208.62333419552473 34 24 19 0.19687688332062381 39 4339 49 4346 40 4333
3502 22.562271894926937 8.2409800397597799 198.65808104789275 31 9 3 0.13132838984979592 49 1609 40 4334
3503 52.289411571540775 10.352986786979255 197.53462154056817 61 44 22 0.21908556573989121 39 4342 49 4357 40 4336
3504 74.136694629855967 13.729200235456178 242.45591093621803 56 60 75 0.21105251487428536 39 4351 49 4326 40 4340
3505 74.136694629855967 13.729200235456178 242.45591093621803 56 60 75 0.21105251487428536 39 4352 49 4325 40 4341
3506 -3.8928631543765184 8.9941461732489891 202.40448800089348 99 77 45 0.03996018992597751 39 4356 49 1635 40 4348
3507 -47.202005050768598 12.604407488134642 209.46032421469596 69 52 44 0.20255415829884343 49 4369 40 4363
3508 -19.051180872956937 10.272032682291478 202.50234018793199 89 54 14 0.15449554920437916 49 1667 40 4366
3509 11.071431699257273 9.1624283647580462 188.59162232480273 242 211 201 0.14546584196555865 49 1694 40 4369
3510 -51.637386804197746 13.357852418782775 206.15415136993684 115 97 89 0.38712682806192428 39 4376 49 4378 40 4373
3511 -51.637386804197746 13.357852418782775 206.15415136993684 115 97 89 0.38712682806192428 39 4377 49 4379 40 4374
3512 -31.745414943698993 11.747575333840356 204.89492465802689 65 57 49 0.17533047482635097 49 4387 40 4386
3513 -48.419306928060287 13.980228628950984 208.41761981853236 43 34 21 0.31227832957802742 39 4388 49 1707 40 4392
3514 32.757296064083214 11.465699492073471 196.23081207795701 129 110 71 0.53505784075250906 39 1728 49 4404 40 4394
3515 44.993164744841394 12.415341110102098 187.02533510769354 206 180 89 0.44801372173078091 39 6001 49 4412 40 4404
3516 -40.344241734039208 13.843409913217068 207.32510021385602 38 29 13 0.19613817275055237 39 4405 49 4407 40 4407
3517 -53.039570058965538 16.456276390693549 208.99048500789999 39 27 17 0.22664310332619583 39 4431 49 1784 40 4432
3518 -50.08821465754859 16.574572313463584 208.98096815794966 104 102 84 0.19407322214568334 39 4436 49 4429 40 4437
3519 -50.08821465754859 16.574572313463584 208.98096815794966 104 102 84 0.19407322214568334 39 4437 49 4430 40 4438
3520 -17.536883641386325 13.463528547894358 196.09611112756835 112 87 72 0.17774429793446753 49 4444 40 4442
3521 9.6618169505012297 12.631094843883595 189.57076942467918 147 119 96 0.27967328359425792 49 4452 40 4443
3522 6.4789609727955719 13.239060633062499 190.54590253199126 194 145 134 0.32392057608077562 49 1870 40 4455
3523 -55.643850519378475 18.052682149637139 202.25249500550038 31 26 13 0.059819199195773359 39 4454 49 1864 40 4457
3524 -58.687918469893688 18.928632825050887 207.36808682331883 61 54 36 0.27633297031882931 39 4463 49 1863 40 4461
3525 46.070159809934715 15.868609029089805 190.03436562307201 188 173 85 0.15343787967669584 39 1866 49 4482 40 4469
3526 48.907984247420835 16.151122631013649 186.78279211919312 191 169 93 0.21180861696971559 49 4490 40 4473
3527 -54.937563587356905 19.377986304644903 204.55353353759111 97 93 85 0.1542146190877747 39 4489 49 4486 40 4485
3528 -30.856449590628777 17.055448052486955 196.14862719909914 57 50 11 0.022401957156920588 49 4509 40 4501
3529 22.889035620378102 15.743504936433144 191.26842937743587 7 8 13 0.40542975396824055 49 1948 40 4503
3530 -54.317082147489252 20.000987523878624 203.96738704147486 19 14 13 0.58217394034615211 39 1914 49 4505 40 4505
3531 -15.334074556286629 16.573684325958077 185.72636119487504 14 13 6 0.12715189416468106 49 2004 40 4527
3532 13.182613099286238 17.010322199819285 191.26534872638115 121 103 98 0.51964566516531985 49 4552 40 4535
3533 28.481365927644696 17.765555531623018 194.04428429399528 157 97 76 0.52655278512978376 39 4538 49 1999 40 4539
3534 14.225892383662915 17.130224634013278 190.96849826139677 123 106 100 0.11758113102960351 49 4559 40 4542
3535 -48.757654348454913 21.343374199555509 206.17243146749345 124 123 87 0.24161242618246895 39 4547 49 4547 40 4544
3536 -58.461432791821494 22.961909440408419 206.01616168138554 26 18 4 0.60082791471804831 39 4555 49 2012 40 4550
3537 -58.845036232913444 23.182290196840285 205.62860639725886 82 75 57 0.12678619214525472 39 4559 49 4567 40 4555
3538 -5.0798660015784716 18.659515507450443 187.87975759434224 178 133 116 0.17851150625375678 39 2043 49 4603 40 4578
3539 -45.268088974727455 23.336742382373377 203.33889006967817 135 126 71 0.10630841119834215 39 4608 49 4606 40 4595
3540 -21.476074247461433 20.659423790311912 187.84487439853064 127 114 62 0.36830937517389695 49 6145 40 4605
3541 -44.474079496290628 23.882970931411066 203.15629051017441 130 118 77 0.23000698756814875 39 4621 49 4624 40 4608
3542 -44.587387893799388 23.957296600296491 203.66948644791557 130 118 77 0.20273306434386174 49 4625 40 4609
3543 -40.572896014697996 23.353386705228463 200.88390643662038 41 32 5 0.28982749875765923 49 4626 40 4610
3544 -52.477104204840963 25.263225637621805 207.38107042431224 15 20 0 0.25893934626294296 39 4625 49 4621 40 4615
3545 -52.023497258772018 25.708710636379049 206.45243233183194 112 118 68 0.20564693785245702 39 4632 49 4638 40 4623
3546 -58.457209643071316 26.99963911023266 205.81787102520292 56 41 21 0.21619719571381735 39 4646 49 2162 40 4630
3547 -34.038996398399149 24.287102906773875 199.31148339878035 58 41 15 0.43817061047903411 39 4659 49 6167 40 4643
3548 -21.097004735898043 22.071924804232701 185.21740988086967 74 68 34 0.40654024493412844 49 4669 40 4644
3549 -21.097004735898043 22.071924804232701 185.21740988086967 74 68 34 0.40654024493412844 49 4670 40 4645
3550 -47.33379123031289 26.023035835572955 200.99963735253766 122 114 63 0.080704088448622327 39 2176 49 4662 40 4652
3551 -38.927253563201539 25.348495607548127 199.90588573257227 70 69 15 0.28017482011581069 39 4672 49 4668 40 4656
3552 8.2831144898630669 23.074880999869542 187.97697764300688 36 41 36 0.26370074304944119 39 4686 49 4688 40 4668
3553 -58.928916968715086 29.251274708731618 204.97999383987451 36 26 4 0.23421430850163308 39 4692 49 2250 40 4671
3554 -41.143406759222572 26.85448528737852 199.43887730173574 59 53 28 0.48184594975419703 49 4687 40 4676
3555 -46.754358171940702 28.072733806599995 201.34068068171268 115 116 68 0.12316357628681386 39 4707 49 4697 40 4683
3556 -54.742568066161866 29.541282291047708 203.43360367228311 150 117 78 0.15803096888937559 39 4708 49 4702 40 4685
3557 42.457571303655712 25.465095229860367 181.50019113747049 41 14 14 1.234178134944441 49 2330 40 4693
3558 -1.431524422939833 23.289293624025976 176.16219148602835 86 59 15 0.64097940774113948 49 4738 40 4696
3559 -56.941455401802322 31.057821395505126 205.69865295803285 54 26 0 0.1389698974095607 39 4721 49 4718 40 4701
3560 -56.026578769798057 30.892738182961779 204.51826733384613 113 91 56 0.13095414437731726 39 4724 49 4720 40 4702
3561 -50.308111134368559 29.617408627194393 196.88154215257913 113 66 57 0.17684250842248253 39 4731 49 4730 40 4708
3562 -52.004065388553016 31.407706979713648 197.35171498989911 158 134 107 0.099686793026825274 39 4761 49 4770 40 4738
3563 -52.004065388553016 31.407706979713648 197.35171498989911 158 134 107 0.099686793026825274 39 4762 49 4771 40 4739
3564 -50.425328796293094 31.245200694712747 197.06778214075663 131 63 69 0.11828538850062564 39 4765 49 4776 40 4741
3565 -57.783997402989328 33.973481220234326 206.37451514417819 95 69 18 0.29505598679441686 39 4776 49 4781 40 4751
3566 2.7374192215789726 26.883964717982646 177.32581556802654 31 21 9 0.83834218700936214 39 2388 49 4829 40 4766
3567 -51.780080600374902 33.151022656701009 198.25866931910079 92 31 7 0.20443114450635858 39 4804 49 4806 40 4772
3568 -52.070820577958337 33.186056832119668 194.85322688425407 208 158 108 0.17308089844618491 39 4815 49 4821 40 4781
3569 -48.797868757347231 32.728727445573725 194.47142038578534 78 3 10 0.1965724983669121 49 6240 40 4784
3570 -51.659061712989946 33.57873177105138 196.46964314895976 190 137 82 0.15974940774560489 39 4817 49 4826 40 4786
3571 -26.794111942960516 30.938000277026703 183.05573813668036 165 126 57 0.0095013953505071486 49 4875 40 4809
3572 46.023060120220897 31.868819725268263 175.6347853727255 226 188 153 0.20287996266193878 49 4897 40 4822
3573 45.87635394569147 32.251187480575091 173.05297857619968 223 194 163 0.32051549419723901 49 2612 40 4844
3574 47.71385159230217 33.803181134237143 173.51498183811211 214 190 157 0.22079193152218765 49 4949 40 4870
3575 37.372962340038853 33.645525254540793 174.36722913612962 76 69 42 0.051593873355461131 49 4966 40 4895
3576 32.458953245035012 34.523326682445287 176.02732854953103 30 16 3 0.052444439727481404 49 4984 40 4916
3577 12.937918852620999 32.337317469473952 163.16685780376301 45 52 1 0.83447877708595986 49 5024 40 4943
3578 56.774832472687706 38.326714079230058 171.18996769927506 151 125 113 0.048544157805361123 49 5016 40 4947
3579 -33.748483161602806 38.488557705447384 186.65849274237848 28 10 12 0.12632212269980167 49 5009 40 4949
3580 35.930197017302845 36.300103363811402 175.16448263254941 24 21 6 0.14674705506812477 49 5025 40 4955
3581 -3.1073444655108315 35.969131813508298 177.52679443838409 69 54 34 0.23941519209348139 39 5005 49 2813 40 4963
3586 24.540544144688802 37.529303303435398 173.05363743075628 43 39 22 0.6023962287955219 39 5043 49 5082 40 5014
3590 0.77429662787962361 38.321864700147067 175.11379447524251 57 47 35 0.15286486172492592 39 5075 49 5112 40 5043
3594 17.078103702281986 36.569971365842051 164.29698891088563 31 15 9 0.19653724249919965 39 5081 49 2968 40 5049
3602 15.063652403939622 37.952679547091201 166.3539586818498 14 14 0 0.19443540925023695 49 3001 40 5074
3609 -3.3005879740314081 38.924908393858779 167.42713866204414 88 74 56 0.071042172669554454 49 5190 40 5106
3610 -47.810640587959654 47.162371681973625 186.62714502419985 14 7 7 0.89628697702152271 49 5186 40 5119
3615 -9.490409417175945 40.450531036429993 165.53420374667741 42 30 2 0.089740425704514903 49 5231 40 5141
3621 -3.1144266861657193 44.460085681162248 171.77664559328923 68 52 39 0.29998863472911647 39 6550 49 5270 40 5200
3622 -5.7288928177634499 44.687909743467202 166.32157751569244 40 26 1 0.058987317464821755 39 5257 49 3267 40 5237
3623 -52.36366987697923 54.811313844047909 183.70960734137606 30 26 18 0.14711865575616451 49 5306 40 5244
3624 24.769748736125795 47.536981185560819 170.94733770614391 58 49 42 0.18130474231217095 49 5321 40 5248
3625 49.04398199912972 51.830979246159771 173.51612063219224 62 46 33 0.50287230744027522 49 3300 40 5256
3626 50.25242024027191 -41.049995399097057 264.59935019919823 154 127 134 0.50937282708997955 39 5343 49 5366 40 5317
3627 41.96094848128719 -42.050625666032936 266.85154040641947 119 60 73 0.86071579803506637 39 3365 49 3346 40 5318
3628 38.64636005889647 -40.888845080288668 261.53371852146523 164 138 128 0.80697654610411218 39 5344 49 5367 40 5319
3629 67.375093364817801 -39.764397072902376 267.15595546342865 120 99 95 0.24086568221195179 49 3356 40 5321
3630 39.443838700832792 -40.243889467305927 261.66416972167389 108 75 77 0.20115025018196422 39 5348 49 5370 40 5325
3631 66.193287039752235 -38.746792670768343 264.76046276156558 117 100 96 0.40106068746386764 39 5351 49 5372 40 5326
3632 49.972862044721346 -39.341090040582834 263.80352150094825 76 44 55 0.14001693474380086 39 5359 49 5374 40 5331
3633 50.353377933186131 -39.067266972484553 262.26294649474346 155 126 136 0.12435963376714741 39 5360 49 5376 40 5332
3634 -11.587595981838664 -40.131274497834127 261.7920694621879 96 83 93 0.146736794521312 39 5357 49 5375 40 5333
3635 45.305333974730317 -38.742138988448801 259.13026671763572 129 104 103 0.30529802996961203 39 5361 49 3374 40 5336
3636 62.670326709218884 -38.420123643952792 264.95281778048786 121 104 96 0.18077945316745203 39 3386 49 3373 40 5337
3637 -30.962315018191148 -39.119807949669969 263.25935542085898 75 52 58 0.43936608536959398 39 5364 49 6603 40 5338
3638 -15.359465543611455 -39.873127469674571 262.41750740329837 102 66 65 0.11072671481805962 39 5365 49 5378 40 5339
3639 52.043826346306545 -38.293787035029936 262.63509243209558 164 117 124 0.209986182067636 39 3398 49 3382 40 5342
3640 -31.143700361914746 -38.074800477367084 260.29365967448365 124 94 104 0.23786654445576383 39 5369 49 5383 40 5343
3641 70.064637964989998 -37.107536251744442 265.46679898148716 159 137 126 0.60825882908929252 39 5370 49 5382 40 5344
3642 71.13259344881547 -36.570667655733573 263.89657755813636 179 148 122 0.26776266768711748 39 5375 49 5384 40 5348
3643 -29.202158357021332 -38.147280900173079 262.02587335644409 119 91 105 0.16714865117675926 39 5377 49 5385 40 5349
3644 -57.692147561245257 -35.742782669522846 266.06781997352488 100 94 87 0.38266305947896245 39 5378 49 5390 40 5350
3645 -57.692147561245257 -35.742782669522846 266.06781997352488 100 94 87 0.38266305947896245 39 5379 49 5391 40 5351
3646 56.553127558860204 -36.117242520076097 262.13032255594464 146 112 112 0.1490944233578235 39 5383 49 5396 40 5353
3647 -39.466016836713749 -33.778576424423512 249.67320371812423 65 57 47 0.11775671367142354 39 5385 49 5402 40 5355
3648 55.10192896341507 -35.792067188810933 261.09193215772245 150 125 117 0.31232020465871391 39 5386 49 5400 40 5356
3649 69.821461113522645 -35.17032762288305 265.12447108856736 172 149 140 0.2796535086760642 39 5388 49 6613 40 5357
3650 73.818452467664358 -34.673197388372849 264.53346041426568 173 150 137 0.5747626598981922 39 5389 49 5399 40 5358
3651 -31.10502243620844 -36.160033201752185 262.89656916271684 86 70 68 0.46504350843063952 39 5392 49 6617 40 5359
3652 -32.48496491792983 -35.95394187191566 262.64155487226543 64 42 45 0.12337135967679169 39 5391 49 5403 40 5360
3653 64.171122438402179 -34.857925269915384 263.42248243332091 78 57 55 0.25844112303095035 39 5393 49 5404 40 5361
3654 -52.794135762736921 -31.499351275081995 249.42040868062381 62 55 55 0.39326392817693995 39 3438 49 5411 40 5366
3655 -47.491419596083382 -31.913528529831744 251.0328196109997 168 102 91 0.3055095877132698 49 3443 40 5367
3656 34.885582491368552 -35.446959571826973 259.59331808199727 88 66 59 0.53238532741067346 39 5398 49 5410 40 5368
3657 57.129956906772769 -34.441547516713925 262.49097644327213 82 59 59 0.10419604071389604 39 5399 49 3434 40 5369
3658 -59.729598366116875 -30.253773850391759 250.30539946918276 89 73 71 0.33941407443009047 39 5402 49 5415 40 5370
3659 -56.249132987086284 -30.505689605126861 249.74485603986045 68 49 56 0.11706527024995467 39 5405 49 5416 40 5371
3660 70.328775426463466 -32.445341686466151 261.12234855979608 143 125 124 0.30589406892015569 39 5408 49 5414 40 5373
3661 56.73304549729221 -33.920742779197667 263.17775827401579 137 110 106 0.24659561566059351 39 5409 49 5413 40 5374
3662 -13.959657493127423 -34.933838587069324 261.19798984366861 120 107 93 0.27031322886540815 39 5412 49 5419 40 5375
3663 -59.204531919550689 -29.4096355163155 249.35897826495631 242 219 216 0.16701286130416029 39 5413 49 5425 40 5376
3664 -47.833860248260407 -31.199028742296864 253.36448635070204 166 114 90 0.34288716438457773 39 5415 49 3455 40 5378
3665 -44.477463064877213 -31.014030776027269 250.34815650149474 140 88 87 0.22554929637032131 39 5416 49 5428 40 5379
3666 57.397487095920305 -33.355132656196083 262.81243352285298 95 76 63 0.042066072381034901 39 5417 49 5421 40 5380
3667 70.664328035826912 -32.24911134858209 264.56161299427072 82 69 63 0.12254950772662927 39 5423 49 3451 40 5381
3668 70.664328035826912 -32.24911134858209 264.56161299427072 82 69 63 0.12254950772662927 39 5422 49 3450 40 5382
3669 29.983505358721136 -34.605239162379036 262.73973713886932 144 124 106 0.63353234518767787 39 5425 49 6628 40 5384
3670 -57.549389843994099 -29.068125009333546 250.70710843116851 63 58 59 0.16373219411768097 39 5430 49 5432 40 5389
3671 59.548137626002294 -32.255900248548684 262.03291025225809 104 87 66 0.44748314156472097 39 5432 49 5431 40 5391
3672 68.987158505849791 -30.671154794143238 259.89077541459255 140 124 118 0.15412086053022192 39 5436 49 5435 40 5393
3673 68.987158505849791 -30.671154794143238 259.89077541459255 140 124 118 0.15412086053022192 39 5437 49 5434 40 5394
3674 -28.793267286524742 -30.817303832980677 247.93664160328342 60 44 44 0.28631564444966162 39 5435 49 5439 40 5395
3675 67.229012854005063 -30.484459434498131 257.74928378088475 85 66 68 0.40358688592560005 39 5434 49 5433 40 5396
3676 14.313664314489181 -33.891341543740452 262.12363003493192 157 138 122 0.42476608274066319 39 6672 49 6634 40 5397
3677 66.831843609063654 -30.350978740022875 258.85391708825949 112 96 94 0.1994544666478506 39 5439 49 5438 40 5399
3678 -51.690217739880644 -28.806388103573649 251.26795916529963 58 54 45 0.58213310060185064 39 5440 49 5450 40 5400
3679 37.790166353460165 -31.79886699211638 255.32300520389973 180 153 137 0.24495140442784494 39 5442 49 5447 40 5402
3680 37.790166353460165 -31.79886699211638 255.32300520389973 180 153 137 0.24495140442784494 39 5441 49 5446 40 5403
3681 31.790153575392463 -32.97389135616416 262.27964564344876 149 128 105 0.80608305563880267 39 5445 49 5444 40 5405
3682 35.333089137956641 -32.9079800893822 262.98921339289905 148 125 112 0.30143339559159316 39 5447 49 6637 40 5406
3683 -42.875271599783723 -29.35453905096935 251.85816840648323 147 106 94 0.22573545576446821 49 5459 40 5408
3684 -24.86265403864784 -30.477750607494386 249.10438121211988 52 30 34 0.30670718970741045 39 3483 49 5460 40 5409
3685 26.624081385027093 -32.440719490739788 259.07320291774329 170 148 132 0.78204808903803424 39 5448 49 5453 40 5410
3686 -32.187205675422994 -29.442284020406252 247.78810096368994 57 46 31 0.33157892921556725 39 5451 49 5473 40 5412
3687 29.198846108839078 -32.412142746280864 261.12495124071063 181 154 136 0.37227775234832911 39 5452 49 5457 40 5413
3688 32.66523062587283 -32.020867687878848 259.91054005018009 168 153 133 0.20606765042521102 39 5454 49 5463 40 5414
3689 32.66523062587283 -32.020867687878848 259.91054005018009 168 153 133 0.20606765042521102 39 5455 49 5462 40 5415
3690 -12.038470678581856 -32.110354637761326 260.55962002139535 85 89 72 0.37540180175996801 39 5458 49 5469 40 5416
3691 -9.6608515887918873 -32.232204822882323 260.99134212175636 102 95 77 0.11882566336281149 39 5459 49 5470 40 5417
3692 61.00672087274193 -29.480203892267006 256.60400877649585 91 57 44 0.05868930936100674 39 5456 49 5472 40 5418
3693 59.01312408402746 -30.213107229303294 263.21394922604526 136 119 98 0.24893974775867619 39 5461 49 5474 40 5421
3694 -58.662421926479652 -26.593205934002707 250.72545148330315 59 36 36 0.22909461100665643 39 5462 49 5479 40 5422
3695 -46.687773968832971 -27.702686284005484 249.29054968809982 73 59 45 0.20794955228852996 49 5480 40 5423 39 6690 40 6661
3696 61.567380293930142 -28.751802746698051 256.63377646270459 148 116 113 0.14459150878150981 39 5464 49 5478 40 5426
3697 25.22075412633734 -31.0015056008207 259.78394793830887 145 126 103 0.75466754973406447 39 5471 49 5484 40 5433
3698 -60.000789906315909 -25.810051837097944 252.30837696521866 94 82 85 0.63024363674105677 39 5473 49 5487 40 5435
3699 -32.913713158805365 -27.088652194386899 244.85948783088065 62 41 32 0.36917824370417657 39 3520 49 5496 40 5438
3700 32.594260807562215 -29.976606953674011 260.14337209720082 173 148 129 0.20618668850135333 39 5482 49 5489 40 5440
3701 34.923792004728526 -29.515149207892637 259.24630153235739 185 164 149 0.25870644197606324 39 5483 49 5493 40 5441
3702 -49.023310639095108 -25.495765202966933 248.51078138097722 90 95 50 0.27205241202205738 39 5484 49 5504 40 5442
3703 72.882170502146778 -26.180520444688042 260.29051298482591 69 52 59 0.37777730954909283 49 5499 40 5445
3704 -37.234155700818768 -25.752952344296805 244.72435903578449 69 50 41 0.16240184690088746 39 5489 49 5514 40 5446
3705 15.235702350399585 -29.470916966718097 258.35636999346701 86 78 66 0.10744501475895614 39 5491 49 5502 40 5447
3706 34.506925764191728 -28.899728000815131 259.43222272615452 60 41 44 0.10578106817111066 39 5493 49 5503 40 5448
3707 70.92008945074808 -26.779038835065549 263.64815333117281 78 69 80 0.41562676405443422 39 5492 49 5498 40 5449
3708 -59.448927660834684 -23.755434679034263 248.02036675715212 41 29 41 0.16350067192678144 39 5494 49 5516 40 5450
3709 -59.380038943259557 -23.73939589984699 247.76212660817589 41 29 41 0.029098336232388444 49 5517 40 5451
3710 19.856747863882674 -29.222499362052989 258.68482734304598 251 244 254 0.072803590462705611 39 5496 49 5506 40 5452
3711 65.597410853778968 -26.627528236533752 260.9065579615841 53 42 52 0.14770768166694317 39 5497 49 5507 40 5453
3712 -61.834658699396606 -22.92644586594011 246.19120143970426 132 101 80 0.53938105745955478 39 5498 49 5519 40 5454
3713 30.52590146182974 -28.427607540738613 257.242876144484 110 84 74 0.042597409101637861 39 3565 49 5512 40 5455
3714 5.6859428678213959 -28.965638798059356 259.22657605119724 53 36 55 0.12522821753770866 39 5499 49 5515 40 5457
3715 39.4867042803346 -27.976556579334307 259.23380178012604 105 83 68 0.47200887615766085 39 5500 49 6688 40 5458
3716 70.675873150499186 -26.102009611323172 264.01385547894063 159 160 173 0.61939749479928408 39 5501 49 5513 40 5459
3717 -64.582542252085943 -22.632621527956587 249.0023096055746 92 54 49 0.27656844962920757 39 5503 49 5523 40 5463
3718 10.139931471839029 -28.898200672841334 260.2874750341179 67 44 45 0.12419746888133161 39 5504 49 5518 40 5464
3719 49.812767583169091 -26.869458710789186 260.14357350938866 163 142 134 0.8729011645855157 39 5508 49 5522 40 5466
3720 -53.931516405330186 -23.422934826288905 249.10472273647164 88 91 83 0.12708128451896158 39 5509 49 5534 40 5467
3721 -46.321929696576781 -24.080745850132399 247.45927535900054 150 107 92 0.29482412943770858 39 5507 49 6704 40 5468
3722 18.936357395891235 -28.104064961721161 258.87256370119826 255 243 237 0.056916263469515914 39 5510 49 5524 40 5469
3723 39.116198966055308 -27.433291558422503 260.98302721339093 126 114 106 2.0241333352483171 39 5517 49 5525 40 5472
3724 52.803116607784695 -26.288691208402948 258.44521755882232 100 75 70 0.21476942838757021 39 3586 49 5526 40 5473
3725 20.174375710436273 -27.872215978762945 258.70942753382127 251 242 238 0.11050580959318275 39 5515 49 5529 40 5475
3726 46.031980191731691 -26.763801700301745 259.65903858272094 52 43 34 0.44836842584678188 39 5518 49 5531 40 5476
3727 -6.6845674353825792 -27.576712674683996 259.3058659987322 82 65 51 0.14127066590531348 39 5520 49 5535 40 5478
3728 54.888975402165983 -25.616615355359407 257.89273129451237 170 145 133 0.10910371373626644 39 5522 49 3608 40 5479
3729 55.889208907215981 -25.587951070620626 259.57696972566509 185 155 138 0.33124311853149724 39 3603 49 5537 40 5481
3730 58.011757032970358 -25.230171684518645 258.39515110296946 127 101 88 0.18780742656701999 39 5526 49 5538 40 5482
3731 61.917755124238539 -24.738533970512961 258.49446868924633 118 103 103 0.22350250175599484 39 5528 49 5540 40 5484
3732 -49.977618869272803 -22.765664175244254 246.94885570441204 49 44 38 0.34902593058966463 39 5529 49 5547 40 5485
3733 29.403974945142281 -26.638973308752366 257.59071762864698 206 183 172 0.15393409765531141 39 5533 49 5544 40 5489
3734 33.865126193968834 -26.46370425143359 258.71253768976624 198 188 189 0.31436632573670847 39 6741 49 6709 40 5491
3735 32.449458857155243 -26.307573465233087 257.29810716724586 255 245 236 0.14629023698740537 39 5535 49 5545 40 5492
3736 55.386768881725544 -24.89546099716225 258.79098553788663 55 39 30 0.097671401395657997 39 5537 49 5546 40 5493
3737 -39.899242941182216 -23.198194572279963 246.44330429268621 54 41 34 0.56749474236737329 39 5538 49 6716 40 5494
3738 51.130571352157133 -24.566023176550626 257.6942414271337 254 239 228 0.13892845819099317 39 5543 49 5553 40 5498
3739 -32.234447679697737 -23.14970955097213 245.44614224513629 40 36 30 0.37545244469558564 39 5544 49 5560 40 5500
3740 -48.874307305363772 -21.811044277452385 248.30025295076737 54 36 24 0.080366111385740194 39 5548 49 5563 40 5501
3741 45.752210779741738 -24.592238372240679 257.45367123178585 143 142 133 0.24386195892876053 39 5549 49 5555 40 5502
3742 25.500495131008076 -25.599882366243115 257.8702229942063 238 217 206 0.16464259706323314 49 6722 40 5503
3743 33.317485665780843 -25.247836697385633 257.63386270448422 223 212 197 0.063727213755794668 39 5552 49 5556 40 5505
3744 22.65062405125401 -25.64203580294776 258.46253773486615 85 69 62 0.12798159421478703 49 5558 40 5506
3745 44.818497855099949 -24.274567451864652 256.88232779040294 71 60 69 0.16109472329205987 39 5553 49 5562 40 5509
3746 63.244459904546986 -22.69885656966898 256.78057698978313 172 132 116 0.28921761156654163 39 5554 49 5565 40 5510
3747 6.3234015615967571 -25.738396241674675 260.50633832202885 63 72 85 0.72426843765565985 49 5564 40 5511
3748 -37.210284084951063 -21.942847592860357 243.84240931845937 122 103 91 0.20948139582201622 39 3645 49 5573 40 5513
3749 38.612193009042009 -24.28403186153356 257.20845208484872 50 34 32 0.37010215689035064 39 5559 49 5568 40 5514
3750 75.251578862086106 -21.78280252466239 261.23332179218687 161 133 104 0.88881310642580325 39 5555 49 5566 40 5515
3751 75.251578862086106 -21.78280252466239 261.23332179218687 161 133 104 0.88881310642580325 39 5556 49 5567 40 5516
3752 -61.497793282998671 -19.62365248408063 248.08331077164092 191 142 111 0.29858730718354415 39 5557 49 3671 40 5517
3753 37.667202716323146 -24.115494430909902 255.7602690108649 139 111 102 0.34823135562780827 39 5558 49 3664 40 5518
3754 -53.300661443695333 -20.29066026537221 246.65655945027243 42 19 32 0.18230242810120023 39 3659 49 3677 40 5519
3755 58.28809240065312 -22.733867201018885 260.14064514471664 79 48 41 0.24485653892375378 39 5563 49 5577 40 5522
3756 71.782426622543056 -21.493766605543126 260.59633461606279 57 36 36 0.25408716647363888 39 5566 49 5578 40 5523
3757 -49.073159929917082 -20.518428816573625 247.36783168241914 177 145 129 0.12507509062078617 39 5567 49 5583 40 5524
3758 -49.073159929917082 -20.518428816573625 247.36783168241914 177 145 129 0.12507509062078617 39 5568 49 5584 40 5525
3759 27.759167371167734 -24.084148581510238 256.51705136132495 79 63 52 0.17296695287852593 39 5570 49 5580 40 5526
3760 32.028689445649178 -23.863070252123102 256.8664192109004 141 127 111 0.14329618957909071 39 5573 49 5582 40 5528
3761 -48.169722679598067 -20.259456623696586 246.72312807278098 49 33 18 0.26407884398046183 39 5574 49 5590 40 5529
3762 44.602606581278756 -22.807806628051047 257.0337486425222 102 86 89 0.13283240638242219 39 5578 49 5585 40 5531
3763 50.852304378098147 -22.154708550973623 255.90499828236398 55 48 32 0.70078241914421646 49 5587 40 5533
3764 23.105532630714308 -23.512291409690352 257.79887221643207 90 83 86 0.14233909736826009 39 5581 49 5591 40 5534
3765 27.128334754363291 -23.405431987013511 257.54327984954426 124 106 92 0.30444941369315776 39 5582 49 5592 40 5535
3766 41.239028399969179 -22.628122587216389 257.14346572972374 44 38 45 0.1498993303071959 39 5583 49 5593 40 5536
3767 54.140559746179193 -21.582395642191948 256.63020053183067 161 135 117 0.17403406950576319 39 5584 49 5594 40 5537
3768 -48.93367633601865 -19.300970715512637 246.73676843456511 110 86 90 0.21729590710940849 39 5585 49 5602 40 5538
3769 34.321720642859432 -22.762353104486493 256.78717939550165 99 74 57 0.08172891295650847 49 5595 40 5539
3770 62.255946987763195 -20.832453535513594 257.94291247591804 188 149 135 0.2396859461163996 49 5596 40 5540
3771 -50.597460269018903 -19.190764244895625 248.56188097829667 27 19 27 0.2943909280751173 39 3703 49 3725 40 5541
3772 29.066293283895451 -22.515404672162965 254.51031437280056 58 37 37 0.24600620232120093 39 5587 49 5601 40 5543
3773 18.680142386716085 -22.699879124061692 259.27704990316624 35 34 49 0.12003452489701673 39 5592 49 5604 40 5548
3774 18.680142386716085 -22.699879124061692 259.27704990316624 35 34 49 0.12003452489701673 39 5593 49 5605 40 5549
3775 -61.221998531695689 -16.765021615711035 245.5971224937141 68 41 42 0.15837511433538209 39 5595 49 5611 40 5550
3776 -24.00607004407966 -20.415112998662742 246.99073811670678 30 25 24 0.31087747128402299 39 5596 49 5610 40 5552
3777 -62.198555360740663 -16.580035354350414 245.86924285828198 148 126 106 0.17034953642609399 39 5598 49 5612 40 5553
3778 -59.00341252914788 -16.61795986371434 244.20337503277753 136 112 106 0.062158445236724223 39 5599 49 5617 40 5557
3779 -59.00341252914788 -16.61795986371434 244.20337503277753 136 112 106 0.062158445236724223 39 5600 49 5616 40 5558
3780 32.509190429415852 -21.597661320599286 257.89922969551577 49 30 34 0.28037462129175955 39 5601 49 6755 40 5559
3781 -33.205086166152469 -18.989364019031367 245.45212560384385 34 30 22 0.068087543320622057 39 5606 49 5618 40 5563
3782 25.499680067631111 -21.651417476201807 260.87158525702108 103 97 98 0.24294994050458171 39 5608 49 5614 40 5565
3783 19.72410886970389 -21.226983884185607 257.2050147717365 42 39 71 1.3332465820112582 39 5610 49 6764 40 5566 39 6798
3784 49.765971718623781 -19.057210021605709 253.15809870747941 59 40 35 0.1060969779825026 39 5611 49 5623 40 5567
3785 32.718840978784741 -20.4345989318454 258.38772977346935 106 81 94 0.1133652111318058 39 5614 49 5621 40 5568
3786 59.603873186563732 -17.987405782809223 252.85119728123072 136 100 81 0.041506327354121075 39 5615 49 5628 40 5569
3787 -59.829221962885669 -15.279739505488651 244.09324921874713 30 30 42 0.078939632422358325 39 5612 49 5631 40 5570
3788 50.760556116243791 -18.839122739766637 254.45847056725398 129 102 97 0.13062147854776274 39 5617 49 5627 40 5573
3789 67.602624447244224 -17.537950216422477 256.87355398964445 125 107 107 0.19583226301932544 39 5618 49 6773 40 5574
3790 70.407048671163722 -17.482905546720165 258.90760157422625 137 106 98 0.59003247279226434 39 5620 49 5626 40 5576
3791 5.1276563197102902 -19.903084286279427 247.47925627505435 55 35 45 0.57797256742821768 49 5629 40 5577 39 6803 40 6788
3792 74.817490051167894 -16.209684575319969 253.10397368842203 109 75 57 0.25751527934444035 39 5622 49 3788 40 5582
3793 43.939124648045393 -19.014048655243784 254.82720280535261 168 122 92 0.51704087902153528 39 3767 49 3791 40 5584
3794 -55.618221950728866 -15.289021056583465 245.24694263215193 27 24 32 0.51378215305788255 49 6787 40 5585
3795 24.393885592129404 -19.896771007481952 255.61562739755271 78 79 72 0.037929164984915192 49 5632 40 5586
3796 26.943747753838917 -19.655859631567793 255.16944545782155 164 93 101 0.23148554815981517 39 3776 49 3795 40 5587
3797 15.471027804162267 -19.631625942649784 252.11904680654445 67 60 70 0.99646463369149763 39 5627 49 5637 40 5589
3798 54.600517574422511 -17.929380920115602 257.50760993939667 72 47 48 0.1993662169481446 49 5635 40 5590
3799 53.247526297572755 -17.362688729346406 253.76965947924165 102 82 75 0.20145053048337966 39 5632 49 5639 40 5595
3800 -36.10360639566548 -16.444547740016581 245.22283156982516 42 30 18 0.33800475682389658 39 3795 49 3826 40 5599
3801 26.677975692018926 -18.915316957002378 256.66436563452726 251 232 233 0.09172915302206093 39 5636 49 5640 40 5601
3802 27.769278735677918 -18.790496098754748 255.51810477795553 234 222 227 0.066751766481002936 39 5637 49 5641 40 5602
3803 27.769278735677918 -18.790496098754748 255.51810477795553 234 222 227 0.066751766481002936 39 5638 49 5642 40 5603
3804 -59.043392513497963 -13.666314844792735 243.1319075265929 33 31 29 0.46450954567030112 49 5649 40 5604
3805 31.141052684991596 -18.649262466790685 257.95705362435586 94 80 93 0.059623224810625423 39 5639 49 5643 40 5605
3806 -36.987746291166829 -16.139385975285713 246.83098496221342 53 39 25 0.54584751306591839 39 5640 49 5646 40 5607
3807 -52.878374688804314 -14.173450291419416 245.66837545044916 42 19 25 0.10292527842698622 39 5641 49 5654 40 5609
3808 -52.878374688804314 -14.173450291419416 245.66837545044916 42 19 25 0.10292527842698622 39 5642 49 5655 40 5610
3809 -39.776519528006226 -15.551157085137021 246.42607546612831 46 51 47 0.13147639271467873 39 3811 49 5657 40 5611
3810 31.786301476428356 -17.724135951591808 254.81158344184919 76 62 88 0.1321603015252367 39 5644 49 5651 40 5613
3811 -58.905338205178232 -12.759697014560773 242.90729800025528 69 69 64 0.40689418359323776 39 5646 49 5664 40 5615
3812 72.358881292424954 -14.288313278569236 256.42450055721713 141 121 98 0.3027870015630289 39 3826 49 3850 40 5618
3813 -26.311920096211907 -14.966958042289521 234.82529358930549 41 27 9 0.29938676317507867 39 5649 49 7550 40 5619
3814 31.419378995245403 -16.990551240289012 255.40456281789059 39 30 45 0.2055651115621191 39 5651 49 5663 40 5622
3815 27.723275907622558 -16.390889924205116 250.48774379776589 108 92 93 0.36651199883367863 39 5653 49 6809 40 5624
3816 -59.894043534495182 -11.290565323583577 240.38286283399421 81 69 71 0.36651354981650358 39 5655 49 3889 40 5627
3817 2.5233550942979273 -16.24000886597932 250.39935634902082 32 19 19 0.215854390136515 39 5662 49 5669 40 5630
3818 2.5233550942979273 -16.24000886597932 250.39935634902082 32 19 19 0.215854390136515 39 5663 49 5670 40 5631
3819 42.586250944471864 -15.518888278688294 257.02934608629164 130 109 107 0.35730285781626298 39 5664 49 5667 40 5633
3820 39.296894194889205 -14.999256132859019 248.71693516483998 104 91 99 0.13494280091971805 39 3859 49 3888 40 5634
3821 -62.951909451642123 -10.761619755421462 245.09481910023462 78 66 68 1.1017055400619558 39 3864 49 3899 40 5639
3822 -43.560338972372222 -9.5554728996053218 223.13029416681945 139 121 101 0.25147502188939819 39 5691 49 3943 40 5664
3823 31.179344095718044 -13.189096916950444 249.49120773386662 125 96 101 0.24204695887769168 39 5698 49 6830 40 5666
3824 -36.82309519052297 -10.741729702059263 234.41288415022208 26 24 20 0.56820198154943713 39 5697 49 5701 40 5668
3825 9.3659877112183398 -13.345998702006826 248.60498040737022 180 140 107 0.32422098706840075 49 5699 40 5675
3826 75.668507717256901 -9.6232877590175079 255.77629265866489 182 154 158 0.32497544439883896 49 6833 40 5676
3827 10.964196556360935 -13.233104680748696 249.78607394622375 174 133 110 0.13787190156904119 39 5700 49 5700 40 5677
3828 12.504286142935978 -12.87432485798918 247.08712079242409 60 34 24 0.22253079991043759 39 5705 49 5702 40 5681
3829 -35.490212904653646 -9.7108220627482229 230.98589031350647 84 80 22 0.22430116549159793 39 5708 49 5722 40 5685
3830 72.749441574241246 -8.6753958941815679 252.12952028270908 142 111 115 0.085546596805964659 49 5714 40 5690
3831 74.96182592865695 -8.4205466547388195 253.68645125259579 73 38 40 0.070994396109351765 39 5713 49 6848 40 5691 39 6886
3832 39.728789648217671 -10.541812318943986 251.78330364460027 151 136 116 0.2822574261756457 39 5720 49 5725 40 5699
3833 71.827243140646146 -7.6742746226915948 255.05750594203482 131 104 70 0.35167938304525137 39 5724 49 5726 40 5700
3834 51.087338599638329 -9.1511448799860489 248.81051798196719 203 127 134 0.18631864290204314 39 5726 49 3992 40 5701
3835 -60.071989809361533 -5.9826264284950179 237.57373279325282 37 20 33 0.073564994737689557 39 5725 49 5741 40 5702
3836 70.947723087221348 -7.5216312482739394 254.37510791965721 188 157 118 0.102119719184117 39 5727 49 5729 40 5703
3837 55.563119781758367 -8.6454012133995146 251.03613268745266 43 30 46 0.078715121535819513 39 5729 49 5731 40 5704
3838 52.206248849637092 -8.0422437891970588 248.72859162144985 130 47 60 0.22685729424096793 39 5738 49 5748 40 5711
3839 49.830147776027957 -8.180342650939755 249.36496063388037 127 42 55 0.1140311011436765 39 5739 49 5747 40 5713
3840 34.134421891872719 -8.7535163327827714 250.23286728694629 68 55 65 0.3851969026053505 39 5745 49 6867 40 5718
3841 74.084814395749646 -5.5550088302283243 254.4377676216468 154 131 101 0.1191402001546062 39 5747 49 5754 40 5720
3842 74.084814395749646 -5.5550088302283243 254.4377676216468 154 131 101 0.1191402001546062 39 5748 49 5755 40 5721
3843 -52.232008699160296 -3.8065863251911534 219.6534336941946 76 59 23 0.17091614483882286 39 5753 49 5773 40 5727
3844 76.083660454459093 -4.4883047998780414 251.83366250740787 148 127 96 0.071133919994527658 39 5757 49 5758 40 5728
3845 -24.004514801824911 -5.1264273513925156 210.95162045797568 166 149 128 0.32754964446481927 49 5785 40 5734
3846 50.797992934218939 -4.9386656718191002 249.1013827682934 56 44 52 0.68917462963381626 39 4057 49 5778 40 5746
3847 67.736962265625351 -3.6828446570592348 254.57128653063685 55 43 66 0.17033639698231595 39 4053 49 4072 40 5747
3848 55.19674085629935 -4.342392924955214 248.54258845920575 23 25 39 0.30576207601205296 39 5775 49 5783 40 5749
3849 51.834857587764667 -4.2091961840165704 247.5025264924808 58 37 57 0.40621033511991866 49 5784 40 5752
3850 55.0328882299074 -3.6399865775191795 250.93799436114918 83 80 96 0.21923726705956903 39 5781 49 5788 40 5755
3851 -50.297571984690222 -1.1548385617686348 226.83748779999823 111 78 77 0.83351933293356462 39 5786 49 6898 40 5758
3852 -50.812274805707297 -0.39892669266320813 226.16377874321907 52 25 7 0.44812932674537603 39 5797 49 5805 40 5766
3853 53.867919289047798 -1.9260922130643068 245.87160297063809 50 49 66 0.26370128423942318 39 5805 49 5801 40 5773
3854 -62.964832514576329 1.7988709894735826 231.4944851360342 78 69 24 0.24390591424962391 39 5811 49 4137 40 5780
3855 34.201426409602519 -0.041218657180627533 193.51133225401298 92 69 70 2.5691123981607324 49 5844 40 5792
3856 70.605790451097477 1.7103322279472568 250.57673364247054 71 70 85 0.44378187803737851 39 5824 49 5815 40 5794
3857 70.605790451097477 1.7103322279472568 250.57673364247054 71 70 85 0.44378187803737851 39 5825 49 5816 40 5795
3858 -50.334966607791209 2.1475752435754205 219.57368008169976 180 145 107 0.62842294918345509 39 5826 49 5834 40 5798
3859 76.040316439299588 3.7275393207465997 247.20758532793451 138 132 157 0.75153943776788157 39 5842 49 5832 40 5815
3860 76.040316439299588 3.7275393207465997 247.20758532793451 138 132 157 0.75153943776788157 39 5843 49 5833 40 5816
3861 -42.602731606584022 2.7627034883864292 207.87576612757064 33 13 6 0.16313739117599166 39 5845 49 5858 40 5819
3862 -59.700867701515925 4.9466045648683306 220.84158509417369 29 11 22 0.16587244047942937 39 5850 49 5857 40 5823
3863 -60.286696308516461 5.5678936309096816 219.57143874734621 58 13 21 0.62424869317518739 49 5864 40 5826
3864 -48.139618364403169 4.6052490349621422 216.84367909765524 122 97 77 0.23289049920966776 39 4192 49 5869 40 5831
3865 64.557290915461962 4.7990521411637772 247.24625828292938 47 49 63 0.28359712102538281 49 5863 40 5837
3866 -49.200657204591671 5.5409341616052199 217.52796097886633 178 152 129 0.1618130328371023 39 5871 49 5879 40 5845
3867 -48.960722330329936 6.7265707846304927 215.79452811793672 97 70 24 0.31664917642319751 49 4246 40 5870
3868 -34.546803704473142 6.5086010257999387 210.89147329271546 43 34 5 0.4593051292978228 39 5910 49 5929 40 5885
3869 -5.3659172008873295 4.9090218693227037 205.23099661277573 205 173 141 0.1375682117035002 49 5931 40 5886
3870 -5.3659172008873295 4.9090218693227037 205.23099661277573 205 173 141 0.1375682117035002 49 5930 40 5887
3871 -43.257504507239659 7.7033388326629204 207.40731559267616 69 44 45 0.18008707151952819 39 5914 49 5937 40 5890
3872 -52.001543785273171 9.0390643234006092 211.85866338987583 54 28 15 0.059908108607936439 39 5925 49 5939 40 5901
3873 -52.341651259887108 9.3304918138962307 218.94772940853514 171 135 71 0.024384105711185933 49 5938 40 5903
3874 5.2287927920962431 6.2401227914891821 190.35309726834345 215 174 156 0.13929926650683933 49 5961 40 5914
3875 -56.811256613393553 11.73758129145596 203.79101976315064 56 43 33 0.37853420727562237 39 5948 49 4339 40 5925
3876 29.158044017527665 8.5877311691459184 192.54592703967683 24 13 8 0.80074952037109004 49 5974 40 5937
3877 29.142936358449894 9.2780923297898585 194.89398991247731 70 60 57 0.18589862310468794 39 5971 49 5983 40 5945
3878 -50.965986504008193 12.585088083268509 207.43957856026947 115 104 95 0.13541165507718361 39 5975 49 5979 40 5947
3879 -52.825708027683838 12.96927112139401 207.31825773640711 80 48 31 0.26463251612838934 39 5978 49 5981 40 5948
3880 31.792316316436953 11.148838079838479 194.82976257549728 115 96 84 0.1805450584952113 49 7037 40 5968
3881 4.3771073628994071 10.487174504521855 192.67992119813809 158 105 93 0.72330320037765539 49 6013 40 5974
3882 13.512288397130481 10.817467371457054 189.75133568368506 145 129 123 0.021825516167106609 49 6021 40 5978
3883 36.946772538753024 12.5212596766918 193.21846172328719 60 33 15 0.98762156548563373 49 7050 40 5986
3884 54.289903487723436 15.784837349326944 188.32837991334139 71 37 4 0.39073743381394738 39 6040 49 4463 40 6016
3885 37.507001722910793 15.459043411154656 191.61630719827625 165 141 113 0.43697319115340477 49 6066 40 6031
3886 48.079088943386203 16.272676118413571 187.35732796070596 177 159 86 0.17652986461896011 49 6070 40 6032
3887 -53.451108209056002 19.070476635565804 208.72256332789092 35 25 14 0.33389295919057521 39 4480 49 4473 40 6033
3888 -53.451108209056002 19.070476635565804 208.72256332789092 35 25 14 0.33389295919057521 39 4481 49 4474 40 6034
3889 -46.547580199601846 18.188161560901669 205.80425921862945 39 25 9 0.083632837512521305 39 6052 49 4480 40 6036
3890 43.234871008585699 16.542745741103413 190.82191620981612 174 150 90 0.6104914212172301 49 6077 40 6039
3891 54.630980506780816 18.801623633125448 186.46190116650567 181 145 69 0.34402851476581775 49 4541 40 6056
3892 -23.715492911689946 17.70142243084959 195.64808309295111 126 116 67 1.6582836080580572 49 6093 40 6060
3893 -56.465480201400702 22.426395365103886 206.12631023576429 58 49 43 0.16007910476347106 39 6090 49 6100 40 6072
3894 -44.856930084109443 21.821116648957918 204.07022824731246 120 111 63 0.49310586700654274 39 6102 49 4576 40 6085
3895 55.976711177912009 21.255277602303153 190.64643363076127 197 173 91 0.40056572028687687 39 7138 49 4586 40 6089
3896 -54.448851790322848 23.526336834087431 207.30945238554668 53 51 49 0.090347359367331806 39 6105 49 6115 40 6091
3897 -57.774646540696615 24.810102470021789 204.80649021568087 36 29 9 0.59104715669390118 39 6117 49 6129 40 6101
3898 18.057961454476917 19.776218392282846 190.89347225961288 40 46 34 0.14344817390973985 49 6137 40 6103
3899 -55.423161068781269 26.319199925077005 205.63013325622458 19 8 3 0.48698007361026868 39 6146 49 6153 40 6126
3900 31.016160781375035 22.15965123559652 188.82288469001071 109 77 36 0.072183275651279077 49 6168 40 6137
3901 -52.400167825953311 26.963275688557292 205.7587037047013 43 46 11 0.4811217870104898 39 6161 49 6166 40 6143
3902 -30.59814013166956 24.061180009584827 195.60660463110213 24 17 1 1.0974640128573916 49 7136 40 6147
3903 13.69584577599786 21.021727706856083 175.43638995816667 53 43 31 0.063843740334956142 49 6185 40 6149
3904 -58.273492998680943 28.071988289981899 204.39924792462639 51 38 17 0.25108047447831444 39 6165 49 6177 40 6151
3905 50.763647263610018 25.4662806002076 186.32755305934415 28 19 13 0.090681747752080044 49 6186 40 6159
3906 -55.026533138707023 28.820579784325368 205.50924230087736 68 34 3 0.1548028618392959 39 6176 49 4679 40 6160
3907 -51.534725749517591 28.732290260460029 198.10696850061359 116 98 70 0.16674104127314474 39 6185 49 7153 40 6170
3908 -59.038730119774478 30.749661083110951 205.7456986229642 33 25 3 0.074570252225614073 39 6187 49 6190 40 6172
3909 -52.793069702072245 29.475626562739691 200.09346546162766 51 33 1 0.32240437892389956 39 6188 49 6193 40 6173
3910 -0.076449275692584931 23.50500126530568 176.8984285775723 130 112 83 0.053652662464893947 49 6199 40 6177
3911 -60.150149718486389 31.483741873407851 207.20023308255017 80 76 55 0.088141850673572261 39 6189 49 6192 40 6178
3912 14.683596372700968 24.549671087257689 180.56787647911875 92 36 39 1.0204590762880392 49 4745 40 6185
3913 -59.826647134807018 32.214202144214511 207.0476104088597 44 33 14 0.24276610645576868 39 6198 49 6197 40 6187
3914 -45.949715384613178 30.095598851563867 198.98061772065122 36 29 9 0.94142515831868956 39 4741 49 6206 40 6199
3915 9.6040419316287462 25.662705365003728 178.95139786174525 135 80 48 0.21987382424872393 39 6210 49 6224 40 6202
3916 -51.770377736790451 31.929240056218703 198.7030243337507 100 49 40 0.59593676060795775 49 6218 40 6215
3917 -49.91012304387872 32.024983946446461 196.83758839028047 59 11 9 0.30832703076118656 39 6227 49 6225 40 6220
3918 10.272367666902335 25.966688029953694 171.65456318775568 177 150 107 1.1027904468650866 39 6231 49 7196 40 6228
3919 -52.756957629622264 33.511169395409247 195.47585842871723 46 16 1 0.088302752695851472 39 6244 49 4824 40 6237
3920 -18.222142183012377 30.591702709280344 179.67802255207565 150 117 85 0.28247237245260104 39 6273 49 4889 40 6262
3921 -15.028693743098858 30.875807230806458 177.08039752783708 115 52 24 0.11439621195964315 39 6287 49 6295 40 6275
3922 9.4308030044493254 28.825281947478288 166.28804718829022 81 76 23 1.4167540016748319 39 6285 49 4929 40 6276
3923 -51.407140228268446 38.953185214585467 194.21581059928573 178 155 73 0.14460563037587984 39 6316 49 6309 40 6306
3924 -35.493198236581947 38.496938524285525 188.29162862872363 28 11 22 0.21874756088985606 39 6355 49 6350 40 6347
3925 36.492463651088045 35.846776439201705 174.74069028224852 91 89 61 0.3730905648432461 39 4986 49 6361 40 6350
3926 -52.439350104288309 39.949106597001865 179.81400744704334 127 110 61 0.14280311454721936 39 6361 49 7274 40 6353
3927 -47.561737723208729 40.699302079996066 188.42403411528281 172 101 116 0.23488015828623765 39 6367 49 6364 40 6357
3937 12.967270640855228 36.233780806515753 162.97711604230508 123 123 64 0.10594384309429287 39 6420 49 6424 40 6408
3938 -14.948237406262033 40.223951054929557 179.22458282244125 66 18 5 0.68234170590398235 39 6426 49 6419 40 6414
3941 -51.078821852390803 46.406337405320166 180.48642589042706 108 98 70 0.028524710435915014 49 6456 40 6441
3945 -54.020267077301526 49.562462603641258 183.49340465823511 51 32 2 0.56752840520042669 39 5184 49 6483 40 6473
3946 -23.473129717315942 42.779493505514338 162.78260122990778 48 40 3 0.66026040921452833 39 6545 49 6546 40 6535
3947 -2.0390769799929438 45.512296229033858 171.96283177136903 22 4 0 0.59169227388522572 39 6561 49 6553 40 6547
3948 45.636932571091528 -40.621268143797657 261.59007577449682 127 90 87 0.22988724015857129 39 6626 49 6597 40 6602
3949 -32.821308458480765 -40.402885169734873 263.59478876810755 150 137 130 0.3329542312003575 39 6627 49 6599 40 6604
3950 53.694693138316111 -38.698533998245125 262.22422590910304 70 46 52 0.86972607761951404 39 6632 49 7407 40 6609
3951 51.433239627828243 -38.724442544621738 262.92727456331585 85 53 66 0.15640939861585826 39 6634 49 6604 40 6610
3952 45.735076877801511 -38.973854702388692 265.58642287633086 75 41 42 0.28867478462811264 39 5373 49 6607 40 6612
3953 57.00109673914077 -37.345783574929776 263.54955068618307 95 72 69 0.13518806198867861 39 6638 49 6610 40 6614
3954 34.735211353719521 -36.251389805131133 258.43173460111581 170 147 135 1.2803756994460673 39 6647 49 6618 40 6620
3955 72.086662301479691 -32.844455310965756 260.27631671315902 134 107 91 0.48445194827434473 39 6651 49 5407 40 6625
3956 -14.968543958423931 -35.892336737931622 261.91182731380081 151 130 119 0.76831320802148284 39 6653 49 7422 40 6627
3957 54.464141943947368 -34.623750544882135 263.90850489251943 71 48 49 0.25206651765152005 39 6656 49 6620 40 6628
3958 -58.333903869962263 -30.196187361627125 249.32014675025212 101 84 76 0.39731551700045492 39 6654 49 6623 40 6629
3959 -50.908275447787936 -30.925354406133682 250.72851952789978 118 90 88 0.11135399152246757 39 6657 49 6625 40 6631
3960 69.252667139855618 -32.724071695836457 262.23590909300333 133 115 112 0.21330108159211761 39 6658 49 6622 40 6632
3961 69.252667139855618 -32.724071695836457 262.23590909300333 133 115 112 0.21330108159211761 39 6659 49 6621 40 6633
3962 66.912885659498116 -33.02175245290389 264.03364586636712 71 48 48 0.26269243761870836 39 6660 49 7427 40 6634
3963 51.513013522362961 -34.101062347978761 263.5275052488945 131 114 114 0.28909412973375476 49 6624 40 6637
3964 -45.84645503913881 -30.719401092710733 249.01390152223118 244 217 216 0.10613246298615275 39 6661 49 6629 40 6638
3965 55.22506798438863 -33.788269432792042 264.90506517789521 147 122 112 0.62760981875403232 39 7488 49 7429 40 6641
3966 13.641102000692001 -34.402230452971757 259.62388834606116 137 117 103 1.5440177873033996 49 6630 40 6643
3967 -58.08553140197391 -28.013226814726426 250.98016414493202 83 77 70 0.28900096138230669 39 6673 49 6638 40 6646
3968 -46.923629969859078 -28.704035698872623 247.56700692752625 125 108 80 0.24518263181786604 49 6639 40 6647
3969 69.952829259715202 -29.297460882708787 258.92530827230593 126 119 101 0.31399737283960838 39 6678 49 6643 40 6650
3970 -48.003872574251382 -28.176541621583979 248.9641475377941 91 83 58 0.13005004773969234 39 6676 49 6648 40 6652
3971 -43.304418723562598 -28.853949053653572 250.5162264016144 72 52 43 0.37961454786056487 39 6679 49 6649 40 6653
3972 35.633384774562813 -31.791156141072189 259.91029772797185 170 145 138 0.37077960219837475 49 6645 40 6656
3973 68.520863261111685 -29.366712596151974 260.9797421257565 114 97 100 0.10458410315159557 39 6685 49 6646 40 6657
3974 65.76835252332512 -29.006088419585982 258.67467463996269 105 91 94 0.410513434454995 39 6688 49 6651 40 6659
3975 75.631162150946309 -28.964147226397127 264.73709532018177 181 161 152 0.4466725693658164 39 6689 49 6647 40 6660
3976 -24.981383917192023 -29.372151311270052 247.61419247972213 93 61 62 0.1263196271486656 39 6686 49 6653 40 6662
3977 3.6150756644003996 -31.905193743421957 260.7072431134236 77 64 61 0.1127641455450652 39 6691 49 7446 40 6664
3978 35.374293324176122 -30.440493807669625 258.01059380859061 117 96 83 0.036088155909990961 39 6693 49 6655 40 6666
3979 -60.011252515064093 -25.39782897113167 248.34730113009138 84 51 53 0.059444620025211475 39 6694 49 6661 40 6667
3980 -47.045377522977894 -26.724441621872938 250.18245846604131 125 109 78 0.3568829873147088 39 6698 49 6666 40 6670
3981 -44.998357222295638 -26.172265970068445 245.14752984846126 132 105 84 0.40863562228174599 39 6699 49 7456 40 6671
3982 -35.274489484571276 -27.254482127012761 245.49026634730956 74 51 38 0.45262094990332585 39 6697 49 6668 40 6672
3983 -31.294599440145362 -27.650721966511782 246.92006523638344 43 36 28 0.33579946229786628 49 6669 40 6674 39 5477 40 5436
3984 71.043491323480296 -27.249005174133224 259.80512346978122 126 110 108 0.21072354987123421 39 6701 49 6664 40 6676
3985 70.800395871866755 -27.171771787910384 258.89914540582834 126 110 108 0.026410997747636309 49 6665 40 6677
3986 -39.630077375360671 -26.550864242442255 245.65047578840563 180 147 108 0.16636428951334539 39 6700 49 6674 40 6678
3987 33.814561665371805 -29.826915273737843 259.41547424839558 163 140 125 0.25950031794867329 39 6703 49 6667 40 6679
3988 17.45322816191311 -30.207944791466385 258.73470923283628 203 188 190 1.4135414659041292 49 6670 40 6680 39 7516 40 7525
3989 24.74303810168005 -29.949639146285012 258.37630833041203 165 144 129 0.38667671080239363 39 6702 49 7455 40 6681
3990 51.135679154117007 -28.504827976898675 259.83418117670396 162 137 118 0.4171565844019744 39 6707 49 6673 40 6683
3991 -1.1402249186377333 -30.109650040614767 261.34047388507048 122 101 98 0.31201151514835657 49 6675 40 6687
3992 38.951500768248195 -28.872013268581824 258.77307904294679 180 152 139 0.46499452279450826 39 6710 49 6677 40 6688
3993 39.559311304016589 -28.717024347046227 257.64735403697694 185 158 140 0.33282447455033359 49 5497 40 6689
3994 -8.9001571291563604 -29.607293425015357 260.35205864390286 54 42 42 0.2916798915811461 39 6709 49 6678 40 6690
3995 -39.300397668287793 -25.718345415987912 246.64588023465745 85 59 38 0.18504539144937482 39 6711 49 6684 40 6691
3996 22.448509625364256 -29.446528304106657 259.6265024548436 118 119 97 0.34083998051821168 39 7523 49 6679 40 6692
3997 3.6698768242552062 -29.472347128884458 260.68847021659349 134 112 117 0.4870722746746301 39 6712 49 6680 40 6693
3998 26.985505350922658 -29.047591074027281 260.19843718467433 98 70 65 0.17817222461841611 39 6714 49 6681 40 6694
3999 26.985505350922658 -29.047591074027281 260.19843718467433 98 70 65 0.17817222461841611 39 6715 49 6682 40 6695
4000 24.897256852384178 -28.735337730159962 258.88078064335872 61 43 40 0.39576107180911307 39 6718 49 6687 40 6696
4001 56.556086338062933 -27.005745414624393 259.13953405420369 163 130 105 0.59210166284769505 39 6716 49 6683 40 6697
4002 -0.61837468117406025 -29.085352482495452 260.23951970212488 56 42 48 0.29053437470418225 39 6717 49 6686 40 6698
4003 -36.240171146762641 -25.153570387252383 245.86279228635053 46 35 30 0.067171525991580397 39 6720 49 6697 40 6701
4004 -35.273420615239537 -25.120391160496094 245.19197394662086 124 119 85 0.1436986778832208 39 6721 49 6698 40 6702
4005 -35.273420615239537 -25.120391160496094 245.19197394662086 124 119 85 0.1436986778832208 39 6722 49 6699 40 6703
4006 -7.4837668696655424 -28.119187492018948 257.63484197987799 152 130 112 0.13114169491896052 39 6725 49 6693 40 6704
4007 0.21744302772606791 -28.123738068618742 257.90221942797552 89 85 96 0.14558084823249731 39 6728 49 6696 40 6706
4008 48.885940935627332 -26.946112547681736 260.05174834257315 175 154 140 0.66618857210206439 39 6726 49 6695 40 6707
4009 63.713578251895136 -25.839478878949421 260.60932729044828 77 58 57 0.26702219829929913 39 6727 49 6692 40 6708
4010 43.164977105432669 -27.141494053694021 259.56500244019759 61 42 60 0.33947439610693553 39 6729 49 7465 40 6710
4011 -61.017495832939673 -21.670006422874305 244.09647315507257 61 32 42 0.33230726433592067 39 6730 49 6707 40 6711
4012 -6.003707796873738 -27.741433615029489 258.54071168273992 145 124 107 0.033906517310370025 49 6700 40 6712
4013 10.752177095639619 -28.08218891126263 259.45245309725726 128 82 92 0.26453568013212686 39 6732 49 6701 40 6713
4014 24.814351556314065 -27.715002670857132 259.26201980908854 164 140 135 0.301305611036988 39 6733 49 6702 40 6714
4015 -57.339307510373985 -22.534624773251753 249.22900327516948 35 27 33 0.17478800859233093 39 6734 49 6708 40 6715
4016 64.121215603301565 -24.804216884168955 258.338237315301 66 46 50 0.11231776682337573 39 6738 49 6705 40 6717
4017 51.202032073948708 -25.593440128406641 257.1714441345618 94 73 73 0.65843617683807099 39 6737 49 5539 40 6720
4018 37.16556692104777 -26.347576778113421 257.452262564195 57 53 64 0.051282500123621753 39 6742 49 6710 40 6721
4019 49.772827519328857 -25.960813847761845 260.47056413255541 85 63 66 0.21841071192175932 39 6740 49 6706 40 6723
4020 66.002175857952906 -24.469138037740059 260.49092513481526 60 41 48 0.44863763890159331 39 7535 49 7475 40 6724
4021 -7.2634718464981667 -26.664303947028664 258.64236766979286 126 120 107 0.12233727312901488 39 6746 49 6712 40 6725
4022 34.691321616262705 -26.116739493268582 258.90304000403978 59 50 65 0.11025594989648534 39 6747 49 6713 40 6726
4023 50.015709257297978 -24.963768924233257 257.96645228696593 251 239 228 0.29788578177986841 39 6748 49 6714 40 6727
4024 -41.840985725131809 -22.033776675947401 241.50856928356984 114 88 76 0.17823951112786787 39 5542 49 5559 40 6729
4025 -11.903784502172902 -20.357742626202402 208.76897154051264 38 41 48 0.26404701730773394 49 6734 40 6730
4026 62.303530654870251 -23.611528298243968 258.85131719601821 63 39 44 0.079145160126298852 49 6717 40 6732 39 5547 40 5499
4027 -16.025259675456482 -19.768382609995925 206.98352867476186 212 190 170 0.020615243013707651 49 6739 40 6733
4028 17.994724943735452 -25.783861967054555 258.28662462217761 76 53 59 0.31467438950708476 39 6753 49 6721 40 6735
4029 42.61323421242566 -24.557180113094955 257.09476228781296 78 61 74 0.22224841730582878 39 6754 49 6723 40 6736
4030 42.61323421242566 -24.557180113094955 257.09476228781296 78 61 74 0.22224841730582878 39 6755 49 6724 40 6737
4031 55.630074913844602 -23.966877162415837 259.47915245440953 113 114 91 0.10784194448388866 39 6756 49 6725 40 6738
4032 20.434731002108226 -25.188325865891848 257.12710103198987 66 45 47 0.59218535626090629 39 6760 49 7486 40 6739
4033 21.740479906775583 -25.331095801395673 257.80258255609937 59 48 57 0.084757796502862762 39 6759 49 6726 40 6740
4034 40.621143838921711 -24.326951855904138 257.99735757895502 61 56 54 0.33157731485037067 39 6761 49 6728 40 6741
4035 24.192602454745689 -24.964511182656953 258.15482550068867 144 128 112 0.52836316816658513 39 6762 49 6727 40 6743
4036 48.037145670158665 -23.371158528768909 255.61640548104916 61 49 58 1.1352784682045267 49 7488 40 6744
4037 49.61198715026142 -23.405007325671164 258.0011960756118 181 170 165 0.076267429003432405 39 6765 49 6730 40 6745
4038 -25.334652650896828 -21.794251616793403 246.23631288151191 77 79 64 0.26570688907416368 39 6769 49 6741 40 6750
4039 -25.334652650896828 -21.794251616793403 246.23631288151191 77 79 64 0.26570688907416368 39 6770 49 6742 40 6751
4040 -53.512089402080072 -19.238328859639534 247.78142959302932 131 85 87 0.062148016650802405 39 6775 49 6745 40 6754
4041 -53.512089402080072 -19.238328859639534 247.78142959302932 131 85 87 0.062148016650802405 39 6776 49 6746 40 6755
4042 -26.591608773358537 -21.951406539524932 249.54402169504286 30 25 24 0.19357258899576257 39 6768 49 6740 40 6756
4043 19.354896704217495 -23.86609584052378 258.07702435912194 76 40 62 0.11375178559479175 39 6773 49 6736 40 6757
4044 -45.975997407770052 -19.586388990213113 246.53309154110761 147 114 84 0.16411679988817504 39 7551 49 7500 40 6758
4045 -22.703691527753463 -21.657764224541108 248.28796394679259 63 54 39 0.4798263144266785 39 6779 49 6748 40 6760
4046 3.3187133898635803 -23.11454123680603 253.88757448522782 44 47 69 1.6090979549196678 39 6783 49 6747 40 6763
4047 -51.640278289015448 -18.214353245975733 244.36358120258677 64 48 34 0.22852717364955341 49 6753 40 6766
4048 34.256690117804148 -21.784356799899292 257.47899128629774 159 117 104 0.25982818189493223 39 6786 49 6752 40 6767
4049 -41.813858332011428 -18.639451058505422 245.91072005709898 58 51 35 0.22830874466337028 39 6787 49 6761 40 6768
4050 61.126848619995215 -19.254959566814598 254.96486370317552 147 113 95 0.71254436313192504 49 6758 40 6771
4051 68.584758964122415 -18.66034169428865 257.17866069733407 159 128 111 0.16005529287396733 39 6793 49 6759 40 6772
4052 -44.360652610799058 -18.134960937993867 245.88123769611789 102 81 70 0.14441350878462555 39 6790 49 6762 40 6773
4053 43.151007998263495 -20.63038841736812 256.10228162921828 78 50 49 0.025108133826030343 39 6792 49 6756 40 6774
4054 43.151007998263495 -20.63038841736812 256.10228162921828 78 50 49 0.025108133826030343 39 6791 49 6757 40 6775
4055 -42.622022213987705 -18.082294375004526 246.09318817455397 91 82 64 0.33010430152306558 39 6796 49 6767 40 6777
4056 55.919001147907949 -19.060037310918261 254.5216849811307 112 89 100 0.35605337129289089 39 6797 49 6765 40 6778
4057 58.212864434974051 -18.914142592723373 255.49488299753793 65 39 28 0.30177187645367637 39 5609 49 6766 40 6779
4058 7.0791646561285857 -20.549677292135328 251.07646505289406 103 90 85 0.20097385183889235 39 6800 49 6771 40 6781
4059 -50.488981038738444 -16.461815129285931 244.60848990010297 135 104 89 0.15154974272609539 49 6775 40 6782
4060 -50.488981038738444 -16.461815129285931 244.60848990010297 135 104 89 0.15154974272609539 49 6776 40 6783
4061 42.436832390701035 -19.635897880446301 255.19984371160947 150 129 112 0.34439496074598552 39 6801 49 6769 40 6784
4062 42.436832390701035 -19.635897880446301 255.19984371160947 150 129 112 0.34439496074598552 39 6802 49 6768 40 6785
4063 -51.95110579472442 -16.360850683609076 247.03355069996863 48 25 24 0.19967902985106084 49 6780 40 6787 39 5621 40 5578
4064 67.601526688859522 -17.532702763638795 256.83177909130518 125 107 107 0.24220848672814638 49 6774 40 6790 39 5619 40 5575
4065 17.702284955955388 -20.251000761469829 256.98132653086702 35 34 51 0.59415553513948804 49 7520 40 6791
4066 22.436364148943973 -20.266992901794154 259.1809399640058 35 34 67 0.30663259762280592 49 6777 40 6792
4067 30.773011907249462 -19.820595177813825 257.46565275574517 37 20 41 0.4644431373036455 39 6808 49 7522 40 6793
4068 57.778530517439876 -17.695362102989648 253.84031631074015 158 127 115 0.052615307642537447 39 6809 49 6781 40 6794
4069 64.121094483356629 -17.104831092114605 253.69557109415823 109 87 91 0.19089955826157112 39 6811 49 6782 40 6796
4070 6.3749740201614031 -19.31942683628959 251.12105177036005 67 47 41 0.29017215089339665 39 6813 49 7529 40 6797
4071 49.498145512251426 -18.071976441554895 254.59145082081386 66 48 45 0.20188647784333782 39 6812 49 6786 40 6798
4072 23.84595296814912 -19.513681563085143 256.94642537655568 29 33 40 0.23077351665364729 39 6814 49 6783 40 6799
4073 42.744333546494438 -18.566898526835942 256.38482427312226 96 70 54 0.061708277538777591 39 6815 49 6784 40 6800
4074 42.744333546494438 -18.566898526835942 256.38482427312226 96 70 54 0.061708277538777591 39 6816 49 6785 40 6801
4075 -64.043454540899305 -12.484468552695223 238.09999702342341 39 33 28 0.66554493278879701 39 6819 49 7540 40 6803
4076 25.537393028408502 -18.505313253477034 252.92942910273476 41 35 46 0.054799921183329971 49 6788 40 6804
4077 -60.073136089611694 -13.474490590018318 244.66969936270098 34 29 36 0.11682474667827505 49 6794 40 6805
4078 -60.073136089611694 -13.474490590018318 244.66969936270098 34 29 36 0.11682474667827505 49 6795 40 6806
4079 4.403061856864662 -18.231999476691335 248.73070815087615 151 123 90 0.14288699184446449 39 6821 49 6789 40 6807
4080 67.51288679968799 -15.136895031603395 256.17947959536087 145 113 108 0.32947140137461339 39 6826 49 6792 40 6809
4081 -41.557980316149674 -15.150925723312801 246.79067301267008 51 50 41 0.53052764737951719 39 6824 49 6800 40 6810
4082 -41.792988774632001 -15.197190180033385 248.09958474817702 51 50 41 0.30767241659271483 49 6801 40 6811
4083 -3.1663540362060689 -17.352924819964251 248.51145025334043 114 112 103 0.13952298281495015 39 6829 49 6802 40 6812
4084 -37.803320763434165 -15.023972814476293 245.53713137952096 34 20 25 0.094182761706614812 39 6831 49 6806 40 6814
4085 -1.4764318562400163 -17.077792716722126 248.91968575392289 105 97 83 0.086505424475473977 39 6835 49 6807 40 6815
4086 65.692275225864321 -14.509352965701273 253.05219026134353 73 39 42 0.77645050329759546 49 6803 40 6816
4087 -0.36532064954490673 -16.975309497820554 249.28041787153836 38 41 33 0.13818969487411004 39 6837 49 6808 40 6818
4088 -24.059003059312719 -13.288163646621399 219.48953666205927 140 128 88 1.4215791045947135 39 6840 49 8021 40 6826
4089 38.167873295632049 -16.195457425667438 256.1178723435076 120 83 78 0.24155903026634196 39 6846 49 6811 40 6828
4090 38.167873295632049 -16.195457425667438 256.1178723435076 120 83 78 0.24155903026634196 39 6847 49 6810 40 6829
4091 43.61628791674655 -14.845030055369477 254.14824178426352 130 102 93 0.2883914828737984 39 6849 49 6815 40 6832
4092 13.564736097064086 -14.842518030545747 247.36928919357152 87 79 82 0.35315690742166472 39 6856 49 6819 40 6840
4093 70.463080066352134 -10.762378463397493 250.1273108049362 171 134 131 0.25627103963101405 49 6827 40 6847 39 5686 40 5658
4094 -61.679396799628734 -9.0103986835702674 242.39821426295347 37 24 32 0.56728009015613101 49 7568 40 6848
4095 -62.725178336600166 -8.5082193343213994 241.28184542872012 85 73 73 0.294652295142452 39 6864 49 6834 40 6851
4096 61.671913003328761 -11.21857678430041 253.21265956567359 195 160 130 0.29650737594133947 39 6868 49 5689 40 6853
4097 -34.167462027297489 -10.714327970608139 232.4389535307634 137 132 94 0.19044981016321269 39 6866 49 6840 40 6854
4098 -26.531576250479269 -11.053769312490099 227.42086710061292 57 44 19 0.16272118368130092 39 6865 49 5708 40 6855
4099 67.099986904891523 -10.422889704272556 253.75193966274986 115 50 60 0.16509408258427691 39 6870 49 6832 40 6858
4100 49.064349126597271 -11.655009952207912 250.58354690613086 74 38 47 0.26410132118493118 39 6871 49 7571 40 6861
4101 -40.359284880816418 -9.5516590350536745 231.54664179132504 33 23 23 0.54586951195766964 39 6873 49 6850 40 6862
4102 33.873568724814859 -12.295342777025947 250.17085291831859 96 82 69 0.24822628027850238 39 6877 49 6839 40 6863
4103 65.624039340880401 -10.044900485204357 252.22353031321356 244 192 187 0.42622018136960954 39 7627 49 7574 40 6864
4104 52.790344460265125 -10.721142110962708 252.47603315373479 189 148 157 0.19641783052337636 39 6880 49 6845 40 6867
4105 49.389816650223821 -10.495091740672207 250.26951901791637 228 146 132 0.40883635660100559 39 6883 49 6851 40 6870
4106 66.995028569502225 -9.0436309651840325 252.44035032744182 130 104 123 0.10475888484235514 39 6885 49 6852 40 6872
4107 35.427063182568219 -10.869980993037775 248.8432319589281 136 123 90 0.11049644772880944 39 6889 49 6856 40 6874
4108 39.022699665840598 -10.537411935110526 252.06507377422963 58 47 44 0.23511678000218994 39 6891 49 6857 40 6876
4109 44.875471492364184 -9.1613356465289204 250.42547697512734 91 71 70 0.13513279037671974 39 6900 49 5742 40 6881
4110 -26.25007096130819 -7.7546348022762315 224.96064897175347 92 68 49 0.16862391406188573 39 6903 49 6868 40 6883
4111 13.179511559755573 -7.419010170650445 201.53083874392641 123 112 109 0.026166901404586846 39 6904 49 7608 40 6885
4112 50.835333245788348 -8.160573577945426 248.54633107225786 119 41 56 0.18478800722600394 39 6910 49 6862 40 6888
4113 69.078251292633382 -6.3045804414051343 252.95339146501075 68 51 62 0.41453488523205512 39 6912 49 6864 40 6891
4114 45.641195808105294 -7.3817356086309909 246.34240525101984 78 47 50 0.51748081224668596 39 6920 49 6869 40 6898
4115 -5.6565380943445458 -6.0037917566231931 205.64498457387427 243 214 192 0.3566079441940227 49 6882 40 6906
4116 -42.713323346463959 -4.2316803279318274 224.35565457975534 53 25 27 0.2728669581286865 39 6926 49 7615 40 6909
4117 -42.713323346463959 -4.2316803279318274 224.35565457975534 53 25 27 0.2728669581286865 39 6927 49 7616 40 6910
4118 53.206416568424828 -2.8077958489378405 245.78017592781126 22 26 44 0.2307426285005936 39 6953 49 6895 40 6934
4119 -50.023059072422122 0.23572905620020379 220.01479150242517 164 136 78 0.15151886102579695 39 5806 49 6906 40 6940
4120 2.2562302585416867 -1.4883091249341376 192.86227376910324 249 218 206 0.37254793738484049 49 6920 40 6949
4121 2.2562302585416867 -1.4883091249341376 192.86227376910324 249 218 206 0.37254793738484049 49 6921 40 6950
4122 -13.656844799711527 0.27152956002315021 208.59704001651014 152 118 98 0.017792796070618788 49 6930 40 6963
4123 -50.393571519087935 3.714102359476346 207.11241783706581 41 34 16 0.29854990367250883 39 6973 49 6933 40 6965
4124 74.969824594975094 4.6771623991676661 247.06342619174868 135 129 149 0.19714730986353554 39 6980 49 6925 40 6972
4125 -49.860777933890596 4.5572562274782671 209.01717713077105 44 33 15 0.56321380984727298 49 6938 40 6974
4126 -22.178347141363073 2.2765683720660248 211.92804918909738 88 17 14 0.31240508372020503 49 5871 40 6976
4127 42.395656832489635 3.4646866708932409 191.89164319536721 120 104 84 0.52705500306625597 39 6983 49 5890 40 6978
4128 -56.212682023171674 6.2396915065918224 209.82346595624705 45 15 30 0.81217631595121409 49 7656 40 6980
4129 70.748750980948159 7.570611078017901 244.22925432892362 65 61 74 0.39916114255175567 39 5897 49 5884 40 6999
4130 -41.228890158468097 7.6018931386967736 209.3005479836817 16 12 21 0.56514109505485344 39 7017 49 6971 40 7009
4131 -48.505352007576214 9.7773301559821455 208.20031255653103 52 42 19 0.18936283532389339 39 7024 49 6983 40 7015
4132 -43.602937014729534 9.6029642660107388 205.72369612894579 67 54 51 0.44344517780939002 39 7028 49 6988 40 7017
4133 22.360194664941602 7.4949383681358519 198.58183926280299 174 149 135 0.1263412462054691 49 6996 40 7020
4134 22.360194664941602 7.4949383681358519 198.58183926280299 174 149 135 0.1263412462054691 49 6997 40 7021
4135 -44.069849816921852 10.79418374672043 207.33032514462644 72 56 52 0.34469475788509957 39 5962 49 7004 40 7028
4136 -39.620728487455509 10.736967760307214 207.53306841049488 48 48 40 0.68127794155804455 39 7041 49 7008 40 7031
4137 -55.894005171003755 12.824757281348358 214.69372425354433 38 23 19 0.23864151029281985 39 7045 49 7007 40 7033
4138 -9.4364857249656193 9.1360667991684963 202.65662807059792 23 12 1 0.18264118367253951 49 7017 40 7037
4139 46.883077807285694 10.871898540068674 188.68686082461119 183 154 81 0.54435900771739476 49 7692 40 7038
4140 -21.669661668624673 10.943326299045564 203.39612341687229 65 34 15 0.47433783026414872 49 7027 40 7051
4141 -28.571131028339138 11.849475698626243 203.42201180269711 60 26 11 0.039686717080988351 49 7029 40 7060
4142 49.365335885189332 12.743751559305192 189.04102069411576 130 100 42 0.094952428585508619 49 7043 40 7067
4143 -43.735381508706325 13.804285962992029 204.86059482368211 33 27 18 0.22761657493956494 49 7706 40 7068
4144 47.50265981702043 12.92102491392477 189.55618192786403 91 60 23 0.36212646988703434 49 7048 40 7071
4145 -50.910501849162216 16.534131221441342 207.7898734317308 35 27 16 0.19071037117458137 39 7740 49 7060 40 7083
4146 43.277861980928577 14.728049982420705 190.07150092385686 194 165 75 0.057354486187658357 49 7076 40 7094
4147 -52.634642199763697 17.787738921058299 209.71523006570331 31 17 3 0.18853505313111216 39 7097 49 7064 40 7095
4148 -53.812672955357073 18.341134156296697 211.63643446849872 80 71 54 0.26066595819652583 39 7100 49 7069 40 7099
4149 40.214839756638334 16.56903568521539 189.98155662470904 15 8 8 0.75410286394934622 49 7090 40 7111
4150 -9.2610593887519475 15.714349405684715 189.32825408687285 35 12 9 0.071682284437859942 39 7112 49 7092 40 7112
4151 -1.4305981385158799 14.909515969989434 179.66311818844483 98 78 71 0.11612778302916239 39 7113 49 6091 40 7113
4152 -52.608649252638784 21.34615348028828 208.31172091574405 24 18 13 0.16308476938117189 39 7121 49 7093 40 7124
4153 -46.251867452593167 20.449687620814444 203.117016017548 137 126 62 0.31568208421282234 39 7122 49 7095 40 7127
4154 29.283989172870267 17.47146937898329 189.63167212099177 175 111 85 0.18952153875635591 49 7102 40 7128
4155 -39.205481341544164 19.432345356622719 195.61425909417332 78 69 38 0.60093910589513766 49 7101 40 7130
4156 -44.551785141091038 20.857178666996397 203.23905031036429 86 76 34 0.59260105999709201 39 7131 49 6102 40 7136
4157 52.020044693083804 21.337681811680426 187.28089913685889 166 142 75 0.073853953992431748 49 7124 40 7153
4158 -53.288613672066099 24.08501783654874 207.20697337913509 18 21 9 0.21673124126325982 39 7144 49 7118 40 7154
4159 -50.054421320169268 23.558147357499148 206.11961687098713 132 123 74 0.10031790550559484 39 7145 49 7120 40 7155
4160 -48.689614391436002 26.956505824126861 202.66929677028347 136 131 78 0.087679826180636342 39 7165 49 7138 40 7178
4161 -47.507274789143899 27.317580752951589 202.65447321939777 45 40 1 0.11864897525766611 39 7172 49 7144 40 7183
4162 -47.507274789143899 27.317580752951589 202.65447321939777 45 40 1 0.11864897525766611 39 7173 49 7145 40 7184
4163 -55.724239230329623 29.498812564223787 204.53482464849262 77 55 17 0.2220527198524134 39 7179 49 7146 40 7193
4164 -51.094348671414942 29.194005721031317 199.12108269098158 39 26 3 0.50061700030996181 39 7183 49 7156 40 7201
4165 18.285984869624155 24.780429737985152 179.70324759904108 73 23 25 0.22876778163283829 49 7167 40 7208
4166 -45.544700889162058 29.988457822763113 199.50303187298374 42 36 11 0.30739863164517273 39 7195 49 7804 40 7212
4167 -57.228690804435331 34.739713719906106 202.42316676230493 125 106 67 0.50671614925457964 39 7217 49 7190 40 7229
4168 -11.881011399566834 27.44403007172086 176.53628164803763 121 63 26 0.39841457714087841 39 7218 49 6248 40 7230
4169 -27.842256440067828 31.157429790710221 183.63378512289367 176 145 67 0.25889616971579621 49 7213 40 7250
4170 -50.218965323103156 35.244806579475537 194.01759023572285 95 18 10 0.1664707780367406 39 7237 49 7212 40 7251
4171 -23.361409829806846 30.877221357234554 182.04580270972093 112 105 74 0.21514923693979424 39 7238 49 6274 40 7252
4172 23.29301948229546 30.171338873537422 179.47963857341176 19 8 5 0.15533054458871826 49 7218 40 7257
4173 -43.65588585697467 34.856911400861414 188.54543280088234 125 42 59 0.094105429393551987 49 7225 40 7271
4174 38.010512048414256 33.043055857411716 176.70272471819942 106 87 62 0.38915794878616694 49 7236 40 7286
4175 43.841119260320056 33.974001652718179 175.64873499609018 22 16 0 0.34956574908149474 49 7242 40 7292
4176 18.652938849610013 32.189043726892734 175.59884743880821 153 152 81 0.081285633113423975 39 7279 49 7846 40 7295
4177 18.644652235025831 32.169904136843662 175.50790591044733 153 152 81 0.087070305065542544 49 7845 40 7296
4178 27.74993904292641 32.586611031088076 171.16722967926123 177 127 93 0.17658576509884691 49 7246 40 7299
4179 -41.388266639275493 38.790207781544304 188.771929068943 100 94 117 0.31865203480685766 49 7258 40 7316
4180 40.726625784691912 37.625020927210784 178.13695015615167 69 73 39 0.59998068317689091 39 7311 49 7862 40 7325
4181 40.609206278588722 37.493170405095732 177.56188274991806 69 73 39 0.62635174142977934 49 7863 40 7326
4182 8.8161397630337586 34.46870910481416 167.99817444395185 98 45 21 0.88525797790331395 39 7315 49 7867 40 7327
4183 46.717157956584707 38.401765665778761 173.74726412907941 31 22 13 0.15299343565513196 49 7282 40 7330
4184 9.5513101403711964 35.177520215088528 162.30225071536725 73 31 24 0.33269341649144601 39 7326 49 6413 40 7339
4185 -51.636871722157885 45.81220720634407 183.45706020988965 37 26 9 0.56843873903485576 49 6431 40 7359
4187 -55.770102942387879 51.36535365368924 186.55915982857906 209 185 151 0.88888731720488989 39 7955 49 7351 40 7401
4188 -15.236378472176122 42.435224744237651 167.31376120697379 218 152 74 0.58324861817925322 39 7405 49 7365 40 7410
4189 -49.168823826272046 49.695283032105252 180.80270034218336 15 5 1 0.34396849056202233 49 6525 40 7420
4190 2.8204591956198666 42.783799277779806 165.98216958721579 40 10 0 0.5475036207137659 39 6546 49 7376 40 7426
4191 2.8219255387926179 42.668891446293927 165.58373353280862 40 10 0 0.63850224715340964 49 7377 40 7427
4192 0.022265314396196483 43.572334103131375 165.51499974379641 174 127 83 0.40227522277072747 49 6554 40 7434
4193 14.705503811951317 47.737710206839182 173.2471637516667 86 59 43 0.014072066445982363 49 6574 40 7456
4194 -2.2231867276116621 49.080396149435543 176.14883618267865 8 0 0 1.1090336585319218 39 7451 49 6579 40 7460
4195 72.054390106297475 -38.540318947579451 265.65369788651469 128 104 93 0.41914447818361417 39 7466 49 7404 40 7476
4196 69.764803079856321 -38.164837414468309 264.34870839431693 97 78 70 0.33055320444547215 39 7467 49 7405 40 7477
4197 -32.779273908885841 -39.114696309978704 262.67226402483442 86 75 70 0.31015456180226958 39 7468 49 7406 40 7478
4198 73.248065588325417 -37.418529210147014 265.55309483540907 148 132 118 0.75612021302915766 39 7469 49 7408 40 7479
4199 67.743872230896912 -37.804738637188898 266.49299160389575 135 126 115 0.37310507416395611 49 7410 40 7480
4200 -56.021157516237118 -36.502195007625801 266.26351388962729 114 108 103 1.0463615782828335 39 7470 49 7412 40 7481
4201 73.600243371481639 -35.762749690918987 265.29233576710004 74 57 58 0.60123943328858775 39 7472 49 7414 40 7483
4202 41.992885463061086 -37.496931404728137 263.23639722722453 170 145 135 0.12785649287267212 39 7476 49 7417 40 7484
4203 66.799215804228638 -35.511493831059845 266.01964496160173 162 142 129 0.46252584469658031 39 6645 49 7418 40 7486
4205 -13.394796372450541 -36.067292569754549 261.47525129359826 155 131 123 0.24955653668306876 39 7481 49 7423 40 7489
4206 -13.394796372450541 -36.067292569754549 261.47525129359826 155 131 123 0.24955653668306876 39 7482 49 7424 40 7490
4207 63.439702267538131 -33.331621791821021 261.5387344715698 147 125 117 0.14690855422375726 39 7483 49 7425 40 7493
4208 -31.556554670654343 -31.93109561248788 248.71597897130553 52 31 47 0.57373865237179011 39 7487 49 7954 40 7496
4209 34.979815713795901 -33.501859056920566 255.03921349773938 170 147 132 0.83927577307585111 39 8024 49 7953 40 7497
4210 -42.097422920880213 -30.304659800077221 248.56841317078351 160 112 97 0.080752885888018641 39 7489 49 6631 40 7499
4211 9.1817995959581467 -34.044292475942342 260.87218755598576 176 151 134 0.35770136855851353 39 6668 49 6632 40 7501
4212 63.951890477983994 -30.640234107525622 259.36266831804852 149 130 118 0.22329538642257465 39 7495 49 7433 40 7503
4213 75.84894560717413 -30.084075522630481 263.23116933457737 99 87 77 0.17513384832657583 39 7496 49 7432 40 7504
4214 59.995030539650557 -30.362740167573303 255.73821757012422 168 132 110 0.18148968727474016 39 7494 49 7434 40 7505
4215 -36.876305344366735 -29.294362876312992 246.28952069277298 62 39 31 0.17388940445563419 39 7497 49 7437 40 7506
4216 -36.876305344366735 -29.294362876312992 246.28952069277298 62 39 31 0.17388940445563419 39 7498 49 7438 40 7507
4217 -27.723731990184863 -30.427770678604922 248.74266270145895 51 48 48 0.21375099176153226 39 6674 49 7435 40 7508
4218 51.089745182902725 -31.37671630486318 260.26583417434182 168 145 132 0.22240069171453239 39 7501 49 7956 40 7509
4219 -61.935018274124666 -26.935078255862575 250.39181033672983 57 44 52 0.18279825061734581 39 7502 49 7439 40 7510
4220 -56.942736007027783 -27.70680230440102 251.49019214052396 39 35 46 0.87158795082646812 39 7499 49 7440 40 7511
4221 2.3437347796379173 -32.653905585574293 258.51957082454101 139 117 113 1.3799993012023297 39 7500 49 6641 40 7512
4222 70.495747789026638 -29.489928281992075 264.07708977792652 82 71 66 0.17535652199276278 39 7504 49 7443 40 7513
4223 -35.69388385578339 -28.495755769829973 246.54631536107209 117 83 69 0.21840430764574656 39 7505 49 7447 40 7514
4224 2.0000943122086552 -31.377285397630917 259.36522550268626 96 80 78 0.29724656318256071 39 7509 49 7451 40 7516
4225 30.475658540660483 -31.03907270341513 259.62032601319282 140 122 103 0.60612805785308888 39 7507 49 7449 40 7517
4226 -28.845642571386136 -28.009009409320591 245.59930230282239 51 42 44 0.25245105150142039 39 7510 49 7453 40 7518
4227 -61.840279399677399 -24.642066672241032 247.15772416306837 84 56 45 0.75482945966753368 39 7513 49 7454 40 7519
4228 57.116724657453261 -28.656623510668322 259.1176569313447 179 150 130 0.36915216040985882 39 8032 49 7962 40 7520
4229 68.810006561540575 -27.660871794242698 260.35992840464934 94 82 85 0.45472463754798959 39 7514 49 6660 40 7521
4230 75.250157620268126 -27.627522352611312 263.93933030189271 76 57 69 0.42927525090487756 39 7512 49 7452 40 7522
4231 -32.404466550078006 -27.255270414243292 247.43009746780601 84 68 56 0.2635220308204636 39 8033 49 7458 40 7524
4232 71.878314727234041 -26.233995308827811 258.48844655702607 65 49 55 0.46362423973065953 39 7518 49 7459 40 7527
4233 71.878314727234041 -26.233995308827811 258.48844655702607 65 49 55 0.46362423973065953 39 7519 49 7460 40 7528
4234 -52.388217091902199 -24.816954701854698 248.58113133487754 49 53 38 0.27663478159113208 39 7520 49 7462 40 7530
4235 -52.388217091902199 -24.816954701854698 248.58113133487754 49 53 38 0.27663478159113208 39 7521 49 7463 40 7531
4236 40.829128459675609 -27.93279901465154 259.78969656862813 77 57 50 0.56594650620808906 39 7525 49 6689 40 7532
4237 47.246686001768246 -27.218194670849279 259.18655749349722 167 148 134 0.27430512567487003 39 7526 49 7464 40 7533
4238 -52.694945685411582 -23.356130862442853 248.33665131082907 100 102 74 0.17281008068215317 39 7527 49 7471 40 7535
4239 -39.673470786919054 -24.172528548934125 243.95228343312525 107 89 79 0.10725177582036893 39 7528 49 7473 40 7536
4240 75.942985984424098 -24.46659588945122 262.21670443872443 70 54 48 0.36209371470212776 39 7530 49 7466 40 7537
4241 -8.5623507618027848 -27.876509659544784 261.62017928855374 45 42 46 0.18401179292196682 39 7531 49 7469 40 7538
4242 57.262636956255712 -25.92692155387159 260.64769424302693 188 155 130 0.65621926218355142 39 7529 49 7468 40 7539
4243 26.587409760025604 -27.829493130610569 261.50509422189509 175 143 140 0.86497485696269027 39 7532 49 7975 40 7540
4244 73.825992275382774 -24.100676258928885 260.59569858964369 60 49 56 0.11295134183987494 39 7533 49 7470 40 7541
4245 42.221401877010564 -26.183946015656062 258.18838825165426 206 190 192 0.20103884054562338 39 7534 49 7474 40 7542
4246 17.957608948539775 -27.052994955566444 259.36782741347605 201 168 161 0.11220577205859472 39 6744 49 7476 40 7543
4247 -63.445055176458261 -21.006517130587575 247.67739522926482 47 30 34 0.13787277951139779 39 7536 49 7479 40 7544
4248 -52.745550649891719 -22.013007180085022 246.76526334308065 30 29 32 0.28710453721512164 39 7537 49 7480 40 7545
4249 11.144264233256342 -26.675805902777679 257.36631041897522 59 33 50 0.18770605256085662 39 7539 49 7477 40 7547
4250 -61.6479381458064 -20.420714299514913 244.42037192853917 141 113 120 0.26620769933323185 39 7540 49 7482 40 7548
4251 3.2453871723201733 -26.766896882857907 260.10445628437117 23 30 47 0.19290855284292521 39 7541 49 7478 40 7549
4252 65.737334174484729 -23.06851772979887 256.16822147320715 163 127 122 0.17290446111365187 39 6750 49 7481 40 7550
4253 59.568742227018554 -23.278449845553254 257.18246738980611 158 117 99 0.14554849543511425 39 7542 49 7483 40 7551
4254 72.89048706348288 -22.432236833799617 262.26468779539726 117 96 95 0.15388970741488575 39 7543 49 7484 40 7552
4255 46.889831477278719 -23.770293354079548 257.72855182072914 60 59 65 0.024525307647578098 49 7487 40 7553
4256 -2.7560110616365736 -24.490768838261051 255.01435230336932 50 55 63 0.71233396760981105 39 7544 49 7988 40 7555
4257 -52.237231792207908 -19.898400978461748 245.52393544257586 48 30 41 0.40115707211789486 49 7489 40 7556
4258 -27.689620843904841 -22.045714153269834 247.21437953634816 63 53 53 0.17913004496205667 39 6767 49 7490 40 7557
4259 59.769545368278386 -21.832149073788859 257.4698380064338 68 42 47 0.12678806456294997 39 7546 49 6732 40 7558
4260 59.769545368278386 -21.832149073788859 257.4698380064338 68 42 47 0.12678806456294997 39 7547 49 6733 40 7559
4261 51.130241466053846 -22.344602007231281 259.16488320173505 58 51 43 0.30465724515389092 49 7491 40 7560
4262 58.240947454393115 -21.602447887122143 256.89146558010685 128 104 82 0.17125142631597337 39 7549 49 7492 40 7561
4263 -63.99316793588401 -17.899608077382524 246.96815580508149 168 149 114 0.057959363788497253 39 7550 49 7496 40 7562
4264 33.258372748738154 -22.976641827540867 256.5431262538587 62 52 40 0.045331313713812681 39 7553 49 7494 40 7564
4265 51.689503445119584 -21.393389651692814 254.96961764673347 151 130 107 0.39767394207309392 39 7554 49 7497 40 7566
4266 -59.76110710654892 -17.164843395574007 244.35711810759773 57 39 42 0.23052453407692139 39 7555 49 7506 40 7567
4267 -36.022273928571458 -19.45355903785838 245.63965891732136 116 91 72 0.31751729901088321 39 7557 49 7507 40 7568
4268 -36.022273928571458 -19.45355903785838 245.63965891732136 116 91 72 0.31751729901088321 39 7558 49 7508 40 7569
4269 71.769590697162528 -18.93697260490282 257.51179160279008 172 134 112 0.24390528090159849 39 7556 49 7502 40 7570
4270 65.33242465688167 -19.397374305440014 257.89328883211016 52 33 42 0.037653074741416222 39 7559 49 7505 40 7571
4271 67.804887052095054 -18.893710426930546 258.40666254168474 47 35 40 0.15881485406243331 39 7562 49 7509 40 7575
4272 37.780189857689116 -20.449174258427909 253.02476543682198 138 110 101 0.36655375522408407 39 7564 49 7511 40 7576
4273 10.276318340848897 -21.518258505795082 258.76251287493869 25 25 43 0.25281059327542676 39 7565 49 8000 40 7577
4274 41.507433938271248 -20.326229193776154 257.14117145605718 71 57 58 0.067557913157009167 39 7566 49 7512 40 7578
4275 41.507433938271248 -20.326229193776154 257.14117145605718 71 57 58 0.067557913157009167 39 7567 49 7513 40 7579
4276 1.4555712041547784 -20.470530897963069 250.95455110625446 118 98 68 0.41954054225037324 39 8064 49 8001 40 7580
4277 35.86228096582677 -20.042886719650514 254.74380856989694 57 34 35 0.081585281681839109 39 7570 49 7517 40 7581
4278 12.095061342726229 -20.437994266228145 253.05190908418109 90 78 90 0.65733763870884254 49 8002 40 7582
4279 12.095061342726229 -20.437994266228145 253.05190908418109 90 78 90 0.65733763870884254 49 8003 40 7583
4280 24.602434097914529 -20.724950168697678 257.69961074780457 105 100 93 0.084444805604874593 39 7568 49 7515 40 7584
4281 24.602434097914529 -20.724950168697678 257.69961074780457 105 100 93 0.084444805604874593 39 7569 49 7516 40 7585
4282 0.12942990996455317 -20.145498709440471 252.47797387294614 39 36 34 0.25107662038627421 39 7572 49 7519 40 7586
4283 -53.774370537071761 -15.852737624887151 246.16902704425954 37 25 25 0.10125082382337414 39 7574 49 7526 40 7587
4284 -38.416591481072835 -17.468028043567667 245.11111556720851 30 24 19 0.067441856942581827 39 7571 49 7523 40 7588
4285 14.071716697921248 -19.611156927496712 249.16615254226531 63 56 71 0.73057687915293468 39 7575 49 7527 40 7590
4286 28.712906958330993 -19.828171699473387 256.42568472387671 74 54 64 0.041790068447873502 39 7577 49 7521 40 7593
4287 25.807671347523687 -19.868066997444977 257.71084674065077 34 33 44 0.16213297115104672 39 7579 49 7525 40 7594
4288 46.786254281584306 -18.361980193303097 252.46724587243057 147 99 83 0.37203293304831675 39 7580 49 7528 40 7595
4289 38.996417501655444 -18.393072720041001 252.92151789131998 133 101 98 0.91346802410979056 39 7585 49 7531 40 7598
4290 37.7415559128941 -18.77901743421933 257.43742938428426 52 28 44 0.29297720136205563 39 7584 49 7530 40 7600
4291 68.375430003266771 -16.242654719838953 256.78522408612537 69 42 42 0.25526499199444314 39 7586 49 7532 40 7601
4292 68.375430003266771 -16.242654719838953 256.78522408612537 69 42 42 0.25526499199444314 39 7587 49 7533 40 7602
4293 -37.972648355101093 -16.17994036928863 246.19552357862472 70 53 46 0.37631617673877465 39 7590 49 7536 40 7605
4294 -37.972648355101093 -16.17994036928863 246.19552357862472 70 53 46 0.37631617673877465 39 7591 49 7537 40 7606
4295 54.061563431341703 -16.311736648525944 249.32036816330242 80 68 68 0.23980427571029439 39 7592 49 7535 40 7607
4296 43.22902588485811 -17.338383880240134 255.93949777324937 155 119 104 0.13157072937263434 39 7596 49 7539 40 7609
4297 -43.888680050141382 -14.728176009602961 244.10852053122443 45 34 29 0.22096085947889985 39 6823 49 7543 40 7614
4298 45.061991516533219 -16.521564638536603 260.41200743624825 90 57 50 0.75096603225009328 39 6843 49 7544 40 7618
4299 45.061991516533183 -16.521564638536606 260.41200743624825 90 57 50 0.75096603225019931 49 7545 40 7619 39 6842
4300 5.8352890198225422 -16.945112667686772 249.33883373094952 41 28 23 0.072232279871628599 39 7601 49 7546 40 7620
4301 5.8352890198225422 -16.945112667686772 249.33883373094952 41 28 23 0.072232279871628599 39 7602 49 7547 40 7621
4302 10.026753343866568 -16.204198261871092 246.45319101979359 48 36 41 0.64727391404568835 39 7606 49 7554 40 7623
4303 -62.317602016062111 -10.383363788117778 243.89441209795055 84 69 72 0.32361228425357091 49 7558 40 7627
4304 -62.317602016062111 -10.383363788117778 243.89441209795055 84 69 72 0.32361228425357091 49 7559 40 7628
4305 -8.9768376364990488 -11.602928177210963 201.10357605629039 26 4 0 0.24601167039829241 39 7608 49 7572 40 7629
4306 -47.98470019744034 -10.490831031218759 232.059321969623 92 81 83 0.80149261519078852 39 7615 49 7565 40 7633
4307 56.74315467160752 -12.573691441547943 251.99523371002923 98 53 61 0.25284312776114082 39 7618 49 8024 40 7635
4308 8.5872762404246057 -14.238106929926117 247.77377972333625 83 58 55 0.7261830241509305 39 7623 49 7564 40 7637
4309 74.913220626858433 -10.796157933953014 256.51996772620089 48 30 43 0.26468167972292683 39 7624 49 8025 40 7638
4310 19.289682503442346 -9.9882381305932295 195.95484682076793 162 139 126 0.4995800563782995 49 7592 40 7644
4311 33.122790414525213 -13.379949720552942 252.85158298967932 52 41 45 0.26118658220751917 39 8082 49 7566 40 7645
4312 33.122790414525213 -13.379949720552942 252.85158298967932 52 41 45 0.26118658220751917 39 8083 49 7567 40 7646
4313 35.143776433924138 -12.445947237256762 251.03834918527838 67 49 48 0.12600698971322721 39 7626 49 7573 40 7649
4314 55.233513343792872 -10.575002663339969 250.46600545749556 74 26 45 0.069203038946000883 39 7628 49 7577 40 7650
4315 54.550633461042558 -10.444452947131397 252.28704114757474 170 140 155 0.21690686960508923 39 7631 49 7578 40 7652
4316 14.292025634682856 -11.58112534776868 242.6997036082391 129 92 79 0.64436082781170922 39 7638 49 7587 40 7657
4317 -40.627250467454608 -8.8672744403643193 236.12046991055149 90 85 53 0.059000788801733157 39 7635 49 7590 40 7658
4318 66.966466995905293 -8.598060509813843 255.61038732673578 47 36 45 0.48694670316372807 39 7639 49 7589 40 7661
4319 -32.225786790639198 -8.4549504103965987 229.70599084537955 55 47 31 0.93081882302157493 39 7641 49 8039 40 7663
4320 -50.836138905548957 -5.952064286411475 221.24166415577889 145 124 101 0.33313299166598737 39 6895 49 7602 40 7664
4321 36.867936818395961 -9.7618357071728674 249.04794911003529 175 137 107 0.11396365040136036 39 7647 49 7593 40 7672
4322 -60.921779151936022 -5.1388603135470206 238.69936124651971 111 81 89 0.14112463733416081 39 7649 49 7600 40 7675
4323 -35.912333770988468 -6.2370168141731837 220.7648228474616 113 118 70 0.6609270159602747 49 7606 40 7676
4324 1.7279857464950923 -6.326636664876145 197.1534340808816 38 9 19 0.59729131323035534 39 7652 49 8053 40 7679
4325 55.009305500740979 -5.5867248720707963 249.32300118853951 112 86 105 0.31871685644485986 39 7656 49 7611 40 7681
4326 55.009305500740979 -5.5867248720707963 249.32300118853951 112 86 105 0.31871685644485986 39 7657 49 7612 40 7682
4327 67.32210146173442 -4.5999396244722535 253.55033578143988 90 73 98 0.075091604754748326 49 6874 40 7683
4328 -46.905175502562976 -3.3051777098008146 223.78179684451123 146 113 102 0.21599666282336769 39 7658 49 7618 40 7685
4329 2.6702844834986763 -4.4073974786333956 192.48927361437993 34 22 15 0.13331277889314752 49 7623 40 7689
4330 -61.747028385523492 -0.5100086554757286 233.58748179299997 33 21 23 0.66378314867934163 39 7663 49 6892 40 7691
4331 -50.109390490351309 0.24214741229750114 209.53870698019307 39 28 13 0.07542057053094843 39 7666 49 6905 40 7694
4332 33.385776465117644 -1.6952005939084869 200.84925206836311 27 18 29 0.14704986671328971 39 6957 49 8059 40 7697
4333 -45.207774661229088 1.4428520899050825 211.51781651149514 47 35 35 1.6781784533141459 39 7675 49 7633 40 7703
4334 -50.104555928889106 2.9518845737678547 209.23578003152258 87 78 59 0.2476893285255484 39 7679 49 7644 40 7706
4335 72.94705878297161 3.5964711557251281 247.74696995677573 31 26 44 0.53892047764465578 39 7684 49 7636 40 7708
4336 18.022388340327549 0.55011353181908584 198.22466710674036 28 28 38 0.31445535376738676 49 7651 40 7711
4337 -44.052319199927489 3.2149926764347865 207.4276914522253 38 20 18 1.4692875492593731 49 7648 40 7712 39 6974 40 6967
4338 63.024006618972905 2.834475406303909 246.79259610051611 33 31 51 0.256152097048435 39 7688 49 7641 40 7713
4339 70.613637313975815 3.9089849393437781 246.47609721816391 76 75 107 0.26147633866231795 39 7691 49 7642 40 7715
4340 75.995358666261637 6.4436841197762948 248.86557428271126 35 26 43 0.74020149910814093 39 7699 49 7652 40 7722
4341 29.877656992527747 3.3558083284669813 197.28387521123045 83 62 62 0.11153330032611715 39 6995 49 7660 40 7725
4342 -49.140250167059222 7.4306674591781992 210.58149600647403 79 51 22 0.37861280953648807 39 8136 49 7667 40 7728
4343 -36.316064038065285 7.0953553920110517 212.92017581548936 83 74 57 0.64876184595644804 39 7702 49 7673 40 7732
4344 -37.252575465853731 7.4026549401715398 208.92437954152345 26 22 12 0.48746730002849636 39 7704 49 7676 40 7733
4345 -48.632333275550742 8.5973881169817439 209.61955642003755 143 123 58 0.57567638888939898 49 7677 40 7734
4346 -46.415854593983077 10.963288656373406 209.72929826525086 53 42 35 0.2894305998864739 39 7713 49 7681 40 7744
4347 -27.907060841202807 10.209339528789556 204.12932527652188 171 144 112 0.10974416234531853 49 7686 40 7748
4348 -44.583930536587147 13.430730043934101 205.11030462759555 66 58 50 0.5163730971449314 39 7730 49 7697 40 7753
4349 -42.965465925593463 13.572606863724268 207.2764222220855 30 29 23 0.76971948200070173 39 7732 49 7701 40 7755
4350 35.786931707854556 14.405167653629709 188.10850990821578 129 107 69 0.28023427561424386 49 7079 40 7772
4351 57.444417911068307 17.836428032697004 191.34255090495049 109 67 30 1.2171847542228986 39 7755 49 7086 40 7778
4352 -55.496191151955543 20.619459007524657 204.7575454318077 31 23 19 0.9877319411849047 39 7760 49 7735 40 7782
4353 -16.613265576346446 17.078691883753343 185.61981344304607 148 146 85 0.19589614624240029 49 7744 40 7791
4354 -55.872413188421326 23.558350158285926 205.05387672359882 12 2 1 0.20704369655966756 39 7778 49 7749 40 7797
4355 -55.872413188421326 23.558350158285926 205.05387672359882 12 2 1 0.20704369655966756 39 7779 49 7750 40 7798
4356 -56.434468595551095 24.578458168503861 203.91044328810369 60 50 40 0.45587351832536588 39 7790 49 7758 40 7810
4357 -53.371021638413502 25.275974859521465 206.49598607410292 75 79 62 0.31388791839921504 39 7800 49 7766 40 7816
4358 -53.422996511059509 25.30629545694033 206.75582753483067 75 79 62 0.083464015860923335 49 7767 40 7817
4359 -57.44625863886931 28.470888597160396 206.42813792783389 36 31 3 0.067218799661823536 39 7167 49 7137 40 7830
4360 -56.205895190089841 28.276873516625106 205.10059842250391 112 105 64 0.22539883827726323 39 7814 49 7784 40 7831
4361 -52.982473982328642 27.785844029924863 204.2681442966128 34 17 1 0.20589152489149667 39 7815 49 7785 40 7832
4362 -52.449897124470333 27.796510049229084 198.49497167923832 155 122 84 0.14207492652380116 39 7820 49 7792 40 7838
4363 -39.28109669434415 28.992026603124916 196.92232116732458 93 93 61 0.22672919900581121 39 7834 49 7164 40 7857
4364 -39.28109669434415 28.992026603124916 196.92232116732458 93 93 61 0.22672919900581121 39 7835 49 7165 40 7858
4365 -57.419413449577725 32.769269738414586 205.45243561055921 192 157 90 0.47380973068491472 39 7201 49 7807 40 7863
4366 -11.295540586670636 29.230146453562931 178.59575216612302 108 59 23 0.099071572437990807 49 7818 40 7881
4367 40.240394794541032 30.285414205828172 176.97691587769273 139 85 62 0.037257218589107723 49 7210 40 7882
4368 38.992456493859848 30.646447728669628 177.73647076495283 162 99 77 0.21861756970643775 49 7822 40 7885
4371 -13.395973864480146 40.882202827386052 169.07419449100237 145 99 58 0.6274723033845927 49 7338 40 7969
4373 -8.2347050381103184 41.785084489441999 164.52785481061574 120 109 63 0.42419076119474314 39 7962 49 8241 40 7984
4374 26.783178746082974 44.352090883316357 169.60564174670935 85 81 35 0.13978359455512585 49 7913 40 7991
4375 23.206070104001274 45.841341983218712 166.92026925408669 29 24 12 0.25633173095079093 49 7928 40 8007
4376 26.609347817142869 48.735610299356544 174.99568577372517 110 86 52 1.1464315792057009 49 7395 40 8014
4377 45.177249932655144 -39.378469443217391 262.5568671322734 78 47 54 0.12218365931253845 39 8008 49 7941 40 8030
4378 64.674029737391592 -38.499771927380138 266.20185839673945 135 126 118 0.48614827986030473 39 8009 49 7942 40 8032
4379 -9.0512741976898727 -40.093473452190914 264.72949357090101 126 112 112 0.61390622880805501 39 8012 49 7943 40 8035
4380 -27.092165401843349 -38.213974438558381 262.35422334044461 125 113 118 0.44251531127283839 39 8013 49 7944 40 8036
4381 -11.711366134962987 -38.341010335484697 260.96706585237376 139 126 122 0.37487700841772226 39 8015 49 7945 40 8037
4382 63.739730040361849 -35.395676343013136 265.95392801745476 92 71 70 0.50079658865740118 39 8019 49 7419 40 8041
4383 53.695727786701724 -34.601579187309675 259.94235953064663 75 58 61 0.13923908046626302 39 8020 49 7948 40 8043
4384 60.374952800051013 -34.242665130213304 264.29662465986223 104 94 84 0.40329498610080261 39 8021 49 7949 40 8044
4385 -61.808220328009547 -30.36089332719914 254.82106631409167 69 60 65 0.11274304280088882 39 8022 49 7951 40 8045
4386 8.2685928209944226 -35.540075441166877 260.12056523730388 137 116 105 0.3463521193784001 39 8023 49 7950 40 8046
4387 -29.58532742882764 -30.974677917277329 247.73400569951096 60 46 48 0.2509184289761503 39 8025 49 7955 40 8048
4388 0.46968694547187062 -31.997542251673924 261.55537692766319 157 132 129 0.17918391573989934 39 8029 49 7959 40 8053
4389 19.060616580674473 -30.464217029911751 260.28080924219142 47 38 60 0.17393520369158158 39 8034 49 7963 40 8055
4390 24.24397808122227 -30.135299141083944 259.73768993121826 150 129 107 0.65846125610063178 49 7965 40 8057
4391 61.086389174218262 -26.419960809299685 250.70347456846537 79 59 62 0.46382857261266541 39 8036 49 7967 40 8058
4392 -40.58888812906261 -25.162085904063233 245.74452276143157 85 63 57 0.41383647714080896 39 8037 49 7971 40 8060
4393 44.311083025878297 -27.962297425509465 260.81565351696469 135 113 109 0.026896568336162982 49 7968 40 8061
4394 -49.217269854484869 -24.643227533356452 251.31670493613885 116 111 79 0.47952315270376411 49 7973 40 8063
4395 -4.1748174443571884 -28.433979530375542 258.15543400620612 167 130 107 0.15143845941071257 39 8039 49 7972 40 8064
4396 -65.142952563816323 -21.201316859763772 247.80220169134026 109 91 87 0.29078135299186719 39 8040 49 7979 40 8065
4397 -45.751104311154165 -22.788818065330041 245.58286910792575 113 75 67 0.80837028291767155 39 8041 49 7983 40 8066
4398 54.463225593703491 -24.981970087145029 259.06412975989167 57 46 47 0.072575914924254872 39 8043 49 7978 40 8067
4399 39.788230035272186 -25.692378772508597 256.94583533045943 139 138 114 0.38590449719360526 39 8042 49 7980 40 8068
4400 50.584632036434478 -25.004823397310155 258.20939693459252 231 219 209 0.43455540344115351 49 7981 40 8069
4401 50.584632036434478 -25.004823397310155 258.20939693459252 231 219 209 0.43455540344115351 49 7982 40 8070
4402 21.268237693651074 -24.948847713764611 258.35342243907172 70 58 69 0.24836286640424252 49 7985 40 8073
4403 46.448828697859085 -23.540103386985496 259.28559160824392 48 42 49 0.16181300826230552 39 8048 49 7986 40 8074
4404 -34.393911284369636 -20.545654575579071 245.3150237534503 42 33 27 1.1771814239034895 49 7989 40 8076 39 8344
4405 -47.662200235392319 -18.761320565309198 244.70235259572374 47 32 37 0.19149544592004109 39 8049 49 7994 40 8077
4406 24.241969717674522 -22.573162002653071 257.16594218160179 43 42 45 0.29715406177339077 39 8051 49 7993 40 8080
4407 37.507878567635096 -21.971454227070044 255.51921796847984 46 31 39 0.18192469874845418 39 8050 49 7991 40 8081
4408 54.600138469480683 -19.937794647835169 253.91766963468521 68 38 42 0.47285300095560495 39 8054 49 7995 40 8083
4409 59.715508798815748 -19.914934335346036 257.03119386343525 152 125 97 0.20593128052565882 39 8055 49 7503 40 8084
4410 59.715508798815748 -19.914934335346036 257.03119386343525 152 125 97 0.20593128052565882 39 8056 49 7504 40 8085
4411 -57.593079721010348 -16.696066141982456 243.47412669125484 29 33 35 0.28627616933431965 39 8057 49 7997 40 8086
4412 15.085454009990128 -21.402059449153075 253.29853430583123 32 35 53 0.55876376164698183 39 8060 49 8303 40 8089
4413 15.085454009990128 -21.402059449153075 253.29853430583123 32 35 53 0.55876376164698183 39 8061 49 8304 40 8090
4414 40.029173139567206 -20.549640548339603 257.1911702688239 53 34 36 0.12617433456003432 39 8062 49 7999 40 8091
4415 40.029173139567206 -20.549640548339603 257.1911702688239 53 34 36 0.12617433456003432 39 8063 49 7998 40 8092
4416 3.0072622519939309 -19.693210391017448 249.09700203639744 152 123 93 0.11754084215013767 39 8066 49 8005 40 8093
4417 -46.818038794071185 -16.556645898985458 246.27062568770555 41 32 31 0.52868870983549587 39 8065 49 8006 40 8094
4418 -45.287231519478105 -15.609223413520475 246.72151224114043 90 78 67 0.36139644297785267 39 8067 49 8010 40 8095
4419 -42.740421639809703 -14.643055948809341 244.44206287943092 31 23 31 0.13343017992764261 39 8069 49 8012 40 8096
4420 61.746316658116633 -15.011725131392787 253.13007671330303 206 130 119 0.20519809440355496 49 8011 40 8097
4421 -36.772537166327872 -14.854423054344366 248.20383194930307 77 71 62 0.15711057059703792 39 8073 49 8015 40 8098
4422 45.726164596488722 -16.027038409717747 255.84675120572325 149 107 84 0.27560073933524482 39 8072 49 8013 40 8099
4423 74.223380721623315 -12.817496324979949 256.5257393575489 147 116 95 0.14489989075360918 39 8075 49 8016 40 8101
4424 61.897808211316942 -13.629829318153119 256.42958071598457 61 28 43 0.1525697716116034 39 8078 49 8019 40 8104
4425 36.070349185082229 -12.622607012765199 248.62678336945646 120 102 70 0.12462804647287172 39 8085 49 8028 40 8110
4426 64.032308235201484 -10.623227042925748 253.51724475519396 73 56 48 0.050524592262040785 39 8086 49 8029 40 8111
4427 0.50285045364894798 -9.4534460030092191 201.88353636143668 185 154 142 0.23102065730408974 49 8041 40 8114
4428 -33.712511616201731 -8.4539533752098563 228.50784409801366 79 73 43 0.49355357758529789 39 8091 49 8038 40 8117
4429 -52.564038315121046 -5.5720916879803681 220.20553959674152 110 92 71 0.59903951588264859 39 8093 49 8044 40 8119
4430 36.764517791179109 -9.0600557062258034 255.83594083003936 59 45 41 0.53899844083433834 39 8097 49 7597 40 8122
4431 -30.015060563208468 -6.631260292965738 224.50650920386641 33 24 30 0.092721098998110221 39 8099 49 8047 40 8124
4432 37.725606345404401 -8.0431031503740034 248.94273803907939 39 28 32 0.31573122760311095 39 8100 49 8045 40 8125
4433 75.2077358030147 -2.7048876027120667 250.96882402772439 208 187 173 0.23603228053074207 39 8105 49 8051 40 8128
4434 -27.358979925536019 -0.35990207564052029 217.01845354430705 63 23 29 0.45615094263013134 39 8111 49 8062 40 8131
4435 -4.9661614113467287 -0.93213963378395637 202.07124813746077 244 214 187 0.080756409030372983 49 8065 40 8133
4436 -45.275244206308024 2.5607092438505918 209.14981148024455 180 164 147 0.65920607614875681 39 7680 49 8067 40 8138
4437 -42.08860643832918 2.2963325244202411 208.50505341503472 149 127 119 0.18315339568325192 39 7681 49 8068 40 8139
4438 62.408926283761481 2.5893584945715089 249.68385356442855 57 57 83 0.28576731217480678 39 7687 49 8063 40 8142
4439 70.375927449861678 5.6627495849867611 246.29149214719183 23 15 34 0.44354479653114581 39 8125 49 8070 40 8148
4440 -41.076287203006864 6.2727458396515807 209.27810156903857 15 15 15 0.28195536569525781 39 8134 49 8081 40 8158
4441 -50.637349520671215 9.8083666405912293 211.02983469433738 172 134 56 0.16841627812725393 39 8148 49 8094 40 8169
4442 -42.72101206607114 9.5570715143278893 208.83050137194132 23 22 25 0.63883550660532762 39 8153 49 8095 40 8171
4443 -47.731127782218969 12.455909861885655 207.18830814828976 96 78 75 0.62016383681934195 39 7719 49 8107 40 8182
4444 -47.731127782218969 12.455909861885655 207.18830814828976 96 78 75 0.62016383681934195 39 7720 49 8108 40 8183
4445 20.198361390047477 9.5992542575379289 195.25537843678313 24 24 34 0.044555066811509954 49 8110 40 8184
4446 -49.130969908204143 13.624557831047014 208.50364562752509 44 36 25 0.32280152917686911 39 8166 49 8111 40 8189
4447 -40.534938968743674 15.068868458652178 207.87169382196814 84 87 35 0.32878742939757249 39 8174 49 8120 40 8196
4448 52.80416642684429 17.394966829546281 192.34345638051357 64 42 16 0.74763623002187485 49 8138 40 8205
4449 -52.174252924485614 30.037179774017698 197.53232198833277 48 38 16 0.11041357232326347 39 8223 49 8172 40 8237
4450 -51.275662059092092 33.342664072206894 191.80365364777848 193 141 48 0.41808259376233764 39 7852 49 8181 40 8249
4451 -50.413801507406774 34.707694012727622 194.63730113082926 105 40 36 0.10877843820615406 39 8241 49 8454 40 8253
4452 9.8971651895717869 28.388819609376494 165.65381860121798 70 54 21 1.0896306366569126 39 8245 49 8196 40 8255
4453 -21.241339005449312 34.052878399385236 187.01793367408752 114 102 61 0.37131709905175664 49 8198 40 8261
4454 -35.161101299991785 48.562765854376451 184.29520000567138 170 131 90 0.47107185219748765 39 8284 49 8239 40 8298
4455 18.480913121210516 50.180577797651196 177.20566881958857 4 2 3 1.5665350714356212 39 8301 49 7934 40 8319
4456 71.45973568694474 -36.671462696588357 265.9032936586363 192 158 138 1.2787828340981398 39 8313 49 8264 40 8331
4457 -64.723143923065365 -29.463457428124567 251.60410365425463 63 40 66 0.35991435547838263 39 8314 49 8266 40 8333
4458 60.80502916038251 -31.8765949180044 258.62772891106761 161 130 112 0.24286642374133957 39 8316 49 8270 40 8334
4459 60.80502916038251 -31.8765949180044 258.62772891106761 161 130 112 0.24286642374133957 39 8317 49 8271 40 8335
4460 73.464283539956909 -31.494281887123112 263.94236764559457 163 139 112 0.24022702008833927 39 8318 49 8272 40 8336
4461 65.442684465945604 -31.011037980680026 260.82323247632712 133 111 93 0.35396885148369023 39 8319 49 8524 40 8338
4462 19.798737832036032 -32.979107459782611 262.1807952765771 156 142 117 0.61690041904307202 39 8320 49 8525 40 8339
4463 64.902484924113651 -28.912063012260774 260.41140854020864 58 45 53 0.12857956214800204 39 8322 49 8274 40 8342
4464 -30.887727048426235 -27.558860893954218 248.51745855244593 42 35 38 0.41090846661569747 39 8324 49 8277 40 8343
4465 -30.887727048426235 -27.558860893954218 248.51745855244593 42 35 38 0.41090846661569747 39 8323 49 8276 40 8344
4466 37.706144750233001 -29.841429986334543 259.61625612219433 156 135 122 0.2582516837412257 39 8572 49 8275 40 8345
4467 9.0736373542638411 -29.776613962499162 259.5666665722772 123 104 95 0.059366235353584651 39 8326 49 8278 40 8347
4468 19.467870247492765 -27.904261374844598 256.4481773499856 252 243 242 0.1254479139053136 39 8329 49 8527 40 8349
4469 6.0500912725135345 -28.314947766753843 259.73510258121854 56 50 75 0.17372792955168223 39 8330 49 8283 40 8350
4470 33.32486907939127 -26.295305581651103 259.29797112381141 66 57 49 0.11161381018636023 39 8336 49 8284 40 8352
4471 33.32486907939127 -26.295305581651103 259.29797112381141 66 57 49 0.11161381018636023 39 8335 49 8285 40 8353
4472 70.5808174360142 -23.64508914142948 259.33277753596235 49 46 61 0.61478730643645452 39 8333 49 8530 40 8354
4473 70.5808174360142 -23.64508914142948 259.33277753596235 49 46 61 0.61478730643645452 39 8334 49 8529 40 8355
4474 -5.8084319590910969 -25.98017280444072 259.39909965084371 38 35 44 0.3709601600451693 39 8337 49 8290 40 8357
4475 57.601777948476773 -23.18399055370822 256.36110236747561 101 82 84 0.14594323834089248 39 8339 49 8291 40 8358
4476 61.861323142067675 -23.286695347963512 258.43335953670163 73 52 48 0.44312783288349911 39 8340 49 8533 40 8359
4477 68.595220416428376 -22.15032695991658 257.32331104148926 167 132 114 0.51803209663376604 39 8341 49 8292 40 8360
4478 54.563558600046456 -22.938813738210833 259.38940377187953 165 139 122 0.17578876248819539 39 8343 49 8294 40 8363
4479 54.563558600046456 -22.938813738210833 259.38940377187953 165 139 122 0.17578876248819539 39 8342 49 8295 40 8364
4480 56.998632738387514 -21.206960220840664 257.22717486351149 166 126 103 0.17550814884235225 39 8345 49 8296 40 8365
4481 -49.844981061376608 -18.441332196470743 245.76997272751305 42 29 41 0.14431501665232829 39 8346 49 8297 40 8366
4482 -49.844981061376608 -18.441332196470743 245.76997272751305 42 29 41 0.14431501665232829 39 8347 49 8298 40 8367
4483 -53.06663539084628 -17.531074961343737 244.46004804331972 126 82 54 0.24574736272225814 39 8349 49 8302 40 8368
4484 -61.321990590207605 -16.465500252820561 247.75942622401368 55 40 48 0.023095631897108736 39 8351 49 8301 40 8369
4485 -48.882962636769243 -16.378856156943243 245.61127931599458 146 99 96 0.37727433963210183 39 8357 49 8306 40 8370
4486 -48.755752846683443 -16.358376747535104 245.03732102206999 146 99 96 0.28376493601980762 49 8307 40 8371
4487 -42.110562799183292 -17.113837609834377 244.83433831714524 80 72 50 0.49119620487834043 39 8352 49 8540 40 8372
4488 48.730985185291317 -18.633542863819692 251.10994819234639 94 71 72 0.91661842148860373 39 8354 49 8305 40 8374
4489 -50.340811679657939 -15.815078678305444 243.72451347132107 130 82 76 0.12440812149415555 39 8355 49 8308 40 8375
4490 -50.340811679657939 -15.815078678305444 243.72451347132107 130 82 76 0.12440812149415555 39 8356 49 8309 40 8376
4491 0.83242644566935897 -18.084080490484304 248.56367770557176 121 114 75 0.1785289679720152 39 8359 49 8313 40 8377
4492 0.83242644566935897 -18.084080490484304 248.56367770557176 121 114 75 0.1785289679720152 39 8358 49 8312 40 8378
4493 -50.749733860471352 -14.211697569183597 249.20079511695982 48 22 41 0.15266889621263591 39 8363 49 8315 40 8379
4494 -63.572013649937354 -10.778251255084525 243.0892149591192 29 29 39 0.51787172075444277 39 8594 49 8316 40 8383
4495 -64.088938819170579 -10.819031607209769 245.05529064461109 29 29 39 0.10642439605825633 49 8317 40 8384
4496 58.019826147867235 -13.143574147846122 249.71077236399137 117 64 70 0.12435662184076068 39 8369 49 8550 40 8388
4497 71.21311773979933 -12.330745264566589 257.37506017832675 40 33 55 0.32574359373721123 39 8370 49 8551 40 8389
4498 68.417733044366557 -11.875077189995672 253.49070077064479 195 126 122 0.13177206170906772 39 8373 49 8319 40 8391
4499 -42.334432209005094 -9.7235333561098951 220.62415779728164 141 125 92 0.42478367790723054 39 8374 49 8326 40 8392
4500 51.77869008052496 -12.199079346180287 255.18669944290465 81 39 58 0.72808191084823159 39 8600 49 8324 40 8396
4501 -48.789336994957502 -8.0337812100395194 224.17819982576944 105 91 92 0.70009269808588925 39 8381 49 8329 40 8401
4502 55.041036701831423 -7.9478731548147952 249.98532955331171 53 44 57 0.51631851193277134 39 8392 49 8336 40 8410
4503 47.182448405163832 -7.4401240633900407 248.27593380920447 77 43 54 0.10631712708766718 39 8396 49 8338 40 8414
4504 -52.262685612753195 -3.5243598394809417 228.84438269208314 66 53 47 0.27378227020126505 39 8399 49 8345 40 8417
4505 55.960845933993149 -3.6500064114513289 248.1514787578877 15 20 30 0.38576028225341102 39 8405 49 8349 40 8423
4506 31.339989010359595 -1.7920209948813366 255.56981103633944 21 22 34 0.2077398079963732 49 8566 40 8428
4507 34.760446585913463 0.37634995370124491 189.60363305147769 59 46 43 0.19553347832959178 49 8364 40 8429
4508 36.496047524507333 1.5133551987632874 192.08216129299512 141 109 75 0.27004473614799895 49 8366 40 8434
4509 75.805141437603126 3.9327804059262514 249.71585050015418 139 133 156 0.32148480087119691 49 8359 40 8436
4510 -19.375159347466802 3.8510849986067983 209.67713635452887 140 103 81 0.39288150156018636 49 8371 40 8443
4511 -43.02439923836549 6.6354223586135213 207.4172317044912 51 34 35 0.486836276764613 39 8426 49 8378 40 8451
4512 39.759106143458055 7.3434980406966295 189.60190154186029 99 77 42 0.22765364621285947 39 8431 49 8383 40 8454
4513 -14.409113341859054 7.050923191039673 209.49078937480596 26 23 27 0.43170846535008095 49 8382 40 8455
4514 -50.693888453696253 10.789758671702636 206.31974867057664 46 31 19 0.56202104653183138 39 8434 49 8386 40 8457
4515 22.720109497165485 11.227210313827369 193.32970251435313 19 12 15 0.067098449564875706 49 8395 40 8466
4516 24.048992090746914 11.462045769836509 189.26081750428273 97 52 47 1.1111129033271414 49 8118 40 8468
4517 -53.000859566022058 19.897665089363024 208.48642247444204 100 83 68 0.18172317774469104 39 8454 49 8405 40 8480
4518 -45.316021491818532 21.457589851705013 208.17612068125644 64 57 16 0.40029015144080349 49 8143 40 8485
4519 48.368927289757799 19.646990257738619 188.37174582237634 158 140 53 0.22340524642715667 49 8416 40 8486
4520 -56.455686762949099 22.825749648899922 200.40576006358967 24 19 6 0.084880874967594347 39 8461 49 8414 40 8487
4521 12.374732531318639 18.74924701705012 182.15586994437666 36 18 10 0.31453332174300819 39 8470 49 8606 40 8496
4522 -7.9030253946374955 27.938074345542429 184.49065707574562 35 20 11 0.16737742924508958 49 8446 40 8518
4523 -8.8616453295288959 27.717019637146031 175.9056504858199 101 77 40 0.21793422216743991 49 8452 40 8519
4524 -24.596128039832266 30.053603461831404 184.03628822152325 66 39 15 1.0553157427733995 49 8451 40 8523
4525 -53.917955849297961 40.461822607502668 186.00867596795177 114 99 50 0.42023497852093239 49 8473 40 8537
4526 -53.917955849297961 40.461822607502668 186.00867596795177 114 99 50 0.42023497852093239 49 8472 40 8538
4527 -30.827112721817439 40.509181320412594 185.75985763999566 19 11 15 0.42321710757145398 49 8478 40 8545
4529 -19.894822559923476 37.874116894974222 170.48638023546823 113 98 56 0.85215865268130164 39 8532 49 8487 40 8550
4530 -43.870691379608886 54.001218253801028 178.75683917234423 0 0 1 0.95344479699734141 49 8518 40 8567
4531 -42.2640930066812 -33.157601081364028 249.40967648955183 95 68 61 0.56928246345143763 39 8566 49 8265 40 8582
4532 -62.434749245465397 -29.067497413936998 250.72836656213624 253 250 241 0.30672843104790426 39 8568 49 8522 40 8584
4533 37.232796201154265 -26.755372129479422 256.19133221085991 83 76 76 0.27954579919708489 39 8575 49 8528 40 8590
4534 -60.16141536768675 -21.180510198799773 244.42002686860104 49 29 52 0.13336220518888417 39 8576 49 8531 40 8591
4535 44.095876536639963 -26.008808509800687 259.47378942602882 55 41 59 0.60448551060997535 39 8331 49 8286 40 8592
4536 40.47868532426687 -23.398960888494624 258.30430081270043 48 48 55 0.1056338749762588 39 8578 49 8534 40 8593
4537 29.684516578293991 -23.639114836802225 258.93442606527748 99 80 77 0.043864896067444571 39 8579 49 8536 40 8594
4538 67.745830223161107 -20.148687902499578 260.11124195726512 50 46 53 0.42177996919685917 39 8580 49 8537 40 8596
4539 25.51314763898333 -22.517155810015353 258.00225311811363 53 51 53 0.48538752053783935 39 8581 49 8538 40 8597
4540 34.501369860461288 -19.239331981621397 256.88417445294272 169 125 87 0.069244728263471333 39 8583 49 8542 40 8598
4541 36.624217891324719 -19.301522265630027 255.48566343613894 52 41 51 0.58741293808409278 39 8582 49 8539 40 8599
4542 44.051938351462709 -18.736572540742415 257.2796406629127 150 109 85 1.134391405878991 39 8585 49 8543 40 8600
4543 62.035480917397855 -16.905590328348783 253.05178267035566 57 47 58 0.14026339498109083 39 8587 49 8545 40 8601
4544 56.96256216871528 -17.625122229072581 257.64966045484863 36 29 40 0.42517468321183743 39 8586 49 8544 40 8602
4545 65.208572892040777 -15.449836259801923 253.50496107564462 60 44 57 0.38846055715594585 39 8590 49 8546 40 8603
4546 -10.028381863059389 -14.902276673123422 214.883764809848 185 152 125 0.35891850110338835 39 8588 49 8548 40 8604
4547 40.180703843589001 -16.525115630069102 252.9305289260912 17 18 37 0.12782495689994541 39 8592 49 8547 40 8606
4548 30.402846422720458 -14.996658415188039 252.07241232395879 26 32 41 0.49876225455972262 39 8596 49 8553 40 8608
4549 47.873810663562516 -12.69094666607524 250.53999159870787 43 24 40 0.83380273455669673 39 8599 49 8554 40 8610
4550 57.563672023531751 -10.284207651206462 250.82495925280784 131 97 87 0.79967923583064116 39 8602 49 8680 40 8611
4552 50.333558441098681 -6.7293471349497027 249.71407202542497 77 36 60 0.3310387400389751 39 8605 49 8560 40 8614
4553 -34.970127601142607 -5.2694284483020386 223.02066590597641 43 37 42 0.65449457770520991 39 8606 49 8561 40 8615
4554 11.271790392413431 0.026658369805022841 186.26137806676149 155 112 102 0.3949647908127869 49 8574 40 8629
4555 73.524057641362617 6.1944579653627549 245.78837544217737 18 15 32 0.67239006278832925 39 8622 49 8576 40 8633
4556 -59.291128734293949 6.9997133298613372 214.89727328614021 182 103 101 1.2485522836820884 49 8579 40 8636
4557 -47.607004880397497 12.804140053195177 208.2924879809257 93 70 67 0.38886112077576157 39 8633 49 8586 40 8644
4558 45.457356075318728 14.021564363023861 211.32689014517322 20 22 17 1.9136638309637817 39 8636 49 8589 40 8647
4559 -47.704700078778124 18.584926740222993 206.1145815961508 17 19 2 0.68409434613321451 39 8758 49 8713 40 8657
4560 -40.004663276338 17.240602236281166 193.37807134905296 117 97 49 0.15483232768692834 49 8406 40 8659
4561 48.847260762975893 22.791808062679809 188.00198050676801 183 162 86 0.38942773769173078 49 8608 40 8668
4562 -41.843811308046178 29.229765840567808 198.70061857754217 6 6 3 0.97252705322149313 49 8616 40 8674
4563 34.694512817079207 27.421135173740588 180.24610069778041 133 71 62 0.16355185436902825 49 8620 40 8678
4564 51.564359690214253 30.515309483724049 171.54911919167887 55 27 29 1.0355345711450825 49 8626 40 8683
4566 -49.398663357022407 -31.216922565767668 251.53053804938199 82 53 58 0.26606086149413161 39 8701 49 8653 40 8719
4567 -44.372570873925291 -29.30957129243107 249.56618052604938 58 47 44 0.064908170282809499 39 8703 49 8654 40 8720
4568 -27.242362772432376 -29.856697346995173 252.56475363439449 46 39 49 0.2175734676491369 39 8705 49 8655 40 8721
4569 -0.24058106425937914 -31.886482901256432 261.79631317956148 153 125 114 0.3938479087950677 39 8706 49 8656 40 8722
4570 73.479299172318292 -28.404853423712414 262.84802830011552 70 62 69 0.25520665224701528 39 8707 49 8657 40 8723
4571 -38.851067139439486 -27.116826480246512 245.51784604763529 167 137 91 0.53148284664035561 39 8571 49 8526 40 8724
4572 -37.369793021521701 -24.570015798850239 245.64462337982562 72 55 56 0.15014833459362328 39 8708 49 8659 40 8725
4573 2.1701019108603017 -27.423979789451018 260.85680430029396 32 40 57 0.16047155054700202 49 8660 40 8726
4574 64.622145597235274 -22.030161615728101 258.99163255241103 187 146 115 0.30810448866524021 39 8709 49 8662 40 8727
4575 -61.284423672564941 -18.391732278725666 244.1491925421476 160 110 95 0.48923857358838047 39 8711 49 8663 40 8729
4576 -61.284423672564941 -18.391732278725666 244.1491925421476 160 110 95 0.48923857358838047 39 8712 49 8664 40 8730
4577 -45.857950166194357 -19.796122182791759 245.74069909543263 143 109 78 0.27616439629085038 39 8714 49 8665 40 8731
4578 -56.931122899364645 -17.310607125030295 246.97300922806878 22 27 35 0.65398824234451391 39 8715 49 8667 40 8732
4579 -56.829291341071539 -17.304625323323297 246.63688925901059 22 27 35 0.61779298553111905 49 8668 40 8733
4580 4.4665273808278538 -21.624105411069646 247.4761235027394 40 43 61 0.83921629000720621 39 8716 49 8669 40 8734
4581 -61.459176644789459 -14.764268060680324 244.70854681362258 26 28 40 0.39623511013910423 39 8717 49 8671 40 8735
4582 -22.182640481119407 -17.45402541816728 234.53372287958874 34 33 32 0.53086498258002524 39 8718 49 8755 40 8736
4583 -46.098178159351832 -13.877664178653912 242.20024962237727 25 23 32 0.24177435366809549 39 8719 49 8672 40 8738
4584 11.87474352598047 -16.618385518513747 250.77604257483878 33 30 38 0.12900079061058692 39 8721 49 8673 40 8740
4585 -60.56262060250436 -11.33028127685203 244.72351214913132 66 54 54 0.10013519982788589 39 8595 49 8675 40 8741
4586 1.1526464946094857 -13.831853732286474 231.87890602028637 20 28 35 0.3604379129105077 39 8723 49 8760 40 8743
4587 -20.209482822583389 -11.533461135874749 212.54116487263337 18 15 21 0.67181132340089078 39 8724 49 8761 40 8744
4588 34.072420343590551 -13.944421897028237 250.63662096217897 72 61 56 0.24590102937066857 39 8725 49 8678 40 8745
4589 -26.947210431612191 -9.5177085585212691 223.49007038532147 57 50 30 0.60796492384358858 39 8729 49 8684 40 8749
4590 -36.136713553805635 -8.7028863519729356 231.63732540111778 143 144 60 0.23315950945064531 39 8730 49 8766 40 8750
4591 48.216592227004782 -9.6782359092786105 248.63838335822956 239 136 116 0.29310244491728588 39 8731 49 8682 40 8751
4592 48.216592227004782 -9.6782359092786105 248.63838335822956 239 136 116 0.29310244491728588 39 8732 49 8683 40 8752
4593 68.423395268951197 -7.7267921153348382 252.59179767586923 50 46 61 0.35536636505397828 39 8733 49 8686 40 8753
4594 70.918982167105199 -4.7392002480129349 252.15569138107165 225 192 182 0.24432843526281714 39 8735 49 8690 40 8755
4595 -38.27319802701782 -4.4848666036427183 226.67798687633416 33 35 43 1.0313552943850646 39 8736 49 8769 40 8756
4596 71.108412718863548 -1.0819342791110971 251.4351745134135 36 30 49 0.3045047664241855 39 8738 49 8695 40 8759
4597 -63.866015935039911 1.4818291321624399 234.47216262952432 87 77 32 0.86099269084926411 39 8740 49 8696 40 8761
4598 -46.42222383642774 1.4461082361107969 220.92231442787985 25 22 26 0.75738158035179259 39 8742 49 8700 40 8763
4599 -46.324081915178468 8.8850113976960401 207.89940747261767 21 22 13 0.26321807492596466 39 8750 49 8704 40 8771
4600 -3.5916339674681836 7.6518375742474589 203.48772505641583 218 190 161 0.23162584811797154 49 8706 40 8773
4601 -54.887845519781301 17.541065556679587 209.1145958286281 24 21 25 0.21987130194288784 39 8754 49 8709 40 8776
4602 -51.304218744264766 22.102506206543787 206.9991501298808 17 17 14 0.52386860126531742 39 8762 49 8719 40 8783
4603 -19.157782324085815 21.288953844243032 182.15746221083742 37 31 8 0.92216148262182518 49 8609 40 8788
4604 -19.157782324085815 21.288953844243032 182.15746221083742 37 31 8 0.92216148262182518 49 8610 40 8789
4605 -49.566789450810241 30.36137691801936 200.12298993951276 43 35 33 0.43046803875744194 39 8772 49 8789 40 8794
4606 -43.293633922374497 38.352093766822534 181.02651233481984 56 18 40 0.92753605611343337 49 8738 40 8803
4607 -21.494491111916179 37.002557848424793 170.96820710340305 66 45 32 0.62007286628707925 39 8678 49 8740 40 8805
4608 -53.648459684061464 -29.895550490853307 251.83075039909676 29 33 46 0.7804346438596218 39 8790 49 8750 40 8815
4609 23.414092247465511 -32.271478869249563 260.72605189468999 159 138 115 0.43345346933006762 39 8791 49 8751 40 8816
4610 -56.577073704586539 -17.220161953082737 245.81820632985222 23 28 36 0.49931435276450242 49 8753 40 8819
4611 -56.577073704586539 -17.220161953082737 245.81820632985222 23 28 36 0.49931435276450242 49 8754 40 8820
4612 70.81623619894188 -16.573538322644183 251.01347982313877 136 107 72 0.56198580798807762 39 8842 49 8806 40 8821
4613 2.7904736396669172 -18.313111464639164 245.48561156460647 133 100 72 0.41140351122518065 39 8793 49 8756 40 8822
4614 65.46916786932519 -12.011483743209039 252.060402797644 227 131 118 0.29687900674729678 39 8797 49 8758 40 8824
4615 60.098041374574727 -9.8653429274690687 247.89868877449848 184 147 116 1.3059285373817158 49 8762 40 8826 39 8727 40 8747
4616 41.533207437199565 -10.837992200679555 249.18292738450754 123 91 85 0.35207790901877684 39 8798 49 8765 40 8827
4617 61.079785280589576 -6.2667094380371884 261.0905098635202 20 27 41 1.5305615521036895 39 8847 49 8768 40 8828
4619 -51.674859623537451 4.5765313402147942 216.12032569538474 49 41 19 0.32215626208999099 39 8803 49 8774 40 8834
4620 -50.170456760437411 25.994769568484827 204.37375682538453 116 114 46 0.26330128801156322 39 8818 49 8784 40 8852
4621 -50.973172108362782 -26.149718418617226 250.04329135358449 98 106 67 0.67536460097027895 39 8837 49 8802 40 8869
4622 65.734437513882739 -26.704062189711955 258.82663789573769 53 47 54 0.10979845541430582 39 8838 49 8803 40 8870
4623 -39.716361332789262 -21.417052884897203 245.73152214210168 60 50 51 0.49536782409401203 39 8840 49 8805 40 8872
4624 44.41443581709558 -18.447564815934605 252.58385148836308 152 101 75 0.25809742681864667 39 8843 49 8809 40 8873
4625 44.41443581709558 -18.447564815934605 252.58385148836308 152 101 75 0.25809742681864667 39 8844 49 8810 40 8874
4626 64.970998722342699 -16.988623315121192 252.72709412438118 73 67 72 0.37799281097726728 39 8841 49 8811 40 8875
4627 -52.484711844064591 -9.9741556326820913 231.53087426960784 18 19 25 0.93817213182690662 39 8795 49 8813 40 8876
4628 65.275334464607752 -6.9283640554159325 252.94274670690731 43 43 55 0.21592289304806278 39 8845 49 8814 40 8877
4629 -52.229884575122426 -3.4119497885316474 219.42587568211636 98 83 30 0.31287950391020469 39 8846 49 8815 40 8878
4630 -47.445769641553916 4.3200784427127488 214.89887586209713 157 135 115 0.17903687601977292 39 8848 49 8819 40 8879
4631 65.886401409882225 12.678242393235209 219.3305020495653 11 22 23 1.6904803747305455 39 8854 49 8851 40 8885
4632 -61.502375236008731 -30.496562045482449 237.66771916208634 51 62 81 2.1441071492802521 49 8801 40 8905
4633 57.525764765637 -28.304366977153734 260.20173630484078 177 146 123 0.27050725025836098 39 8874 49 8843 40 8906
4634 37.362477654671999 -12.289359602501472 250.65926236541068 103 87 54 0.24884571623045407 39 8878 49 8847 40 8911
4635 39.223151174941009 -2.6921720784648828 213.52579154134565 29 31 29 1.8090608274430167 39 8882 49 8870 40 8915
4637 44.254684239974843 37.986758216824491 176.10553021751065 26 22 14 2.0392868098266819 49 8862 40 8930
4639 -21.072674517042245 -4.0767967467867861 210.70079132558823 236 202 180 1.8524624512944783 39 8900 49 8882 40 8950
4640 -55.259514974919632 22.517384867506031 209.85870382815929 17 10 10 0.53586610224869247 39 8923 49 8887 40 8954
4641 -26.416286392415284 -20.948965610034126 234.95722136162232 66 54 54 1.2670466430804421 39 8932 49 8894 40 8961
4644 36.968430056545294 -42.784221315009347 261.88168034050693 154 116 116 0.29169274728054639 39 85 49 16 40 65
4645 26.043354116275506 42.534853634528936 171.0213490431845 25 8 0 0.34178382465860069 39 7391 49 7348 40 7394
4646 -61.436126519077305 -32.582766662748945 259.89473191171174 131 122 111 2.1776974164010685 39 7478 49 7946 40 7487
4648 -38.28446965456628 0.63750051439676936 213.05542427310365 56 75 25 1.8411325371497587 39 8801 49 8817 40 8831
4650 -15.824537836026915 -32.373314359833323 226.34188262166626 134 119 108 2.1571003999490341 39 8940 49 8901 40 8968
